horizon,regime,n_windows,mean_tau,mean_precision@10
1,pre_covid,4,0.6374851036082352,0.8
1,shock,2,0.34080443441340225,0.44999999999999996
1,normalization,1,0.20870508915236047,0.5
1,POOLED,7,0.4914649103445865,0.6571428571428573
3,pre_covid,4,0.585022197310977,0.8500000000000001
3,shock,2,0.13640458780195602,0.2
3,POOLED,6,0.43548299414130337,0.6333333333333334
