horizon,regime,n_windows,mean_tau,mean_precision@10
1,pre_covid,4,0.6348112593409861,0.775
1,shock,2,0.34301666378235185,0.44999999999999996
1,normalization,1,0.21134235354828368,0.5
1,POOLED,7,0.490945816925276,0.6428571428571429
3,pre_covid,4,0.5859672720696868,0.8500000000000001
3,shock,2,0.1323417308489303,0.25
3,POOLED,6,0.4347587583294346,0.65
