horizon,regime,n_windows,mean_tau,mean_precision@10
1,pre_covid,4,0.6546775000508908,0.8250000000000001
1,shock,2,0.3201810773353957,0.44999999999999996
1,normalization,1,0.17250039830974356,0.5
1,POOLED,7,0.4902246504548712,0.6714285714285715
3,pre_covid,4,0.5852432024324536,0.875
3,shock,2,0.12273976628538862,0.2
3,POOLED,6,0.4310753903834319,0.65
