horizon,regime,n_windows,mean_tau,mean_precision@10
1,pre_covid,4,0.6362275349839103,0.775
1,shock,2,0.3492097131015789,0.44999999999999996
1,normalization,1,0.2561710425989695,0.6
1,POOLED,7,0.4999286583911098,0.6571428571428571
3,pre_covid,4,0.5875430175514511,0.8500000000000001
3,shock,2,0.1567585695616021,0.25
3,POOLED,6,0.44394820155483483,0.65
