model,tau_3y,prec_3y,tau_3y_preCOVID,tau_1y,best_single_name,uplift_tau_3y_vs_full
Full model (composite),0.44438848907785133,0.6666666666666666,0.6015173547367715,0.48481329628657555,,0.0
Equal weight (10 ind.),0.4054028824022284,0.6166666666666666,0.5821090218209645,0.4476400550128717,,0.03898560667562295
Momentum only (trailing rent),0.3914833282303641,0.65,0.5345541496945638,0.6209555087483901,,0.052905160847487254
Best single indicator,0.3914833282303641,0.65,0.5345541496945638,0.6209555087483901,trailing_rent_growth,0.052905160847487254
Persistence (trailing h-yr),0.21555145361729167,0.375,0.3905041719660607,0.621395093055545,,0.22883703546055967
Random (avg of seeds),-0.011632701540942394,0.25733333333333336,-0.0207113449360247,0.0009125603012668049,,0.4560211906187937
