model,tau_3y,prec_3y,tau_3y_preCOVID,tau_1y,best_single_name,uplift_tau_3y_vs_full
Full model (composite),0.4347587583294346,0.65,0.5859672720696868,0.490945816925276,,0.0
Best single indicator,0.3914833282303641,0.65,0.5345541496945638,0.6209555087483901,trailing_rent_growth,0.0432754300990705
Momentum only (trailing rent),0.3914833282303641,0.65,0.5345541496945638,0.6209555087483901,,0.0432754300990705
Equal weight (8 ind.),0.357680436660392,0.5166666666666666,0.537169462118026,0.4221839222459035,,0.0770783216690425
Persistence (trailing h-yr),0.2155514536172916,0.375,0.3905041719660607,0.621395093055545,,0.2192073047121429
Industry-style index (equal weight),0.10814235655807186,0.2833333333333333,0.20564807433350385,0.16675100447618846,,0.32661640177136275
Random (avg of seeds),-0.0117524698195753,0.249,-0.0104129213612486,-0.0050986558680349,,0.44651122814901
