model,tau_3y,prec_3y,tau_3y_preCOVID,tau_1y,best_single_name,uplift_tau_3y_vs_full
Full model (composite),0.4354829941413033,0.6333333333333334,0.585022197310977,0.4914649103445865,,0.0
Best single indicator,0.3914833282303641,0.65,0.5345541496945638,0.6209555087483901,trailing_rent_growth,0.0439996659109392
Momentum only (trailing rent),0.3914833282303641,0.65,0.5345541496945638,0.6209555087483901,,0.0439996659109392
Equal weight (8 ind.),0.3652737779046222,0.5166666666666667,0.5389161415704882,0.427368373468388,,0.0702092162366811
Persistence (trailing h-yr),0.2155514536172916,0.375,0.3905041719660607,0.621395093055545,,0.2199315405240117
Industry-style index (equal weight),0.10823009316194253,0.2833333333333333,0.20571313839626926,0.16651572676078902,,0.3272529009793608
Random (avg of seeds),-0.0042256048701436,0.2616666666666666,0.0034987532277931,-0.0044804002485422,,0.439708599011447
