model,tau_3y,prec_3y,tau_3y_preCOVID,tau_1y,best_single_name,uplift_tau_3y_vs_full
Full model (composite),0.4439482015548348,0.65,0.5875430175514511,0.4999286583911098,,0.0
Best single indicator,0.3914833282303641,0.65,0.5345541496945638,0.6209555087483901,trailing_rent_growth,0.0524648733244707
Momentum only (trailing rent),0.3914833282303641,0.65,0.5345541496945638,0.6209555087483901,,0.0524648733244707
Equal weight (8 ind.),0.3675549066799798,0.5166666666666666,0.5404611750739076,0.4279965803392181,,0.0763932948748549
Persistence (trailing h-yr),0.2155514536172916,0.375,0.3905041719660607,0.621395093055545,,0.2283967479375431
Industry-style index (equal weight),0.11332048441444403,0.2833333333333333,0.2083324782005916,0.1675672042967671,,0.33062771714039074
Random (avg of seeds),-0.0102192634592473,0.252,-0.0019086238090968,-0.003820784733197,,0.4541674650140822
