indicator,tau_3y,prec_3y,tau_3y_preCOVID,tau_1y
trailing_rent_growth,0.3914833282303641,0.65,0.5345541496945638,0.6209555087483901
net_migration,0.38729491286696544,0.5333333333333333,0.6112718085748123,0.3095105684319601
job_growth,0.29958724839859585,0.4333333333333334,0.5049634407220356,0.24573787014488155
income_growth,0.10557746637585881,0.25,0.16075509197328414,0.05577467559763616
cost_to_own_vs_rent,0.08145390635862605,0.11666666666666665,0.22438986234685848,0.08460118809890074
rent_to_income,-0.06923201698927291,0.25,-0.11375253857445874,-0.08594084891373047
employment_diversity,-0.0870158560377859,0.21666666666666667,-0.11728170479713404,-0.0483355525418667
permits_to_stock,-0.15823665064261208,0.2333333333333333,-0.34929716843595515,-0.05601107327530223
