indicator,tau_3y,prec_3y,tau_3y_preCOVID,tau_1y
trailing_rent_growth,0.3914833282303641,0.65,0.5345541496945638,0.6209555087483901
net_migration,0.3828337071240813,0.5499999999999999,0.6121083752652383,0.30766613220994105
job_growth,0.30330158481644626,0.4333333333333334,0.5053493871102126,0.24648232545212861
income_growth,0.09380145006409114,0.26666666666666666,0.16398436799855554,0.04894923631553138
cost_to_own_vs_rent,0.0824474172620444,0.11666666666666665,0.22558070048288897,0.08134120975463197
rent_to_income,-0.07907834939083057,0.25,-0.12594408525018477,-0.09414037375190562
employment_diversity,-0.11997806407010951,0.15000000000000002,-0.1823037113333869,-0.04258819687890636
permits_to_stock,-0.15178691570237846,0.21666666666666667,-0.33971814826431335,-0.049540326178903964
