strategy,mean_pp,min_pp,max_pp,mean_tau
50/50 blend,5.157979855138053,-5.49605025127976,11.552324937959746,0.4474316256353604
Composite (model),5.983046553455977,-1.742179359441756,12.82282473883547,0.43107539038343196
Equal weight,3.1277661003739836,-4.291681944049882,8.884989672205974,0.33964977591040474
Momentum (trailing rent),4.774374368130212,-4.279769916317881,10.597042854355344,0.3914833282303641
Persistence (3-yr trailing),1.4573084358961994,-5.688182766237617,7.756494078042408,0.21555145361729167
Random (50-seed mean),0.24908366245577085,-0.4004697302805426,0.724628182822869,
