,net_migration,job_growth,income_growth,permits_to_stock,rent_to_income,cost_to_own_vs_rent,trailing_rent_growth,employment_diversity
net_migration,1.0,0.49358104197482644,0.07824293244241885,-0.6133331047613207,-0.017003694184147055,-0.20190345894034814,0.4546723344666928,-0.06053974210937823
job_growth,0.49358104197482644,1.0,0.2805362648223908,-0.6091246187249983,-0.26139574631911616,0.16419103017545858,0.3486209183060979,-0.04106535795952156
income_growth,0.07824293244241885,0.2805362648223908,1.0,-0.17531981534480348,-0.07394470859720227,0.23087384714706763,0.13088954969872038,0.05400444155916983
permits_to_stock,-0.6133331047613207,-0.6091246187249983,-0.17531981534480348,1.0,0.10979803492637864,-0.15565578507427288,-0.08058060205348173,0.009747619690743359
rent_to_income,-0.017003694184147055,-0.26139574631911616,-0.07394470859720227,0.10979803492637864,1.0,-0.25877331571463813,-0.12293487457225163,0.005527026431798372
cost_to_own_vs_rent,-0.20190345894034814,0.16419103017545858,0.23087384714706763,-0.15565578507427288,-0.25877331571463813,1.0,-0.0265658822440816,0.11399664764773937
trailing_rent_growth,0.4546723344666928,0.3486209183060979,0.13088954969872038,-0.08058060205348173,-0.12293487457225163,-0.0265658822440816,1.0,-0.014905743811592275
employment_diversity,-0.06053974210937823,-0.04106535795952156,0.05400444155916983,0.009747619690743359,0.005527026431798372,0.11399664764773937,-0.014905743811592275,1.0
