pred_year,regime,n,spearman_raw,partial_after_momentum,error_correlation
2016,pre_covid,110,0.7330420983420901,0.45593364902010325,0.3977763582984962
2017,pre_covid,110,0.6578529759234444,0.35727751410147374,0.5831681579217062
2018,pre_covid,110,0.5258279459420293,0.18489456337330568,0.555767670069499
2019,pre_covid,110,0.6132886111849678,0.25642207059921757,0.6302586644936916
2021,shock,110,0.2037653168891924,0.2214393475132047,0.7596563610804753
2022,shock,110,-0.09182468194165826,0.01969105842221223,0.7740297743310415
