pred_year,regime,n,spearman_raw,partial_after_momentum,error_correlation
2016,pre_covid,110,0.727127232733908,0.46041918800085946,0.37156229310274536
2017,pre_covid,110,0.6785910718057907,0.3928110055228922,0.5789846657840787
2018,pre_covid,110,0.5266980443127451,0.18969639634171687,0.5507993477840287
2019,pre_covid,110,0.6068372600528726,0.24029770987106225,0.6392554749463304
2021,shock,110,0.17291965340505913,0.17971721401760168,0.7390052858922324
2022,shock,110,-0.06416186534729382,0.04572509830827414,0.7627493590506572
