pred_year,regime,n,spearman_raw,partial_after_momentum,error_correlation
2016,pre_covid,110,0.724359147761786,0.44835152797447203,0.3876580643221875
2017,pre_covid,110,0.654990217035338,0.3517778247733962,0.5850489164497131
2018,pre_covid,110,0.5143724021078898,0.16891770341996934,0.5584960415325868
2019,pre_covid,110,0.6146456039807474,0.2595792844157219,0.6286851696899675
2021,shock,110,0.1899699748457186,0.20431297750184707,0.7596283693596153
2022,shock,110,-0.08829018907823229,0.02236975008383827,0.7715492908224348
