predictor,appr_tau_3y,appr_p@10_3y,appr_tau_1y
rent-growth composite (v2),0.31961921823968686,0.55,0.37305630465657025
price momentum (trailing appr),0.25646658101408776,0.38333333333333336,0.5280012585863869
high yield (rent/price),-0.046451091646507355,0.3,-0.018832033524032888
low valuation (-price/rent),-0.046451091646507355,0.3,-0.018832033524032888
