month,cbsa_code,yoy
2018-01,10420,0.0358
2018-02,10420,0.0323
2018-03,10420,0.0231
2018-04,10420,0.019
2018-05,10420,0.0182
2018-06,10420,0.0187
2018-07,10420,0.0153
2018-08,10420,0.0159
2018-09,10420,0.0195
2018-10,10420,0.023
2018-11,10420,0.0297
2018-12,10420,0.0294
2019-01,10420,0.0266
2019-02,10420,0.0289
2019-03,10420,0.0321
2019-04,10420,0.0328
2019-05,10420,0.0368
2019-06,10420,0.039
2019-07,10420,0.0456
2019-08,10420,0.0492
2019-09,10420,0.0481
2019-10,10420,0.0475
2019-11,10420,0.04
2019-12,10420,0.0389
2020-01,10420,0.0406
2020-02,10420,0.0371
2020-03,10420,0.0404
2020-04,10420,0.0437
2020-05,10420,0.0488
2020-06,10420,0.0485
2020-07,10420,0.0481
2020-08,10420,0.0454
2020-09,10420,0.0489
2020-10,10420,0.0543
2020-11,10420,0.063
2020-12,10420,0.0717
2021-01,10420,0.0792
2021-02,10420,0.0895
2021-03,10420,0.0851
2021-04,10420,0.0842
2021-05,10420,0.0873
2021-06,10420,0.0968
2021-07,10420,0.1028
2021-08,10420,0.112
2021-09,10420,0.115
2021-10,10420,0.1135
2021-11,10420,0.1138
2021-12,10420,0.109
2022-01,10420,0.106
2022-02,10420,0.1059
2022-03,10420,0.1174
2022-04,10420,0.1271
2022-05,10420,0.1148
2022-06,10420,0.1135
2022-07,10420,0.1073
2022-08,10420,0.1057
2022-09,10420,0.1021
2022-10,10420,0.1038
2022-11,10420,0.1022
2022-12,10420,0.1039
2023-01,10420,0.0974
2023-02,10420,0.0857
2023-03,10420,0.0752
2023-04,10420,0.0712
2023-05,10420,0.0807
2023-06,10420,0.0726
2023-07,10420,0.0706
2023-08,10420,0.0626
2023-09,10420,0.0604
2023-10,10420,0.0555
2023-11,10420,0.0557
2023-12,10420,0.0541
2024-01,10420,0.062
2024-02,10420,0.0679
2024-03,10420,0.0668
2024-04,10420,0.0534
2024-05,10420,0.0467
2024-06,10420,0.0511
2024-07,10420,0.0558
2024-08,10420,0.0588
2024-09,10420,0.0559
2024-10,10420,0.0588
2024-11,10420,0.0571
2024-12,10420,0.0523
2025-01,10420,0.0459
2025-02,10420,0.0437
2025-03,10420,0.0466
2025-04,10420,0.05
2025-05,10420,0.047
2025-06,10420,0.0415
2025-07,10420,0.0381
2025-08,10420,0.0378
2025-09,10420,0.044
2025-10,10420,0.0395
2025-11,10420,0.0346
2025-12,10420,0.0375
2026-01,10420,0.0382
2026-02,10420,0.0407
2026-03,10420,0.0412
2026-04,10420,0.0498
2026-05,10420,0.0553
2026-06,10420,0.0583
2026-07,10420,0.0574
2018-01,10580,0.048
2018-02,10580,0.0426
2018-03,10580,0.045
2018-04,10580,0.0421
2018-05,10580,0.0312
2018-06,10580,0.0277
2018-07,10580,0.0232
2018-08,10580,0.0335
2018-09,10580,0.04
2018-10,10580,0.0409
2018-11,10580,0.0289
2018-12,10580,0.0254
2019-01,10580,0.0192
2019-02,10580,0.0191
2019-03,10580,0.0197
2019-04,10580,0.0142
2019-05,10580,0.0213
2019-06,10580,0.0293
2019-07,10580,0.0388
2019-08,10580,0.0315
2019-09,10580,0.0212
2019-10,10580,0.0178
2019-11,10580,0.0269
2019-12,10580,0.0319
2020-01,10580,0.0303
2020-02,10580,0.0304
2020-03,10580,0.0377
2020-04,10580,0.0406
2020-05,10580,0.0359
2020-06,10580,0.0257
2020-07,10580,0.0245
2020-08,10580,0.0331
2020-09,10580,0.0417
2020-10,10580,0.0487
2020-11,10580,0.0466
2020-12,10580,0.0506
2021-01,10580,0.0536
2021-02,10580,0.0557
2021-03,10580,0.0478
2021-04,10580,0.0577
2021-05,10580,0.066
2021-06,10580,0.0805
2021-07,10580,0.0797
2021-08,10580,0.0778
2021-09,10580,0.0812
2021-10,10580,0.0787
2021-11,10580,0.0859
2021-12,10580,0.0845
2022-01,10580,0.0902
2022-02,10580,0.091
2022-03,10580,0.0963
2022-04,10580,0.0917
2022-05,10580,0.0935
2022-06,10580,0.0893
2022-07,10580,0.0914
2022-08,10580,0.0919
2022-09,10580,0.087
2022-10,10580,0.0908
2022-11,10580,0.079
2022-12,10580,0.0725
2023-01,10580,0.0595
2023-02,10580,0.0597
2023-03,10580,0.0554
2023-04,10580,0.0493
2023-05,10580,0.0462
2023-06,10580,0.0465
2023-07,10580,0.0463
2023-08,10580,0.0394
2023-09,10580,0.0392
2023-10,10580,0.0291
2023-11,10580,0.0345
2023-12,10580,0.0349
2024-01,10580,0.0515
2024-02,10580,0.0524
2024-03,10580,0.0541
2024-04,10580,0.0539
2024-05,10580,0.0507
2024-06,10580,0.0462
2024-07,10580,0.0443
2024-08,10580,0.0452
2024-09,10580,0.0437
2024-10,10580,0.0476
2024-11,10580,0.0488
2024-12,10580,0.0525
2025-01,10580,0.0398
2025-02,10580,0.0379
2025-03,10580,0.038
2025-04,10580,0.0437
2025-05,10580,0.0411
2025-06,10580,0.0421
2025-07,10580,0.0395
2025-08,10580,0.044
2025-09,10580,0.0441
2025-10,10580,0.0481
2025-11,10580,0.0445
2025-12,10580,0.0437
2026-01,10580,0.0462
2026-02,10580,0.0438
2026-03,10580,0.0405
2026-04,10580,0.0371
2026-05,10580,0.0433
2026-06,10580,0.0454
2026-07,10580,0.0466
2018-01,10740,0.0337
2018-02,10740,0.03
2018-03,10740,0.0275
2018-04,10740,0.0324
2018-05,10740,0.0347
2018-06,10740,0.0324
2018-07,10740,0.0312
2018-08,10740,0.0335
2018-09,10740,0.0352
2018-10,10740,0.0357
2018-11,10740,0.0383
2018-12,10740,0.042
2019-01,10740,0.0431
2019-02,10740,0.0442
2019-03,10740,0.0445
2019-04,10740,0.0432
2019-05,10740,0.0444
2019-06,10740,0.0486
2019-07,10740,0.051
2019-08,10740,0.0525
2019-09,10740,0.0525
2019-10,10740,0.0527
2019-11,10740,0.0516
2019-12,10740,0.0503
2020-01,10740,0.0529
2020-02,10740,0.0554
2020-03,10740,0.0559
2020-04,10740,0.0509
2020-05,10740,0.0427
2020-06,10740,0.0421
2020-07,10740,0.0459
2020-08,10740,0.0514
2020-09,10740,0.0555
2020-10,10740,0.0601
2020-11,10740,0.0668
2020-12,10740,0.0713
2021-01,10740,0.0755
2021-02,10740,0.0825
2021-03,10740,0.0918
2021-04,10740,0.1111
2021-05,10740,0.1324
2021-06,10740,0.1454
2021-07,10740,0.1527
2021-08,10740,0.1622
2021-09,10740,0.1726
2021-10,10740,0.1754
2021-11,10740,0.1717
2021-12,10740,0.1755
2022-01,10740,0.1753
2022-02,10740,0.1737
2022-03,10740,0.1692
2022-04,10740,0.1629
2022-05,10740,0.1604
2022-06,10740,0.1512
2022-07,10740,0.145
2022-08,10740,0.1252
2022-09,10740,0.1105
2022-10,10740,0.1046
2022-11,10740,0.106
2022-12,10740,0.0982
2023-01,10740,0.0936
2023-02,10740,0.0822
2023-03,10740,0.0805
2023-04,10740,0.0707
2023-05,10740,0.0608
2023-06,10740,0.0541
2023-07,10740,0.0455
2023-08,10740,0.048
2023-09,10740,0.046
2023-10,10740,0.045
2023-11,10740,0.0418
2023-12,10740,0.041
2024-01,10740,0.038
2024-02,10740,0.0406
2024-03,10740,0.0336
2024-04,10740,0.0354
2024-05,10740,0.0324
2024-06,10740,0.0347
2024-07,10740,0.0352
2024-08,10740,0.0346
2024-09,10740,0.0343
2024-10,10740,0.0304
2024-11,10740,0.0265
2024-12,10740,0.027
2025-01,10740,0.0308
2025-02,10740,0.0327
2025-03,10740,0.0348
2025-04,10740,0.0315
2025-05,10740,0.0308
2025-06,10740,0.025
2025-07,10740,0.0241
2025-08,10740,0.023
2025-09,10740,0.0239
2025-10,10740,0.0246
2025-11,10740,0.0232
2025-12,10740,0.0178
2026-01,10740,0.0102
2026-02,10740,0.0059
2026-03,10740,0.0054
2026-04,10740,0.0067
2026-05,10740,0.0084
2026-06,10740,0.0129
2026-07,10740,0.0142
2018-01,10900,0.0436
2018-02,10900,0.0432
2018-03,10900,0.0383
2018-04,10900,0.0401
2018-05,10900,0.0377
2018-06,10900,0.0387
2018-07,10900,0.0394
2018-08,10900,0.0432
2018-09,10900,0.0427
2018-10,10900,0.0387
2018-11,10900,0.0335
2018-12,10900,0.0303
2019-01,10900,0.0295
2019-02,10900,0.033
2019-03,10900,0.0307
2019-04,10900,0.0312
2019-05,10900,0.0319
2019-06,10900,0.0391
2019-07,10900,0.0385
2019-08,10900,0.0398
2019-09,10900,0.039
2019-10,10900,0.0427
2019-11,10900,0.0465
2019-12,10900,0.0497
2020-01,10900,0.0559
2020-02,10900,0.0545
2020-03,10900,0.0512
2020-04,10900,0.0453
2020-05,10900,0.0429
2020-06,10900,0.0386
2020-07,10900,0.041
2020-08,10900,0.0473
2020-09,10900,0.0575
2020-10,10900,0.0692
2020-11,10900,0.0752
2020-12,10900,0.0795
2021-01,10900,0.0738
2021-02,10900,0.0766
2021-03,10900,0.0908
2021-04,10900,0.1084
2021-05,10900,0.1258
2021-06,10900,0.1398
2021-07,10900,0.1539
2021-08,10900,0.1533
2021-09,10900,0.1501
2021-10,10900,0.1411
2021-11,10900,0.1442
2021-12,10900,0.1487
2022-01,10900,0.1602
2022-02,10900,0.1615
2022-03,10900,0.1529
2022-04,10900,0.1452
2022-05,10900,0.1332
2022-06,10900,0.1232
2022-07,10900,0.1024
2022-08,10900,0.0928
2022-09,10900,0.0822
2022-10,10900,0.0742
2022-11,10900,0.0614
2022-12,10900,0.0519
2023-01,10900,0.0484
2023-02,10900,0.0495
2023-03,10900,0.0511
2023-04,10900,0.0438
2023-05,10900,0.0381
2023-06,10900,0.0321
2023-07,10900,0.0376
2023-08,10900,0.0411
2023-09,10900,0.0447
2023-10,10900,0.0489
2023-11,10900,0.0477
2023-12,10900,0.0428
2024-01,10900,0.0336
2024-02,10900,0.0272
2024-03,10900,0.0274
2024-04,10900,0.0308
2024-05,10900,0.0353
2024-06,10900,0.0385
2024-07,10900,0.0391
2024-08,10900,0.0357
2024-09,10900,0.0384
2024-10,10900,0.0359
2024-11,10900,0.0427
2024-12,10900,0.0471
2025-01,10900,0.0503
2025-02,10900,0.0489
2025-03,10900,0.0436
2025-04,10900,0.0432
2025-05,10900,0.04
2025-06,10900,0.0381
2025-07,10900,0.0372
2025-08,10900,0.0388
2025-09,10900,0.0338
2025-10,10900,0.0348
2025-11,10900,0.0304
2025-12,10900,0.0303
2026-01,10900,0.0318
2026-02,10900,0.0336
2026-03,10900,0.0362
2026-04,10900,0.0342
2026-05,10900,0.0355
2026-06,10900,0.0361
2026-07,10900,0.0323
2018-01,12060,0.0677
2018-02,12060,0.0668
2018-03,12060,0.065
2018-04,12060,0.0641
2018-05,12060,0.0619
2018-06,12060,0.0606
2018-07,12060,0.0581
2018-08,12060,0.0571
2018-09,12060,0.0546
2018-10,12060,0.062
2018-11,12060,0.0646
2018-12,12060,0.0685
2019-01,12060,0.0656
2019-02,12060,0.0645
2019-03,12060,0.0633
2019-04,12060,0.0622
2019-05,12060,0.062
2019-06,12060,0.0627
2019-07,12060,0.063
2019-08,12060,0.0645
2019-09,12060,0.0658
2019-10,12060,0.0591
2019-11,12060,0.0525
2019-12,12060,0.0479
2020-01,12060,0.0473
2020-02,12060,0.0472
2020-03,12060,0.0485
2020-04,12060,0.0461
2020-05,12060,0.0426
2020-06,12060,0.0391
2020-07,12060,0.0406
2020-08,12060,0.0421
2020-09,12060,0.0435
2020-10,12060,0.0491
2020-11,12060,0.0573
2020-12,12060,0.0658
2021-01,12060,0.0761
2021-02,12060,0.0862
2021-03,12060,0.0931
2021-04,12060,0.1052
2021-05,12060,0.1204
2021-06,12060,0.1409
2021-07,12060,0.1557
2021-08,12060,0.1723
2021-09,12060,0.187
2021-10,12060,0.1968
2021-11,12060,0.1986
2021-12,12060,0.1937
2022-01,12060,0.1842
2022-02,12060,0.1727
2022-03,12060,0.1651
2022-04,12060,0.1569
2022-05,12060,0.1491
2022-06,12060,0.134
2022-07,12060,0.1192
2022-08,12060,0.0985
2022-09,12060,0.0792
2022-10,12060,0.0615
2022-11,12060,0.0512
2022-12,12060,0.0479
2023-01,12060,0.0439
2023-02,12060,0.0422
2023-03,12060,0.041
2023-04,12060,0.037
2023-05,12060,0.0287
2023-06,12060,0.0178
2023-07,12060,0.0103
2023-08,12060,0.0053
2023-09,12060,0.0027
2023-10,12060,0.0015
2023-11,12060,-0.0
2023-12,12060,-0.0031
2024-01,12060,-0.0015
2024-02,12060,0.0001
2024-03,12060,-0.0034
2024-04,12060,-0.0049
2024-05,12060,-0.0051
2024-06,12060,0.0005
2024-07,12060,0.0013
2024-08,12060,0.0035
2024-09,12060,0.0051
2024-10,12060,0.0078
2024-11,12060,0.0103
2024-12,12060,0.0119
2025-01,12060,0.0119
2025-02,12060,0.0123
2025-03,12060,0.0149
2025-04,12060,0.0156
2025-05,12060,0.0155
2025-06,12060,0.0137
2025-07,12060,0.0157
2025-08,12060,0.0205
2025-09,12060,0.0236
2025-10,12060,0.0253
2025-11,12060,0.0242
2025-12,12060,0.0228
2026-01,12060,0.0194
2026-02,12060,0.0137
2026-03,12060,0.0107
2026-04,12060,0.0107
2026-05,12060,0.0147
2026-06,12060,0.0188
2026-07,12060,0.0213
2018-01,12260,0.0469
2018-02,12260,0.036
2018-03,12260,0.0358
2018-04,12260,0.0367
2018-05,12260,0.0431
2018-06,12260,0.0439
2018-07,12260,0.0416
2018-08,12260,0.0375
2018-09,12260,0.0364
2018-10,12260,0.0357
2018-11,12260,0.0304
2018-12,12260,0.0297
2019-01,12260,0.0284
2019-02,12260,0.0423
2019-03,12260,0.0417
2019-04,12260,0.0438
2019-05,12260,0.0373
2019-06,12260,0.0423
2019-07,12260,0.0442
2019-08,12260,0.0502
2019-09,12260,0.0497
2019-10,12260,0.0503
2019-11,12260,0.0504
2019-12,12260,0.0504
2020-01,12260,0.0519
2020-02,12260,0.0458
2020-03,12260,0.055
2020-04,12260,0.0545
2020-05,12260,0.0602
2020-06,12260,0.0587
2020-07,12260,0.0676
2020-08,12260,0.0737
2020-09,12260,0.0834
2020-10,12260,0.0875
2020-11,12260,0.0893
2020-12,12260,0.0949
2021-01,12260,0.0999
2021-02,12260,0.1043
2021-03,12260,0.0971
2021-04,12260,0.1054
2021-05,12260,0.1138
2021-06,12260,0.1276
2021-07,12260,0.1268
2021-08,12260,0.1314
2021-09,12260,0.1268
2021-10,12260,0.1325
2021-11,12260,0.1363
2021-12,12260,0.1327
2022-01,12260,0.1261
2022-02,12260,0.132
2022-03,12260,0.139
2022-04,12260,0.1334
2022-05,12260,0.1201
2022-06,12260,0.1061
2022-07,12260,0.0998
2022-08,12260,0.0833
2022-09,12260,0.0747
2022-10,12260,0.06
2022-11,12260,0.059
2022-12,12260,0.0609
2023-01,12260,0.0687
2023-02,12260,0.0588
2023-03,12260,0.0525
2023-04,12260,0.0485
2023-05,12260,0.0516
2023-06,12260,0.0482
2023-07,12260,0.0486
2023-08,12260,0.0504
2023-09,12260,0.0563
2023-10,12260,0.0581
2023-11,12260,0.053
2023-12,12260,0.0481
2024-01,12260,0.037
2024-02,12260,0.035
2024-03,12260,0.0264
2024-04,12260,0.0292
2024-05,12260,0.0264
2024-06,12260,0.0307
2024-07,12260,0.0243
2024-08,12260,0.0247
2024-09,12260,0.0245
2024-10,12260,0.0343
2024-11,12260,0.0406
2024-12,12260,0.0439
2025-01,12260,0.0497
2025-02,12260,0.0566
2025-03,12260,0.0636
2025-04,12260,0.0622
2025-05,12260,0.0589
2025-06,12260,0.0539
2025-07,12260,0.0523
2025-08,12260,0.0539
2025-09,12260,0.0482
2025-10,12260,0.0368
2025-11,12260,0.027
2025-12,12260,0.0208
2026-01,12260,0.0175
2026-02,12260,0.0104
2026-03,12260,0.0104
2026-04,12260,0.0064
2026-05,12260,0.0115
2026-06,12260,0.015
2026-07,12260,0.0248
2018-01,12420,0.0232
2018-02,12420,0.0219
2018-03,12420,0.0158
2018-04,12420,0.016
2018-05,12420,0.0167
2018-06,12420,0.0223
2018-07,12420,0.0274
2018-08,12420,0.0318
2018-09,12420,0.0356
2018-10,12420,0.0395
2018-11,12420,0.0422
2018-12,12420,0.044
2019-01,12420,0.0454
2019-02,12420,0.0446
2019-03,12420,0.0483
2019-04,12420,0.0475
2019-05,12420,0.0501
2019-06,12420,0.0466
2019-07,12420,0.0462
2019-08,12420,0.0466
2019-09,12420,0.0477
2019-10,12420,0.0459
2019-11,12420,0.0402
2019-12,12420,0.0399
2020-01,12420,0.0419
2020-02,12420,0.0424
2020-03,12420,0.0423
2020-04,12420,0.0344
2020-05,12420,0.0219
2020-06,12420,0.0106
2020-07,12420,0.0025
2020-08,12420,-0.0039
2020-09,12420,-0.0098
2020-10,12420,-0.0109
2020-11,12420,-0.0054
2020-12,12420,-0.0019
2021-01,12420,0.0045
2021-02,12420,0.0113
2021-03,12420,0.0193
2021-04,12420,0.0399
2021-05,12420,0.0703
2021-06,12420,0.1068
2021-07,12420,0.1387
2021-08,12420,0.1705
2021-09,12420,0.198
2021-10,12420,0.2139
2021-11,12420,0.2167
2021-12,12420,0.2192
2022-01,12420,0.2119
2022-02,12420,0.2096
2022-03,12420,0.2002
2022-04,12420,0.1934
2022-05,12420,0.1754
2022-06,12420,0.1553
2022-07,12420,0.1325
2022-08,12420,0.1038
2022-09,12420,0.0787
2022-10,12420,0.059
2022-11,12420,0.0473
2022-12,12420,0.0358
2023-01,12420,0.0316
2023-02,12420,0.0239
2023-03,12420,0.0223
2023-04,12420,0.0087
2023-05,12420,-0.0011
2023-06,12420,-0.0162
2023-07,12420,-0.026
2023-08,12420,-0.0306
2023-09,12420,-0.0345
2023-10,12420,-0.0329
2023-11,12420,-0.03
2023-12,12420,-0.0277
2024-01,12420,-0.0315
2024-02,12420,-0.0372
2024-03,12420,-0.0447
2024-04,12420,-0.0437
2024-05,12420,-0.0427
2024-06,12420,-0.0381
2024-07,12420,-0.0374
2024-08,12420,-0.0361
2024-09,12420,-0.0337
2024-10,12420,-0.0362
2024-11,12420,-0.0396
2024-12,12420,-0.0425
2025-01,12420,-0.0411
2025-02,12420,-0.0382
2025-03,12420,-0.035
2025-04,12420,-0.0345
2025-05,12420,-0.0332
2025-06,12420,-0.0339
2025-07,12420,-0.0345
2025-08,12420,-0.0317
2025-09,12420,-0.0305
2025-10,12420,-0.0279
2025-11,12420,-0.028
2025-12,12420,-0.0283
2026-01,12420,-0.0288
2026-02,12420,-0.0272
2026-03,12420,-0.0264
2026-04,12420,-0.0243
2026-05,12420,-0.0236
2026-06,12420,-0.0176
2026-07,12420,-0.0081
2018-01,12540,0.0356
2018-02,12540,0.0382
2018-03,12540,0.0388
2018-04,12540,0.0381
2018-05,12540,0.0376
2018-06,12540,0.0391
2018-07,12540,0.0401
2018-08,12540,0.0402
2018-09,12540,0.0392
2018-10,12540,0.0454
2018-11,12540,0.0477
2018-12,12540,0.0478
2019-01,12540,0.0468
2019-02,12540,0.0478
2019-03,12540,0.0541
2019-04,12540,0.0572
2019-05,12540,0.0576
2019-06,12540,0.0569
2019-07,12540,0.059
2019-08,12540,0.0623
2019-09,12540,0.0599
2019-10,12540,0.0561
2019-11,12540,0.0568
2019-12,12540,0.0575
2020-01,12540,0.057
2020-02,12540,0.0508
2020-03,12540,0.0439
2020-04,12540,0.041
2020-05,12540,0.0408
2020-06,12540,0.0493
2020-07,12540,0.0623
2020-08,12540,0.0792
2020-09,12540,0.0794
2020-10,12540,0.0845
2020-11,12540,0.0792
2020-12,12540,0.0901
2021-01,12540,0.1023
2021-02,12540,0.1103
2021-03,12540,0.1185
2021-04,12540,0.1199
2021-05,12540,0.1331
2021-06,12540,0.1323
2021-07,12540,0.1197
2021-08,12540,0.1054
2021-09,12540,0.1288
2021-10,12540,0.139
2021-11,12540,0.1647
2021-12,12540,0.1615
2022-01,12540,0.1619
2022-02,12540,0.1697
2022-03,12540,0.1696
2022-04,12540,0.1801
2022-05,12540,0.1725
2022-06,12540,0.1708
2022-07,12540,0.1723
2022-08,12540,0.1607
2022-09,12540,0.1347
2022-10,12540,0.1178
2022-11,12540,0.095
2022-12,12540,0.0822
2023-01,12540,0.0652
2023-02,12540,0.0524
2023-03,12540,0.0539
2023-04,12540,0.0489
2023-05,12540,0.0407
2023-06,12540,0.0309
2023-07,12540,0.0283
2023-08,12540,0.0396
2023-09,12540,0.0423
2023-10,12540,0.0427
2023-11,12540,0.0423
2023-12,12540,0.0494
2024-01,12540,0.0513
2024-02,12540,0.0528
2024-03,12540,0.043
2024-04,12540,0.04
2024-05,12540,0.0407
2024-06,12540,0.0451
2024-07,12540,0.0397
2024-08,12540,0.0321
2024-09,12540,0.0305
2024-10,12540,0.0324
2024-11,12540,0.0367
2024-12,12540,0.0331
2025-01,12540,0.0387
2025-02,12540,0.037
2025-03,12540,0.0406
2025-04,12540,0.0327
2025-05,12540,0.0326
2025-06,12540,0.0334
2025-07,12540,0.0354
2025-08,12540,0.0353
2025-09,12540,0.0362
2025-10,12540,0.0332
2025-11,12540,0.0297
2025-12,12540,0.0276
2026-01,12540,0.0229
2026-02,12540,0.0221
2026-03,12540,0.0199
2026-04,12540,0.0254
2026-05,12540,0.0253
2026-06,12540,0.0192
2026-07,12540,0.0199
2018-01,12580,0.0175
2018-02,12580,0.0225
2018-03,12580,0.0185
2018-04,12580,0.0215
2018-05,12580,0.0167
2018-06,12580,0.0129
2018-07,12580,0.0119
2018-08,12580,0.0154
2018-09,12580,0.0181
2018-10,12580,0.0189
2018-11,12580,0.0226
2018-12,12580,0.0236
2019-01,12580,0.0249
2019-02,12580,0.0209
2019-03,12580,0.0224
2019-04,12580,0.0216
2019-05,12580,0.0233
2019-06,12580,0.0257
2019-07,12580,0.0264
2019-08,12580,0.0279
2019-09,12580,0.0285
2019-10,12580,0.0272
2019-11,12580,0.0271
2019-12,12580,0.0234
2020-01,12580,0.0269
2020-02,12580,0.0254
2020-03,12580,0.0256
2020-04,12580,0.0213
2020-05,12580,0.0181
2020-06,12580,0.0149
2020-07,12580,0.0144
2020-08,12580,0.0133
2020-09,12580,0.0139
2020-10,12580,0.0211
2020-11,12580,0.0263
2020-12,12580,0.0331
2021-01,12580,0.0333
2021-02,12580,0.039
2021-03,12580,0.0412
2021-04,12580,0.0533
2021-05,12580,0.0667
2021-06,12580,0.0812
2021-07,12580,0.0925
2021-08,12580,0.1042
2021-09,12580,0.1151
2021-10,12580,0.1104
2021-11,12580,0.1098
2021-12,12580,0.1089
2022-01,12580,0.1148
2022-02,12580,0.1125
2022-03,12580,0.1128
2022-04,12580,0.1102
2022-05,12580,0.103
2022-06,12580,0.0945
2022-07,12580,0.084
2022-08,12580,0.0719
2022-09,12580,0.0569
2022-10,12580,0.0542
2022-11,12580,0.0474
2022-12,12580,0.0438
2023-01,12580,0.0381
2023-02,12580,0.0405
2023-03,12580,0.0422
2023-04,12580,0.0357
2023-05,12580,0.0322
2023-06,12580,0.0275
2023-07,12580,0.0278
2023-08,12580,0.0269
2023-09,12580,0.0293
2023-10,12580,0.03
2023-11,12580,0.0323
2023-12,12580,0.0313
2024-01,12580,0.0279
2024-02,12580,0.024
2024-03,12580,0.0214
2024-04,12580,0.0258
2024-05,12580,0.0296
2024-06,12580,0.0335
2024-07,12580,0.0325
2024-08,12580,0.0349
2024-09,12580,0.0354
2024-10,12580,0.0378
2024-11,12580,0.0373
2024-12,12580,0.0388
2025-01,12580,0.0405
2025-02,12580,0.0411
2025-03,12580,0.0408
2025-04,12580,0.0373
2025-05,12580,0.033
2025-06,12580,0.0285
2025-07,12580,0.0275
2025-08,12580,0.0275
2025-09,12580,0.0292
2025-10,12580,0.0256
2025-11,12580,0.0259
2025-12,12580,0.0248
2026-01,12580,0.0255
2026-02,12580,0.0236
2026-03,12580,0.0205
2026-04,12580,0.0206
2026-05,12580,0.0217
2026-06,12580,0.0249
2026-07,12580,0.0276
2018-01,12940,-0.0176
2018-02,12940,-0.0041
2018-03,12940,-0.0042
2018-04,12940,0.0039
2018-05,12940,0.0005
2018-06,12940,0.0089
2018-07,12940,0.0062
2018-08,12940,0.0057
2018-09,12940,0.0001
2018-10,12940,-0.0036
2018-11,12940,0.0022
2018-12,12940,-0.0042
2019-01,12940,-0.0039
2019-02,12940,-0.0068
2019-03,12940,0.0025
2019-04,12940,0.0007
2019-05,12940,0.0028
2019-06,12940,-0.0012
2019-07,12940,0.0011
2019-08,12940,-0.0005
2019-09,12940,0.0025
2019-10,12940,0.0037
2019-11,12940,0.0024
2019-12,12940,0.003
2020-01,12940,0.0016
2020-02,12940,-0.0036
2020-03,12940,-0.0005
2020-04,12940,-0.0008
2020-05,12940,0.0009
2020-06,12940,0.0026
2020-07,12940,0.0052
2020-08,12940,0.0099
2020-09,12940,0.0149
2020-10,12940,0.0192
2020-11,12940,0.0241
2020-12,12940,0.0281
2021-01,12940,0.035
2021-02,12940,0.0406
2021-03,12940,0.0363
2021-04,12940,0.0458
2021-05,12940,0.0508
2021-06,12940,0.0591
2021-07,12940,0.0609
2021-08,12940,0.0685
2021-09,12940,0.0791
2021-10,12940,0.0905
2021-11,12940,0.0964
2021-12,12940,0.1025
2022-01,12940,0.1027
2022-02,12940,0.111
2022-03,12940,0.1111
2022-04,12940,0.1032
2022-05,12940,0.0972
2022-06,12940,0.0925
2022-07,12940,0.0932
2022-08,12940,0.0837
2022-09,12940,0.0625
2022-10,12940,0.041
2022-11,12940,0.0281
2022-12,12940,0.0198
2023-01,12940,0.0154
2023-02,12940,0.007
2023-03,12940,0.0081
2023-04,12940,0.01
2023-05,12940,0.0139
2023-06,12940,0.0098
2023-07,12940,0.0025
2023-08,12940,-0.0035
2023-09,12940,0.001
2023-10,12940,0.0136
2023-11,12940,0.0217
2023-12,12940,0.0251
2024-01,12940,0.0278
2024-02,12940,0.0249
2024-03,12940,0.0176
2024-04,12940,0.0113
2024-05,12940,0.0082
2024-06,12940,0.0118
2024-07,12940,0.0181
2024-08,12940,0.0283
2024-09,12940,0.0328
2024-10,12940,0.033
2024-11,12940,0.0301
2024-12,12940,0.03
2025-01,12940,0.0234
2025-02,12940,0.0267
2025-03,12940,0.0293
2025-04,12940,0.0357
2025-05,12940,0.0333
2025-06,12940,0.0281
2025-07,12940,0.0241
2025-08,12940,0.0188
2025-09,12940,0.0177
2025-10,12940,0.0113
2025-11,12940,0.0113
2025-12,12940,0.0102
2026-01,12940,0.0173
2026-02,12940,0.0203
2026-03,12940,0.0233
2026-04,12940,0.0218
2026-05,12940,0.0247
2026-06,12940,0.0302
2026-07,12940,0.0324
2018-01,13820,0.0278
2018-02,13820,0.0285
2018-03,13820,0.0306
2018-04,13820,0.033
2018-05,13820,0.0369
2018-06,13820,0.0404
2018-07,13820,0.0369
2018-08,13820,0.0362
2018-09,13820,0.028
2018-10,13820,0.0368
2018-11,13820,0.0345
2018-12,13820,0.046
2019-01,13820,0.0428
2019-02,13820,0.0465
2019-03,13820,0.0403
2019-04,13820,0.0362
2019-05,13820,0.0337
2019-06,13820,0.0348
2019-07,13820,0.0396
2019-08,13820,0.0412
2019-09,13820,0.0442
2019-10,13820,0.0372
2019-11,13820,0.0359
2019-12,13820,0.0279
2020-01,13820,0.0306
2020-02,13820,0.0263
2020-03,13820,0.0383
2020-04,13820,0.0411
2020-05,13820,0.0386
2020-06,13820,0.0317
2020-07,13820,0.0337
2020-08,13820,0.0371
2020-09,13820,0.042
2020-10,13820,0.0461
2020-11,13820,0.052
2020-12,13820,0.0566
2021-01,13820,0.0602
2021-02,13820,0.0637
2021-03,13820,0.0521
2021-04,13820,0.0521
2021-05,13820,0.0652
2021-06,13820,0.084
2021-07,13820,0.0896
2021-08,13820,0.0922
2021-09,13820,0.0929
2021-10,13820,0.0965
2021-11,13820,0.0938
2021-12,13820,0.1022
2022-01,13820,0.1033
2022-02,13820,0.1071
2022-03,13820,0.1084
2022-04,13820,0.1097
2022-05,13820,0.101
2022-06,13820,0.0892
2022-07,13820,0.081
2022-08,13820,0.0756
2022-09,13820,0.0679
2022-10,13820,0.0605
2022-11,13820,0.0607
2022-12,13820,0.0489
2023-01,13820,0.0444
2023-02,13820,0.04
2023-03,13820,0.0478
2023-04,13820,0.0514
2023-05,13820,0.0522
2023-06,13820,0.0512
2023-07,13820,0.0496
2023-08,13820,0.0468
2023-09,13820,0.0486
2023-10,13820,0.0491
2023-11,13820,0.0469
2023-12,13820,0.0471
2024-01,13820,0.0484
2024-02,13820,0.0478
2024-03,13820,0.0405
2024-04,13820,0.0317
2024-05,13820,0.0282
2024-06,13820,0.0284
2024-07,13820,0.029
2024-08,13820,0.0306
2024-09,13820,0.0329
2024-10,13820,0.0374
2024-11,13820,0.0367
2024-12,13820,0.0376
2025-01,13820,0.0333
2025-02,13820,0.0347
2025-03,13820,0.0328
2025-04,13820,0.0347
2025-05,13820,0.0353
2025-06,13820,0.0332
2025-07,13820,0.0302
2025-08,13820,0.0289
2025-09,13820,0.0237
2025-10,13820,0.0181
2025-11,13820,0.0174
2025-12,13820,0.0174
2026-01,13820,0.0188
2026-02,13820,0.014
2026-03,13820,0.014
2026-04,13820,0.0138
2026-05,13820,0.0126
2026-06,13820,0.0131
2026-07,13820,0.0153
2018-01,14260,0.0874
2018-02,14260,0.0913
2018-03,14260,0.0851
2018-04,14260,0.0799
2018-05,14260,0.0731
2018-06,14260,0.0827
2018-07,14260,0.0855
2018-08,14260,0.0851
2018-09,14260,0.0844
2018-10,14260,0.0842
2018-11,14260,0.0866
2018-12,14260,0.089
2019-01,14260,0.0865
2019-02,14260,0.082
2019-03,14260,0.0835
2019-04,14260,0.0836
2019-05,14260,0.0871
2019-06,14260,0.0782
2019-07,14260,0.074
2019-08,14260,0.0716
2019-09,14260,0.0696
2019-10,14260,0.0732
2019-11,14260,0.069
2019-12,14260,0.0696
2020-01,14260,0.0684
2020-02,14260,0.0693
2020-03,14260,0.0661
2020-04,14260,0.0565
2020-05,14260,0.0471
2020-06,14260,0.0424
2020-07,14260,0.0484
2020-08,14260,0.0581
2020-09,14260,0.0703
2020-10,14260,0.082
2020-11,14260,0.0956
2020-12,14260,0.1133
2021-01,14260,0.1239
2021-02,14260,0.1369
2021-03,14260,0.1512
2021-04,14260,0.1814
2021-05,14260,0.212
2021-06,14260,0.2408
2021-07,14260,0.2484
2021-08,14260,0.2461
2021-09,14260,0.2339
2021-10,14260,0.2176
2021-11,14260,0.206
2021-12,14260,0.1803
2022-01,14260,0.1693
2022-02,14260,0.1533
2022-03,14260,0.1418
2022-04,14260,0.1262
2022-05,14260,0.1064
2022-06,14260,0.0893
2022-07,14260,0.0741
2022-08,14260,0.064
2022-09,14260,0.0583
2022-10,14260,0.0488
2022-11,14260,0.0401
2022-12,14260,0.0361
2023-01,14260,0.033
2023-02,14260,0.0288
2023-03,14260,0.0267
2023-04,14260,0.0169
2023-05,14260,0.0068
2023-06,14260,-0.006
2023-07,14260,-0.0116
2023-08,14260,-0.0154
2023-09,14260,-0.0151
2023-10,14260,-0.0079
2023-11,14260,-0.007
2023-12,14260,0.0002
2024-01,14260,0.0005
2024-02,14260,0.0081
2024-03,14260,0.0059
2024-04,14260,0.0083
2024-05,14260,0.0135
2024-06,14260,0.02
2024-07,14260,0.0241
2024-08,14260,0.028
2024-09,14260,0.0302
2024-10,14260,0.0297
2024-11,14260,0.0314
2024-12,14260,0.0287
2025-01,14260,0.0289
2025-02,14260,0.0219
2025-03,14260,0.02
2025-04,14260,0.0202
2025-05,14260,0.0233
2025-06,14260,0.0272
2025-07,14260,0.0287
2025-08,14260,0.0291
2025-09,14260,0.0265
2025-10,14260,0.0253
2025-11,14260,0.0279
2025-12,14260,0.0289
2026-01,14260,0.0288
2026-02,14260,0.0335
2026-03,14260,0.0407
2026-04,14260,0.0463
2026-05,14260,0.0476
2026-06,14260,0.0502
2026-07,14260,0.0563
2018-01,14460,0.0398
2018-02,14460,0.0355
2018-03,14460,0.0311
2018-04,14460,0.032
2018-05,14460,0.0347
2018-06,14460,0.035
2018-07,14460,0.0355
2018-08,14460,0.0348
2018-09,14460,0.0349
2018-10,14460,0.0378
2018-11,14460,0.0361
2018-12,14460,0.0334
2019-01,14460,0.0297
2019-02,14460,0.031
2019-03,14460,0.0314
2019-04,14460,0.0313
2019-05,14460,0.0308
2019-06,14460,0.0336
2019-07,14460,0.0345
2019-08,14460,0.0362
2019-09,14460,0.0382
2019-10,14460,0.0363
2019-11,14460,0.0355
2019-12,14460,0.0333
2020-01,14460,0.0354
2020-02,14460,0.036
2020-03,14460,0.0377
2020-04,14460,0.0301
2020-05,14460,0.019
2020-06,14460,0.0047
2020-07,14460,-0.0073
2020-08,14460,-0.0214
2020-09,14460,-0.0388
2020-10,14460,-0.0511
2020-11,14460,-0.058
2020-12,14460,-0.0575
2021-01,14460,-0.0556
2021-02,14460,-0.051
2021-03,14460,-0.0482
2021-04,14460,-0.0364
2021-05,14460,-0.0193
2021-06,14460,0.0028
2021-07,14460,0.0245
2021-08,14460,0.0486
2021-09,14460,0.0798
2021-10,14460,0.1082
2021-11,14460,0.1266
2021-12,14460,0.1326
2022-01,14460,0.1311
2022-02,14460,0.1237
2022-03,14460,0.1186
2022-04,14460,0.1173
2022-05,14460,0.1174
2022-06,14460,0.1148
2022-07,14460,0.1107
2022-08,14460,0.1087
2022-09,14460,0.1024
2022-10,14460,0.0924
2022-11,14460,0.0837
2022-12,14460,0.0783
2023-01,14460,0.0768
2023-02,14460,0.0804
2023-03,14460,0.0845
2023-04,14460,0.0843
2023-05,14460,0.0779
2023-06,14460,0.071
2023-07,14460,0.065
2023-08,14460,0.059
2023-09,14460,0.0536
2023-10,14460,0.0512
2023-11,14460,0.0521
2023-12,14460,0.0536
2024-01,14460,0.055
2024-02,14460,0.0542
2024-03,14460,0.0511
2024-04,14460,0.0473
2024-05,14460,0.0445
2024-06,14460,0.0431
2024-07,14460,0.0423
2024-08,14460,0.0376
2024-09,14460,0.034
2024-10,14460,0.0311
2024-11,14460,0.0313
2024-12,14460,0.0326
2025-01,14460,0.0343
2025-02,14460,0.0334
2025-03,14460,0.0318
2025-04,14460,0.0294
2025-05,14460,0.0284
2025-06,14460,0.0272
2025-07,14460,0.0255
2025-08,14460,0.0276
2025-09,14460,0.0291
2025-10,14460,0.0309
2025-11,14460,0.0265
2025-12,14460,0.0226
2026-01,14460,0.0176
2026-02,14460,0.0159
2026-03,14460,0.0162
2026-04,14460,0.0189
2026-05,14460,0.0228
2026-06,14460,0.0254
2026-07,14460,0.028
2018-01,14860,0.0413
2018-02,14860,0.0435
2018-03,14860,0.0421
2018-04,14860,0.0364
2018-05,14860,0.0278
2018-06,14860,0.0297
2018-07,14860,0.0348
2018-08,14860,0.0386
2018-09,14860,0.0441
2018-10,14860,0.0412
2018-11,14860,0.0474
2018-12,14860,0.0403
2019-01,14860,0.0441
2019-02,14860,0.0299
2019-03,14860,0.0305
2019-04,14860,0.0306
2019-05,14860,0.0352
2019-06,14860,0.0312
2019-07,14860,0.0315
2019-08,14860,0.0328
2019-09,14860,0.031
2019-10,14860,0.0327
2019-11,14860,0.0257
2019-12,14860,0.0262
2020-01,14860,0.0245
2020-02,14860,0.0348
2020-03,14860,0.04
2020-04,14860,0.0399
2020-05,14860,0.0373
2020-06,14860,0.0402
2020-07,14860,0.041
2020-08,14860,0.0451
2020-09,14860,0.05
2020-10,14860,0.0578
2020-11,14860,0.0673
2020-12,14860,0.0726
2021-01,14860,0.0738
2021-02,14860,0.0704
2021-03,14860,0.0704
2021-04,14860,0.0789
2021-05,14860,0.0905
2021-06,14860,0.0962
2021-07,14860,0.1018
2021-08,14860,0.1017
2021-09,14860,0.1044
2021-10,14860,0.0979
2021-11,14860,0.0938
2021-12,14860,0.0947
2022-01,14860,0.1018
2022-02,14860,0.111
2022-03,14860,0.1096
2022-04,14860,0.1093
2022-05,14860,0.1069
2022-06,14860,0.1082
2022-07,14860,0.1029
2022-08,14860,0.098
2022-09,14860,0.0893
2022-10,14860,0.0888
2022-11,14860,0.0834
2022-12,14860,0.0759
2023-01,14860,0.0665
2023-02,14860,0.0576
2023-03,14860,0.0607
2023-04,14860,0.0531
2023-05,14860,0.0471
2023-06,14860,0.0367
2023-07,14860,0.0354
2023-08,14860,0.0355
2023-09,14860,0.0346
2023-10,14860,0.0352
2023-11,14860,0.0414
2023-12,14860,0.0468
2024-01,14860,0.0478
2024-02,14860,0.0514
2024-03,14860,0.0442
2024-04,14860,0.0493
2024-05,14860,0.0472
2024-06,14860,0.0528
2024-07,14860,0.0561
2024-08,14860,0.0596
2024-09,14860,0.0625
2024-10,14860,0.0573
2024-11,14860,0.056
2024-12,14860,0.0581
2025-01,14860,0.0662
2025-02,14860,0.0639
2025-03,14860,0.0631
2025-04,14860,0.0564
2025-05,14860,0.0557
2025-06,14860,0.0501
2025-07,14860,0.0434
2025-08,14860,0.037
2025-09,14860,0.0375
2025-10,14860,0.044
2025-11,14860,0.0383
2025-12,14860,0.0298
2026-01,14860,0.0175
2026-02,14860,0.0164
2026-03,14860,0.0177
2026-04,14860,0.0207
2026-05,14860,0.0241
2026-06,14860,0.0283
2026-07,14860,0.0303
2018-01,15380,0.0532
2018-02,15380,0.0422
2018-03,15380,0.0376
2018-04,15380,0.0435
2018-05,15380,0.0395
2018-06,15380,0.0374
2018-07,15380,0.0261
2018-08,15380,0.0285
2018-09,15380,0.0347
2018-10,15380,0.0317
2018-11,15380,0.0325
2018-12,15380,0.0283
2019-01,15380,0.0374
2019-02,15380,0.0338
2019-03,15380,0.0375
2019-04,15380,0.0407
2019-05,15380,0.0497
2019-06,15380,0.0457
2019-07,15380,0.0454
2019-08,15380,0.0399
2019-09,15380,0.0432
2019-10,15380,0.0464
2019-11,15380,0.0391
2019-12,15380,0.0367
2020-01,15380,0.0294
2020-02,15380,0.0431
2020-03,15380,0.0458
2020-04,15380,0.0517
2020-05,15380,0.0465
2020-06,15380,0.054
2020-07,15380,0.0538
2020-08,15380,0.0589
2020-09,15380,0.0575
2020-10,15380,0.0615
2020-11,15380,0.0644
2020-12,15380,0.0653
2021-01,15380,0.0725
2021-02,15380,0.0725
2021-03,15380,0.0741
2021-04,15380,0.0691
2021-05,15380,0.077
2021-06,15380,0.0798
2021-07,15380,0.0871
2021-08,15380,0.0916
2021-09,15380,0.0991
2021-10,15380,0.099
2021-11,15380,0.1052
2021-12,15380,0.1107
2022-01,15380,0.1094
2022-02,15380,0.1071
2022-03,15380,0.1047
2022-04,15380,0.1062
2022-05,15380,0.1033
2022-06,15380,0.0986
2022-07,15380,0.0979
2022-08,15380,0.0938
2022-09,15380,0.0865
2022-10,15380,0.0823
2022-11,15380,0.0801
2022-12,15380,0.0775
2023-01,15380,0.0789
2023-02,15380,0.0728
2023-03,15380,0.0712
2023-04,15380,0.0651
2023-05,15380,0.0643
2023-06,15380,0.0611
2023-07,15380,0.0594
2023-08,15380,0.0571
2023-09,15380,0.0547
2023-10,15380,0.0551
2023-11,15380,0.0524
2023-12,15380,0.0524
2024-01,15380,0.0467
2024-02,15380,0.051
2024-03,15380,0.0528
2024-04,15380,0.0554
2024-05,15380,0.0524
2024-06,15380,0.0509
2024-07,15380,0.0453
2024-08,15380,0.0439
2024-09,15380,0.0466
2024-10,15380,0.0475
2024-11,15380,0.0483
2024-12,15380,0.0459
2025-01,15380,0.0449
2025-02,15380,0.0397
2025-03,15380,0.0325
2025-04,15380,0.0345
2025-05,15380,0.0348
2025-06,15380,0.0376
2025-07,15380,0.0377
2025-08,15380,0.0377
2025-09,15380,0.0339
2025-10,15380,0.0306
2025-11,15380,0.0275
2025-12,15380,0.0275
2026-01,15380,0.03
2026-02,15380,0.0336
2026-03,15380,0.0379
2026-04,15380,0.0323
2026-05,15380,0.0325
2026-06,15380,0.0305
2026-07,15380,0.0339
2018-01,15980,0.0501
2018-02,15980,0.049
2018-03,15980,0.047
2018-04,15980,0.0432
2018-05,15980,0.0418
2018-06,15980,0.0407
2018-07,15980,0.0431
2018-08,15980,0.0495
2018-09,15980,0.0489
2018-10,15980,0.0482
2018-11,15980,0.0362
2018-12,15980,0.0355
2019-01,15980,0.0326
2019-02,15980,0.0287
2019-03,15980,0.0254
2019-04,15980,0.0307
2019-05,15980,0.0354
2019-06,15980,0.0406
2019-07,15980,0.0374
2019-08,15980,0.0276
2019-09,15980,0.0272
2019-10,15980,0.0244
2019-11,15980,0.0382
2019-12,15980,0.0355
2020-01,15980,0.036
2020-02,15980,0.0319
2020-03,15980,0.043
2020-04,15980,0.0364
2020-05,15980,0.0339
2020-06,15980,0.0318
2020-07,15980,0.0412
2020-08,15980,0.0506
2020-09,15980,0.0555
2020-10,15980,0.0624
2020-11,15980,0.0579
2020-12,15980,0.0656
2021-01,15980,0.07
2021-02,15980,0.0841
2021-03,15980,0.0907
2021-04,15980,0.1129
2021-05,15980,0.1317
2021-06,15980,0.1542
2021-07,15980,0.1725
2021-08,15980,0.2044
2021-09,15980,0.23
2021-10,15980,0.2421
2021-11,15980,0.261
2021-12,15980,0.2735
2022-01,15980,0.2938
2022-02,15980,0.2912
2022-03,15980,0.2761
2022-04,15980,0.2737
2022-05,15980,0.2752
2022-06,15980,0.2626
2022-07,15980,0.2372
2022-08,15980,0.1905
2022-09,15980,0.163
2022-10,15980,0.1591
2022-11,15980,0.1581
2022-12,15980,0.1519
2023-01,15980,0.1289
2023-02,15980,0.1216
2023-03,15980,0.1256
2023-04,15980,0.1065
2023-05,15980,0.0775
2023-06,15980,0.0565
2023-07,15980,0.0454
2023-08,15980,0.0493
2023-09,15980,0.0399
2023-10,15980,0.0237
2023-11,15980,-0.0011
2023-12,15980,-0.0159
2024-01,15980,-0.0171
2024-02,15980,-0.0195
2024-03,15980,-0.0327
2024-04,15980,-0.0389
2024-05,15980,-0.0376
2024-06,15980,-0.0325
2024-07,15980,-0.0296
2024-08,15980,-0.0273
2024-09,15980,-0.0225
2024-10,15980,-0.0219
2024-11,15980,-0.0186
2024-12,15980,-0.0213
2025-01,15980,-0.0245
2025-02,15980,-0.03
2025-03,15980,-0.0262
2025-04,15980,-0.024
2025-05,15980,-0.0247
2025-06,15980,-0.0293
2025-07,15980,-0.0301
2025-08,15980,-0.0375
2025-09,15980,-0.0418
2025-10,15980,-0.0465
2025-11,15980,-0.0452
2025-12,15980,-0.0422
2026-01,15980,-0.0423
2026-02,15980,-0.0405
2026-03,15980,-0.0434
2026-04,15980,-0.0369
2026-05,15980,-0.0283
2026-06,15980,-0.0194
2026-07,15980,-0.0167
2018-01,16700,0.0452
2018-02,16700,0.0458
2018-03,16700,0.0434
2018-04,16700,0.0441
2018-05,16700,0.0352
2018-06,16700,0.0332
2018-07,16700,0.0336
2018-08,16700,0.0373
2018-09,16700,0.0352
2018-10,16700,0.0362
2018-11,16700,0.0329
2018-12,16700,0.0342
2019-01,16700,0.0333
2019-02,16700,0.0322
2019-03,16700,0.0352
2019-04,16700,0.0324
2019-05,16700,0.0402
2019-06,16700,0.0408
2019-07,16700,0.0423
2019-08,16700,0.0392
2019-09,16700,0.0402
2019-10,16700,0.041
2019-11,16700,0.0406
2019-12,16700,0.0378
2020-01,16700,0.04
2020-02,16700,0.0389
2020-03,16700,0.0377
2020-04,16700,0.0301
2020-05,16700,0.0198
2020-06,16700,0.0148
2020-07,16700,0.0137
2020-08,16700,0.0173
2020-09,16700,0.0179
2020-10,16700,0.0178
2020-11,16700,0.0214
2020-12,16700,0.0262
2021-01,16700,0.0363
2021-02,16700,0.0455
2021-03,16700,0.054
2021-04,16700,0.0692
2021-05,16700,0.0883
2021-06,16700,0.1086
2021-07,16700,0.1254
2021-08,16700,0.1394
2021-09,16700,0.153
2021-10,16700,0.1651
2021-11,16700,0.173
2021-12,16700,0.1777
2022-01,16700,0.1689
2022-02,16700,0.1642
2022-03,16700,0.1614
2022-04,16700,0.1714
2022-05,16700,0.1742
2022-06,16700,0.1711
2022-07,16700,0.1605
2022-08,16700,0.1473
2022-09,16700,0.1374
2022-10,16700,0.129
2022-11,16700,0.1205
2022-12,16700,0.1134
2023-01,16700,0.1101
2023-02,16700,0.1103
2023-03,16700,0.1103
2023-04,16700,0.0987
2023-05,16700,0.0868
2023-06,16700,0.0724
2023-07,16700,0.0665
2023-08,16700,0.0624
2023-09,16700,0.0566
2023-10,16700,0.0507
2023-11,16700,0.048
2023-12,16700,0.0516
2024-01,16700,0.056
2024-02,16700,0.0525
2024-03,16700,0.0431
2024-04,16700,0.0342
2024-05,16700,0.0304
2024-06,16700,0.033
2024-07,16700,0.0335
2024-08,16700,0.0344
2024-09,16700,0.0362
2024-10,16700,0.0378
2024-11,16700,0.0366
2024-12,16700,0.0277
2025-01,16700,0.0203
2025-02,16700,0.0171
2025-03,16700,0.0197
2025-04,16700,0.0255
2025-05,16700,0.0275
2025-06,16700,0.0238
2025-07,16700,0.0195
2025-08,16700,0.017
2025-09,16700,0.015
2025-10,16700,0.0151
2025-11,16700,0.0171
2025-12,16700,0.0211
2026-01,16700,0.024
2026-02,16700,0.0262
2026-03,16700,0.0267
2026-04,16700,0.0255
2026-05,16700,0.0259
2026-06,16700,0.0324
2026-07,16700,0.0383
2018-01,16740,0.0569
2018-02,16740,0.0549
2018-03,16740,0.0471
2018-04,16740,0.0461
2018-05,16740,0.0418
2018-06,16740,0.043
2018-07,16740,0.0441
2018-08,16740,0.0458
2018-09,16740,0.0404
2018-10,16740,0.0434
2018-11,16740,0.044
2018-12,16740,0.0499
2019-01,16740,0.0525
2019-02,16740,0.0512
2019-03,16740,0.0529
2019-04,16740,0.0497
2019-05,16740,0.0516
2019-06,16740,0.0487
2019-07,16740,0.0489
2019-08,16740,0.0487
2019-09,16740,0.0562
2019-10,16740,0.0558
2019-11,16740,0.0509
2019-12,16740,0.0414
2020-01,16740,0.0371
2020-02,16740,0.037
2020-03,16740,0.0432
2020-04,16740,0.0389
2020-05,16740,0.034
2020-06,16740,0.0283
2020-07,16740,0.0291
2020-08,16740,0.0304
2020-09,16740,0.0292
2020-10,16740,0.0322
2020-11,16740,0.0391
2020-12,16740,0.047
2021-01,16740,0.0537
2021-02,16740,0.0588
2021-03,16740,0.0573
2021-04,16740,0.0729
2021-05,16740,0.0886
2021-06,16740,0.1101
2021-07,16740,0.1208
2021-08,16740,0.1342
2021-09,16740,0.1471
2021-10,16740,0.1555
2021-11,16740,0.1587
2021-12,16740,0.1626
2022-01,16740,0.1628
2022-02,16740,0.1627
2022-03,16740,0.1593
2022-04,16740,0.1547
2022-05,16740,0.1498
2022-06,16740,0.1432
2022-07,16740,0.1373
2022-08,16740,0.1226
2022-09,16740,0.1051
2022-10,16740,0.091
2022-11,16740,0.0836
2022-12,16740,0.0756
2023-01,16740,0.0703
2023-02,16740,0.0656
2023-03,16740,0.0668
2023-04,16740,0.0593
2023-05,16740,0.0506
2023-06,16740,0.0367
2023-07,16740,0.0266
2023-08,16740,0.0231
2023-09,16740,0.0226
2023-10,16740,0.0231
2023-11,16740,0.0178
2023-12,16740,0.0165
2024-01,16740,0.0145
2024-02,16740,0.0138
2024-03,16740,0.0064
2024-04,16740,0.0053
2024-05,16740,0.0041
2024-06,16740,0.0085
2024-07,16740,0.0092
2024-08,16740,0.01
2024-09,16740,0.0106
2024-10,16740,0.0093
2024-11,16740,0.0125
2024-12,16740,0.0122
2025-01,16740,0.0138
2025-02,16740,0.0142
2025-03,16740,0.0166
2025-04,16740,0.0172
2025-05,16740,0.0161
2025-06,16740,0.0141
2025-07,16740,0.0129
2025-08,16740,0.0125
2025-09,16740,0.0129
2025-10,16740,0.0141
2025-11,16740,0.013
2025-12,16740,0.0106
2026-01,16740,0.0068
2026-02,16740,0.0025
2026-03,16740,0.0016
2026-04,16740,0.0005
2026-05,16740,0.003
2026-06,16740,0.0043
2026-07,16740,0.0075
2018-01,16860,0.0705
2018-02,16860,0.0654
2018-03,16860,0.0579
2018-04,16860,0.0538
2018-05,16860,0.0595
2018-06,16860,0.0583
2018-07,16860,0.0548
2018-08,16860,0.0499
2018-09,16860,0.041
2018-10,16860,0.0506
2018-11,16860,0.0661
2018-12,16860,0.062
2019-01,16860,0.0549
2019-02,16860,0.0444
2019-03,16860,0.0521
2019-04,16860,0.0552
2019-05,16860,0.0566
2019-06,16860,0.0544
2019-07,16860,0.0537
2019-08,16860,0.0544
2019-09,16860,0.0583
2019-10,16860,0.051
2019-11,16860,0.0364
2019-12,16860,0.0318
2020-01,16860,0.0337
2020-02,16860,0.0418
2020-03,16860,0.0441
2020-04,16860,0.0471
2020-05,16860,0.0464
2020-06,16860,0.0437
2020-07,16860,0.0492
2020-08,16860,0.0528
2020-09,16860,0.0643
2020-10,16860,0.0692
2020-11,16860,0.0779
2020-12,16860,0.0806
2021-01,16860,0.0825
2021-02,16860,0.0848
2021-03,16860,0.0819
2021-04,16860,0.0902
2021-05,16860,0.1038
2021-06,16860,0.1253
2021-07,16860,0.128
2021-08,16860,0.1342
2021-09,16860,0.1317
2021-10,16860,0.1429
2021-11,16860,0.15
2021-12,16860,0.1671
2022-01,16860,0.1691
2022-02,16860,0.1751
2022-03,16860,0.1807
2022-04,16860,0.1716
2022-05,16860,0.1573
2022-06,16860,0.1387
2022-07,16860,0.1305
2022-08,16860,0.1182
2022-09,16860,0.1057
2022-10,16860,0.0915
2022-11,16860,0.0825
2022-12,16860,0.0618
2023-01,16860,0.063
2023-02,16860,0.0523
2023-03,16860,0.0507
2023-04,16860,0.0433
2023-05,16860,0.0373
2023-06,16860,0.0341
2023-07,16860,0.037
2023-08,16860,0.0436
2023-09,16860,0.0451
2023-10,16860,0.0458
2023-11,16860,0.0426
2023-12,16860,0.0448
2024-01,16860,0.0378
2024-02,16860,0.0347
2024-03,16860,0.0277
2024-04,16860,0.0276
2024-05,16860,0.0348
2024-06,16860,0.0363
2024-07,16860,0.0309
2024-08,16860,0.0207
2024-09,16860,0.0209
2024-10,16860,0.0159
2024-11,16860,0.0125
2024-12,16860,0.0061
2025-01,16860,0.004
2025-02,16860,0.0114
2025-03,16860,0.0149
2025-04,16860,0.0131
2025-05,16860,0.0031
2025-06,16860,0.0002
2025-07,16860,0.0003
2025-08,16860,0.0031
2025-09,16860,-0.0007
2025-10,16860,0.002
2025-11,16860,0.0048
2025-12,16860,0.0176
2026-01,16860,0.0194
2026-02,16860,0.0109
2026-03,16860,0.0027
2026-04,16860,0.0061
2026-05,16860,0.0125
2026-06,16860,0.0141
2026-07,16860,0.0132
2018-01,16980,0.0301
2018-02,16980,0.029
2018-03,16980,0.0241
2018-04,16980,0.0214
2018-05,16980,0.0201
2018-06,16980,0.0222
2018-07,16980,0.0245
2018-08,16980,0.0265
2018-09,16980,0.0234
2018-10,16980,0.0232
2018-11,16980,0.0234
2018-12,16980,0.0261
2019-01,16980,0.0259
2019-02,16980,0.0248
2019-03,16980,0.026
2019-04,16980,0.027
2019-05,16980,0.028
2019-06,16980,0.0267
2019-07,16980,0.0258
2019-08,16980,0.0277
2019-09,16980,0.0318
2019-10,16980,0.0344
2019-11,16980,0.0337
2019-12,16980,0.03
2020-01,16980,0.03
2020-02,16980,0.0311
2020-03,16980,0.0318
2020-04,16980,0.0242
2020-05,16980,0.0159
2020-06,16980,0.0091
2020-07,16980,0.0054
2020-08,16980,0.0005
2020-09,16980,-0.0061
2020-10,16980,-0.0135
2020-11,16980,-0.018
2020-12,16980,-0.0186
2021-01,16980,-0.0201
2021-02,16980,-0.0195
2021-03,16980,-0.018
2021-04,16980,-0.0038
2021-05,16980,0.0118
2021-06,16980,0.0278
2021-07,16980,0.0387
2021-08,16980,0.0495
2021-09,16980,0.0631
2021-10,16980,0.0767
2021-11,16980,0.0891
2021-12,16980,0.0974
2022-01,16980,0.1046
2022-02,16980,0.1073
2022-03,16980,0.1094
2022-04,16980,0.1071
2022-05,16980,0.1045
2022-06,16980,0.0992
2022-07,16980,0.0962
2022-08,16980,0.0923
2022-09,16980,0.0879
2022-10,16980,0.0846
2022-11,16980,0.0802
2022-12,16980,0.0764
2023-01,16980,0.0731
2023-02,16980,0.0727
2023-03,16980,0.072
2023-04,16980,0.068
2023-05,16980,0.0648
2023-06,16980,0.0629
2023-07,16980,0.0612
2023-08,16980,0.0608
2023-09,16980,0.0579
2023-10,16980,0.0555
2023-11,16980,0.0541
2023-12,16980,0.0551
2024-01,16980,0.0553
2024-02,16980,0.0541
2024-03,16980,0.0515
2024-04,16980,0.052
2024-05,16980,0.0503
2024-06,16980,0.0497
2024-07,16980,0.0484
2024-08,16980,0.0473
2024-09,16980,0.0488
2024-10,16980,0.0509
2024-11,16980,0.0532
2024-12,16980,0.0529
2025-01,16980,0.0523
2025-02,16980,0.0527
2025-03,16980,0.0546
2025-04,16980,0.0558
2025-05,16980,0.0575
2025-06,16980,0.0586
2025-07,16980,0.0598
2025-08,16980,0.0601
2025-09,16980,0.0599
2025-10,16980,0.0577
2025-11,16980,0.0555
2025-12,16980,0.0536
2026-01,16980,0.0542
2026-02,16980,0.0538
2026-03,16980,0.0539
2026-04,16980,0.053
2026-05,16980,0.0533
2026-06,16980,0.0528
2026-07,16980,0.0524
2018-01,17140,0.0418
2018-02,17140,0.0419
2018-03,17140,0.0454
2018-04,17140,0.0476
2018-05,17140,0.0468
2018-06,17140,0.0414
2018-07,17140,0.0404
2018-08,17140,0.038
2018-09,17140,0.0438
2018-10,17140,0.0488
2018-11,17140,0.0546
2018-12,17140,0.0561
2019-01,17140,0.0544
2019-02,17140,0.0518
2019-03,17140,0.0478
2019-04,17140,0.0453
2019-05,17140,0.0476
2019-06,17140,0.0504
2019-07,17140,0.053
2019-08,17140,0.0547
2019-09,17140,0.052
2019-10,17140,0.0462
2019-11,17140,0.0473
2019-12,17140,0.045
2020-01,17140,0.0522
2020-02,17140,0.0523
2020-03,17140,0.0595
2020-04,17140,0.0576
2020-05,17140,0.0537
2020-06,17140,0.0516
2020-07,17140,0.0519
2020-08,17140,0.0501
2020-09,17140,0.0512
2020-10,17140,0.0523
2020-11,17140,0.0515
2020-12,17140,0.0535
2021-01,17140,0.0544
2021-02,17140,0.0555
2021-03,17140,0.0507
2021-04,17140,0.0561
2021-05,17140,0.0645
2021-06,17140,0.0716
2021-07,17140,0.0732
2021-08,17140,0.083
2021-09,17140,0.0907
2021-10,17140,0.0977
2021-11,17140,0.1014
2021-12,17140,0.102
2022-01,17140,0.1014
2022-02,17140,0.1042
2022-03,17140,0.1086
2022-04,17140,0.1118
2022-05,17140,0.1104
2022-06,17140,0.1104
2022-07,17140,0.1138
2022-08,17140,0.1082
2022-09,17140,0.0991
2022-10,17140,0.092
2022-11,17140,0.0872
2022-12,17140,0.0879
2023-01,17140,0.0839
2023-02,17140,0.0835
2023-03,17140,0.0798
2023-04,17140,0.0749
2023-05,17140,0.0724
2023-06,17140,0.0652
2023-07,17140,0.0571
2023-08,17140,0.0519
2023-09,17140,0.0513
2023-10,17140,0.055
2023-11,17140,0.0539
2023-12,17140,0.0551
2024-01,17140,0.0544
2024-02,17140,0.0526
2024-03,17140,0.0491
2024-04,17140,0.0466
2024-05,17140,0.0443
2024-06,17140,0.0457
2024-07,17140,0.0464
2024-08,17140,0.0494
2024-09,17140,0.0498
2024-10,17140,0.047
2024-11,17140,0.05
2024-12,17140,0.0444
2025-01,17140,0.0427
2025-02,17140,0.0358
2025-03,17140,0.0361
2025-04,17140,0.0361
2025-05,17140,0.0374
2025-06,17140,0.0366
2025-07,17140,0.0366
2025-08,17140,0.0338
2025-09,17140,0.0335
2025-10,17140,0.0305
2025-11,17140,0.0257
2025-12,17140,0.0251
2026-01,17140,0.0269
2026-02,17140,0.0336
2026-03,17140,0.0345
2026-04,17140,0.0344
2026-05,17140,0.0311
2026-06,17140,0.0292
2026-07,17140,0.0281
2018-01,17410,0.0388
2018-02,17410,0.0383
2018-03,17410,0.0359
2018-04,17410,0.0282
2018-05,17410,0.023
2018-06,17410,0.0231
2018-07,17410,0.0299
2018-08,17410,0.0343
2018-09,17410,0.0332
2018-10,17410,0.0383
2018-11,17410,0.0403
2018-12,17410,0.0496
2019-01,17410,0.0471
2019-02,17410,0.0446
2019-03,17410,0.038
2019-04,17410,0.0447
2019-05,17410,0.0499
2019-06,17410,0.0534
2019-07,17410,0.0501
2019-08,17410,0.0469
2019-09,17410,0.05
2019-10,17410,0.0455
2019-11,17410,0.0417
2019-12,17410,0.0368
2020-01,17410,0.0394
2020-02,17410,0.0449
2020-03,17410,0.0514
2020-04,17410,0.0541
2020-05,17410,0.0523
2020-06,17410,0.0523
2020-07,17410,0.0538
2020-08,17410,0.0609
2020-09,17410,0.0653
2020-10,17410,0.0664
2020-11,17410,0.0677
2020-12,17410,0.0639
2021-01,17410,0.0715
2021-02,17410,0.0697
2021-03,17410,0.0739
2021-04,17410,0.0664
2021-05,17410,0.0716
2021-06,17410,0.0734
2021-07,17410,0.0831
2021-08,17410,0.0812
2021-09,17410,0.0784
2021-10,17410,0.0879
2021-11,17410,0.0955
2021-12,17410,0.1068
2022-01,17410,0.0929
2022-02,17410,0.0971
2022-03,17410,0.0947
2022-04,17410,0.104
2022-05,17410,0.1047
2022-06,17410,0.1053
2022-07,17410,0.0952
2022-08,17410,0.0893
2022-09,17410,0.0897
2022-10,17410,0.0793
2022-11,17410,0.0714
2022-12,17410,0.0624
2023-01,17410,0.0694
2023-02,17410,0.0645
2023-03,17410,0.0613
2023-04,17410,0.0571
2023-05,17410,0.0515
2023-06,17410,0.0459
2023-07,17410,0.0462
2023-08,17410,0.052
2023-09,17410,0.0482
2023-10,17410,0.0492
2023-11,17410,0.0518
2023-12,17410,0.0613
2024-01,17410,0.0624
2024-02,17410,0.0643
2024-03,17410,0.0619
2024-04,17410,0.063
2024-05,17410,0.0661
2024-06,17410,0.0735
2024-07,17410,0.073
2024-08,17410,0.069
2024-09,17410,0.0682
2024-10,17410,0.0687
2024-11,17410,0.0689
2024-12,17410,0.0628
2025-01,17410,0.0612
2025-02,17410,0.0562
2025-03,17410,0.0607
2025-04,17410,0.057
2025-05,17410,0.0555
2025-06,17410,0.0491
2025-07,17410,0.0471
2025-08,17410,0.046
2025-09,17410,0.0497
2025-10,17410,0.0514
2025-11,17410,0.0487
2025-12,17410,0.045
2026-01,17410,0.0414
2026-02,17410,0.0471
2026-03,17410,0.0438
2026-04,17410,0.043
2026-05,17410,0.0411
2026-06,17410,0.0417
2026-07,17410,0.045
2018-01,17820,0.0793
2018-02,17820,0.0749
2018-03,17820,0.0687
2018-04,17820,0.0632
2018-05,17820,0.0647
2018-06,17820,0.0616
2018-07,17820,0.0606
2018-08,17820,0.0561
2018-09,17820,0.0522
2018-10,17820,0.0491
2018-11,17820,0.0525
2018-12,17820,0.0525
2019-01,17820,0.0497
2019-02,17820,0.0508
2019-03,17820,0.0509
2019-04,17820,0.0517
2019-05,17820,0.0485
2019-06,17820,0.0526
2019-07,17820,0.0523
2019-08,17820,0.0552
2019-09,17820,0.0571
2019-10,17820,0.0654
2019-11,17820,0.0614
2019-12,17820,0.0608
2020-01,17820,0.0546
2020-02,17820,0.0535
2020-03,17820,0.0587
2020-04,17820,0.056
2020-05,17820,0.0519
2020-06,17820,0.0469
2020-07,17820,0.0465
2020-08,17820,0.0501
2020-09,17820,0.0544
2020-10,17820,0.0562
2020-11,17820,0.0638
2020-12,17820,0.0672
2021-01,17820,0.0733
2021-02,17820,0.0771
2021-03,17820,0.0783
2021-04,17820,0.0913
2021-05,17820,0.1069
2021-06,17820,0.1227
2021-07,17820,0.1362
2021-08,17820,0.1423
2021-09,17820,0.1423
2021-10,17820,0.1363
2021-11,17820,0.1336
2021-12,17820,0.1334
2022-01,17820,0.1339
2022-02,17820,0.1291
2022-03,17820,0.1236
2022-04,17820,0.1168
2022-05,17820,0.1107
2022-06,17820,0.1011
2022-07,17820,0.0878
2022-08,17820,0.0736
2022-09,17820,0.0628
2022-10,17820,0.0582
2022-11,17820,0.0489
2022-12,17820,0.0452
2023-01,17820,0.0417
2023-02,17820,0.0446
2023-03,17820,0.0435
2023-04,17820,0.0369
2023-05,17820,0.0277
2023-06,17820,0.0179
2023-07,17820,0.0129
2023-08,17820,0.0121
2023-09,17820,0.0185
2023-10,17820,0.0232
2023-11,17820,0.0274
2023-12,17820,0.0236
2024-01,17820,0.0209
2024-02,17820,0.0161
2024-03,17820,0.013
2024-04,17820,0.0125
2024-05,17820,0.0155
2024-06,17820,0.0203
2024-07,17820,0.024
2024-08,17820,0.0248
2024-09,17820,0.0207
2024-10,17820,0.0174
2024-11,17820,0.0154
2024-12,17820,0.0167
2025-01,17820,0.0134
2025-02,17820,0.01
2025-03,17820,0.0064
2025-04,17820,0.0065
2025-05,17820,0.0043
2025-06,17820,0.0019
2025-07,17820,-0.0025
2025-08,17820,-0.0028
2025-09,17820,-0.0053
2025-10,17820,-0.0085
2025-11,17820,-0.0104
2025-12,17820,-0.0117
2026-01,17820,-0.0072
2026-02,17820,-0.003
2026-03,17820,0.0033
2026-04,17820,0.0052
2026-05,17820,0.0071
2026-06,17820,0.0106
2026-07,17820,0.0159
2018-01,17900,0.0395
2018-02,17900,0.04
2018-03,17900,0.0397
2018-04,17900,0.0403
2018-05,17900,0.0426
2018-06,17900,0.0427
2018-07,17900,0.0352
2018-08,17900,0.0349
2018-09,17900,0.0384
2018-10,17900,0.0426
2018-11,17900,0.0481
2018-12,17900,0.0492
2019-01,17900,0.0481
2019-02,17900,0.0448
2019-03,17900,0.0445
2019-04,17900,0.0455
2019-05,17900,0.0471
2019-06,17900,0.0467
2019-07,17900,0.0504
2019-08,17900,0.0453
2019-09,17900,0.0418
2019-10,17900,0.0344
2019-11,17900,0.0369
2019-12,17900,0.0321
2020-01,17900,0.0364
2020-02,17900,0.0346
2020-03,17900,0.0419
2020-04,17900,0.0382
2020-05,17900,0.0361
2020-06,17900,0.0363
2020-07,17900,0.0371
2020-08,17900,0.0393
2020-09,17900,0.0447
2020-10,17900,0.0538
2020-11,17900,0.0528
2020-12,17900,0.0568
2021-01,17900,0.0602
2021-02,17900,0.0701
2021-03,17900,0.0682
2021-04,17900,0.0762
2021-05,17900,0.0857
2021-06,17900,0.0992
2021-07,17900,0.1075
2021-08,17900,0.1227
2021-09,17900,0.1258
2021-10,17900,0.1324
2021-11,17900,0.1377
2021-12,17900,0.1423
2022-01,17900,0.1382
2022-02,17900,0.1321
2022-03,17900,0.1319
2022-04,17900,0.1336
2022-05,17900,0.133
2022-06,17900,0.1218
2022-07,17900,0.1171
2022-08,17900,0.1016
2022-09,17900,0.0968
2022-10,17900,0.0832
2022-11,17900,0.0817
2022-12,17900,0.0786
2023-01,17900,0.0768
2023-02,17900,0.0779
2023-03,17900,0.0744
2023-04,17900,0.0726
2023-05,17900,0.0649
2023-06,17900,0.0623
2023-07,17900,0.0591
2023-08,17900,0.0617
2023-09,17900,0.0626
2023-10,17900,0.0634
2023-11,17900,0.0555
2023-12,17900,0.053
2024-01,17900,0.0541
2024-02,17900,0.0511
2024-03,17900,0.0453
2024-04,17900,0.0419
2024-05,17900,0.0422
2024-06,17900,0.0451
2024-07,17900,0.0427
2024-08,17900,0.0433
2024-09,17900,0.037
2024-10,17900,0.0373
2024-11,17900,0.0421
2024-12,17900,0.0453
2025-01,17900,0.0482
2025-02,17900,0.0497
2025-03,17900,0.0567
2025-04,17900,0.0573
2025-05,17900,0.0571
2025-06,17900,0.0512
2025-07,17900,0.0477
2025-08,17900,0.0436
2025-09,17900,0.0471
2025-10,17900,0.0483
2025-11,17900,0.0459
2025-12,17900,0.039
2026-01,17900,0.0312
2026-02,17900,0.0275
2026-03,17900,0.0215
2026-04,17900,0.0155
2026-05,17900,0.0127
2026-06,17900,0.0144
2026-07,17900,0.0192
2018-01,18140,0.0527
2018-02,18140,0.0523
2018-03,18140,0.0518
2018-04,18140,0.0518
2018-05,18140,0.0567
2018-06,18140,0.0579
2018-07,18140,0.0594
2018-08,18140,0.0573
2018-09,18140,0.0524
2018-10,18140,0.0522
2018-11,18140,0.048
2018-12,18140,0.0497
2019-01,18140,0.0476
2019-02,18140,0.0467
2019-03,18140,0.042
2019-04,18140,0.0386
2019-05,18140,0.0394
2019-06,18140,0.0402
2019-07,18140,0.0412
2019-08,18140,0.0399
2019-09,18140,0.0415
2019-10,18140,0.0439
2019-11,18140,0.0474
2019-12,18140,0.0472
2020-01,18140,0.0446
2020-02,18140,0.0431
2020-03,18140,0.0493
2020-04,18140,0.0495
2020-05,18140,0.0446
2020-06,18140,0.0416
2020-07,18140,0.0415
2020-08,18140,0.0452
2020-09,18140,0.0456
2020-10,18140,0.0503
2020-11,18140,0.053
2020-12,18140,0.0503
2021-01,18140,0.0518
2021-02,18140,0.0539
2021-03,18140,0.058
2021-04,18140,0.0618
2021-05,18140,0.0732
2021-06,18140,0.081
2021-07,18140,0.0856
2021-08,18140,0.0862
2021-09,18140,0.0914
2021-10,18140,0.09
2021-11,18140,0.0922
2021-12,18140,0.101
2022-01,18140,0.1049
2022-02,18140,0.1056
2022-03,18140,0.0969
2022-04,18140,0.0991
2022-05,18140,0.0939
2022-06,18140,0.0975
2022-07,18140,0.0971
2022-08,18140,0.0963
2022-09,18140,0.089
2022-10,18140,0.0785
2022-11,18140,0.0678
2022-12,18140,0.0628
2023-01,18140,0.062
2023-02,18140,0.0631
2023-03,18140,0.0642
2023-04,18140,0.0608
2023-05,18140,0.0593
2023-06,18140,0.0466
2023-07,18140,0.0399
2023-08,18140,0.0366
2023-09,18140,0.0368
2023-10,18140,0.0412
2023-11,18140,0.0472
2023-12,18140,0.0481
2024-01,18140,0.0442
2024-02,18140,0.0408
2024-03,18140,0.0368
2024-04,18140,0.0367
2024-05,18140,0.034
2024-06,18140,0.0404
2024-07,18140,0.0424
2024-08,18140,0.0439
2024-09,18140,0.0447
2024-10,18140,0.043
2024-11,18140,0.0429
2024-12,18140,0.0408
2025-01,18140,0.045
2025-02,18140,0.043
2025-03,18140,0.0469
2025-04,18140,0.0438
2025-05,18140,0.0441
2025-06,18140,0.0389
2025-07,18140,0.0329
2025-08,18140,0.0289
2025-09,18140,0.0273
2025-10,18140,0.03
2025-11,18140,0.0259
2025-12,18140,0.0227
2026-01,18140,0.0161
2026-02,18140,0.0172
2026-03,18140,0.015
2026-04,18140,0.015
2026-05,18140,0.0141
2026-06,18140,0.0154
2026-07,18140,0.0217
2018-01,19100,0.0464
2018-02,19100,0.0461
2018-03,19100,0.0412
2018-04,19100,0.0406
2018-05,19100,0.0342
2018-06,19100,0.0354
2018-07,19100,0.0348
2018-08,19100,0.0343
2018-09,19100,0.0326
2018-10,19100,0.0358
2018-11,19100,0.0357
2018-12,19100,0.0381
2019-01,19100,0.0356
2019-02,19100,0.0336
2019-03,19100,0.0355
2019-04,19100,0.0364
2019-05,19100,0.0397
2019-06,19100,0.0383
2019-07,19100,0.0381
2019-08,19100,0.039
2019-09,19100,0.0406
2019-10,19100,0.0378
2019-11,19100,0.0346
2019-12,19100,0.0301
2020-01,19100,0.0303
2020-02,19100,0.0315
2020-03,19100,0.0324
2020-04,19100,0.0279
2020-05,19100,0.0216
2020-06,19100,0.0156
2020-07,19100,0.0125
2020-08,19100,0.0108
2020-09,19100,0.0111
2020-10,19100,0.0145
2020-11,19100,0.0189
2020-12,19100,0.0253
2021-01,19100,0.0316
2021-02,19100,0.0376
2021-03,19100,0.0407
2021-04,19100,0.0529
2021-05,19100,0.0695
2021-06,19100,0.0909
2021-07,19100,0.1098
2021-08,19100,0.1285
2021-09,19100,0.1434
2021-10,19100,0.1535
2021-11,19100,0.1613
2021-12,19100,0.1657
2022-01,19100,0.1666
2022-02,19100,0.1658
2022-03,19100,0.1651
2022-04,19100,0.1631
2022-05,19100,0.1581
2022-06,19100,0.151
2022-07,19100,0.1387
2022-08,19100,0.1206
2022-09,19100,0.1011
2022-10,19100,0.0835
2022-11,19100,0.0704
2022-12,19100,0.0596
2023-01,19100,0.052
2023-02,19100,0.0455
2023-03,19100,0.0427
2023-04,19100,0.033
2023-05,19100,0.0238
2023-06,19100,0.0091
2023-07,19100,0.0025
2023-08,19100,-0.0005
2023-09,19100,0.0007
2023-10,19100,0.0031
2023-11,19100,0.004
2023-12,19100,0.0027
2024-01,19100,0.0007
2024-02,19100,-0.0025
2024-03,19100,-0.008
2024-04,19100,-0.0086
2024-05,19100,-0.0087
2024-06,19100,-0.0042
2024-07,19100,-0.0041
2024-08,19100,-0.0027
2024-09,19100,-0.0036
2024-10,19100,-0.0033
2024-11,19100,-0.0049
2024-12,19100,-0.0043
2025-01,19100,-0.004
2025-02,19100,-0.0012
2025-03,19100,0.0019
2025-04,19100,0.0037
2025-05,19100,0.0035
2025-06,19100,0.0017
2025-07,19100,0.0001
2025-08,19100,-0.0005
2025-09,19100,0.0002
2025-10,19100,-0.0002
2025-11,19100,0.001
2025-12,19100,0.0011
2026-01,19100,0.0008
2026-02,19100,-0.0011
2026-03,19100,-0.0035
2026-04,19100,-0.0043
2026-05,19100,-0.0033
2026-06,19100,-0.0004
2026-07,19100,0.0032
2018-01,19430,0.0446
2018-02,19430,0.0422
2018-03,19430,0.0416
2018-04,19430,0.0487
2018-05,19430,0.0479
2018-06,19430,0.0471
2018-07,19430,0.0358
2018-08,19430,0.0384
2018-09,19430,0.0367
2018-10,19430,0.0444
2018-11,19430,0.0454
2018-12,19430,0.0486
2019-01,19430,0.0521
2019-02,19430,0.0495
2019-03,19430,0.0476
2019-04,19430,0.0401
2019-05,19430,0.0415
2019-06,19430,0.0393
2019-07,19430,0.0487
2019-08,19430,0.0499
2019-09,19430,0.0514
2019-10,19430,0.0472
2019-11,19430,0.0496
2019-12,19430,0.0482
2020-01,19430,0.0489
2020-02,19430,0.0533
2020-03,19430,0.0587
2020-04,19430,0.0634
2020-05,19430,0.0635
2020-06,19430,0.0658
2020-07,19430,0.0637
2020-08,19430,0.0608
2020-09,19430,0.0558
2020-10,19430,0.0579
2020-11,19430,0.0567
2020-12,19430,0.0634
2021-01,19430,0.0655
2021-02,19430,0.0665
2021-03,19430,0.0671
2021-04,19430,0.0706
2021-05,19430,0.0739
2021-06,19430,0.0791
2021-07,19430,0.0823
2021-08,19430,0.0915
2021-09,19430,0.1073
2021-10,19430,0.113
2021-11,19430,0.1199
2021-12,19430,0.1138
2022-01,19430,0.1116
2022-02,19430,0.1146
2022-03,19430,0.1129
2022-04,19430,0.1128
2022-05,19430,0.1104
2022-06,19430,0.1083
2022-07,19430,0.1098
2022-08,19430,0.1019
2022-09,19430,0.0914
2022-10,19430,0.0824
2022-11,19430,0.0767
2022-12,19430,0.0746
2023-01,19430,0.0759
2023-02,19430,0.0689
2023-03,19430,0.0645
2023-04,19430,0.0591
2023-05,19430,0.0609
2023-06,19430,0.0595
2023-07,19430,0.0535
2023-08,19430,0.0565
2023-09,19430,0.0558
2023-10,19430,0.0609
2023-11,19430,0.0585
2023-12,19430,0.0602
2024-01,19430,0.0598
2024-02,19430,0.0606
2024-03,19430,0.0673
2024-04,19430,0.0648
2024-05,19430,0.0612
2024-06,19430,0.0536
2024-07,19430,0.0544
2024-08,19430,0.0508
2024-09,19430,0.0501
2024-10,19430,0.0464
2024-11,19430,0.0461
2024-12,19430,0.0454
2025-01,19430,0.0429
2025-02,19430,0.0438
2025-03,19430,0.0366
2025-04,19430,0.0381
2025-05,19430,0.0375
2025-06,19430,0.0422
2025-07,19430,0.0412
2025-08,19430,0.0407
2025-09,19430,0.0397
2025-10,19430,0.0374
2025-11,19430,0.0376
2025-12,19430,0.0355
2026-01,19430,0.0336
2026-02,19430,0.0304
2026-03,19430,0.0305
2026-04,19430,0.0315
2026-05,19430,0.0293
2026-06,19430,0.0284
2026-07,19430,0.0267
2018-01,19660,0.0583
2018-02,19660,0.0592
2018-03,19660,0.0707
2018-04,19660,0.077
2018-05,19660,0.076
2018-06,19660,0.0636
2018-07,19660,0.0607
2018-08,19660,0.061
2018-09,19660,0.0658
2018-10,19660,0.0676
2018-11,19660,0.0709
2018-12,19660,0.0653
2019-01,19660,0.0655
2019-02,19660,0.0651
2019-03,19660,0.0621
2019-04,19660,0.0557
2019-05,19660,0.0535
2019-06,19660,0.0513
2019-07,19660,0.0534
2019-08,19660,0.0504
2019-09,19660,0.0506
2019-10,19660,0.0493
2019-11,19660,0.0464
2019-12,19660,0.0446
2020-01,19660,0.0437
2020-02,19660,0.0432
2020-03,19660,0.0442
2020-04,19660,0.0432
2020-05,19660,0.0436
2020-06,19660,0.0454
2020-07,19660,0.0469
2020-08,19660,0.047
2020-09,19660,0.0481
2020-10,19660,0.0531
2020-11,19660,0.0577
2020-12,19660,0.063
2021-01,19660,0.0689
2021-02,19660,0.0777
2021-03,19660,0.0828
2021-04,19660,0.0934
2021-05,19660,0.0993
2021-06,19660,0.1117
2021-07,19660,0.1261
2021-08,19660,0.1494
2021-09,19660,0.1668
2021-10,19660,0.1772
2021-11,19660,0.1866
2021-12,19660,0.1929
2022-01,19660,0.1936
2022-02,19660,0.1918
2022-03,19660,0.1904
2022-04,19660,0.1915
2022-05,19660,0.1987
2022-06,19660,0.1978
2022-07,19660,0.1827
2022-08,19660,0.1546
2022-09,19660,0.1318
2022-10,19660,0.1137
2022-11,19660,0.1008
2022-12,19660,0.0901
2023-01,19660,0.0839
2023-02,19660,0.0756
2023-03,19660,0.0709
2023-04,19660,0.0619
2023-05,19660,0.0447
2023-06,19660,0.029
2023-07,19660,0.0192
2023-08,19660,0.0223
2023-09,19660,0.0191
2023-10,19660,0.0193
2023-11,19660,0.0119
2023-12,19660,0.0144
2024-01,19660,0.012
2024-02,19660,0.012
2024-03,19660,0.0042
2024-04,19660,0.0007
2024-05,19660,0.0043
2024-06,19660,0.0072
2024-07,19660,0.0129
2024-08,19660,0.0114
2024-09,19660,0.0132
2024-10,19660,0.0118
2024-11,19660,0.0168
2024-12,19660,0.0141
2025-01,19660,0.0156
2025-02,19660,0.0132
2025-03,19660,0.0166
2025-04,19660,0.0174
2025-05,19660,0.0144
2025-06,19660,0.0141
2025-07,19660,0.0101
2025-08,19660,0.0099
2025-09,19660,0.0124
2025-10,19660,0.013
2025-11,19660,0.0131
2025-12,19660,0.008
2026-01,19660,0.0042
2026-02,19660,0.0036
2026-03,19660,0.0043
2026-04,19660,0.0038
2026-05,19660,0.0059
2026-06,19660,0.0059
2026-07,19660,0.0091
2018-01,19740,0.0499
2018-02,19740,0.0485
2018-03,19740,0.0453
2018-04,19740,0.0432
2018-05,19740,0.0384
2018-06,19740,0.038
2018-07,19740,0.037
2018-08,19740,0.0386
2018-09,19740,0.0373
2018-10,19740,0.0391
2018-11,19740,0.0394
2018-12,19740,0.039
2019-01,19740,0.0388
2019-02,19740,0.0379
2019-03,19740,0.0375
2019-04,19740,0.0356
2019-05,19740,0.0388
2019-06,19740,0.0399
2019-07,19740,0.0404
2019-08,19740,0.037
2019-09,19740,0.037
2019-10,19740,0.0365
2019-11,19740,0.0371
2019-12,19740,0.0358
2020-01,19740,0.0356
2020-02,19740,0.034
2020-03,19740,0.0332
2020-04,19740,0.0247
2020-05,19740,0.0135
2020-06,19740,0.004
2020-07,19740,0.002
2020-08,19740,0.0023
2020-09,19740,0.0026
2020-10,19740,0.0011
2020-11,19740,-0.0006
2020-12,19740,-0.0001
2021-01,19740,0.0016
2021-02,19740,0.0058
2021-03,19740,0.0097
2021-04,19740,0.0272
2021-05,19740,0.0489
2021-06,19740,0.0733
2021-07,19740,0.0887
2021-08,19740,0.1038
2021-09,19740,0.1155
2021-10,19740,0.1238
2021-11,19740,0.1311
2021-12,19740,0.1359
2022-01,19740,0.1401
2022-02,19740,0.1403
2022-03,19740,0.1414
2022-04,19740,0.1375
2022-05,19740,0.1294
2022-06,19740,0.1153
2022-07,19740,0.1008
2022-08,19740,0.0829
2022-09,19740,0.0678
2022-10,19740,0.0608
2022-11,19740,0.0547
2022-12,19740,0.051
2023-01,19740,0.044
2023-02,19740,0.0416
2023-03,19740,0.0398
2023-04,19740,0.0338
2023-05,19740,0.0279
2023-06,19740,0.023
2023-07,19740,0.0214
2023-08,19740,0.0242
2023-09,19740,0.0264
2023-10,19740,0.0277
2023-11,19740,0.028
2023-12,19740,0.0271
2024-01,19740,0.029
2024-02,19740,0.0264
2024-03,19740,0.0227
2024-04,19740,0.02
2024-05,19740,0.0187
2024-06,19740,0.0177
2024-07,19740,0.0169
2024-08,19740,0.0149
2024-09,19740,0.0135
2024-10,19740,0.007
2024-11,19740,0.0006
2024-12,19740,-0.0055
2025-01,19740,-0.0108
2025-02,19740,-0.0137
2025-03,19740,-0.0153
2025-04,19740,-0.0137
2025-05,19740,-0.0143
2025-06,19740,-0.0147
2025-07,19740,-0.0181
2025-08,19740,-0.0198
2025-09,19740,-0.0221
2025-10,19740,-0.0206
2025-11,19740,-0.0172
2025-12,19740,-0.0135
2026-01,19740,-0.012
2026-02,19740,-0.0117
2026-03,19740,-0.0135
2026-04,19740,-0.0161
2026-05,19740,-0.0159
2026-06,19740,-0.0137
2026-07,19740,-0.0092
2018-01,19780,0.0217
2018-02,19780,0.0246
2018-03,19780,0.0185
2018-04,19780,0.0163
2018-05,19780,0.0139
2018-06,19780,0.0205
2018-07,19780,0.0197
2018-08,19780,0.0185
2018-09,19780,0.0063
2018-10,19780,0.0095
2018-11,19780,0.0106
2018-12,19780,0.0198
2019-01,19780,0.0251
2019-02,19780,0.0199
2019-03,19780,0.0161
2019-04,19780,0.0119
2019-05,19780,0.0216
2019-06,19780,0.0126
2019-07,19780,0.016
2019-08,19780,0.0127
2019-09,19780,0.0299
2019-10,19780,0.03
2019-11,19780,0.0327
2019-12,19780,0.0236
2020-01,19780,0.0227
2020-02,19780,0.0264
2020-03,19780,0.025
2020-04,19780,0.0252
2020-05,19780,0.0171
2020-06,19780,0.0208
2020-07,19780,0.0196
2020-08,19780,0.0249
2020-09,19780,0.0182
2020-10,19780,0.0221
2020-11,19780,0.0221
2020-12,19780,0.0245
2021-01,19780,0.0232
2021-02,19780,0.0237
2021-03,19780,0.031
2021-04,19780,0.0342
2021-05,19780,0.0382
2021-06,19780,0.0381
2021-07,19780,0.038
2021-08,19780,0.0371
2021-09,19780,0.0455
2021-10,19780,0.0477
2021-11,19780,0.0496
2021-12,19780,0.0531
2022-01,19780,0.0567
2022-02,19780,0.0595
2022-03,19780,0.0595
2022-04,19780,0.0637
2022-05,19780,0.0696
2022-06,19780,0.0757
2022-07,19780,0.0833
2022-08,19780,0.0832
2022-09,19780,0.0749
2022-10,19780,0.0646
2022-11,19780,0.0614
2022-12,19780,0.0603
2023-01,19780,0.0586
2023-02,19780,0.0538
2023-03,19780,0.0528
2023-04,19780,0.0502
2023-05,19780,0.0444
2023-06,19780,0.0381
2023-07,19780,0.0296
2023-08,19780,0.0284
2023-09,19780,0.0264
2023-10,19780,0.0315
2023-11,19780,0.032
2023-12,19780,0.0325
2024-01,19780,0.0324
2024-02,19780,0.0354
2024-03,19780,0.0326
2024-04,19780,0.0313
2024-05,19780,0.0298
2024-06,19780,0.0305
2024-07,19780,0.03
2024-08,19780,0.0272
2024-09,19780,0.0288
2024-10,19780,0.0272
2024-11,19780,0.0254
2024-12,19780,0.0184
2025-01,19780,0.0153
2025-02,19780,0.0102
2025-03,19780,0.0124
2025-04,19780,0.0093
2025-05,19780,0.0097
2025-06,19780,0.0071
2025-07,19780,0.0088
2025-08,19780,0.0107
2025-09,19780,0.0116
2025-10,19780,0.0107
2025-11,19780,0.0111
2025-12,19780,0.0163
2026-01,19780,0.0177
2026-02,19780,0.0199
2026-03,19780,0.0169
2026-04,19780,0.0196
2026-05,19780,0.02
2026-06,19780,0.0232
2026-07,19780,0.0229
2018-01,19820,0.0538
2018-02,19820,0.0523
2018-03,19820,0.0499
2018-04,19820,0.0453
2018-05,19820,0.043
2018-06,19820,0.0401
2018-07,19820,0.0407
2018-08,19820,0.0416
2018-09,19820,0.0441
2018-10,19820,0.0428
2018-11,19820,0.0416
2018-12,19820,0.0373
2019-01,19820,0.0408
2019-02,19820,0.0432
2019-03,19820,0.0446
2019-04,19820,0.0446
2019-05,19820,0.0446
2019-06,19820,0.0456
2019-07,19820,0.0462
2019-08,19820,0.0457
2019-09,19820,0.0407
2019-10,19820,0.0419
2019-11,19820,0.0431
2019-12,19820,0.0463
2020-01,19820,0.0394
2020-02,19820,0.0343
2020-03,19820,0.0348
2020-04,19820,0.0368
2020-05,19820,0.0372
2020-06,19820,0.0373
2020-07,19820,0.0428
2020-08,19820,0.0502
2020-09,19820,0.0588
2020-10,19820,0.0629
2020-11,19820,0.0675
2020-12,19820,0.0734
2021-01,19820,0.0839
2021-02,19820,0.0954
2021-03,19820,0.0997
2021-04,19820,0.1034
2021-05,19820,0.1076
2021-06,19820,0.1149
2021-07,19820,0.1157
2021-08,19820,0.1187
2021-09,19820,0.119
2021-10,19820,0.1224
2021-11,19820,0.1211
2021-12,19820,0.1213
2022-01,19820,0.1167
2022-02,19820,0.1117
2022-03,19820,0.1068
2022-04,19820,0.1065
2022-05,19820,0.1067
2022-06,19820,0.1055
2022-07,19820,0.0992
2022-08,19820,0.0857
2022-09,19820,0.077
2022-10,19820,0.0657
2022-11,19820,0.0611
2022-12,19820,0.0512
2023-01,19820,0.0487
2023-02,19820,0.0439
2023-03,19820,0.0432
2023-04,19820,0.0372
2023-05,19820,0.0313
2023-06,19820,0.0223
2023-07,19820,0.0207
2023-08,19820,0.0222
2023-09,19820,0.0245
2023-10,19820,0.0274
2023-11,19820,0.0309
2023-12,19820,0.033
2024-01,19820,0.0337
2024-02,19820,0.0336
2024-03,19820,0.0367
2024-04,19820,0.0381
2024-05,19820,0.0417
2024-06,19820,0.0444
2024-07,19820,0.0465
2024-08,19820,0.0485
2024-09,19820,0.0476
2024-10,19820,0.0496
2024-11,19820,0.0472
2024-12,19820,0.0489
2025-01,19820,0.0459
2025-02,19820,0.0492
2025-03,19820,0.0453
2025-04,19820,0.0453
2025-05,19820,0.0383
2025-06,19820,0.0368
2025-07,19820,0.0324
2025-08,19820,0.0312
2025-09,19820,0.0303
2025-10,19820,0.0278
2025-11,19820,0.0254
2025-12,19820,0.0243
2026-01,19820,0.0262
2026-02,19820,0.0231
2026-03,19820,0.0223
2026-04,19820,0.022
2026-05,19820,0.0287
2026-06,19820,0.0325
2026-07,19820,0.0373
2018-01,20500,0.0417
2018-02,20500,0.0467
2018-03,20500,0.0462
2018-04,20500,0.0436
2018-05,20500,0.0451
2018-06,20500,0.0434
2018-07,20500,0.0391
2018-08,20500,0.0345
2018-09,20500,0.0309
2018-10,20500,0.0381
2018-11,20500,0.0481
2018-12,20500,0.0482
2019-01,20500,0.044
2019-02,20500,0.0392
2019-03,20500,0.0459
2019-04,20500,0.0462
2019-05,20500,0.049
2019-06,20500,0.0512
2019-07,20500,0.0539
2019-08,20500,0.0529
2019-09,20500,0.0553
2019-10,20500,0.0472
2019-11,20500,0.0395
2019-12,20500,0.0356
2020-01,20500,0.0388
2020-02,20500,0.0455
2020-03,20500,0.0463
2020-04,20500,0.0403
2020-05,20500,0.0339
2020-06,20500,0.0197
2020-07,20500,0.019
2020-08,20500,0.0176
2020-09,20500,0.018
2020-10,20500,0.0248
2020-11,20500,0.0309
2020-12,20500,0.041
2021-01,20500,0.0394
2021-02,20500,0.0372
2021-03,20500,0.0269
2021-04,20500,0.0424
2021-05,20500,0.0553
2021-06,20500,0.0914
2021-07,20500,0.1052
2021-08,20500,0.1261
2021-09,20500,0.1421
2021-10,20500,0.1473
2021-11,20500,0.1473
2021-12,20500,0.1403
2022-01,20500,0.1463
2022-02,20500,0.1539
2022-03,20500,0.1673
2022-04,20500,0.1635
2022-05,20500,0.1625
2022-06,20500,0.1445
2022-07,20500,0.1375
2022-08,20500,0.1201
2022-09,20500,0.1003
2022-10,20500,0.0851
2022-11,20500,0.0823
2022-12,20500,0.0802
2023-01,20500,0.0757
2023-02,20500,0.0656
2023-03,20500,0.0604
2023-04,20500,0.0525
2023-05,20500,0.0411
2023-06,20500,0.0292
2023-07,20500,0.0155
2023-08,20500,0.0103
2023-09,20500,0.0075
2023-10,20500,0.0165
2023-11,20500,0.0124
2023-12,20500,0.0161
2024-01,20500,0.011
2024-02,20500,0.0149
2024-03,20500,0.0077
2024-04,20500,0.0075
2024-05,20500,0.0047
2024-06,20500,0.0094
2024-07,20500,0.0123
2024-08,20500,0.0154
2024-09,20500,0.0186
2024-10,20500,0.009
2024-11,20500,0.01
2024-12,20500,0.0021
2025-01,20500,0.0052
2025-02,20500,-0.001
2025-03,20500,0.0058
2025-04,20500,0.0061
2025-05,20500,0.0099
2025-06,20500,0.011
2025-07,20500,0.0104
2025-08,20500,0.0096
2025-09,20500,0.0115
2025-10,20500,0.0159
2025-11,20500,0.015
2025-12,20500,0.0158
2026-01,20500,0.013
2026-02,20500,0.0141
2026-03,20500,0.0086
2026-04,20500,0.0067
2026-05,20500,0.0079
2026-06,20500,0.0049
2026-07,20500,0.0096
2018-01,21340,0.0182
2018-02,21340,0.0164
2018-03,21340,0.0152
2018-04,21340,0.0146
2018-05,21340,0.0179
2018-06,21340,0.0204
2018-07,21340,0.022
2018-08,21340,0.0228
2018-09,21340,0.0238
2018-10,21340,0.0264
2018-11,21340,0.0268
2018-12,21340,0.0299
2019-01,21340,0.0296
2019-02,21340,0.0295
2019-03,21340,0.0286
2019-04,21340,0.0282
2019-05,21340,0.0273
2019-06,21340,0.0279
2019-07,21340,0.0294
2019-08,21340,0.0308
2019-09,21340,0.0327
2019-10,21340,0.0281
2019-11,21340,0.0291
2019-12,21340,0.0289
2020-01,21340,0.0336
2020-02,21340,0.0371
2020-03,21340,0.0461
2020-04,21340,0.0504
2020-05,21340,0.0519
2020-06,21340,0.0525
2020-07,21340,0.0573
2020-08,21340,0.064
2020-09,21340,0.0664
2020-10,21340,0.0702
2020-11,21340,0.0712
2020-12,21340,0.0771
2021-01,21340,0.075
2021-02,21340,0.0725
2021-03,21340,0.067
2021-04,21340,0.0755
2021-05,21340,0.0871
2021-06,21340,0.0899
2021-07,21340,0.0893
2021-08,21340,0.0869
2021-09,21340,0.0968
2021-10,21340,0.1055
2021-11,21340,0.1137
2021-12,21340,0.1164
2022-01,21340,0.1245
2022-02,21340,0.142
2022-03,21340,0.1475
2022-04,21340,0.1369
2022-05,21340,0.1267
2022-06,21340,0.1385
2022-07,21340,0.1473
2022-08,21340,0.1475
2022-09,21340,0.133
2022-10,21340,0.1241
2022-11,21340,0.1191
2022-12,21340,0.1105
2023-01,21340,0.1067
2023-02,21340,0.0887
2023-03,21340,0.0864
2023-04,21340,0.0869
2023-05,21340,0.0849
2023-06,21340,0.0661
2023-07,21340,0.0499
2023-08,21340,0.0477
2023-09,21340,0.0476
2023-10,21340,0.0512
2023-11,21340,0.0453
2023-12,21340,0.0451
2024-01,21340,0.0359
2024-02,21340,0.0386
2024-03,21340,0.0344
2024-04,21340,0.0337
2024-05,21340,0.0325
2024-06,21340,0.0358
2024-07,21340,0.0347
2024-08,21340,0.0304
2024-09,21340,0.0284
2024-10,21340,0.0225
2024-11,21340,0.0242
2024-12,21340,0.0251
2025-01,21340,0.0307
2025-02,21340,0.0299
2025-03,21340,0.0269
2025-04,21340,0.0242
2025-05,21340,0.022
2025-06,21340,0.0208
2025-07,21340,0.0253
2025-08,21340,0.0255
2025-09,21340,0.0293
2025-10,21340,0.0274
2025-11,21340,0.0253
2025-12,21340,0.0221
2026-01,21340,0.02
2026-02,21340,0.0178
2026-03,21340,0.02
2026-04,21340,0.0206
2026-05,21340,0.0237
2026-06,21340,0.0257
2026-07,21340,0.026
2018-01,22220,0.0475
2018-02,22220,0.0394
2018-03,22220,0.038
2018-04,22220,0.0307
2018-05,22220,0.0359
2018-06,22220,0.0346
2018-07,22220,0.041
2018-08,22220,0.0322
2018-09,22220,0.0299
2018-10,22220,0.025
2018-11,22220,0.0303
2018-12,22220,0.0366
2019-01,22220,0.0358
2019-02,22220,0.0368
2019-03,22220,0.0314
2019-04,22220,0.038
2019-05,22220,0.0383
2019-06,22220,0.0397
2019-07,22220,0.0324
2019-08,22220,0.0347
2019-09,22220,0.0326
2019-10,22220,0.0363
2019-11,22220,0.0342
2019-12,22220,0.0295
2020-01,22220,0.0294
2020-02,22220,0.0287
2020-03,22220,0.0427
2020-04,22220,0.0401
2020-05,22220,0.039
2020-06,22220,0.0356
2020-07,22220,0.0379
2020-08,22220,0.0369
2020-09,22220,0.0423
2020-10,22220,0.047
2020-11,22220,0.0513
2020-12,22220,0.0568
2021-01,22220,0.0639
2021-02,22220,0.0739
2021-03,22220,0.0658
2021-04,22220,0.0729
2021-05,22220,0.0764
2021-06,22220,0.0869
2021-07,22220,0.094
2021-08,22220,0.109
2021-09,22220,0.1185
2021-10,22220,0.1231
2021-11,22220,0.1281
2021-12,22220,0.1305
2022-01,22220,0.127
2022-02,22220,0.1191
2022-03,22220,0.1209
2022-04,22220,0.1252
2022-05,22220,0.1368
2022-06,22220,0.1432
2022-07,22220,0.1509
2022-08,22220,0.1492
2022-09,22220,0.1361
2022-10,22220,0.1254
2022-11,22220,0.1182
2022-12,22220,0.1196
2023-01,22220,0.1226
2023-02,22220,0.1241
2023-03,22220,0.1204
2023-04,22220,0.1063
2023-05,22220,0.0889
2023-06,22220,0.071
2023-07,22220,0.0537
2023-08,22220,0.039
2023-09,22220,0.0412
2023-10,22220,0.0419
2023-11,22220,0.0375
2023-12,22220,0.0254
2024-01,22220,0.0195
2024-02,22220,0.0206
2024-03,22220,0.0219
2024-04,22220,0.0263
2024-05,22220,0.0286
2024-06,22220,0.0354
2024-07,22220,0.0384
2024-08,22220,0.0437
2024-09,22220,0.04
2024-10,22220,0.0364
2024-11,22220,0.0419
2024-12,22220,0.0493
2025-01,22220,0.0546
2025-02,22220,0.0478
2025-03,22220,0.0442
2025-04,22220,0.0432
2025-05,22220,0.0443
2025-06,22220,0.0415
2025-07,22220,0.0393
2025-08,22220,0.0371
2025-09,22220,0.0377
2025-10,22220,0.0431
2025-11,22220,0.0378
2025-12,22220,0.0343
2026-01,22220,0.0237
2026-02,22220,0.0258
2026-03,22220,0.0245
2026-04,22220,0.0219
2026-05,22220,0.0191
2026-06,22220,0.0166
2026-07,22220,0.0196
2018-01,23420,0.0617
2018-02,23420,0.0622
2018-03,23420,0.0643
2018-04,23420,0.0628
2018-05,23420,0.0529
2018-06,23420,0.0481
2018-07,23420,0.0527
2018-08,23420,0.058
2018-09,23420,0.0562
2018-10,23420,0.058
2018-11,23420,0.0587
2018-12,23420,0.0638
2019-01,23420,0.0637
2019-02,23420,0.0687
2019-03,23420,0.0716
2019-04,23420,0.0693
2019-05,23420,0.0749
2019-06,23420,0.0752
2019-07,23420,0.0771
2019-08,23420,0.0712
2019-09,23420,0.0746
2019-10,23420,0.0698
2019-11,23420,0.0691
2019-12,23420,0.0665
2020-01,23420,0.0714
2020-02,23420,0.0673
2020-03,23420,0.0606
2020-04,23420,0.0501
2020-05,23420,0.0428
2020-06,23420,0.0427
2020-07,23420,0.0468
2020-08,23420,0.0527
2020-09,23420,0.0605
2020-10,23420,0.0736
2020-11,23420,0.0805
2020-12,23420,0.0823
2021-01,23420,0.0875
2021-02,23420,0.0967
2021-03,23420,0.1165
2021-04,23420,0.1442
2021-05,23420,0.1704
2021-06,23420,0.1824
2021-07,23420,0.1877
2021-08,23420,0.1994
2021-09,23420,0.196
2021-10,23420,0.1803
2021-11,23420,0.1759
2021-12,23420,0.1787
2022-01,23420,0.1759
2022-02,23420,0.1607
2022-03,23420,0.1458
2022-04,23420,0.1349
2022-05,23420,0.1169
2022-06,23420,0.1035
2022-07,23420,0.084
2022-08,23420,0.0645
2022-09,23420,0.0553
2022-10,23420,0.062
2022-11,23420,0.0549
2022-12,23420,0.0539
2023-01,23420,0.0465
2023-02,23420,0.0588
2023-03,23420,0.0559
2023-04,23420,0.0458
2023-05,23420,0.0423
2023-06,23420,0.0484
2023-07,23420,0.0585
2023-08,23420,0.0566
2023-09,23420,0.0538
2023-10,23420,0.048
2023-11,23420,0.0541
2023-12,23420,0.0459
2024-01,23420,0.0428
2024-02,23420,0.0301
2024-03,23420,0.0292
2024-04,23420,0.0352
2024-05,23420,0.0354
2024-06,23420,0.0294
2024-07,23420,0.0272
2024-08,23420,0.031
2024-09,23420,0.0368
2024-10,23420,0.0323
2024-11,23420,0.0284
2024-12,23420,0.0261
2025-01,23420,0.0294
2025-02,23420,0.0328
2025-03,23420,0.0382
2025-04,23420,0.0352
2025-05,23420,0.0332
2025-06,23420,0.029
2025-07,23420,0.0249
2025-08,23420,0.0271
2025-09,23420,0.0238
2025-10,23420,0.0287
2025-11,23420,0.026
2025-12,23420,0.0338
2026-01,23420,0.0337
2026-02,23420,0.0343
2026-03,23420,0.0268
2026-04,23420,0.027
2026-05,23420,0.0304
2026-06,23420,0.0367
2026-07,23420,0.0387
2018-01,24340,0.0432
2018-02,24340,0.0423
2018-03,24340,0.05
2018-04,24340,0.0467
2018-05,24340,0.0459
2018-06,24340,0.041
2018-07,24340,0.0423
2018-08,24340,0.052
2018-09,24340,0.0553
2018-10,24340,0.0505
2018-11,24340,0.0539
2018-12,24340,0.0622
2019-01,24340,0.0653
2019-02,24340,0.058
2019-03,24340,0.049
2019-04,24340,0.044
2019-05,24340,0.0472
2019-06,24340,0.0514
2019-07,24340,0.0544
2019-08,24340,0.0484
2019-09,24340,0.0473
2019-10,24340,0.0453
2019-11,24340,0.0458
2019-12,24340,0.0394
2020-01,24340,0.0395
2020-02,24340,0.0424
2020-03,24340,0.05
2020-04,24340,0.0478
2020-05,24340,0.0421
2020-06,24340,0.0405
2020-07,24340,0.0385
2020-08,24340,0.0359
2020-09,24340,0.0344
2020-10,24340,0.0465
2020-11,24340,0.0539
2020-12,24340,0.0599
2021-01,24340,0.053
2021-02,24340,0.056
2021-03,24340,0.0601
2021-04,24340,0.0716
2021-05,24340,0.0833
2021-06,24340,0.0883
2021-07,24340,0.1019
2021-08,24340,0.1173
2021-09,24340,0.1279
2021-10,24340,0.108
2021-11,24340,0.1039
2021-12,24340,0.109
2022-01,24340,0.1312
2022-02,24340,0.1311
2022-03,24340,0.1189
2022-04,24340,0.1211
2022-05,24340,0.1182
2022-06,24340,0.1153
2022-07,24340,0.1007
2022-08,24340,0.0929
2022-09,24340,0.0892
2022-10,24340,0.1029
2022-11,24340,0.0934
2022-12,24340,0.0765
2023-01,24340,0.0587
2023-02,24340,0.0572
2023-03,24340,0.0634
2023-04,24340,0.0551
2023-05,24340,0.0538
2023-06,24340,0.054
2023-07,24340,0.054
2023-08,24340,0.0457
2023-09,24340,0.0406
2023-10,24340,0.0366
2023-11,24340,0.0453
2023-12,24340,0.0542
2024-01,24340,0.0585
2024-02,24340,0.0577
2024-03,24340,0.0551
2024-04,24340,0.0513
2024-05,24340,0.0435
2024-06,24340,0.0399
2024-07,24340,0.0395
2024-08,24340,0.0481
2024-09,24340,0.0466
2024-10,24340,0.0449
2024-11,24340,0.0364
2024-12,24340,0.038
2025-01,24340,0.0348
2025-02,24340,0.0348
2025-03,24340,0.031
2025-04,24340,0.0361
2025-05,24340,0.0422
2025-06,24340,0.0445
2025-07,24340,0.0437
2025-08,24340,0.037
2025-09,24340,0.0381
2025-10,24340,0.0373
2025-11,24340,0.0434
2025-12,24340,0.0381
2026-01,24340,0.0397
2026-02,24340,0.0369
2026-03,24340,0.0392
2026-04,24340,0.0365
2026-05,24340,0.0339
2026-06,24340,0.0302
2026-07,24340,0.0321
2018-01,24660,0.0298
2018-02,24660,0.0344
2018-03,24660,0.033
2018-04,24660,0.0413
2018-05,24660,0.0371
2018-06,24660,0.0386
2018-07,24660,0.0345
2018-08,24660,0.0382
2018-09,24660,0.0431
2018-10,24660,0.0439
2018-11,24660,0.0492
2018-12,24660,0.047
2019-01,24660,0.0552
2019-02,24660,0.0507
2019-03,24660,0.0495
2019-04,24660,0.0432
2019-05,24660,0.0501
2019-06,24660,0.052
2019-07,24660,0.0519
2019-08,24660,0.0484
2019-09,24660,0.0472
2019-10,24660,0.0509
2019-11,24660,0.0542
2019-12,24660,0.0576
2020-01,24660,0.0535
2020-02,24660,0.0536
2020-03,24660,0.0556
2020-04,24660,0.0538
2020-05,24660,0.0483
2020-06,24660,0.049
2020-07,24660,0.0513
2020-08,24660,0.0602
2020-09,24660,0.0664
2020-10,24660,0.0701
2020-11,24660,0.0663
2020-12,24660,0.0627
2021-01,24660,0.0621
2021-02,24660,0.0683
2021-03,24660,0.077
2021-04,24660,0.092
2021-05,24660,0.1051
2021-06,24660,0.109
2021-07,24660,0.12
2021-08,24660,0.1231
2021-09,24660,0.1283
2021-10,24660,0.1342
2021-11,24660,0.1455
2021-12,24660,0.1565
2022-01,24660,0.1661
2022-02,24660,0.1661
2022-03,24660,0.1639
2022-04,24660,0.1562
2022-05,24660,0.1511
2022-06,24660,0.1509
2022-07,24660,0.144
2022-08,24660,0.1348
2022-09,24660,0.1233
2022-10,24660,0.1095
2022-11,24660,0.0998
2022-12,24660,0.0961
2023-01,24660,0.0897
2023-02,24660,0.0876
2023-03,24660,0.0775
2023-04,24660,0.0734
2023-05,24660,0.0658
2023-06,24660,0.0608
2023-07,24660,0.0536
2023-08,24660,0.0483
2023-09,24660,0.0474
2023-10,24660,0.0472
2023-11,24660,0.0486
2023-12,24660,0.0419
2024-01,24660,0.0428
2024-02,24660,0.0361
2024-03,24660,0.0402
2024-04,24660,0.0402
2024-05,24660,0.0474
2024-06,24660,0.0469
2024-07,24660,0.0474
2024-08,24660,0.0487
2024-09,24660,0.0467
2024-10,24660,0.0479
2024-11,24660,0.0442
2024-12,24660,0.0455
2025-01,24660,0.0401
2025-02,24660,0.0423
2025-03,24660,0.0358
2025-04,24660,0.0334
2025-05,24660,0.0247
2025-06,24660,0.0235
2025-07,24660,0.0251
2025-08,24660,0.027
2025-09,24660,0.0293
2025-10,24660,0.0286
2025-11,24660,0.0275
2025-12,24660,0.026
2026-01,24660,0.0257
2026-02,24660,0.0247
2026-03,24660,0.0283
2026-04,24660,0.028
2026-05,24660,0.0284
2026-06,24660,0.0259
2026-07,24660,0.0215
2018-01,24860,0.0495
2018-02,24860,0.043
2018-03,24860,0.0382
2018-04,24860,0.0426
2018-05,24860,0.0449
2018-06,24860,0.0457
2018-07,24860,0.043
2018-08,24860,0.0475
2018-09,24860,0.0531
2018-10,24860,0.0541
2018-11,24860,0.0538
2018-12,24860,0.0436
2019-01,24860,0.0484
2019-02,24860,0.0446
2019-03,24860,0.0494
2019-04,24860,0.039
2019-05,24860,0.0418
2019-06,24860,0.0441
2019-07,24860,0.0488
2019-08,24860,0.0379
2019-09,24860,0.038
2019-10,24860,0.0375
2019-11,24860,0.0377
2019-12,24860,0.0332
2020-01,24860,0.0268
2020-02,24860,0.0381
2020-03,24860,0.0439
2020-04,24860,0.0469
2020-05,24860,0.0314
2020-06,24860,0.0236
2020-07,24860,0.0165
2020-08,24860,0.0279
2020-09,24860,0.0297
2020-10,24860,0.0387
2020-11,24860,0.0404
2020-12,24860,0.0518
2021-01,24860,0.057
2021-02,24860,0.0544
2021-03,24860,0.0531
2021-04,24860,0.0635
2021-05,24860,0.0905
2021-06,24860,0.1081
2021-07,24860,0.1266
2021-08,24860,0.1289
2021-09,24860,0.1309
2021-10,24860,0.1262
2021-11,24860,0.1315
2021-12,24860,0.1313
2022-01,24860,0.1327
2022-02,24860,0.1295
2022-03,24860,0.1278
2022-04,24860,0.1238
2022-05,24860,0.1192
2022-06,24860,0.1154
2022-07,24860,0.1107
2022-08,24860,0.1036
2022-09,24860,0.0999
2022-10,24860,0.0904
2022-11,24860,0.0773
2022-12,24860,0.0671
2023-01,24860,0.0642
2023-02,24860,0.071
2023-03,24860,0.0668
2023-04,24860,0.0601
2023-05,24860,0.0482
2023-06,24860,0.0368
2023-07,24860,0.0259
2023-08,24860,0.0217
2023-09,24860,0.0228
2023-10,24860,0.0298
2023-11,24860,0.0387
2023-12,24860,0.0413
2024-01,24860,0.0375
2024-02,24860,0.0247
2024-03,24860,0.0211
2024-04,24860,0.0236
2024-05,24860,0.0291
2024-06,24860,0.0357
2024-07,24860,0.0358
2024-08,24860,0.0363
2024-09,24860,0.0288
2024-10,24860,0.0275
2024-11,24860,0.0273
2024-12,24860,0.0319
2025-01,24860,0.0379
2025-02,24860,0.0459
2025-03,24860,0.0485
2025-04,24860,0.0445
2025-05,24860,0.0372
2025-06,24860,0.0296
2025-07,24860,0.0295
2025-08,24860,0.0299
2025-09,24860,0.0345
2025-10,24860,0.0293
2025-11,24860,0.0209
2025-12,24860,0.0122
2026-01,24860,0.0053
2026-02,24860,0.0028
2026-03,24860,0.0026
2026-04,24860,0.005
2026-05,24860,0.0114
2026-06,24860,0.0187
2026-07,24860,0.0253
2018-01,25420,0.0317
2018-02,25420,0.0293
2018-03,25420,0.0248
2018-04,25420,0.0287
2018-05,25420,0.0323
2018-06,25420,0.0324
2018-07,25420,0.0351
2018-08,25420,0.0365
2018-09,25420,0.0445
2018-10,25420,0.0463
2018-11,25420,0.0528
2018-12,25420,0.0566
2019-01,25420,0.0556
2019-02,25420,0.0506
2019-03,25420,0.049
2019-04,25420,0.043
2019-05,25420,0.0413
2019-06,25420,0.0408
2019-07,25420,0.0424
2019-08,25420,0.0417
2019-09,25420,0.0453
2019-10,25420,0.0381
2019-11,25420,0.0295
2019-12,25420,0.0207
2020-01,25420,0.029
2020-02,25420,0.0423
2020-03,25420,0.0491
2020-04,25420,0.0495
2020-05,25420,0.0449
2020-06,25420,0.0478
2020-07,25420,0.0498
2020-08,25420,0.0539
2020-09,25420,0.0475
2020-10,25420,0.0585
2020-11,25420,0.0682
2020-12,25420,0.0816
2021-01,25420,0.0757
2021-02,25420,0.0709
2021-03,25420,0.0653
2021-04,25420,0.0729
2021-05,25420,0.0865
2021-06,25420,0.0974
2021-07,25420,0.1051
2021-08,25420,0.1131
2021-09,25420,0.1276
2021-10,25420,0.1272
2021-11,25420,0.1269
2021-12,25420,0.1231
2022-01,25420,0.1281
2022-02,25420,0.1269
2022-03,25420,0.1291
2022-04,25420,0.1329
2022-05,25420,0.1296
2022-06,25420,0.1166
2022-07,25420,0.1025
2022-08,25420,0.0887
2022-09,25420,0.0766
2022-10,25420,0.0677
2022-11,25420,0.0611
2022-12,25420,0.0509
2023-01,25420,0.0497
2023-02,25420,0.0519
2023-03,25420,0.0594
2023-04,25420,0.0501
2023-05,25420,0.0461
2023-06,25420,0.0435
2023-07,25420,0.0488
2023-08,25420,0.0479
2023-09,25420,0.0483
2023-10,25420,0.0468
2023-11,25420,0.0453
2023-12,25420,0.0501
2024-01,25420,0.0445
2024-02,25420,0.041
2024-03,25420,0.0277
2024-04,25420,0.0304
2024-05,25420,0.0293
2024-06,25420,0.0332
2024-07,25420,0.0285
2024-08,25420,0.0283
2024-09,25420,0.0265
2024-10,25420,0.0301
2024-11,25420,0.0326
2024-12,25420,0.0363
2025-01,25420,0.0406
2025-02,25420,0.043
2025-03,25420,0.0426
2025-04,25420,0.0387
2025-05,25420,0.034
2025-06,25420,0.0334
2025-07,25420,0.0346
2025-08,25420,0.0394
2025-09,25420,0.0422
2025-10,25420,0.0416
2025-11,25420,0.0401
2025-12,25420,0.0313
2026-01,25420,0.0285
2026-02,25420,0.0233
2026-03,25420,0.0304
2026-04,25420,0.0312
2026-05,25420,0.0376
2026-06,25420,0.0343
2026-07,25420,0.0349
2018-01,25540,0.0223
2018-02,25540,0.0268
2018-03,25540,0.0304
2018-04,25540,0.0236
2018-05,25540,0.0215
2018-06,25540,0.0228
2018-07,25540,0.0219
2018-08,25540,0.0265
2018-09,25540,0.0284
2018-10,25540,0.0363
2018-11,25540,0.0369
2018-12,25540,0.0366
2019-01,25540,0.0297
2019-02,25540,0.0291
2019-03,25540,0.0209
2019-04,25540,0.0241
2019-05,25540,0.0237
2019-06,25540,0.0255
2019-07,25540,0.0302
2019-08,25540,0.0296
2019-09,25540,0.0326
2019-10,25540,0.025
2019-11,25540,0.0254
2019-12,25540,0.0274
2020-01,25540,0.0348
2020-02,25540,0.0349
2020-03,25540,0.0377
2020-04,25540,0.0374
2020-05,25540,0.0375
2020-06,25540,0.033
2020-07,25540,0.0295
2020-08,25540,0.0344
2020-09,25540,0.0394
2020-10,25540,0.0519
2020-11,25540,0.0534
2020-12,25540,0.0569
2021-01,25540,0.0566
2021-02,25540,0.0655
2021-03,25540,0.0672
2021-04,25540,0.0726
2021-05,25540,0.0792
2021-06,25540,0.096
2021-07,25540,0.1102
2021-08,25540,0.1123
2021-09,25540,0.1138
2021-10,25540,0.1043
2021-11,25540,0.1146
2021-12,25540,0.1161
2022-01,25540,0.1217
2022-02,25540,0.1113
2022-03,25540,0.1142
2022-04,25540,0.1132
2022-05,25540,0.112
2022-06,25540,0.0995
2022-07,25540,0.0902
2022-08,25540,0.087
2022-09,25540,0.0819
2022-10,25540,0.0864
2022-11,25540,0.0754
2022-12,25540,0.0709
2023-01,25540,0.0647
2023-02,25540,0.0715
2023-03,25540,0.0744
2023-04,25540,0.0748
2023-05,25540,0.0747
2023-06,25540,0.0775
2023-07,25540,0.0757
2023-08,25540,0.0722
2023-09,25540,0.0708
2023-10,25540,0.0688
2023-11,25540,0.0679
2023-12,25540,0.0675
2024-01,25540,0.0695
2024-02,25540,0.0686
2024-03,25540,0.0684
2024-04,25540,0.0689
2024-05,25540,0.0677
2024-06,25540,0.0686
2024-07,25540,0.0686
2024-08,25540,0.0721
2024-09,25540,0.0711
2024-10,25540,0.069
2024-11,25540,0.0698
2024-12,25540,0.0742
2025-01,25540,0.0726
2025-02,25540,0.0699
2025-03,25540,0.0603
2025-04,25540,0.054
2025-05,25540,0.0504
2025-06,25540,0.0443
2025-07,25540,0.045
2025-08,25540,0.0401
2025-09,25540,0.0404
2025-10,25540,0.0391
2025-11,25540,0.0411
2025-12,25540,0.0337
2026-01,25540,0.031
2026-02,25540,0.0257
2026-03,25540,0.0288
2026-04,25540,0.0298
2026-05,25540,0.0294
2026-06,25540,0.0312
2026-07,25540,0.0276
2018-01,26420,0.0471
2018-02,26420,0.0461
2018-03,26420,0.0408
2018-04,26420,0.0428
2018-05,26420,0.0386
2018-06,26420,0.0416
2018-07,26420,0.0409
2018-08,26420,0.0438
2018-09,26420,0.0356
2018-10,26420,0.0289
2018-11,26420,0.0217
2018-12,26420,0.0166
2019-01,26420,0.0144
2019-02,26420,0.0086
2019-03,26420,0.0123
2019-04,26420,0.0116
2019-05,26420,0.017
2019-06,26420,0.0178
2019-07,26420,0.0203
2019-08,26420,0.021
2019-09,26420,0.0215
2019-10,26420,0.0203
2019-11,26420,0.0174
2019-12,26420,0.0197
2020-01,26420,0.0216
2020-02,26420,0.0276
2020-03,26420,0.0291
2020-04,26420,0.0239
2020-05,26420,0.0138
2020-06,26420,0.0049
2020-07,26420,0.002
2020-08,26420,0.0015
2020-09,26420,0.0035
2020-10,26420,0.0074
2020-11,26420,0.0125
2020-12,26420,0.0134
2021-01,26420,0.0158
2021-02,26420,0.0143
2021-03,26420,0.0153
2021-04,26420,0.0262
2021-05,26420,0.0453
2021-06,26420,0.067
2021-07,26420,0.0807
2021-08,26420,0.0925
2021-09,26420,0.1018
2021-10,26420,0.107
2021-11,26420,0.11
2021-12,26420,0.1135
2022-01,26420,0.114
2022-02,26420,0.1186
2022-03,26420,0.118
2022-04,26420,0.1172
2022-05,26420,0.1077
2022-06,26420,0.097
2022-07,26420,0.086
2022-08,26420,0.074
2022-09,26420,0.0631
2022-10,26420,0.0551
2022-11,26420,0.0481
2022-12,26420,0.0442
2023-01,26420,0.0416
2023-02,26420,0.0392
2023-03,26420,0.0394
2023-04,26420,0.0334
2023-05,26420,0.0312
2023-06,26420,0.0262
2023-07,26420,0.0246
2023-08,26420,0.0224
2023-09,26420,0.0206
2023-10,26420,0.0203
2023-11,26420,0.0214
2023-12,26420,0.0209
2024-01,26420,0.0202
2024-02,26420,0.0173
2024-03,26420,0.0122
2024-04,26420,0.0126
2024-05,26420,0.0123
2024-06,26420,0.015
2024-07,26420,0.0144
2024-08,26420,0.0164
2024-09,26420,0.0188
2024-10,26420,0.0201
2024-11,26420,0.0195
2024-12,26420,0.0178
2025-01,26420,0.0164
2025-02,26420,0.0166
2025-03,26420,0.0192
2025-04,26420,0.0178
2025-05,26420,0.0146
2025-06,26420,0.0076
2025-07,26420,0.0063
2025-08,26420,0.0044
2025-09,26420,0.0034
2025-10,26420,0.0012
2025-11,26420,-0.0
2025-12,26420,-0.0008
2026-01,26420,-0.0023
2026-02,26420,-0.0054
2026-03,26420,-0.0093
2026-04,26420,-0.0098
2026-05,26420,-0.007
2026-06,26420,-0.0002
2026-07,26420,0.0012
2018-01,26620,0.0469
2018-02,26620,0.0493
2018-03,26620,0.0516
2018-04,26620,0.045
2018-05,26620,0.0471
2018-06,26620,0.0534
2018-07,26620,0.056
2018-08,26620,0.0594
2018-09,26620,0.0643
2018-10,26620,0.0697
2018-11,26620,0.0748
2018-12,26620,0.0743
2019-01,26620,0.0672
2019-02,26620,0.0664
2019-03,26620,0.0665
2019-04,26620,0.0771
2019-05,26620,0.0766
2019-06,26620,0.0725
2019-07,26620,0.0682
2019-08,26620,0.0764
2019-09,26620,0.0849
2019-10,26620,0.0875
2019-11,26620,0.0826
2019-12,26620,0.0856
2020-01,26620,0.1034
2020-02,26620,0.1087
2020-03,26620,0.1122
2020-04,26620,0.105
2020-05,26620,0.1108
2020-06,26620,0.1149
2020-07,26620,0.1279
2020-08,26620,0.1272
2020-09,26620,0.1322
2020-10,26620,0.1296
2020-11,26620,0.1377
2020-12,26620,0.1314
2021-01,26620,0.1301
2021-02,26620,0.1277
2021-03,26620,0.1381
2021-04,26620,0.149
2021-05,26620,0.1556
2021-06,26620,0.162
2021-07,26620,0.1585
2021-08,26620,0.1572
2021-09,26620,0.1504
2021-10,26620,0.1567
2021-11,26620,0.1525
2021-12,26620,0.1621
2022-01,26620,0.1514
2022-02,26620,0.1504
2022-03,26620,0.1271
2022-04,26620,0.1181
2022-05,26620,0.1024
2022-06,26620,0.0969
2022-07,26620,0.0854
2022-08,26620,0.0838
2022-09,26620,0.0671
2022-10,26620,0.0532
2022-11,26620,0.0422
2022-12,26620,0.0369
2023-01,26620,0.0369
2023-02,26620,0.0352
2023-03,26620,0.0524
2023-04,26620,0.056
2023-05,26620,0.0552
2023-06,26620,0.0368
2023-07,26620,0.0312
2023-08,26620,0.0167
2023-09,26620,0.027
2023-10,26620,0.0315
2023-11,26620,0.0406
2023-12,26620,0.0345
2024-01,26620,0.031
2024-02,26620,0.0213
2024-03,26620,0.005
2024-04,26620,-0.0042
2024-05,26620,-0.0036
2024-06,26620,0.0077
2024-07,26620,0.0134
2024-08,26620,0.0249
2024-09,26620,0.0193
2024-10,26620,0.0131
2024-11,26620,0.0018
2024-12,26620,0.0019
2025-01,26620,-0.004
2025-02,26620,0.0016
2025-03,26620,0.0016
2025-04,26620,0.009
2025-05,26620,0.0077
2025-06,26620,0.0071
2025-07,26620,0.0
2025-08,26620,-0.0046
2025-09,26620,-0.0016
2025-10,26620,0.0036
2025-11,26620,0.0098
2025-12,26620,0.0098
2026-01,26620,0.0191
2026-02,26620,0.0198
2026-03,26620,0.0257
2026-04,26620,0.0166
2026-05,26620,0.0161
2026-06,26620,0.0147
2026-07,26620,0.0254
2018-01,26900,0.0493
2018-02,26900,0.0466
2018-03,26900,0.0409
2018-04,26900,0.0389
2018-05,26900,0.0393
2018-06,26900,0.0399
2018-07,26900,0.0395
2018-08,26900,0.0409
2018-09,26900,0.0407
2018-10,26900,0.0391
2018-11,26900,0.0413
2018-12,26900,0.0373
2019-01,26900,0.0384
2019-02,26900,0.0353
2019-03,26900,0.0408
2019-04,26900,0.0419
2019-05,26900,0.0419
2019-06,26900,0.0406
2019-07,26900,0.0418
2019-08,26900,0.0404
2019-09,26900,0.0423
2019-10,26900,0.0425
2019-11,26900,0.0406
2019-12,26900,0.0406
2020-01,26900,0.0412
2020-02,26900,0.0457
2020-03,26900,0.0512
2020-04,26900,0.0509
2020-05,26900,0.0553
2020-06,26900,0.0566
2020-07,26900,0.0589
2020-08,26900,0.061
2020-09,26900,0.0629
2020-10,26900,0.0688
2020-11,26900,0.071
2020-12,26900,0.0788
2021-01,26900,0.0814
2021-02,26900,0.0819
2021-03,26900,0.0731
2021-04,26900,0.0764
2021-05,26900,0.078
2021-06,26900,0.0847
2021-07,26900,0.0915
2021-08,26900,0.1002
2021-09,26900,0.1085
2021-10,26900,0.1118
2021-11,26900,0.118
2021-12,26900,0.1131
2022-01,26900,0.1116
2022-02,26900,0.1121
2022-03,26900,0.1209
2022-04,26900,0.1279
2022-05,26900,0.1272
2022-06,26900,0.1281
2022-07,26900,0.1231
2022-08,26900,0.1151
2022-09,26900,0.1006
2022-10,26900,0.0872
2022-11,26900,0.0782
2022-12,26900,0.0781
2023-01,26900,0.0787
2023-02,26900,0.0766
2023-03,26900,0.072
2023-04,26900,0.0613
2023-05,26900,0.057
2023-06,26900,0.0455
2023-07,26900,0.0385
2023-08,26900,0.0347
2023-09,26900,0.0388
2023-10,26900,0.0454
2023-11,26900,0.0477
2023-12,26900,0.0449
2024-01,26900,0.0427
2024-02,26900,0.0443
2024-03,26900,0.042
2024-04,26900,0.0428
2024-05,26900,0.0409
2024-06,26900,0.0436
2024-07,26900,0.0476
2024-08,26900,0.0499
2024-09,26900,0.0498
2024-10,26900,0.044
2024-11,26900,0.0412
2024-12,26900,0.0429
2025-01,26900,0.0459
2025-02,26900,0.0445
2025-03,26900,0.0433
2025-04,26900,0.0427
2025-05,26900,0.0437
2025-06,26900,0.0429
2025-07,26900,0.0385
2025-08,26900,0.0354
2025-09,26900,0.0329
2025-10,26900,0.0369
2025-11,26900,0.0383
2025-12,26900,0.0348
2026-01,26900,0.0278
2026-02,26900,0.0234
2026-03,26900,0.0234
2026-04,26900,0.0234
2026-05,26900,0.0227
2026-06,26900,0.0245
2026-07,26900,0.0276
2018-01,27140,0.0173
2018-02,27140,0.0276
2018-03,27140,0.0367
2018-04,27140,0.0307
2018-05,27140,0.0185
2018-06,27140,0.0142
2018-07,27140,0.0184
2018-08,27140,0.0229
2018-09,27140,0.0195
2018-10,27140,0.0144
2018-11,27140,0.0141
2018-12,27140,0.0221
2019-01,27140,0.018
2019-02,27140,0.013
2019-03,27140,0.0069
2019-04,27140,0.0113
2019-05,27140,0.0166
2019-06,27140,0.0183
2019-07,27140,0.0188
2019-08,27140,0.025
2019-09,27140,0.0317
2019-10,27140,0.037
2019-11,27140,0.0342
2019-12,27140,0.0271
2020-01,27140,0.0305
2020-02,27140,0.027
2020-03,27140,0.0447
2020-04,27140,0.0364
2020-05,27140,0.0397
2020-06,27140,0.0304
2020-07,27140,0.0257
2020-08,27140,0.0292
2020-09,27140,0.0328
2020-10,27140,0.0395
2020-11,27140,0.0372
2020-12,27140,0.0409
2021-01,27140,0.0407
2021-02,27140,0.0494
2021-03,27140,0.0361
2021-04,27140,0.052
2021-05,27140,0.054
2021-06,27140,0.0783
2021-07,27140,0.0906
2021-08,27140,0.0847
2021-09,27140,0.0755
2021-10,27140,0.0676
2021-11,27140,0.0799
2021-12,27140,0.0842
2022-01,27140,0.0896
2022-02,27140,0.0873
2022-03,27140,0.0872
2022-04,27140,0.0809
2022-05,27140,0.0765
2022-06,27140,0.0688
2022-07,27140,0.0706
2022-08,27140,0.0742
2022-09,27140,0.0819
2022-10,27140,0.0811
2022-11,27140,0.0748
2022-12,27140,0.0676
2023-01,27140,0.0567
2023-02,27140,0.0533
2023-03,27140,0.0549
2023-04,27140,0.0608
2023-05,27140,0.062
2023-06,27140,0.0532
2023-07,27140,0.0402
2023-08,27140,0.0323
2023-09,27140,0.0304
2023-10,27140,0.0315
2023-11,27140,0.0308
2023-12,27140,0.0323
2024-01,27140,0.0425
2024-02,27140,0.0439
2024-03,27140,0.0444
2024-04,27140,0.0362
2024-05,27140,0.0433
2024-06,27140,0.0455
2024-07,27140,0.0513
2024-08,27140,0.0548
2024-09,27140,0.0531
2024-10,27140,0.0536
2024-11,27140,0.055
2024-12,27140,0.0594
2025-01,27140,0.0565
2025-02,27140,0.0578
2025-03,27140,0.0535
2025-04,27140,0.0536
2025-05,27140,0.0429
2025-06,27140,0.0423
2025-07,27140,0.0424
2025-08,27140,0.046
2025-09,27140,0.0459
2025-10,27140,0.0471
2025-11,27140,0.0461
2025-12,27140,0.0434
2026-01,27140,0.0415
2026-02,27140,0.0394
2026-03,27140,0.0387
2026-04,27140,0.0403
2026-05,27140,0.0402
2026-06,27140,0.0449
2026-07,27140,0.043
2018-01,27260,0.0582
2018-02,27260,0.0554
2018-03,27260,0.051
2018-04,27260,0.0484
2018-05,27260,0.0508
2018-06,27260,0.0501
2018-07,27260,0.0509
2018-08,27260,0.0498
2018-09,27260,0.0512
2018-10,27260,0.0536
2018-11,27260,0.0558
2018-12,27260,0.0528
2019-01,27260,0.0489
2019-02,27260,0.0471
2019-03,27260,0.0459
2019-04,27260,0.0467
2019-05,27260,0.0432
2019-06,27260,0.0432
2019-07,27260,0.0394
2019-08,27260,0.0412
2019-09,27260,0.0425
2019-10,27260,0.0442
2019-11,27260,0.0377
2019-12,27260,0.0378
2020-01,27260,0.0376
2020-02,27260,0.0419
2020-03,27260,0.045
2020-04,27260,0.0415
2020-05,27260,0.0376
2020-06,27260,0.0317
2020-07,27260,0.034
2020-08,27260,0.0361
2020-09,27260,0.0388
2020-10,27260,0.0422
2020-11,27260,0.0498
2020-12,27260,0.0546
2021-01,27260,0.0646
2021-02,27260,0.0683
2021-03,27260,0.077
2021-04,27260,0.0918
2021-05,27260,0.1151
2021-06,27260,0.1414
2021-07,27260,0.1609
2021-08,27260,0.1775
2021-09,27260,0.1908
2021-10,27260,0.1987
2021-11,27260,0.2035
2021-12,27260,0.208
2022-01,27260,0.2011
2022-02,27260,0.2025
2022-03,27260,0.1911
2022-04,27260,0.1862
2022-05,27260,0.1685
2022-06,27260,0.1531
2022-07,27260,0.1315
2022-08,27260,0.1102
2022-09,27260,0.0893
2022-10,27260,0.077
2022-11,27260,0.0662
2022-12,27260,0.0561
2023-01,27260,0.0502
2023-02,27260,0.0409
2023-03,27260,0.041
2023-04,27260,0.0313
2023-05,27260,0.0281
2023-06,27260,0.017
2023-07,27260,0.0148
2023-08,27260,0.0125
2023-09,27260,0.0133
2023-10,27260,0.0066
2023-11,27260,0.0041
2023-12,27260,0.0008
2024-01,27260,0.0033
2024-02,27260,0.0043
2024-03,27260,0.0035
2024-04,27260,0.0039
2024-05,27260,0.0031
2024-06,27260,0.005
2024-07,27260,0.0051
2024-08,27260,0.0054
2024-09,27260,0.0045
2024-10,27260,0.009
2024-11,27260,0.0122
2024-12,27260,0.0161
2025-01,27260,0.0141
2025-02,27260,0.0105
2025-03,27260,0.0078
2025-04,27260,0.0055
2025-05,27260,0.0062
2025-06,27260,0.0069
2025-07,27260,0.0061
2025-08,27260,0.0081
2025-09,27260,0.0109
2025-10,27260,0.0112
2025-11,27260,0.0079
2025-12,27260,0.0048
2026-01,27260,0.0019
2026-02,27260,0.0051
2026-03,27260,0.0043
2026-04,27260,0.0084
2026-05,27260,0.0079
2026-06,27260,0.0114
2026-07,27260,0.0146
2018-01,28140,0.0474
2018-02,28140,0.0425
2018-03,28140,0.0407
2018-04,28140,0.0362
2018-05,28140,0.0355
2018-06,28140,0.0366
2018-07,28140,0.036
2018-08,28140,0.0359
2018-09,28140,0.0355
2018-10,28140,0.0362
2018-11,28140,0.0348
2018-12,28140,0.0303
2019-01,28140,0.0323
2019-02,28140,0.0353
2019-03,28140,0.0382
2019-04,28140,0.0393
2019-05,28140,0.0383
2019-06,28140,0.0386
2019-07,28140,0.0412
2019-08,28140,0.0426
2019-09,28140,0.0404
2019-10,28140,0.0367
2019-11,28140,0.0353
2019-12,28140,0.0405
2020-01,28140,0.0405
2020-02,28140,0.0413
2020-03,28140,0.0434
2020-04,28140,0.0443
2020-05,28140,0.0433
2020-06,28140,0.0414
2020-07,28140,0.0424
2020-08,28140,0.0458
2020-09,28140,0.0529
2020-10,28140,0.0563
2020-11,28140,0.0589
2020-12,28140,0.0514
2021-01,28140,0.053
2021-02,28140,0.0554
2021-03,28140,0.0577
2021-04,28140,0.0619
2021-05,28140,0.0685
2021-06,28140,0.0776
2021-07,28140,0.0804
2021-08,28140,0.08
2021-09,28140,0.0784
2021-10,28140,0.0827
2021-11,28140,0.087
2021-12,28140,0.1002
2022-01,28140,0.1024
2022-02,28140,0.1036
2022-03,28140,0.0997
2022-04,28140,0.0999
2022-05,28140,0.1004
2022-06,28140,0.0986
2022-07,28140,0.0988
2022-08,28140,0.1
2022-09,28140,0.0985
2022-10,28140,0.0925
2022-11,28140,0.0878
2022-12,28140,0.0806
2023-01,28140,0.0773
2023-02,28140,0.0718
2023-03,28140,0.0725
2023-04,28140,0.0692
2023-05,28140,0.0655
2023-06,28140,0.0589
2023-07,28140,0.0525
2023-08,28140,0.0468
2023-09,28140,0.0433
2023-10,28140,0.047
2023-11,28140,0.0487
2023-12,28140,0.0529
2024-01,28140,0.051
2024-02,28140,0.0528
2024-03,28140,0.049
2024-04,28140,0.0476
2024-05,28140,0.0465
2024-06,28140,0.0489
2024-07,28140,0.0513
2024-08,28140,0.0531
2024-09,28140,0.0541
2024-10,28140,0.0503
2024-11,28140,0.046
2024-12,28140,0.041
2025-01,28140,0.0459
2025-02,28140,0.0472
2025-03,28140,0.0503
2025-04,28140,0.0493
2025-05,28140,0.047
2025-06,28140,0.0455
2025-07,28140,0.0424
2025-08,28140,0.0422
2025-09,28140,0.0429
2025-10,28140,0.0428
2025-11,28140,0.0447
2025-12,28140,0.0438
2026-01,28140,0.0372
2026-02,28140,0.034
2026-03,28140,0.0308
2026-04,28140,0.0326
2026-05,28140,0.035
2026-06,28140,0.0352
2026-07,28140,0.0381
2018-01,28660,0.0192
2018-02,28660,0.0174
2018-03,28660,0.0175
2018-04,28660,0.018
2018-05,28660,0.0205
2018-06,28660,0.0221
2018-07,28660,0.0224
2018-08,28660,0.0233
2018-09,28660,0.0259
2018-10,28660,0.0277
2018-11,28660,0.0314
2018-12,28660,0.0322
2019-01,28660,0.0363
2019-02,28660,0.0401
2019-03,28660,0.0445
2019-04,28660,0.0445
2019-05,28660,0.048
2019-06,28660,0.0513
2019-07,28660,0.0586
2019-08,28660,0.0595
2019-09,28660,0.0559
2019-10,28660,0.0517
2019-11,28660,0.0484
2019-12,28660,0.0494
2020-01,28660,0.0482
2020-02,28660,0.0473
2020-03,28660,0.0484
2020-04,28660,0.0457
2020-05,28660,0.0432
2020-06,28660,0.0447
2020-07,28660,0.0471
2020-08,28660,0.0553
2020-09,28660,0.067
2020-10,28660,0.0796
2020-11,28660,0.0892
2020-12,28660,0.093
2021-01,28660,0.0951
2021-02,28660,0.1053
2021-03,28660,0.112
2021-04,28660,0.1358
2021-05,28660,0.1513
2021-06,28660,0.1695
2021-07,28660,0.1804
2021-08,28660,0.1877
2021-09,28660,0.1913
2021-10,28660,0.1948
2021-11,28660,0.1997
2021-12,28660,0.2082
2022-01,28660,0.2106
2022-02,28660,0.2022
2022-03,28660,0.1969
2022-04,28660,0.1804
2022-05,28660,0.1707
2022-06,28660,0.1463
2022-07,28660,0.1278
2022-08,28660,0.1105
2022-09,28660,0.0947
2022-10,28660,0.0738
2022-11,28660,0.0555
2022-12,28660,0.0415
2023-01,28660,0.0391
2023-02,28660,0.0359
2023-03,28660,0.0289
2023-04,28660,0.0203
2023-05,28660,0.0137
2023-06,28660,0.0147
2023-07,28660,0.012
2023-08,28660,0.0092
2023-09,28660,0.0069
2023-10,28660,0.0136
2023-11,28660,0.0136
2023-12,28660,0.0108
2024-01,28660,0.0041
2024-02,28660,0.005
2024-03,28660,0.0058
2024-04,28660,0.005
2024-05,28660,0.0001
2024-06,28660,-0.0034
2024-07,28660,-0.0021
2024-08,28660,-0.0024
2024-09,28660,-0.0024
2024-10,28660,-0.0038
2024-11,28660,0.0042
2024-12,28660,0.0098
2025-01,28660,0.0146
2025-02,28660,0.0107
2025-03,28660,0.0118
2025-04,28660,0.0135
2025-05,28660,0.0186
2025-06,28660,0.0192
2025-07,28660,0.0173
2025-08,28660,0.0204
2025-09,28660,0.0228
2025-10,28660,0.0194
2025-11,28660,0.0104
2025-12,28660,0.005
2026-01,28660,-0.0002
2026-02,28660,-0.0011
2026-03,28660,-0.0073
2026-04,28660,-0.0077
2026-05,28660,-0.0096
2026-06,28660,-0.008
2026-07,28660,-0.0059
2018-01,28880,0.0732
2018-02,28880,0.0577
2018-03,28880,0.0597
2018-04,28880,0.0426
2018-05,28880,0.0384
2018-06,28880,0.0348
2018-07,28880,0.0411
2018-08,28880,0.0575
2018-09,28880,0.0556
2018-10,28880,0.0622
2018-11,28880,0.0505
2018-12,28880,0.0577
2019-01,28880,0.0427
2019-02,28880,0.0427
2019-03,28880,0.0399
2019-04,28880,0.0513
2019-05,28880,0.0563
2019-06,28880,0.0549
2019-07,28880,0.0559
2019-08,28880,0.0506
2019-09,28880,0.0539
2019-10,28880,0.047
2019-11,28880,0.0454
2019-12,28880,0.0431
2020-01,28880,0.0505
2020-02,28880,0.0571
2020-03,28880,0.0625
2020-04,28880,0.0665
2020-05,28880,0.0622
2020-06,28880,0.0729
2020-07,28880,0.0751
2020-08,28880,0.081
2020-09,28880,0.0817
2020-10,28880,0.1018
2020-11,28880,0.121
2020-12,28880,0.1257
2021-01,28880,0.1311
2021-02,28880,0.117
2021-03,28880,0.1223
2021-04,28880,0.1104
2021-05,28880,0.1397
2021-06,28880,0.1266
2021-07,28880,0.1382
2021-08,28880,0.1309
2021-09,28880,0.1472
2021-10,28880,0.1305
2021-11,28880,0.12
2021-12,28880,0.1132
2022-01,28880,0.11
2022-02,28880,0.1321
2022-03,28880,0.1323
2022-04,28880,0.1406
2022-05,28880,0.1075
2022-06,28880,0.1167
2022-07,28880,0.1029
2022-08,28880,0.1059
2022-09,28880,0.0822
2022-10,28880,0.0775
2022-11,28880,0.0635
2022-12,28880,0.071
2023-01,28880,0.0673
2023-02,28880,0.0633
2023-03,28880,0.0464
2023-04,28880,0.0538
2023-05,28880,0.0599
2023-06,28880,0.0533
2023-07,28880,0.0424
2023-08,28880,0.0387
2023-09,28880,0.0389
2023-10,28880,0.0427
2023-11,28880,0.0555
2023-12,28880,0.0582
2024-01,28880,0.0603
2024-02,28880,0.0484
2024-03,28880,0.0503
2024-04,28880,0.0338
2024-05,28880,0.0348
2024-06,28880,0.0393
2024-07,28880,0.0529
2024-08,28880,0.0535
2024-09,28880,0.0606
2024-10,28880,0.062
2024-11,28880,0.0598
2024-12,28880,0.0406
2025-01,28880,0.0376
2025-02,28880,0.038
2025-03,28880,0.0478
2025-04,28880,0.0496
2025-05,28880,0.0421
2025-06,28880,0.0337
2025-07,28880,0.0279
2025-08,28880,0.0259
2025-09,28880,0.0239
2025-10,28880,0.018
2025-11,28880,0.0103
2025-12,28880,0.0224
2026-01,28880,0.0219
2026-02,28880,0.0299
2026-03,28880,0.0228
2026-04,28880,0.0291
2026-05,28880,0.0392
2026-06,28880,0.0437
2026-07,28880,0.046
2018-01,28940,0.0568
2018-02,28940,0.0455
2018-03,28940,0.0385
2018-04,28940,0.0372
2018-05,28940,0.0431
2018-06,28940,0.0452
2018-07,28940,0.0469
2018-08,28940,0.054
2018-09,28940,0.0469
2018-10,28940,0.0447
2018-11,28940,0.0422
2018-12,28940,0.0537
2019-01,28940,0.0582
2019-02,28940,0.0587
2019-03,28940,0.0678
2019-04,28940,0.0734
2019-05,28940,0.0726
2019-06,28940,0.0622
2019-07,28940,0.0558
2019-08,28940,0.0553
2019-09,28940,0.0558
2019-10,28940,0.0575
2019-11,28940,0.0548
2019-12,28940,0.0584
2020-01,28940,0.0606
2020-02,28940,0.0692
2020-03,28940,0.0567
2020-04,28940,0.0481
2020-05,28940,0.0399
2020-06,28940,0.0467
2020-07,28940,0.0456
2020-08,28940,0.0459
2020-09,28940,0.0548
2020-10,28940,0.0694
2020-11,28940,0.0841
2020-12,28940,0.0787
2021-01,28940,0.0779
2021-02,28940,0.0766
2021-03,28940,0.0942
2021-04,28940,0.1089
2021-05,28940,0.1328
2021-06,28940,0.1511
2021-07,28940,0.1804
2021-08,28940,0.2
2021-09,28940,0.2093
2021-10,28940,0.1993
2021-11,28940,0.1848
2021-12,28940,0.1917
2022-01,28940,0.1987
2022-02,28940,0.2107
2022-03,28940,0.2123
2022-04,28940,0.2205
2022-05,28940,0.2138
2022-06,28940,0.2018
2022-07,28940,0.1839
2022-08,28940,0.1625
2022-09,28940,0.1388
2022-10,28940,0.1281
2022-11,28940,0.1329
2022-12,28940,0.134
2023-01,28940,0.1269
2023-02,28940,0.1118
2023-03,28940,0.1046
2023-04,28940,0.0878
2023-05,28940,0.0796
2023-06,28940,0.0715
2023-07,28940,0.064
2023-08,28940,0.0641
2023-09,28940,0.0711
2023-10,28940,0.0755
2023-11,28940,0.0708
2023-12,28940,0.0618
2024-01,28940,0.0585
2024-02,28940,0.0539
2024-03,28940,0.0452
2024-04,28940,0.0439
2024-05,28940,0.0432
2024-06,28940,0.0391
2024-07,28940,0.0331
2024-08,28940,0.0302
2024-09,28940,0.0284
2024-10,28940,0.0301
2024-11,28940,0.0296
2024-12,28940,0.0277
2025-01,28940,0.0255
2025-02,28940,0.0268
2025-03,28940,0.0334
2025-04,28940,0.0324
2025-05,28940,0.0296
2025-06,28940,0.0293
2025-07,28940,0.03
2025-08,28940,0.0298
2025-09,28940,0.0258
2025-10,28940,0.0157
2025-11,28940,0.0091
2025-12,28940,0.0092
2026-01,28940,0.0098
2026-02,28940,0.0108
2026-03,28940,0.0046
2026-04,28940,0.0046
2026-05,28940,0.0025
2026-06,28940,0.0042
2026-07,28940,0.0099
2018-01,29460,0.0553
2018-02,29460,0.052
2018-03,29460,0.0533
2018-04,29460,0.0582
2018-05,29460,0.0599
2018-06,29460,0.06
2018-07,29460,0.0633
2018-08,29460,0.0652
2018-09,29460,0.0671
2018-10,29460,0.0641
2018-11,29460,0.0626
2018-12,29460,0.0654
2019-01,29460,0.0676
2019-02,29460,0.0682
2019-03,29460,0.0638
2019-04,29460,0.0586
2019-05,29460,0.0524
2019-06,29460,0.0521
2019-07,29460,0.05
2019-08,29460,0.055
2019-09,29460,0.0552
2019-10,29460,0.0567
2019-11,29460,0.0529
2019-12,29460,0.0485
2020-01,29460,0.0492
2020-02,29460,0.0498
2020-03,29460,0.0532
2020-04,29460,0.0634
2020-05,29460,0.0625
2020-06,29460,0.0557
2020-07,29460,0.0445
2020-08,29460,0.0439
2020-09,29460,0.0555
2020-10,29460,0.059
2020-11,29460,0.0676
2020-12,29460,0.0695
2021-01,29460,0.0732
2021-02,29460,0.0714
2021-03,29460,0.079
2021-04,29460,0.076
2021-05,29460,0.0961
2021-06,29460,0.121
2021-07,29460,0.156
2021-08,29460,0.1725
2021-09,29460,0.1756
2021-10,29460,0.1859
2021-11,29460,0.1904
2021-12,29460,0.198
2022-01,29460,0.2
2022-02,29460,0.2081
2022-03,29460,0.2047
2022-04,29460,0.2027
2022-05,29460,0.1916
2022-06,29460,0.1765
2022-07,29460,0.1567
2022-08,29460,0.1329
2022-09,29460,0.1106
2022-10,29460,0.0934
2022-11,29460,0.0815
2022-12,29460,0.0739
2023-01,29460,0.0646
2023-02,29460,0.0585
2023-03,29460,0.0501
2023-04,29460,0.042
2023-05,29460,0.0304
2023-06,29460,0.0256
2023-07,29460,0.0185
2023-08,29460,0.0199
2023-09,29460,0.0191
2023-10,29460,0.0178
2023-11,29460,0.0142
2023-12,29460,0.0131
2024-01,29460,0.0143
2024-02,29460,0.0147
2024-03,29460,0.0142
2024-04,29460,0.015
2024-05,29460,0.0147
2024-06,29460,0.0092
2024-07,29460,0.0075
2024-08,29460,0.0072
2024-09,29460,0.0091
2024-10,29460,0.0088
2024-11,29460,0.0102
2024-12,29460,0.0104
2025-01,29460,0.011
2025-02,29460,0.009
2025-03,29460,0.0089
2025-04,29460,0.0065
2025-05,29460,0.007
2025-06,29460,0.0078
2025-07,29460,0.0106
2025-08,29460,0.0099
2025-09,29460,0.0141
2025-10,29460,0.0159
2025-11,29460,0.0155
2025-12,29460,0.0096
2026-01,29460,0.0039
2026-02,29460,-0.0006
2026-03,29460,-0.0025
2026-04,29460,0.0012
2026-05,29460,0.0059
2026-06,29460,0.0116
2026-07,29460,0.0119
2018-01,29540,0.0403
2018-02,29540,0.0406
2018-03,29540,0.0476
2018-04,29540,0.0509
2018-05,29540,0.055
2018-06,29540,0.0503
2018-07,29540,0.0491
2018-08,29540,0.0464
2018-09,29540,0.0488
2018-10,29540,0.0515
2018-11,29540,0.0512
2018-12,29540,0.0493
2019-01,29540,0.0558
2019-02,29540,0.0515
2019-03,29540,0.0463
2019-04,29540,0.0407
2019-05,29540,0.0446
2019-06,29540,0.0453
2019-07,29540,0.0416
2019-08,29540,0.0371
2019-09,29540,0.0343
2019-10,29540,0.0362
2019-11,29540,0.0359
2019-12,29540,0.0375
2020-01,29540,0.0354
2020-02,29540,0.0391
2020-03,29540,0.0402
2020-04,29540,0.0379
2020-05,29540,0.0342
2020-06,29540,0.0391
2020-07,29540,0.0469
2020-08,29540,0.0553
2020-09,29540,0.0607
2020-10,29540,0.0628
2020-11,29540,0.0675
2020-12,29540,0.072
2021-01,29540,0.0793
2021-02,29540,0.0884
2021-03,29540,0.0918
2021-04,29540,0.1055
2021-05,29540,0.111
2021-06,29540,0.1133
2021-07,29540,0.114
2021-08,29540,0.1106
2021-09,29540,0.1119
2021-10,29540,0.1145
2021-11,29540,0.1167
2021-12,29540,0.1193
2022-01,29540,0.1122
2022-02,29540,0.102
2022-03,29540,0.1035
2022-04,29540,0.1025
2022-05,29540,0.1014
2022-06,29540,0.1019
2022-07,29540,0.0979
2022-08,29540,0.1043
2022-09,29540,0.0945
2022-10,29540,0.0917
2022-11,29540,0.0866
2022-12,29540,0.0818
2023-01,29540,0.0834
2023-02,29540,0.0871
2023-03,29540,0.0878
2023-04,29540,0.0819
2023-05,29540,0.0807
2023-06,29540,0.0712
2023-07,29540,0.0644
2023-08,29540,0.0549
2023-09,29540,0.0601
2023-10,29540,0.0582
2023-11,29540,0.0554
2023-12,29540,0.0557
2024-01,29540,0.056
2024-02,29540,0.051
2024-03,29540,0.0407
2024-04,29540,0.0393
2024-05,29540,0.0419
2024-06,29540,0.0471
2024-07,29540,0.0552
2024-08,29540,0.0535
2024-09,29540,0.0545
2024-10,29540,0.0519
2024-11,29540,0.0562
2024-12,29540,0.0501
2025-01,29540,0.0518
2025-02,29540,0.0545
2025-03,29540,0.0621
2025-04,29540,0.0585
2025-05,29540,0.0509
2025-06,29540,0.0469
2025-07,29540,0.0401
2025-08,29540,0.0436
2025-09,29540,0.0393
2025-10,29540,0.0404
2025-11,29540,0.0361
2025-12,29540,0.0406
2026-01,29540,0.0334
2026-02,29540,0.0307
2026-03,29540,0.0271
2026-04,29540,0.0331
2026-05,29540,0.0365
2026-06,29540,0.0379
2026-07,29540,0.0409
2018-01,29820,0.0675
2018-02,29820,0.0669
2018-03,29820,0.0644
2018-04,29820,0.067
2018-05,29820,0.0688
2018-06,29820,0.069
2018-07,29820,0.0693
2018-08,29820,0.0699
2018-09,29820,0.0722
2018-10,29820,0.0729
2018-11,29820,0.0744
2018-12,29820,0.0735
2019-01,29820,0.0735
2019-02,29820,0.0705
2019-03,29820,0.0705
2019-04,29820,0.0679
2019-05,29820,0.0676
2019-06,29820,0.0676
2019-07,29820,0.065
2019-08,29820,0.0637
2019-09,29820,0.0594
2019-10,29820,0.058
2019-11,29820,0.054
2019-12,29820,0.0516
2020-01,29820,0.0496
2020-02,29820,0.0509
2020-03,29820,0.0488
2020-04,29820,0.0427
2020-05,29820,0.0317
2020-06,29820,0.0236
2020-07,29820,0.0244
2020-08,29820,0.0292
2020-09,29820,0.0382
2020-10,29820,0.0472
2020-11,29820,0.056
2020-12,29820,0.0645
2021-01,29820,0.0737
2021-02,29820,0.0821
2021-03,29820,0.0908
2021-04,29820,0.1051
2021-05,29820,0.1372
2021-06,29820,0.1726
2021-07,29820,0.2011
2021-08,29820,0.2191
2021-09,29820,0.231
2021-10,29820,0.2366
2021-11,29820,0.2375
2021-12,29820,0.2328
2022-01,29820,0.2248
2022-02,29820,0.2147
2022-03,29820,0.2068
2022-04,29820,0.2012
2022-05,29820,0.1767
2022-06,29820,0.1465
2022-07,29820,0.1115
2022-08,29820,0.0784
2022-09,29820,0.0473
2022-10,29820,0.0206
2022-11,29820,0.0051
2022-12,29820,-0.0032
2023-01,29820,-0.007
2023-02,29820,-0.0067
2023-03,29820,-0.0065
2023-04,29820,-0.0119
2023-05,29820,-0.0158
2023-06,29820,-0.0215
2023-07,29820,-0.0199
2023-08,29820,-0.0144
2023-09,29820,-0.0054
2023-10,29820,0.0053
2023-11,29820,0.0121
2023-12,29820,0.0175
2024-01,29820,0.0168
2024-02,29820,0.0122
2024-03,29820,0.0086
2024-04,29820,0.0116
2024-05,29820,0.0177
2024-06,29820,0.0247
2024-07,29820,0.0247
2024-08,29820,0.0267
2024-09,29820,0.0264
2024-10,29820,0.0243
2024-11,29820,0.0213
2024-12,29820,0.0168
2025-01,29820,0.0189
2025-02,29820,0.0211
2025-03,29820,0.0212
2025-04,29820,0.0149
2025-05,29820,0.008
2025-06,29820,0.0036
2025-07,29820,0.0047
2025-08,29820,0.005
2025-09,29820,0.0052
2025-10,29820,0.0063
2025-11,29820,0.0055
2025-12,29820,0.0046
2026-01,29820,-0.0007
2026-02,29820,-0.0034
2026-03,29820,-0.0058
2026-04,29820,-0.0038
2026-05,29820,-0.0009
2026-06,29820,0.0028
2026-07,29820,0.0042
2018-01,30460,0.0294
2018-02,30460,0.0215
2018-03,30460,0.0235
2018-04,30460,0.0262
2018-05,30460,0.0353
2018-06,30460,0.0349
2018-07,30460,0.0319
2018-08,30460,0.0283
2018-09,30460,0.0215
2018-10,30460,0.0184
2018-11,30460,0.0194
2018-12,30460,0.0323
2019-01,30460,0.0326
2019-02,30460,0.033
2019-03,30460,0.0309
2019-04,30460,0.0327
2019-05,30460,0.0301
2019-06,30460,0.0298
2019-07,30460,0.0323
2019-08,30460,0.0385
2019-09,30460,0.042
2019-10,30460,0.0404
2019-11,30460,0.0338
2019-12,30460,0.0273
2020-01,30460,0.0301
2020-02,30460,0.0312
2020-03,30460,0.0377
2020-04,30460,0.0338
2020-05,30460,0.0303
2020-06,30460,0.0284
2020-07,30460,0.0285
2020-08,30460,0.0299
2020-09,30460,0.0324
2020-10,30460,0.0347
2020-11,30460,0.0423
2020-12,30460,0.0496
2021-01,30460,0.0534
2021-02,30460,0.06
2021-03,30460,0.0544
2021-04,30460,0.0659
2021-05,30460,0.0767
2021-06,30460,0.0904
2021-07,30460,0.0992
2021-08,30460,0.1093
2021-09,30460,0.1175
2021-10,30460,0.1254
2021-11,30460,0.1265
2021-12,30460,0.1248
2022-01,30460,0.121
2022-02,30460,0.1175
2022-03,30460,0.1261
2022-04,30460,0.1269
2022-05,30460,0.1286
2022-06,30460,0.1257
2022-07,30460,0.1266
2022-08,30460,0.1112
2022-09,30460,0.0996
2022-10,30460,0.0894
2022-11,30460,0.0858
2022-12,30460,0.088
2023-01,30460,0.0942
2023-02,30460,0.0986
2023-03,30460,0.0919
2023-04,30460,0.0828
2023-05,30460,0.0756
2023-06,30460,0.0664
2023-07,30460,0.0526
2023-08,30460,0.0557
2023-09,30460,0.0569
2023-10,30460,0.0619
2023-11,30460,0.0636
2023-12,30460,0.0602
2024-01,30460,0.0586
2024-02,30460,0.0505
2024-03,30460,0.0522
2024-04,30460,0.0531
2024-05,30460,0.0541
2024-06,30460,0.0583
2024-07,30460,0.0637
2024-08,30460,0.0662
2024-09,30460,0.0649
2024-10,30460,0.0646
2024-11,30460,0.0604
2024-12,30460,0.0585
2025-01,30460,0.0501
2025-02,30460,0.0553
2025-03,30460,0.0539
2025-04,30460,0.0573
2025-05,30460,0.0557
2025-06,30460,0.0542
2025-07,30460,0.0521
2025-08,30460,0.0483
2025-09,30460,0.0535
2025-10,30460,0.0502
2025-11,30460,0.0526
2025-12,30460,0.0505
2026-01,30460,0.0547
2026-02,30460,0.048
2026-03,30460,0.045
2026-04,30460,0.0383
2026-05,30460,0.0365
2026-06,30460,0.0331
2026-07,30460,0.0338
2018-01,30780,0.0118
2018-02,30780,0.0104
2018-03,30780,0.0161
2018-04,30780,0.0171
2018-05,30780,0.0175
2018-06,30780,0.0137
2018-07,30780,0.0132
2018-08,30780,0.0121
2018-09,30780,0.0189
2018-10,30780,0.0245
2018-11,30780,0.0228
2018-12,30780,0.0247
2019-01,30780,0.0227
2019-02,30780,0.0275
2019-03,30780,0.0258
2019-04,30780,0.0248
2019-05,30780,0.0287
2019-06,30780,0.0334
2019-07,30780,0.0381
2019-08,30780,0.0346
2019-09,30780,0.0276
2019-10,30780,0.0236
2019-11,30780,0.0235
2019-12,30780,0.0278
2020-01,30780,0.0265
2020-02,30780,0.0254
2020-03,30780,0.027
2020-04,30780,0.0305
2020-05,30780,0.0288
2020-06,30780,0.0334
2020-07,30780,0.0385
2020-08,30780,0.0483
2020-09,30780,0.0576
2020-10,30780,0.0626
2020-11,30780,0.0682
2020-12,30780,0.0706
2021-01,30780,0.0755
2021-02,30780,0.0812
2021-03,30780,0.0889
2021-04,30780,0.0985
2021-05,30780,0.1044
2021-06,30780,0.1028
2021-07,30780,0.0976
2021-08,30780,0.103
2021-09,30780,0.1055
2021-10,30780,0.11
2021-11,30780,0.1069
2021-12,30780,0.1056
2022-01,30780,0.1098
2022-02,30780,0.1088
2022-03,30780,0.0991
2022-04,30780,0.086
2022-05,30780,0.0827
2022-06,30780,0.0818
2022-07,30780,0.0856
2022-08,30780,0.0706
2022-09,30780,0.0633
2022-10,30780,0.0524
2022-11,30780,0.0543
2022-12,30780,0.0499
2023-01,30780,0.0415
2023-02,30780,0.0362
2023-03,30780,0.0391
2023-04,30780,0.0445
2023-05,30780,0.0433
2023-06,30780,0.0409
2023-07,30780,0.0345
2023-08,30780,0.0349
2023-09,30780,0.0346
2023-10,30780,0.0396
2023-11,30780,0.0406
2023-12,30780,0.0444
2024-01,30780,0.0495
2024-02,30780,0.0506
2024-03,30780,0.0483
2024-04,30780,0.0422
2024-05,30780,0.0431
2024-06,30780,0.0445
2024-07,30780,0.045
2024-08,30780,0.0478
2024-09,30780,0.0457
2024-10,30780,0.0439
2024-11,30780,0.0358
2024-12,30780,0.0321
2025-01,30780,0.027
2025-02,30780,0.0279
2025-03,30780,0.0289
2025-04,30780,0.0337
2025-05,30780,0.0288
2025-06,30780,0.023
2025-07,30780,0.0201
2025-08,30780,0.02
2025-09,30780,0.0218
2025-10,30780,0.022
2025-11,30780,0.0262
2025-12,30780,0.027
2026-01,30780,0.0279
2026-02,30780,0.0253
2026-03,30780,0.0219
2026-04,30780,0.0166
2026-05,30780,0.0189
2026-06,30780,0.0229
2026-07,30780,0.0278
2018-01,31080,0.0568
2018-02,31080,0.0551
2018-03,31080,0.0487
2018-04,31080,0.0464
2018-05,31080,0.0435
2018-06,31080,0.045
2018-07,31080,0.0451
2018-08,31080,0.0466
2018-09,31080,0.046
2018-10,31080,0.0473
2018-11,31080,0.0469
2018-12,31080,0.0469
2019-01,31080,0.0435
2019-02,31080,0.0401
2019-03,31080,0.0406
2019-04,31080,0.0418
2019-05,31080,0.0445
2019-06,31080,0.0429
2019-07,31080,0.0419
2019-08,31080,0.0396
2019-09,31080,0.0394
2019-10,31080,0.0377
2019-11,31080,0.0359
2019-12,31080,0.0342
2020-01,31080,0.0358
2020-02,31080,0.0368
2020-03,31080,0.0321
2020-04,31080,0.0242
2020-05,31080,0.0161
2020-06,31080,0.0097
2020-07,31080,0.0048
2020-08,31080,-0.0007
2020-09,31080,-0.0045
2020-10,31080,-0.0053
2020-11,31080,-0.0045
2020-12,31080,-0.0043
2021-01,31080,-0.0024
2021-02,31080,-0.0001
2021-03,31080,0.0074
2021-04,31080,0.0168
2021-05,31080,0.0287
2021-06,31080,0.0452
2021-07,31080,0.0629
2021-08,31080,0.0849
2021-09,31080,0.1022
2021-10,31080,0.1138
2021-11,31080,0.1208
2021-12,31080,0.1296
2022-01,31080,0.1335
2022-02,31080,0.1387
2022-03,31080,0.1414
2022-04,31080,0.1477
2022-05,31080,0.1478
2022-06,31080,0.141
2022-07,31080,0.1279
2022-08,31080,0.1104
2022-09,31080,0.0957
2022-10,31080,0.0837
2022-11,31080,0.0764
2022-12,31080,0.067
2023-01,31080,0.0589
2023-02,31080,0.0496
2023-03,31080,0.0442
2023-04,31080,0.0352
2023-05,31080,0.0289
2023-06,31080,0.0228
2023-07,31080,0.0215
2023-08,31080,0.0213
2023-09,31080,0.0209
2023-10,31080,0.0215
2023-11,31080,0.0199
2023-12,31080,0.0208
2024-01,31080,0.0214
2024-02,31080,0.0224
2024-03,31080,0.0203
2024-04,31080,0.0198
2024-05,31080,0.0201
2024-06,31080,0.0224
2024-07,31080,0.023
2024-08,31080,0.0232
2024-09,31080,0.0241
2024-10,31080,0.0239
2024-11,31080,0.025
2024-12,31080,0.0247
2025-01,31080,0.0289
2025-02,31080,0.0321
2025-03,31080,0.0347
2025-04,31080,0.0318
2025-05,31080,0.029
2025-06,31080,0.0267
2025-07,31080,0.0249
2025-08,31080,0.0248
2025-09,31080,0.0242
2025-10,31080,0.0246
2025-11,31080,0.0241
2025-12,31080,0.0232
2026-01,31080,0.0164
2026-02,31080,0.0107
2026-03,31080,0.0074
2026-04,31080,0.0112
2026-05,31080,0.0136
2026-06,31080,0.0147
2026-07,31080,0.015
2018-01,31140,0.0464
2018-02,31140,0.0417
2018-03,31140,0.0368
2018-04,31140,0.0343
2018-05,31140,0.0304
2018-06,31140,0.0294
2018-07,31140,0.0277
2018-08,31140,0.0318
2018-09,31140,0.0313
2018-10,31140,0.0358
2018-11,31140,0.0348
2018-12,31140,0.0367
2019-01,31140,0.0305
2019-02,31140,0.0302
2019-03,31140,0.03
2019-04,31140,0.0324
2019-05,31140,0.031
2019-06,31140,0.0357
2019-07,31140,0.036
2019-08,31140,0.0349
2019-09,31140,0.0312
2019-10,31140,0.0316
2019-11,31140,0.03
2019-12,31140,0.028
2020-01,31140,0.0268
2020-02,31140,0.0313
2020-03,31140,0.0385
2020-04,31140,0.0384
2020-05,31140,0.0377
2020-06,31140,0.0378
2020-07,31140,0.0401
2020-08,31140,0.0428
2020-09,31140,0.0452
2020-10,31140,0.0447
2020-11,31140,0.0456
2020-12,31140,0.0506
2021-01,31140,0.0512
2021-02,31140,0.0492
2021-03,31140,0.0386
2021-04,31140,0.0418
2021-05,31140,0.0481
2021-06,31140,0.0488
2021-07,31140,0.052
2021-08,31140,0.0572
2021-09,31140,0.067
2021-10,31140,0.0728
2021-11,31140,0.0794
2021-12,31140,0.0801
2022-01,31140,0.0897
2022-02,31140,0.0955
2022-03,31140,0.109
2022-04,31140,0.1115
2022-05,31140,0.113
2022-06,31140,0.1152
2022-07,31140,0.1165
2022-08,31140,0.1127
2022-09,31140,0.1032
2022-10,31140,0.0959
2022-11,31140,0.0904
2022-12,31140,0.0866
2023-01,31140,0.0821
2023-02,31140,0.0768
2023-03,31140,0.0703
2023-04,31140,0.0629
2023-05,31140,0.0594
2023-06,31140,0.0541
2023-07,31140,0.0477
2023-08,31140,0.0417
2023-09,31140,0.0426
2023-10,31140,0.0451
2023-11,31140,0.0506
2023-12,31140,0.0524
2024-01,31140,0.0547
2024-02,31140,0.0576
2024-03,31140,0.0576
2024-04,31140,0.0617
2024-05,31140,0.0596
2024-06,31140,0.0631
2024-07,31140,0.0624
2024-08,31140,0.0625
2024-09,31140,0.0592
2024-10,31140,0.0586
2024-11,31140,0.0499
2024-12,31140,0.0475
2025-01,31140,0.0369
2025-02,31140,0.0345
2025-03,31140,0.0292
2025-04,31140,0.0251
2025-05,31140,0.022
2025-06,31140,0.019
2025-07,31140,0.0207
2025-08,31140,0.024
2025-09,31140,0.0258
2025-10,31140,0.0227
2025-11,31140,0.0232
2025-12,31140,0.0205
2026-01,31140,0.0256
2026-02,31140,0.0212
2026-03,31140,0.0235
2026-04,31140,0.0232
2026-05,31140,0.0263
2026-06,31140,0.0226
2026-07,31140,0.0188
2018-01,31540,0.0256
2018-02,31540,0.0305
2018-03,31540,0.0253
2018-04,31540,0.0269
2018-05,31540,0.0227
2018-06,31540,0.0255
2018-07,31540,0.0247
2018-08,31540,0.0245
2018-09,31540,0.0199
2018-10,31540,0.0153
2018-11,31540,0.0263
2018-12,31540,0.0293
2019-01,31540,0.0372
2019-02,31540,0.0334
2019-03,31540,0.0333
2019-04,31540,0.0314
2019-05,31540,0.0314
2019-06,31540,0.0297
2019-07,31540,0.0281
2019-08,31540,0.0306
2019-09,31540,0.0355
2019-10,31540,0.0383
2019-11,31540,0.0306
2019-12,31540,0.0342
2020-01,31540,0.0352
2020-02,31540,0.0382
2020-03,31540,0.0388
2020-04,31540,0.0366
2020-05,31540,0.0343
2020-06,31540,0.0311
2020-07,31540,0.0306
2020-08,31540,0.0299
2020-09,31540,0.025
2020-10,31540,0.0231
2020-11,31540,0.0256
2020-12,31540,0.023
2021-01,31540,0.0201
2021-02,31540,0.0162
2021-03,31540,0.0234
2021-04,31540,0.0312
2021-05,31540,0.0368
2021-06,31540,0.0392
2021-07,31540,0.0447
2021-08,31540,0.0491
2021-09,31540,0.0602
2021-10,31540,0.0658
2021-11,31540,0.0667
2021-12,31540,0.0691
2022-01,31540,0.07
2022-02,31540,0.0744
2022-03,31540,0.0656
2022-04,31540,0.0644
2022-05,31540,0.0706
2022-06,31540,0.0818
2022-07,31540,0.0853
2022-08,31540,0.0854
2022-09,31540,0.0808
2022-10,31540,0.0761
2022-11,31540,0.0769
2022-12,31540,0.079
2023-01,31540,0.0907
2023-02,31540,0.0997
2023-03,31540,0.1109
2023-04,31540,0.1117
2023-05,31540,0.1072
2023-06,31540,0.1018
2023-07,31540,0.0991
2023-08,31540,0.0979
2023-09,31540,0.0916
2023-10,31540,0.0903
2023-11,31540,0.0883
2023-12,31540,0.0875
2024-01,31540,0.0779
2024-02,31540,0.0674
2024-03,31540,0.0612
2024-04,31540,0.0578
2024-05,31540,0.0525
2024-06,31540,0.0466
2024-07,31540,0.0395
2024-08,31540,0.0356
2024-09,31540,0.0372
2024-10,31540,0.0436
2024-11,31540,0.0463
2024-12,31540,0.0484
2025-01,31540,0.0426
2025-02,31540,0.0417
2025-03,31540,0.0365
2025-04,31540,0.0354
2025-05,31540,0.0354
2025-06,31540,0.037
2025-07,31540,0.0388
2025-08,31540,0.0384
2025-09,31540,0.0416
2025-10,31540,0.0355
2025-11,31540,0.0308
2025-12,31540,0.0202
2026-01,31540,0.0238
2026-02,31540,0.0239
2026-03,31540,0.027
2026-04,31540,0.0264
2026-05,31540,0.028
2026-06,31540,0.0268
2026-07,31540,0.0279
2018-01,32580,0.016
2018-02,32580,0.0131
2018-03,32580,0.0132
2018-04,32580,0.024
2018-05,32580,0.022
2018-06,32580,0.0197
2018-07,32580,0.0136
2018-08,32580,0.0156
2018-09,32580,0.0109
2018-10,32580,0.0116
2018-11,32580,0.0133
2018-12,32580,0.0214
2019-01,32580,0.0191
2019-02,32580,0.0206
2019-03,32580,0.0155
2019-04,32580,0.0157
2019-05,32580,0.0239
2019-06,32580,0.0273
2019-07,32580,0.0336
2019-08,32580,0.0278
2019-09,32580,0.0279
2019-10,32580,0.0286
2019-11,32580,0.0272
2019-12,32580,0.0253
2020-01,32580,0.0193
2020-02,32580,0.0176
2020-03,32580,0.0292
2020-04,32580,0.0307
2020-05,32580,0.0251
2020-06,32580,0.017
2020-07,32580,0.0186
2020-08,32580,0.0266
2020-09,32580,0.0313
2020-10,32580,0.0321
2020-11,32580,0.0342
2020-12,32580,0.0409
2021-01,32580,0.0515
2021-02,32580,0.06
2021-03,32580,0.0511
2021-04,32580,0.0522
2021-05,32580,0.0606
2021-06,32580,0.0783
2021-07,32580,0.0835
2021-08,32580,0.0841
2021-09,32580,0.096
2021-10,32580,0.0985
2021-11,32580,0.1096
2021-12,32580,0.1032
2022-01,32580,0.1042
2022-02,32580,0.103
2022-03,32580,0.101
2022-04,32580,0.1055
2022-05,32580,0.1057
2022-06,32580,0.1007
2022-07,32580,0.0929
2022-08,32580,0.0873
2022-09,32580,0.0705
2022-10,32580,0.0695
2022-11,32580,0.057
2022-12,32580,0.0585
2023-01,32580,0.0542
2023-02,32580,0.05
2023-03,32580,0.059
2023-04,32580,0.0501
2023-05,32580,0.0407
2023-06,32580,0.0368
2023-07,32580,0.0341
2023-08,32580,0.0369
2023-09,32580,0.0366
2023-10,32580,0.0371
2023-11,32580,0.0356
2023-12,32580,0.0341
2024-01,32580,0.0295
2024-02,32580,0.0271
2024-03,32580,0.0157
2024-04,32580,0.0179
2024-05,32580,0.0198
2024-06,32580,0.0157
2024-07,32580,0.0154
2024-08,32580,0.0106
2024-09,32580,0.01
2024-10,32580,0.0053
2024-11,32580,0.0072
2024-12,32580,0.0052
2025-01,32580,0.0065
2025-02,32580,0.004
2025-03,32580,0.0074
2025-04,32580,0.0016
2025-05,32580,0.003
2025-06,32580,0.006
2025-07,32580,0.0054
2025-08,32580,0.0055
2025-09,32580,0.0073
2025-10,32580,0.0073
2025-11,32580,0.0055
2025-12,32580,0.0046
2026-01,32580,0.0035
2026-02,32580,0.0065
2026-03,32580,0.0038
2026-04,32580,0.0077
2026-05,32580,0.0038
2026-06,32580,0.0022
2026-07,32580,0.0043
2018-01,32820,0.0255
2018-02,32820,0.0258
2018-03,32820,0.0279
2018-04,32820,0.0292
2018-05,32820,0.0284
2018-06,32820,0.0341
2018-07,32820,0.0341
2018-08,32820,0.0368
2018-09,32820,0.0329
2018-10,32820,0.0361
2018-11,32820,0.0356
2018-12,32820,0.0382
2019-01,32820,0.0366
2019-02,32820,0.0379
2019-03,32820,0.0376
2019-04,32820,0.038
2019-05,32820,0.0382
2019-06,32820,0.0358
2019-07,32820,0.0381
2019-08,32820,0.0367
2019-09,32820,0.0409
2019-10,32820,0.0379
2019-11,32820,0.0409
2019-12,32820,0.0407
2020-01,32820,0.0471
2020-02,32820,0.0482
2020-03,32820,0.0588
2020-04,32820,0.0618
2020-05,32820,0.0661
2020-06,32820,0.0701
2020-07,32820,0.0771
2020-08,32820,0.0845
2020-09,32820,0.0881
2020-10,32820,0.096
2020-11,32820,0.1021
2020-12,32820,0.107
2021-01,32820,0.109
2021-02,32820,0.1137
2021-03,32820,0.1088
2021-04,32820,0.1131
2021-05,32820,0.1191
2021-06,32820,0.1267
2021-07,32820,0.1269
2021-08,32820,0.1318
2021-09,32820,0.1402
2021-10,32820,0.1459
2021-11,32820,0.1406
2021-12,32820,0.1396
2022-01,32820,0.1325
2022-02,32820,0.1306
2022-03,32820,0.1254
2022-04,32820,0.1214
2022-05,32820,0.1131
2022-06,32820,0.1045
2022-07,32820,0.0972
2022-08,32820,0.0815
2022-09,32820,0.0665
2022-10,32820,0.051
2022-11,32820,0.0534
2022-12,32820,0.0473
2023-01,32820,0.0501
2023-02,32820,0.0422
2023-03,32820,0.0434
2023-04,32820,0.04
2023-05,32820,0.0366
2023-06,32820,0.0305
2023-07,32820,0.0266
2023-08,32820,0.0277
2023-09,32820,0.024
2023-10,32820,0.0224
2023-11,32820,0.0133
2023-12,32820,0.0202
2024-01,32820,0.0242
2024-02,32820,0.0321
2024-03,32820,0.0284
2024-04,32820,0.025
2024-05,32820,0.0254
2024-06,32820,0.0298
2024-07,32820,0.032
2024-08,32820,0.0336
2024-09,32820,0.0389
2024-10,32820,0.0439
2024-11,32820,0.0476
2024-12,32820,0.0378
2025-01,32820,0.0279
2025-02,32820,0.0232
2025-03,32820,0.0248
2025-04,32820,0.0288
2025-05,32820,0.0256
2025-06,32820,0.0231
2025-07,32820,0.0185
2025-08,32820,0.0182
2025-09,32820,0.0182
2025-10,32820,0.017
2025-11,32820,0.015
2025-12,32820,0.0163
2026-01,32820,0.0161
2026-02,32820,0.012
2026-03,32820,0.0086
2026-04,32820,0.0049
2026-05,32820,0.0085
2026-06,32820,0.0078
2026-07,32820,0.013
2018-01,33100,0.0294
2018-02,33100,0.0293
2018-03,33100,0.0263
2018-04,33100,0.0276
2018-05,33100,0.0285
2018-06,33100,0.0301
2018-07,33100,0.0301
2018-08,33100,0.0298
2018-09,33100,0.029
2018-10,33100,0.0297
2018-11,33100,0.0321
2018-12,33100,0.0341
2019-01,33100,0.0327
2019-02,33100,0.0308
2019-03,33100,0.029
2019-04,33100,0.0282
2019-05,33100,0.0285
2019-06,33100,0.0278
2019-07,33100,0.0277
2019-08,33100,0.0258
2019-09,33100,0.0269
2019-10,33100,0.0274
2019-11,33100,0.0295
2019-12,33100,0.0292
2020-01,33100,0.0318
2020-02,33100,0.0344
2020-03,33100,0.0353
2020-04,33100,0.0308
2020-05,33100,0.0239
2020-06,33100,0.02
2020-07,33100,0.0176
2020-08,33100,0.0175
2020-09,33100,0.0167
2020-10,33100,0.0206
2020-11,33100,0.0252
2020-12,33100,0.0316
2021-01,33100,0.039
2021-02,33100,0.0501
2021-03,33100,0.0653
2021-04,33100,0.0872
2021-05,33100,0.114
2021-06,33100,0.1432
2021-07,33100,0.1764
2021-08,33100,0.2095
2021-09,33100,0.2393
2021-10,33100,0.2556
2021-11,33100,0.2696
2021-12,33100,0.2845
2022-01,33100,0.2957
2022-02,33100,0.2973
2022-03,33100,0.296
2022-04,33100,0.2936
2022-05,33100,0.2866
2022-06,33100,0.2676
2022-07,33100,0.2379
2022-08,33100,0.2045
2022-09,33100,0.1762
2022-10,33100,0.1558
2022-11,33100,0.1369
2022-12,33100,0.1163
2023-01,33100,0.0967
2023-02,33100,0.0816
2023-03,33100,0.0671
2023-04,33100,0.0504
2023-05,33100,0.0355
2023-06,33100,0.026
2023-07,33100,0.0211
2023-08,33100,0.0204
2023-09,33100,0.0187
2023-10,33100,0.0197
2023-11,33100,0.0177
2023-12,33100,0.015
2024-01,33100,0.0139
2024-02,33100,0.0145
2024-03,33100,0.0159
2024-04,33100,0.0166
2024-05,33100,0.0161
2024-06,33100,0.0167
2024-07,33100,0.0178
2024-08,33100,0.0185
2024-09,33100,0.0192
2024-10,33100,0.0163
2024-11,33100,0.0154
2024-12,33100,0.0169
2025-01,33100,0.018
2025-02,33100,0.0165
2025-03,33100,0.0136
2025-04,33100,0.0118
2025-05,33100,0.0115
2025-06,33100,0.0107
2025-07,33100,0.0091
2025-08,33100,0.0081
2025-09,33100,0.0066
2025-10,33100,0.0062
2025-11,33100,0.0067
2025-12,33100,0.0065
2026-01,33100,0.005
2026-02,33100,0.0045
2026-03,33100,0.0056
2026-04,33100,0.0083
2026-05,33100,0.0106
2026-06,33100,0.0119
2026-07,33100,0.0143
2018-01,33340,0.0249
2018-02,33340,0.0284
2018-03,33340,0.0319
2018-04,33340,0.0313
2018-05,33340,0.0281
2018-06,33340,0.0289
2018-07,33340,0.0281
2018-08,33340,0.0302
2018-09,33340,0.0259
2018-10,33340,0.0326
2018-11,33340,0.0286
2018-12,33340,0.0256
2019-01,33340,0.0208
2019-02,33340,0.0245
2019-03,33340,0.0277
2019-04,33340,0.0297
2019-05,33340,0.0292
2019-06,33340,0.0318
2019-07,33340,0.0323
2019-08,33340,0.0323
2019-09,33340,0.0397
2019-10,33340,0.0377
2019-11,33340,0.0412
2019-12,33340,0.0403
2020-01,33340,0.0384
2020-02,33340,0.0349
2020-03,33340,0.0341
2020-04,33340,0.0345
2020-05,33340,0.0341
2020-06,33340,0.0319
2020-07,33340,0.0336
2020-08,33340,0.0337
2020-09,33340,0.0313
2020-10,33340,0.0318
2020-11,33340,0.0313
2020-12,33340,0.0321
2021-01,33340,0.0359
2021-02,33340,0.0386
2021-03,33340,0.0403
2021-04,33340,0.0414
2021-05,33340,0.0471
2021-06,33340,0.0539
2021-07,33340,0.0536
2021-08,33340,0.0573
2021-09,33340,0.0625
2021-10,33340,0.0709
2021-11,33340,0.0763
2021-12,33340,0.08
2022-01,33340,0.0805
2022-02,33340,0.0799
2022-03,33340,0.0796
2022-04,33340,0.0804
2022-05,33340,0.0811
2022-06,33340,0.0802
2022-07,33340,0.0832
2022-08,33340,0.0838
2022-09,33340,0.0791
2022-10,33340,0.071
2022-11,33340,0.0642
2022-12,33340,0.0637
2023-01,33340,0.065
2023-02,33340,0.0701
2023-03,33340,0.0705
2023-04,33340,0.0703
2023-05,33340,0.0645
2023-06,33340,0.0594
2023-07,33340,0.0581
2023-08,33340,0.0551
2023-09,33340,0.0554
2023-10,33340,0.0525
2023-11,33340,0.0546
2023-12,33340,0.056
2024-01,33340,0.0547
2024-02,33340,0.0466
2024-03,33340,0.0427
2024-04,33340,0.0416
2024-05,33340,0.047
2024-06,33340,0.0498
2024-07,33340,0.0465
2024-08,33340,0.0459
2024-09,33340,0.0436
2024-10,33340,0.046
2024-11,33340,0.0441
2024-12,33340,0.0415
2025-01,33340,0.0419
2025-02,33340,0.0476
2025-03,33340,0.0494
2025-04,33340,0.047
2025-05,33340,0.042
2025-06,33340,0.0385
2025-07,33340,0.0372
2025-08,33340,0.0357
2025-09,33340,0.0385
2025-10,33340,0.0413
2025-11,33340,0.0446
2025-12,33340,0.0428
2026-01,33340,0.0394
2026-02,33340,0.0355
2026-03,33340,0.0352
2026-04,33340,0.0378
2026-05,33340,0.0395
2026-06,33340,0.0429
2026-07,33340,0.0479
2018-01,33460,0.0549
2018-02,33460,0.0547
2018-03,33460,0.0509
2018-04,33460,0.0483
2018-05,33460,0.0471
2018-06,33460,0.0423
2018-07,33460,0.0419
2018-08,33460,0.042
2018-09,33460,0.0439
2018-10,33460,0.0442
2018-11,33460,0.0473
2018-12,33460,0.0453
2019-01,33460,0.0431
2019-02,33460,0.0376
2019-03,33460,0.0389
2019-04,33460,0.0429
2019-05,33460,0.0484
2019-06,33460,0.0515
2019-07,33460,0.0491
2019-08,33460,0.0466
2019-09,33460,0.0447
2019-10,33460,0.0449
2019-11,33460,0.0431
2019-12,33460,0.0414
2020-01,33460,0.0409
2020-02,33460,0.0436
2020-03,33460,0.0411
2020-04,33460,0.034
2020-05,33460,0.0241
2020-06,33460,0.0209
2020-07,33460,0.0188
2020-08,33460,0.0196
2020-09,33460,0.0171
2020-10,33460,0.0181
2020-11,33460,0.014
2020-12,33460,0.0115
2021-01,33460,0.0059
2021-02,33460,0.0033
2021-03,33460,0.0052
2021-04,33460,0.0126
2021-05,33460,0.0238
2021-06,33460,0.0302
2021-07,33460,0.0361
2021-08,33460,0.0386
2021-09,33460,0.0443
2021-10,33460,0.0433
2021-11,33460,0.049
2021-12,33460,0.0532
2022-01,33460,0.061
2022-02,33460,0.0639
2022-03,33460,0.0642
2022-04,33460,0.0627
2022-05,33460,0.0589
2022-06,33460,0.0545
2022-07,33460,0.0511
2022-08,33460,0.0469
2022-09,33460,0.0432
2022-10,33460,0.0407
2022-11,33460,0.0374
2022-12,33460,0.0353
2023-01,33460,0.0334
2023-02,33460,0.0329
2023-03,33460,0.0318
2023-04,33460,0.0283
2023-05,33460,0.025
2023-06,33460,0.0229
2023-07,33460,0.0221
2023-08,33460,0.0218
2023-09,33460,0.02
2023-10,33460,0.0211
2023-11,33460,0.0229
2023-12,33460,0.0239
2024-01,33460,0.0241
2024-02,33460,0.0236
2024-03,33460,0.0244
2024-04,33460,0.0267
2024-05,33460,0.0278
2024-06,33460,0.0277
2024-07,33460,0.0255
2024-08,33460,0.027
2024-09,33460,0.0298
2024-10,33460,0.0296
2024-11,33460,0.0284
2024-12,33460,0.0269
2025-01,33460,0.0283
2025-02,33460,0.0289
2025-03,33460,0.0291
2025-04,33460,0.0293
2025-05,33460,0.0303
2025-06,33460,0.0338
2025-07,33460,0.0366
2025-08,33460,0.0375
2025-09,33460,0.0372
2025-10,33460,0.039
2025-11,33460,0.0402
2025-12,33460,0.0422
2026-01,33460,0.0391
2026-02,33460,0.0377
2026-03,33460,0.0357
2026-04,33460,0.0354
2026-05,33460,0.0362
2026-06,33460,0.0348
2026-07,33460,0.036
2018-01,33700,0.075
2018-02,33700,0.0717
2018-03,33700,0.0742
2018-04,33700,0.0655
2018-05,33700,0.0707
2018-06,33700,0.06
2018-07,33700,0.0618
2018-08,33700,0.0631
2018-09,33700,0.0665
2018-10,33700,0.0795
2018-11,33700,0.0757
2018-12,33700,0.0816
2019-01,33700,0.0627
2019-02,33700,0.0617
2019-03,33700,0.0512
2019-04,33700,0.0597
2019-05,33700,0.0541
2019-06,33700,0.0596
2019-07,33700,0.0509
2019-08,33700,0.0511
2019-09,33700,0.0401
2019-10,33700,0.0395
2019-11,33700,0.042
2019-12,33700,0.0441
2020-01,33700,0.0532
2020-02,33700,0.0543
2020-03,33700,0.0642
2020-04,33700,0.0612
2020-05,33700,0.0636
2020-06,33700,0.062
2020-07,33700,0.0716
2020-08,33700,0.0741
2020-09,33700,0.0831
2020-10,33700,0.0902
2020-11,33700,0.0967
2020-12,33700,0.0997
2021-01,33700,0.1035
2021-02,33700,0.1056
2021-03,33700,0.1064
2021-04,33700,0.106
2021-05,33700,0.1151
2021-06,33700,0.1241
2021-07,33700,0.131
2021-08,33700,0.1345
2021-09,33700,0.1343
2021-10,33700,0.1237
2021-11,33700,0.1238
2021-12,33700,0.1274
2022-01,33700,0.1284
2022-02,33700,0.1292
2022-03,33700,0.1278
2022-04,33700,0.1389
2022-05,33700,0.1262
2022-06,33700,0.1141
2022-07,33700,0.0927
2022-08,33700,0.0862
2022-09,33700,0.079
2022-10,33700,0.0775
2022-11,33700,0.0643
2022-12,33700,0.0484
2023-01,33700,0.0433
2023-02,33700,0.0374
2023-03,33700,0.034
2023-04,33700,0.0191
2023-05,33700,0.0212
2023-06,33700,0.0215
2023-07,33700,0.0289
2023-08,33700,0.0278
2023-09,33700,0.0334
2023-10,33700,0.0374
2023-11,33700,0.0412
2023-12,33700,0.0472
2024-01,33700,0.0414
2024-02,33700,0.0426
2024-03,33700,0.0373
2024-04,33700,0.0411
2024-05,33700,0.0394
2024-06,33700,0.0419
2024-07,33700,0.039
2024-08,33700,0.0382
2024-09,33700,0.0329
2024-10,33700,0.0326
2024-11,33700,0.0362
2024-12,33700,0.0326
2025-01,33700,0.0311
2025-02,33700,0.0272
2025-03,33700,0.0299
2025-04,33700,0.0309
2025-05,33700,0.0321
2025-06,33700,0.027
2025-07,33700,0.027
2025-08,33700,0.0257
2025-09,33700,0.0232
2025-10,33700,0.0144
2025-11,33700,0.0072
2025-12,33700,0.0104
2026-01,33700,0.0156
2026-02,33700,0.0185
2026-03,33700,0.0161
2026-04,33700,0.0118
2026-05,33700,0.0047
2026-06,33700,0.0051
2026-07,33700,0.0034
2018-01,34980,0.039
2018-02,34980,0.0368
2018-03,34980,0.0292
2018-04,34980,0.0234
2018-05,34980,0.0219
2018-06,34980,0.0289
2018-07,34980,0.0284
2018-08,34980,0.0274
2018-09,34980,0.0227
2018-10,34980,0.0325
2018-11,34980,0.0342
2018-12,34980,0.0373
2019-01,34980,0.0272
2019-02,34980,0.0266
2019-03,34980,0.0316
2019-04,34980,0.0354
2019-05,34980,0.0404
2019-06,34980,0.0373
2019-07,34980,0.0409
2019-08,34980,0.0406
2019-09,34980,0.0443
2019-10,34980,0.0352
2019-11,34980,0.0376
2019-12,34980,0.0375
2020-01,34980,0.0486
2020-02,34980,0.0489
2020-03,34980,0.0458
2020-04,34980,0.0413
2020-05,34980,0.0327
2020-06,34980,0.0278
2020-07,34980,0.0212
2020-08,34980,0.0209
2020-09,34980,0.0174
2020-10,34980,0.0221
2020-11,34980,0.019
2020-12,34980,0.0201
2021-01,34980,0.0173
2021-02,34980,0.0217
2021-03,34980,0.0281
2021-04,34980,0.0402
2021-05,34980,0.0582
2021-06,34980,0.0791
2021-07,34980,0.1015
2021-08,34980,0.1216
2021-09,34980,0.1435
2021-10,34980,0.1564
2021-11,34980,0.1669
2021-12,34980,0.1746
2022-01,34980,0.1784
2022-02,34980,0.1809
2022-03,34980,0.1791
2022-04,34980,0.1753
2022-05,34980,0.1673
2022-06,34980,0.157
2022-07,34980,0.1415
2022-08,34980,0.1196
2022-09,34980,0.096
2022-10,34980,0.0771
2022-11,34980,0.0695
2022-12,34980,0.0591
2023-01,34980,0.0555
2023-02,34980,0.0458
2023-03,34980,0.0434
2023-04,34980,0.0343
2023-05,34980,0.0266
2023-06,34980,0.0147
2023-07,34980,0.0074
2023-08,34980,0.004
2023-09,34980,0.0056
2023-10,34980,0.0067
2023-11,34980,0.003
2023-12,34980,0.0004
2024-01,34980,-0.0013
2024-02,34980,-0.0004
2024-03,34980,-0.0012
2024-04,34980,0.0004
2024-05,34980,0.0021
2024-06,34980,0.0057
2024-07,34980,0.0067
2024-08,34980,0.0095
2024-09,34980,0.0081
2024-10,34980,0.0083
2024-11,34980,0.009
2024-12,34980,0.012
2025-01,34980,0.0093
2025-02,34980,0.0097
2025-03,34980,0.0078
2025-04,34980,0.0077
2025-05,34980,0.0042
2025-06,34980,0.0029
2025-07,34980,0.0035
2025-08,34980,0.0049
2025-09,34980,0.0076
2025-10,34980,0.0087
2025-11,34980,0.0074
2025-12,34980,0.0047
2026-01,34980,0.0043
2026-02,34980,0.0013
2026-03,34980,-0.0013
2026-04,34980,-0.0024
2026-05,34980,0.0012
2026-06,34980,0.0043
2026-07,34980,0.0062
2018-01,35300,0.0233
2018-02,35300,0.0224
2018-03,35300,0.0306
2018-04,35300,0.0317
2018-05,35300,0.0326
2018-06,35300,0.0279
2018-07,35300,0.0301
2018-08,35300,0.0304
2018-09,35300,0.0358
2018-10,35300,0.0372
2018-11,35300,0.0381
2018-12,35300,0.0373
2019-01,35300,0.0425
2019-02,35300,0.0463
2019-03,35300,0.0413
2019-04,35300,0.0378
2019-05,35300,0.0375
2019-06,35300,0.0378
2019-07,35300,0.0348
2019-08,35300,0.0319
2019-09,35300,0.0303
2019-10,35300,0.0337
2019-11,35300,0.0382
2019-12,35300,0.0348
2020-01,35300,0.0301
2020-02,35300,0.0249
2020-03,35300,0.0382
2020-04,35300,0.0423
2020-05,35300,0.0418
2020-06,35300,0.0416
2020-07,35300,0.0403
2020-08,35300,0.0458
2020-09,35300,0.0489
2020-10,35300,0.057
2020-11,35300,0.0572
2020-12,35300,0.0628
2021-01,35300,0.0701
2021-02,35300,0.0786
2021-03,35300,0.0685
2021-04,35300,0.0657
2021-05,35300,0.0763
2021-06,35300,0.0889
2021-07,35300,0.11
2021-08,35300,0.1124
2021-09,35300,0.1217
2021-10,35300,0.1116
2021-11,35300,0.1176
2021-12,35300,0.1241
2022-01,35300,0.1245
2022-02,35300,0.1232
2022-03,35300,0.126
2022-04,35300,0.1418
2022-05,35300,0.1401
2022-06,35300,0.1284
2022-07,35300,0.1092
2022-08,35300,0.1043
2022-09,35300,0.0978
2022-10,35300,0.1004
2022-11,35300,0.0953
2022-12,35300,0.0847
2023-01,35300,0.0849
2023-02,35300,0.0828
2023-03,35300,0.0819
2023-04,35300,0.0666
2023-05,35300,0.0615
2023-06,35300,0.0694
2023-07,35300,0.0754
2023-08,35300,0.0807
2023-09,35300,0.0733
2023-10,35300,0.0733
2023-11,35300,0.0747
2023-12,35300,0.0806
2024-01,35300,0.0798
2024-02,35300,0.0784
2024-03,35300,0.0788
2024-04,35300,0.0826
2024-05,35300,0.0834
2024-06,35300,0.0793
2024-07,35300,0.0757
2024-08,35300,0.0715
2024-09,35300,0.0709
2024-10,35300,0.0688
2024-11,35300,0.0614
2024-12,35300,0.058
2025-01,35300,0.0514
2025-02,35300,0.057
2025-03,35300,0.0558
2025-04,35300,0.054
2025-05,35300,0.0492
2025-06,35300,0.0395
2025-07,35300,0.0361
2025-08,35300,0.0306
2025-09,35300,0.0373
2025-10,35300,0.0364
2025-11,35300,0.041
2025-12,35300,0.039
2026-01,35300,0.0409
2026-02,35300,0.0299
2026-03,35300,0.0224
2026-04,35300,0.0193
2026-05,35300,0.0202
2026-06,35300,0.0266
2026-07,35300,0.0275
2018-01,35380,0.018
2018-02,35380,0.0152
2018-03,35380,0.022
2018-04,35380,0.022
2018-05,35380,0.0219
2018-06,35380,0.0208
2018-07,35380,0.0223
2018-08,35380,0.0214
2018-09,35380,0.0181
2018-10,35380,0.0176
2018-11,35380,0.019
2018-12,35380,0.0175
2019-01,35380,0.0205
2019-02,35380,0.0278
2019-03,35380,0.0281
2019-04,35380,0.0254
2019-05,35380,0.0241
2019-06,35380,0.0267
2019-07,35380,0.0277
2019-08,35380,0.0309
2019-09,35380,0.0339
2019-10,35380,0.0364
2019-11,35380,0.0367
2019-12,35380,0.0359
2020-01,35380,0.0346
2020-02,35380,0.0276
2020-03,35380,0.029
2020-04,35380,0.0279
2020-05,35380,0.0289
2020-06,35380,0.0273
2020-07,35380,0.0299
2020-08,35380,0.0301
2020-09,35380,0.0303
2020-10,35380,0.0302
2020-11,35380,0.0305
2020-12,35380,0.0316
2021-01,35380,0.0348
2021-02,35380,0.038
2021-03,35380,0.0407
2021-04,35380,0.0452
2021-05,35380,0.0521
2021-06,35380,0.059
2021-07,35380,0.064
2021-08,35380,0.0725
2021-09,35380,0.0869
2021-10,35380,0.1012
2021-11,35380,0.1139
2021-12,35380,0.123
2022-01,35380,0.1279
2022-02,35380,0.1351
2022-03,35380,0.1313
2022-04,35380,0.1341
2022-05,35380,0.1268
2022-06,35380,0.1229
2022-07,35380,0.1126
2022-08,35380,0.1004
2022-09,35380,0.0806
2022-10,35380,0.0608
2022-11,35380,0.0442
2022-12,35380,0.0336
2023-01,35380,0.0245
2023-02,35380,0.0184
2023-03,35380,0.0191
2023-04,35380,0.0154
2023-05,35380,0.0172
2023-06,35380,0.0141
2023-07,35380,0.0162
2023-08,35380,0.018
2023-09,35380,0.0196
2023-10,35380,0.0246
2023-11,35380,0.0258
2023-12,35380,0.0293
2024-01,35380,0.0297
2024-02,35380,0.0263
2024-03,35380,0.0227
2024-04,35380,0.021
2024-05,35380,0.0206
2024-06,35380,0.0216
2024-07,35380,0.0218
2024-08,35380,0.022
2024-09,35380,0.0282
2024-10,35380,0.0293
2024-11,35380,0.034
2024-12,35380,0.0291
2025-01,35380,0.0294
2025-02,35380,0.0319
2025-03,35380,0.0339
2025-04,35380,0.0335
2025-05,35380,0.0266
2025-06,35380,0.0223
2025-07,35380,0.0173
2025-08,35380,0.0142
2025-09,35380,0.0067
2025-10,35380,0.0039
2025-11,35380,-0.0002
2025-12,35380,0.0035
2026-01,35380,0.0031
2026-02,35380,0.0015
2026-03,35380,-0.001
2026-04,35380,-0.002
2026-05,35380,0.0038
2026-06,35380,0.0077
2026-07,35380,0.0119
2018-01,35620,0.0126
2018-02,35620,0.015
2018-03,35620,0.0153
2018-04,35620,0.0171
2018-05,35620,0.0169
2018-06,35620,0.0176
2018-07,35620,0.018
2018-08,35620,0.0208
2018-09,35620,0.0222
2018-10,35620,0.0247
2018-11,35620,0.0273
2018-12,35620,0.0288
2019-01,35620,0.029
2019-02,35620,0.0295
2019-03,35620,0.0301
2019-04,35620,0.0291
2019-05,35620,0.0293
2019-06,35620,0.0304
2019-07,35620,0.0315
2019-08,35620,0.0308
2019-09,35620,0.0307
2019-10,35620,0.0325
2019-11,35620,0.0328
2019-12,35620,0.0342
2020-01,35620,0.0345
2020-02,35620,0.0353
2020-03,35620,0.0289
2020-04,35620,0.0205
2020-05,35620,0.0071
2020-06,35620,-0.0094
2020-07,35620,-0.0258
2020-08,35620,-0.0457
2020-09,35620,-0.0636
2020-10,35620,-0.0773
2020-11,35620,-0.085
2020-12,35620,-0.0887
2021-01,35620,-0.0898
2021-02,35620,-0.0897
2021-03,35620,-0.0819
2021-04,35620,-0.0692
2021-05,35620,-0.0473
2021-06,35620,-0.0188
2021-07,35620,0.0143
2021-08,35620,0.0565
2021-09,35620,0.0989
2021-10,35620,0.1331
2021-11,35620,0.1592
2021-12,35620,0.1762
2022-01,35620,0.1883
2022-02,35620,0.1961
2022-03,35620,0.2016
2022-04,35620,0.2041
2022-05,35620,0.2016
2022-06,35620,0.1956
2022-07,35620,0.1843
2022-08,35620,0.1664
2022-09,35620,0.1456
2022-10,35620,0.1265
2022-11,35620,0.1085
2022-12,35620,0.0947
2023-01,35620,0.0844
2023-02,35620,0.0774
2023-03,35620,0.072
2023-04,35620,0.0676
2023-05,35620,0.0612
2023-06,35620,0.0524
2023-07,35620,0.0437
2023-08,35620,0.0379
2023-09,35620,0.0367
2023-10,35620,0.0368
2023-11,35620,0.0388
2023-12,35620,0.0407
2024-01,35620,0.0429
2024-02,35620,0.0438
2024-03,35620,0.0435
2024-04,35620,0.0413
2024-05,35620,0.0396
2024-06,35620,0.0393
2024-07,35620,0.0384
2024-08,35620,0.0373
2024-09,35620,0.0354
2024-10,35620,0.0357
2024-11,35620,0.0388
2024-12,35620,0.041
2025-01,35620,0.0424
2025-02,35620,0.0417
2025-03,35620,0.0412
2025-04,35620,0.0408
2025-05,35620,0.04
2025-06,35620,0.0413
2025-07,35620,0.0454
2025-08,35620,0.0502
2025-09,35620,0.053
2025-10,35620,0.0532
2025-11,35620,0.049
2025-12,35620,0.0459
2026-01,35620,0.0413
2026-02,35620,0.0406
2026-03,35620,0.0399
2026-04,35620,0.0406
2026-05,35620,0.044
2026-06,35620,0.0452
2026-07,35620,0.0452
2018-01,35840,0.0427
2018-02,35840,0.0507
2018-03,35840,0.04
2018-04,35840,0.0215
2018-05,35840,0.0185
2018-06,35840,0.0242
2018-07,35840,0.0377
2018-08,35840,0.0385
2018-09,35840,0.0367
2018-10,35840,0.0282
2018-11,35840,0.0306
2018-12,35840,0.0286
2019-01,35840,0.0323
2019-02,35840,0.025
2019-03,35840,0.0308
2019-04,35840,0.0365
2019-05,35840,0.0398
2019-06,35840,0.0397
2019-07,35840,0.0357
2019-08,35840,0.0362
2019-09,35840,0.0335
2019-10,35840,0.0355
2019-11,35840,0.0375
2019-12,35840,0.0409
2020-01,35840,0.0385
2020-02,35840,0.039
2020-03,35840,0.0408
2020-04,35840,0.036
2020-05,35840,0.0297
2020-06,35840,0.0246
2020-07,35840,0.0251
2020-08,35840,0.0234
2020-09,35840,0.03
2020-10,35840,0.0393
2020-11,35840,0.0498
2020-12,35840,0.0617
2021-01,35840,0.06
2021-02,35840,0.0697
2021-03,35840,0.0798
2021-04,35840,0.107
2021-05,35840,0.1368
2021-06,35840,0.1707
2021-07,35840,0.2071
2021-08,35840,0.2471
2021-09,35840,0.2711
2021-10,35840,0.2818
2021-11,35840,0.28
2021-12,35840,0.2745
2022-01,35840,0.2966
2022-02,35840,0.2969
2022-03,35840,0.2912
2022-04,35840,0.2788
2022-05,35840,0.2597
2022-06,35840,0.2375
2022-07,35840,0.1922
2022-08,35840,0.145
2022-09,35840,0.1133
2022-10,35840,0.0929
2022-11,35840,0.0907
2022-12,35840,0.0847
2023-01,35840,0.0734
2023-02,35840,0.0658
2023-03,35840,0.0607
2023-04,35840,0.0461
2023-05,35840,0.0328
2023-06,35840,0.0157
2023-07,35840,0.0174
2023-08,35840,0.0219
2023-09,35840,0.0222
2023-10,35840,0.0192
2023-11,35840,0.0036
2023-12,35840,-0.002
2024-01,35840,-0.0113
2024-02,35840,-0.0111
2024-03,35840,-0.017
2024-04,35840,-0.0172
2024-05,35840,-0.0147
2024-06,35840,-0.0086
2024-07,35840,-0.0085
2024-08,35840,-0.003
2024-09,35840,-0.0025
2024-10,35840,0.0018
2024-11,35840,0.0047
2024-12,35840,0.0057
2025-01,35840,0.0066
2025-02,35840,0.0015
2025-03,35840,0.0018
2025-04,35840,-0.0004
2025-05,35840,-0.0037
2025-06,35840,-0.0105
2025-07,35840,-0.01
2025-08,35840,-0.0169
2025-09,35840,-0.0178
2025-10,35840,-0.0244
2025-11,35840,-0.0237
2025-12,35840,-0.0279
2026-01,35840,-0.0294
2026-02,35840,-0.0325
2026-03,35840,-0.0349
2026-04,35840,-0.0309
2026-05,35840,-0.0266
2026-06,35840,-0.016
2026-07,35840,-0.0155
2018-01,36260,0.0527
2018-02,36260,0.0605
2018-03,36260,0.0589
2018-04,36260,0.0704
2018-05,36260,0.0768
2018-06,36260,0.0749
2018-07,36260,0.0666
2018-08,36260,0.0623
2018-09,36260,0.0637
2018-10,36260,0.0724
2018-11,36260,0.078
2018-12,36260,0.0772
2019-01,36260,0.0775
2019-02,36260,0.0608
2019-03,36260,0.066
2019-04,36260,0.0564
2019-05,36260,0.0661
2019-06,36260,0.0608
2019-07,36260,0.0709
2019-08,36260,0.068
2019-09,36260,0.0649
2019-10,36260,0.0618
2019-11,36260,0.0576
2019-12,36260,0.058
2020-01,36260,0.0566
2020-02,36260,0.0704
2020-03,36260,0.0608
2020-04,36260,0.0572
2020-05,36260,0.0445
2020-06,36260,0.0491
2020-07,36260,0.0489
2020-08,36260,0.0558
2020-09,36260,0.0551
2020-10,36260,0.0603
2020-11,36260,0.0694
2020-12,36260,0.0682
2021-01,36260,0.075
2021-02,36260,0.0711
2021-03,36260,0.0906
2021-04,36260,0.1048
2021-05,36260,0.1234
2021-06,36260,0.1345
2021-07,36260,0.1445
2021-08,36260,0.1512
2021-09,36260,0.1727
2021-10,36260,0.1724
2021-11,36260,0.1673
2021-12,36260,0.1807
2022-01,36260,0.1823
2022-02,36260,0.1935
2022-03,36260,0.1723
2022-04,36260,0.1654
2022-05,36260,0.1549
2022-06,36260,0.1473
2022-07,36260,0.1314
2022-08,36260,0.1124
2022-09,36260,0.0848
2022-10,36260,0.0781
2022-11,36260,0.073
2022-12,36260,0.0534
2023-01,36260,0.0406
2023-02,36260,0.0299
2023-03,36260,0.0447
2023-04,36260,0.0436
2023-05,36260,0.0346
2023-06,36260,0.0218
2023-07,36260,0.0191
2023-08,36260,0.0237
2023-09,36260,0.0268
2023-10,36260,0.0241
2023-11,36260,0.021
2023-12,36260,0.0295
2024-01,36260,0.0293
2024-02,36260,0.0218
2024-03,36260,0.0046
2024-04,36260,0.0015
2024-05,36260,0.0083
2024-06,36260,0.0137
2024-07,36260,0.0133
2024-08,36260,0.0109
2024-09,36260,0.0142
2024-10,36260,0.0136
2024-11,36260,0.016
2024-12,36260,0.0095
2025-01,36260,0.0116
2025-02,36260,0.0122
2025-03,36260,0.0194
2025-04,36260,0.0199
2025-05,36260,0.0174
2025-06,36260,0.0166
2025-07,36260,0.0162
2025-08,36260,0.0174
2025-09,36260,0.0155
2025-10,36260,0.0153
2025-11,36260,0.0126
2025-12,36260,0.0143
2026-01,36260,0.0144
2026-02,36260,0.0203
2026-03,36260,0.0167
2026-04,36260,0.012
2026-05,36260,0.0077
2026-06,36260,0.0065
2026-07,36260,0.0092
2018-01,36420,0.0249
2018-02,36420,0.0221
2018-03,36420,0.0241
2018-04,36420,0.0215
2018-05,36420,0.0195
2018-06,36420,0.0194
2018-07,36420,0.0199
2018-08,36420,0.0231
2018-09,36420,0.023
2018-10,36420,0.0259
2018-11,36420,0.0271
2018-12,36420,0.0315
2019-01,36420,0.0297
2019-02,36420,0.0304
2019-03,36420,0.0293
2019-04,36420,0.0312
2019-05,36420,0.0337
2019-06,36420,0.0363
2019-07,36420,0.036
2019-08,36420,0.0342
2019-09,36420,0.0319
2019-10,36420,0.0316
2019-11,36420,0.0315
2019-12,36420,0.029
2020-01,36420,0.0307
2020-02,36420,0.029
2020-03,36420,0.0326
2020-04,36420,0.0289
2020-05,36420,0.0287
2020-06,36420,0.0255
2020-07,36420,0.0266
2020-08,36420,0.0279
2020-09,36420,0.0327
2020-10,36420,0.0381
2020-11,36420,0.0428
2020-12,36420,0.0495
2021-01,36420,0.0511
2021-02,36420,0.0566
2021-03,36420,0.0551
2021-04,36420,0.0673
2021-05,36420,0.0753
2021-06,36420,0.0897
2021-07,36420,0.0997
2021-08,36420,0.1105
2021-09,36420,0.1167
2021-10,36420,0.1172
2021-11,36420,0.1162
2021-12,36420,0.1133
2022-01,36420,0.1168
2022-02,36420,0.1182
2022-03,36420,0.1223
2022-04,36420,0.1188
2022-05,36420,0.1143
2022-06,36420,0.1056
2022-07,36420,0.0953
2022-08,36420,0.0829
2022-09,36420,0.0709
2022-10,36420,0.0623
2022-11,36420,0.0586
2022-12,36420,0.0561
2023-01,36420,0.0522
2023-02,36420,0.047
2023-03,36420,0.0416
2023-04,36420,0.0368
2023-05,36420,0.0318
2023-06,36420,0.0269
2023-07,36420,0.0249
2023-08,36420,0.0271
2023-09,36420,0.0309
2023-10,36420,0.0342
2023-11,36420,0.0338
2023-12,36420,0.0331
2024-01,36420,0.0322
2024-02,36420,0.0332
2024-03,36420,0.0308
2024-04,36420,0.028
2024-05,36420,0.0282
2024-06,36420,0.0315
2024-07,36420,0.0345
2024-08,36420,0.0329
2024-09,36420,0.0313
2024-10,36420,0.0312
2024-11,36420,0.0308
2024-12,36420,0.0317
2025-01,36420,0.0324
2025-02,36420,0.0314
2025-03,36420,0.0333
2025-04,36420,0.0342
2025-05,36420,0.035
2025-06,36420,0.0324
2025-07,36420,0.0313
2025-08,36420,0.0313
2025-09,36420,0.0313
2025-10,36420,0.03
2025-11,36420,0.031
2025-12,36420,0.0287
2026-01,36420,0.0266
2026-02,36420,0.0258
2026-03,36420,0.026
2026-04,36420,0.0288
2026-05,36420,0.0283
2026-06,36420,0.0287
2026-07,36420,0.0263
2018-01,36540,0.0311
2018-02,36540,0.0267
2018-03,36540,0.0267
2018-04,36540,0.0267
2018-05,36540,0.0301
2018-06,36540,0.0277
2018-07,36540,0.0287
2018-08,36540,0.0314
2018-09,36540,0.0312
2018-10,36540,0.0369
2018-11,36540,0.0295
2018-12,36540,0.034
2019-01,36540,0.0334
2019-02,36540,0.0376
2019-03,36540,0.0365
2019-04,36540,0.0349
2019-05,36540,0.0361
2019-06,36540,0.0368
2019-07,36540,0.0352
2019-08,36540,0.0338
2019-09,36540,0.034
2019-10,36540,0.0337
2019-11,36540,0.0397
2019-12,36540,0.0425
2020-01,36540,0.0471
2020-02,36540,0.046
2020-03,36540,0.0461
2020-04,36540,0.0475
2020-05,36540,0.046
2020-06,36540,0.0444
2020-07,36540,0.046
2020-08,36540,0.0462
2020-09,36540,0.0461
2020-10,36540,0.0413
2020-11,36540,0.0375
2020-12,36540,0.0355
2021-01,36540,0.0363
2021-02,36540,0.0399
2021-03,36540,0.04
2021-04,36540,0.0416
2021-05,36540,0.0464
2021-06,36540,0.0589
2021-07,36540,0.0646
2021-08,36540,0.0704
2021-09,36540,0.073
2021-10,36540,0.0851
2021-11,36540,0.0923
2021-12,36540,0.0957
2022-01,36540,0.091
2022-02,36540,0.0879
2022-03,36540,0.0937
2022-04,36540,0.0988
2022-05,36540,0.099
2022-06,36540,0.0913
2022-07,36540,0.0895
2022-08,36540,0.0877
2022-09,36540,0.0903
2022-10,36540,0.0835
2022-11,36540,0.0817
2022-12,36540,0.0812
2023-01,36540,0.0887
2023-02,36540,0.0909
2023-03,36540,0.0902
2023-04,36540,0.0838
2023-05,36540,0.0809
2023-06,36540,0.0753
2023-07,36540,0.0689
2023-08,36540,0.0648
2023-09,36540,0.0601
2023-10,36540,0.0609
2023-11,36540,0.0567
2023-12,36540,0.0523
2024-01,36540,0.0434
2024-02,36540,0.0401
2024-03,36540,0.0363
2024-04,36540,0.0364
2024-05,36540,0.0349
2024-06,36540,0.0399
2024-07,36540,0.0424
2024-08,36540,0.0457
2024-09,36540,0.044
2024-10,36540,0.0405
2024-11,36540,0.0395
2024-12,36540,0.0405
2025-01,36540,0.0447
2025-02,36540,0.0457
2025-03,36540,0.0447
2025-04,36540,0.0443
2025-05,36540,0.0421
2025-06,36540,0.0387
2025-07,36540,0.039
2025-08,36540,0.0342
2025-09,36540,0.0358
2025-10,36540,0.0381
2025-11,36540,0.0406
2025-12,36540,0.04
2026-01,36540,0.0362
2026-02,36540,0.0332
2026-03,36540,0.0324
2026-04,36540,0.0301
2026-05,36540,0.0308
2026-06,36540,0.0295
2026-07,36540,0.0246
2018-01,36740,0.0657
2018-02,36740,0.0645
2018-03,36740,0.0671
2018-04,36740,0.0652
2018-05,36740,0.0641
2018-06,36740,0.0564
2018-07,36740,0.059
2018-08,36740,0.0623
2018-09,36740,0.0651
2018-10,36740,0.0652
2018-11,36740,0.0628
2018-12,36740,0.057
2019-01,36740,0.054
2019-02,36740,0.0499
2019-03,36740,0.0492
2019-04,36740,0.0517
2019-05,36740,0.0519
2019-06,36740,0.0519
2019-07,36740,0.0468
2019-08,36740,0.0442
2019-09,36740,0.0438
2019-10,36740,0.0438
2019-11,36740,0.0414
2019-12,36740,0.0405
2020-01,36740,0.0381
2020-02,36740,0.0404
2020-03,36740,0.0386
2020-04,36740,0.0324
2020-05,36740,0.0248
2020-06,36740,0.0185
2020-07,36740,0.0176
2020-08,36740,0.0147
2020-09,36740,0.0124
2020-10,36740,0.0106
2020-11,36740,0.0154
2020-12,36740,0.0191
2021-01,36740,0.0273
2021-02,36740,0.0329
2021-03,36740,0.0405
2021-04,36740,0.0541
2021-05,36740,0.0744
2021-06,36740,0.1016
2021-07,36740,0.1235
2021-08,36740,0.1507
2021-09,36740,0.1767
2021-10,36740,0.202
2021-11,36740,0.2127
2021-12,36740,0.2207
2022-01,36740,0.2205
2022-02,36740,0.2213
2022-03,36740,0.2224
2022-04,36740,0.2221
2022-05,36740,0.2183
2022-06,36740,0.204
2022-07,36740,0.1886
2022-08,36740,0.1635
2022-09,36740,0.1348
2022-10,36740,0.1076
2022-11,36740,0.0923
2022-12,36740,0.0825
2023-01,36740,0.0748
2023-02,36740,0.0673
2023-03,36740,0.0593
2023-04,36740,0.0486
2023-05,36740,0.0346
2023-06,36740,0.0213
2023-07,36740,0.0108
2023-08,36740,0.0066
2023-09,36740,0.0059
2023-10,36740,0.0068
2023-11,36740,0.0051
2023-12,36740,0.0032
2024-01,36740,0.0031
2024-02,36740,0.0014
2024-03,36740,-0.001
2024-04,36740,-0.0022
2024-05,36740,-0.0002
2024-06,36740,0.0044
2024-07,36740,0.0084
2024-08,36740,0.0097
2024-09,36740,0.012
2024-10,36740,0.0113
2024-11,36740,0.012
2024-12,36740,0.0107
2025-01,36740,0.0094
2025-02,36740,0.0106
2025-03,36740,0.0107
2025-04,36740,0.0093
2025-05,36740,0.0065
2025-06,36740,0.0042
2025-07,36740,0.002
2025-08,36740,0.0037
2025-09,36740,0.0041
2025-10,36740,0.007
2025-11,36740,0.0063
2025-12,36740,0.0056
2026-01,36740,0.0031
2026-02,36740,-0.0006
2026-03,36740,-0.0027
2026-04,36740,-0.0008
2026-05,36740,0.0024
2026-06,36740,0.0053
2026-07,36740,0.0073
2018-01,37100,0.0654
2018-02,37100,0.0699
2018-03,37100,0.0529
2018-04,37100,0.0493
2018-05,37100,0.0428
2018-06,37100,0.0511
2018-07,37100,0.048
2018-08,37100,0.0479
2018-09,37100,0.0421
2018-10,37100,0.0449
2018-11,37100,0.0499
2018-12,37100,0.0464
2019-01,37100,0.0385
2019-02,37100,0.0272
2019-03,37100,0.0352
2019-04,37100,0.0364
2019-05,37100,0.0392
2019-06,37100,0.0359
2019-07,37100,0.0336
2019-08,37100,0.0322
2019-09,37100,0.0293
2019-10,37100,0.0282
2019-11,37100,0.0238
2019-12,37100,0.019
2020-01,37100,0.0227
2020-02,37100,0.0272
2020-03,37100,0.0328
2020-04,37100,0.027
2020-05,37100,0.0206
2020-06,37100,0.0196
2020-07,37100,0.021
2020-08,37100,0.0266
2020-09,37100,0.0354
2020-10,37100,0.0448
2020-11,37100,0.051
2020-12,37100,0.06
2021-01,37100,0.0633
2021-02,37100,0.0657
2021-03,37100,0.064
2021-04,37100,0.0802
2021-05,37100,0.102
2021-06,37100,0.1153
2021-07,37100,0.1267
2021-08,37100,0.1302
2021-09,37100,0.1351
2021-10,37100,0.1286
2021-11,37100,0.1329
2021-12,37100,0.1351
2022-01,37100,0.1382
2022-02,37100,0.1457
2022-03,37100,0.1388
2022-04,37100,0.1331
2022-05,37100,0.116
2022-06,37100,0.1046
2022-07,37100,0.0945
2022-08,37100,0.0832
2022-09,37100,0.0703
2022-10,37100,0.0681
2022-11,37100,0.0593
2022-12,37100,0.0497
2023-01,37100,0.0388
2023-02,37100,0.0242
2023-03,37100,0.028
2023-04,37100,0.0242
2023-05,37100,0.0265
2023-06,37100,0.0231
2023-07,37100,0.0233
2023-08,37100,0.0278
2023-09,37100,0.0312
2023-10,37100,0.0291
2023-11,37100,0.0298
2023-12,37100,0.0312
2024-01,37100,0.0373
2024-02,37100,0.0426
2024-03,37100,0.0401
2024-04,37100,0.0365
2024-05,37100,0.0348
2024-06,37100,0.0394
2024-07,37100,0.0392
2024-08,37100,0.0383
2024-09,37100,0.0373
2024-10,37100,0.039
2024-11,37100,0.0403
2024-12,37100,0.0386
2025-01,37100,0.0385
2025-02,37100,0.0401
2025-03,37100,0.043
2025-04,37100,0.0432
2025-05,37100,0.0398
2025-06,37100,0.0373
2025-07,37100,0.0346
2025-08,37100,0.0313
2025-09,37100,0.0288
2025-10,37100,0.0264
2025-11,37100,0.0209
2025-12,37100,0.0236
2026-01,37100,0.0191
2026-02,37100,0.0162
2026-03,37100,0.0081
2026-04,37100,0.0105
2026-05,37100,0.0141
2026-06,37100,0.0115
2026-07,37100,0.0122
2018-01,37340,0.072
2018-02,37340,0.072
2018-03,37340,0.0685
2018-04,37340,0.0664
2018-05,37340,0.0689
2018-06,37340,0.0728
2018-07,37340,0.071
2018-08,37340,0.0728
2018-09,37340,0.0682
2018-10,37340,0.067
2018-11,37340,0.0657
2018-12,37340,0.0656
2019-01,37340,0.061
2019-02,37340,0.0549
2019-03,37340,0.0545
2019-04,37340,0.0532
2019-05,37340,0.0481
2019-06,37340,0.0433
2019-07,37340,0.0434
2019-08,37340,0.0416
2019-09,37340,0.0438
2019-10,37340,0.0382
2019-11,37340,0.0384
2019-12,37340,0.0358
2020-01,37340,0.041
2020-02,37340,0.0455
2020-03,37340,0.0461
2020-04,37340,0.0427
2020-05,37340,0.0352
2020-06,37340,0.0355
2020-07,37340,0.0367
2020-08,37340,0.0438
2020-09,37340,0.0445
2020-10,37340,0.0527
2020-11,37340,0.0572
2020-12,37340,0.0639
2021-01,37340,0.0683
2021-02,37340,0.0762
2021-03,37340,0.0824
2021-04,37340,0.0972
2021-05,37340,0.1238
2021-06,37340,0.1418
2021-07,37340,0.1585
2021-08,37340,0.1675
2021-09,37340,0.1905
2021-10,37340,0.1983
2021-11,37340,0.2068
2021-12,37340,0.2095
2022-01,37340,0.212
2022-02,37340,0.2053
2022-03,37340,0.2061
2022-04,37340,0.206
2022-05,37340,0.1967
2022-06,37340,0.1879
2022-07,37340,0.1748
2022-08,37340,0.1587
2022-09,37340,0.1282
2022-10,37340,0.114
2022-11,37340,0.1013
2022-12,37340,0.0939
2023-01,37340,0.082
2023-02,37340,0.077
2023-03,37340,0.0709
2023-04,37340,0.0558
2023-05,37340,0.0455
2023-06,37340,0.0313
2023-07,37340,0.0223
2023-08,37340,0.0184
2023-09,37340,0.0181
2023-10,37340,0.0121
2023-11,37340,0.005
2023-12,37340,0.0004
2024-01,37340,0.0053
2024-02,37340,0.0074
2024-03,37340,0.0043
2024-04,37340,0.0037
2024-05,37340,0.0014
2024-06,37340,0.0051
2024-07,37340,0.0064
2024-08,37340,0.0087
2024-09,37340,0.0134
2024-10,37340,0.0194
2024-11,37340,0.0267
2024-12,37340,0.0269
2025-01,37340,0.0189
2025-02,37340,0.0127
2025-03,37340,0.009
2025-04,37340,0.0114
2025-05,37340,0.0118
2025-06,37340,0.0131
2025-07,37340,0.0124
2025-08,37340,0.0098
2025-09,37340,0.0095
2025-10,37340,0.0077
2025-11,37340,0.0035
2025-12,37340,0.0042
2026-01,37340,0.0073
2026-02,37340,0.0098
2026-03,37340,0.0125
2026-04,37340,0.0119
2026-05,37340,0.0144
2026-06,37340,0.0116
2026-07,37340,0.0132
2018-01,37860,0.0586
2018-02,37860,0.0593
2018-03,37860,0.0582
2018-04,37860,0.0577
2018-05,37860,0.0587
2018-06,37860,0.0578
2018-07,37860,0.0612
2018-08,37860,0.0619
2018-09,37860,0.0602
2018-10,37860,0.0555
2018-11,37860,0.0567
2018-12,37860,0.0565
2019-01,37860,0.0587
2019-02,37860,0.057
2019-03,37860,0.064
2019-04,37860,0.0683
2019-05,37860,0.0687
2019-06,37860,0.0663
2019-07,37860,0.0616
2019-08,37860,0.0587
2019-09,37860,0.0608
2019-10,37860,0.066
2019-11,37860,0.0645
2019-12,37860,0.0609
2020-01,37860,0.0567
2020-02,37860,0.0613
2020-03,37860,0.0677
2020-04,37860,0.0608
2020-05,37860,0.058
2020-06,37860,0.0583
2020-07,37860,0.0667
2020-08,37860,0.0697
2020-09,37860,0.0754
2020-10,37860,0.0784
2020-11,37860,0.0854
2020-12,37860,0.0984
2021-01,37860,0.1074
2021-02,37860,0.1218
2021-03,37860,0.1169
2021-05,37860,0.1754
2021-06,37860,0.1991
2021-07,37860,0.2067
2021-08,37860,0.2263
2021-09,37860,0.239
2021-10,37860,0.2447
2021-11,37860,0.239
2021-12,37860,0.2326
2022-01,37860,0.2285
2022-02,37860,0.2132
2022-03,37860,0.2107
2022-05,37860,0.1518
2022-06,37860,0.1291
2022-07,37860,0.1146
2022-08,37860,0.0899
2022-09,37860,0.07
2022-10,37860,0.0606
2022-11,37860,0.0588
2022-12,37860,0.0455
2023-01,37860,0.0402
2023-02,37860,0.0323
2023-03,37860,0.0285
2023-04,37860,0.0331
2023-05,37860,0.0269
2023-06,37860,0.0216
2023-07,37860,0.0165
2023-08,37860,0.0174
2023-09,37860,0.0117
2023-10,37860,0.0059
2023-11,37860,0.004
2023-12,37860,0.0157
2024-01,37860,0.0175
2024-02,37860,0.0226
2024-03,37860,0.0191
2024-04,37860,0.0181
2024-05,37860,0.0179
2024-06,37860,0.022
2024-07,37860,0.0252
2024-08,37860,0.0266
2024-09,37860,0.0296
2024-10,37860,0.031
2024-11,37860,0.0274
2024-12,37860,0.0181
2025-01,37860,0.0128
2025-02,37860,0.0121
2025-03,37860,0.0133
2025-04,37860,0.0144
2025-05,37860,0.0157
2025-06,37860,0.0143
2025-07,37860,0.0146
2025-08,37860,0.0142
2025-09,37860,0.0186
2025-10,37860,0.02
2025-11,37860,0.024
2025-12,37860,0.0256
2026-01,37860,0.029
2026-02,37860,0.0243
2026-03,37860,0.0244
2026-04,37860,0.0243
2026-05,37860,0.0263
2026-06,37860,0.0276
2026-07,37860,0.0267
2018-01,37980,0.0287
2018-02,37980,0.0307
2018-03,37980,0.0299
2018-04,37980,0.0305
2018-05,37980,0.0323
2018-06,37980,0.0346
2018-07,37980,0.0345
2018-08,37980,0.0343
2018-09,37980,0.0336
2018-10,37980,0.0354
2018-11,37980,0.0383
2018-12,37980,0.037
2019-01,37980,0.0385
2019-02,37980,0.0363
2019-03,37980,0.0373
2019-04,37980,0.0377
2019-05,37980,0.0373
2019-06,37980,0.0403
2019-07,37980,0.0423
2019-08,37980,0.0434
2019-09,37980,0.0427
2019-10,37980,0.0403
2019-11,37980,0.0376
2019-12,37980,0.0374
2020-01,37980,0.0371
2020-02,37980,0.0403
2020-03,37980,0.0412
2020-04,37980,0.0384
2020-05,37980,0.0334
2020-06,37980,0.0272
2020-07,37980,0.0259
2020-08,37980,0.024
2020-09,37980,0.0248
2020-10,37980,0.0257
2020-11,37980,0.0272
2020-12,37980,0.0278
2021-01,37980,0.0292
2021-02,37980,0.0295
2021-03,37980,0.0288
2021-04,37980,0.0362
2021-05,37980,0.0495
2021-06,37980,0.0631
2021-07,37980,0.0705
2021-08,37980,0.0803
2021-09,37980,0.0859
2021-10,37980,0.0931
2021-11,37980,0.0991
2021-12,37980,0.1086
2022-01,37980,0.1124
2022-02,37980,0.1139
2022-03,37980,0.1148
2022-04,37980,0.1126
2022-05,37980,0.106
2022-06,37980,0.0995
2022-07,37980,0.0938
2022-08,37980,0.0853
2022-09,37980,0.079
2022-10,37980,0.0696
2022-11,37980,0.0623
2022-12,37980,0.0503
2023-01,37980,0.0455
2023-02,37980,0.0412
2023-03,37980,0.0423
2023-04,37980,0.0396
2023-05,37980,0.0383
2023-06,37980,0.0329
2023-07,37980,0.0305
2023-08,37980,0.0305
2023-09,37980,0.0322
2023-10,37980,0.0354
2023-11,37980,0.0352
2023-12,37980,0.0358
2024-01,37980,0.034
2024-02,37980,0.0362
2024-03,37980,0.035
2024-04,37980,0.036
2024-05,37980,0.0352
2024-06,37980,0.0377
2024-07,37980,0.0371
2024-08,37980,0.0362
2024-09,37980,0.0335
2024-10,37980,0.033
2024-11,37980,0.0348
2024-12,37980,0.0383
2025-01,37980,0.0405
2025-02,37980,0.038
2025-03,37980,0.0346
2025-04,37980,0.0321
2025-05,37980,0.0311
2025-06,37980,0.0302
2025-07,37980,0.0328
2025-08,37980,0.0337
2025-09,37980,0.035
2025-10,37980,0.0336
2025-11,37980,0.0324
2025-12,37980,0.0308
2026-01,37980,0.0295
2026-02,37980,0.0308
2026-03,37980,0.0327
2026-04,37980,0.0345
2026-05,37980,0.0357
2026-06,37980,0.0373
2026-07,37980,0.0355
2018-01,38060,0.0656
2018-02,38060,0.0637
2018-03,38060,0.0633
2018-04,38060,0.0663
2018-05,38060,0.0665
2018-06,38060,0.0686
2018-07,38060,0.0695
2018-08,38060,0.0722
2018-09,38060,0.0737
2018-10,38060,0.0757
2018-11,38060,0.078
2018-12,38060,0.0804
2019-01,38060,0.0795
2019-02,38060,0.082
2019-03,38060,0.0801
2019-04,38060,0.0802
2019-05,38060,0.0791
2019-06,38060,0.0804
2019-07,38060,0.08
2019-08,38060,0.08
2019-09,38060,0.0794
2019-10,38060,0.0796
2019-11,38060,0.0788
2019-12,38060,0.0797
2020-01,38060,0.0841
2020-02,38060,0.0857
2020-03,38060,0.0827
2020-04,38060,0.0747
2020-05,38060,0.0668
2020-06,38060,0.0602
2020-07,38060,0.0606
2020-08,38060,0.0636
2020-09,38060,0.0693
2020-10,38060,0.0754
2020-11,38060,0.0816
2020-12,38060,0.085
2021-01,38060,0.0886
2021-02,38060,0.0921
2021-03,38060,0.1058
2021-04,38060,0.127
2021-05,38060,0.1568
2021-06,38060,0.1861
2021-07,38060,0.2078
2021-08,38060,0.2229
2021-09,38060,0.231
2021-10,38060,0.2345
2021-11,38060,0.2337
2021-12,38060,0.2325
2022-01,38060,0.227
2022-02,38060,0.2214
2022-03,38060,0.2099
2022-04,38060,0.1936
2022-05,38060,0.1672
2022-06,38060,0.138
2022-07,38060,0.1082
2022-08,38060,0.0819
2022-09,38060,0.0584
2022-10,38060,0.0394
2022-11,38060,0.0264
2022-12,38060,0.018
2023-01,38060,0.0113
2023-02,38060,0.006
2023-03,38060,0.0047
2023-04,38060,0.0009
2023-05,38060,-0.0005
2023-06,38060,-0.0042
2023-07,38060,-0.0023
2023-08,38060,-0.0017
2023-09,38060,0.0014
2023-10,38060,0.0029
2023-11,38060,0.0036
2023-12,38060,0.0017
2024-01,38060,0.0019
2024-02,38060,0.0014
2024-03,38060,-0.0026
2024-04,38060,-0.0024
2024-05,38060,-0.0021
2024-06,38060,0.0021
2024-07,38060,0.0012
2024-08,38060,0.003
2024-09,38060,0.0034
2024-10,38060,0.0035
2024-11,38060,0.0025
2024-12,38060,0.0019
2025-01,38060,0.0012
2025-02,38060,0.0006
2025-03,38060,0.0007
2025-04,38060,-0.0017
2025-05,38060,-0.0053
2025-06,38060,-0.0081
2025-07,38060,-0.0094
2025-08,38060,-0.0099
2025-09,38060,-0.0096
2025-10,38060,-0.0079
2025-11,38060,-0.0065
2025-12,38060,-0.0056
2026-01,38060,-0.0072
2026-02,38060,-0.0092
2026-03,38060,-0.0101
2026-04,38060,-0.0087
2026-05,38060,-0.0036
2026-06,38060,-0.0004
2026-07,38060,0.0042
2018-01,38300,0.0341
2018-02,38300,0.0307
2018-03,38300,0.03
2018-04,38300,0.0305
2018-05,38300,0.0335
2018-06,38300,0.0341
2018-07,38300,0.0373
2018-08,38300,0.0313
2018-09,38300,0.0325
2018-10,38300,0.0301
2018-11,38300,0.0354
2018-12,38300,0.0391
2019-01,38300,0.0414
2019-02,38300,0.0416
2019-03,38300,0.0378
2019-04,38300,0.0357
2019-05,38300,0.0344
2019-06,38300,0.0341
2019-07,38300,0.0317
2019-08,38300,0.0371
2019-09,38300,0.0403
2019-10,38300,0.045
2019-11,38300,0.0419
2019-12,38300,0.0395
2020-01,38300,0.0404
2020-02,38300,0.0411
2020-03,38300,0.0452
2020-04,38300,0.0425
2020-05,38300,0.0393
2020-06,38300,0.0351
2020-07,38300,0.0355
2020-08,38300,0.0321
2020-09,38300,0.0316
2020-10,38300,0.0291
2020-11,38300,0.0285
2020-12,38300,0.027
2021-01,38300,0.0254
2021-02,38300,0.0273
2021-03,38300,0.0273
2021-04,38300,0.0355
2021-05,38300,0.0437
2021-06,38300,0.0545
2021-07,38300,0.0594
2021-08,38300,0.066
2021-09,38300,0.0693
2021-10,38300,0.0733
2021-11,38300,0.0801
2021-12,38300,0.0819
2022-01,38300,0.0859
2022-02,38300,0.0821
2022-03,38300,0.0848
2022-04,38300,0.0825
2022-05,38300,0.0806
2022-06,38300,0.0769
2022-07,38300,0.0766
2022-08,38300,0.0755
2022-09,38300,0.0693
2022-10,38300,0.0636
2022-11,38300,0.0533
2022-12,38300,0.0551
2023-01,38300,0.0509
2023-02,38300,0.0551
2023-03,38300,0.0506
2023-04,38300,0.0492
2023-05,38300,0.0459
2023-06,38300,0.0411
2023-07,38300,0.0347
2023-08,38300,0.0288
2023-09,38300,0.0302
2023-10,38300,0.0333
2023-11,38300,0.0392
2023-12,38300,0.04
2024-01,38300,0.0432
2024-02,38300,0.0416
2024-03,38300,0.0395
2024-04,38300,0.0365
2024-05,38300,0.0364
2024-06,38300,0.0392
2024-07,38300,0.0418
2024-08,38300,0.0452
2024-09,38300,0.0457
2024-10,38300,0.046
2024-11,38300,0.0424
2024-12,38300,0.0398
2025-01,38300,0.0366
2025-02,38300,0.0354
2025-03,38300,0.0385
2025-04,38300,0.042
2025-05,38300,0.0415
2025-06,38300,0.0422
2025-07,38300,0.0423
2025-08,38300,0.0403
2025-09,38300,0.04
2025-10,38300,0.0375
2025-11,38300,0.0415
2025-12,38300,0.0398
2026-01,38300,0.0405
2026-02,38300,0.0393
2026-03,38300,0.0391
2026-04,38300,0.0378
2026-05,38300,0.039
2026-06,38300,0.0353
2026-07,38300,0.034
2018-01,38860,0.0376
2018-02,38860,0.0292
2018-03,38860,0.0294
2018-04,38860,0.0381
2018-05,38860,0.0305
2018-06,38860,0.036
2018-07,38860,0.0238
2018-08,38860,0.0377
2018-09,38860,0.043
2018-10,38860,0.0509
2018-11,38860,0.0437
2018-12,38860,0.0326
2019-01,38860,0.0409
2019-02,38860,0.0455
2019-03,38860,0.0562
2019-04,38860,0.0584
2019-05,38860,0.0555
2019-06,38860,0.0534
2019-07,38860,0.0582
2019-08,38860,0.0514
2019-09,38860,0.0423
2019-10,38860,0.0314
2019-11,38860,0.0371
2019-12,38860,0.0607
2020-01,38860,0.0631
2020-02,38860,0.0669
2020-03,38860,0.0641
2020-04,38860,0.0594
2020-05,38860,0.0565
2020-06,38860,0.0549
2020-07,38860,0.0588
2020-08,38860,0.0651
2020-09,38860,0.0736
2020-10,38860,0.0885
2020-11,38860,0.0918
2020-12,38860,0.084
2021-01,38860,0.0837
2021-02,38860,0.085
2021-03,38860,0.0846
2021-04,38860,0.0878
2021-05,38860,0.0981
2021-06,38860,0.1143
2021-07,38860,0.1229
2021-08,38860,0.1288
2021-09,38860,0.1298
2021-10,38860,0.1211
2021-11,38860,0.1231
2021-12,38860,0.1334
2022-01,38860,0.1376
2022-02,38860,0.1291
2022-03,38860,0.1284
2022-04,38860,0.1304
2022-05,38860,0.1391
2022-06,38860,0.1243
2022-07,38860,0.1142
2022-08,38860,0.1053
2022-09,38860,0.1009
2022-10,38860,0.105
2022-11,38860,0.0919
2022-12,38860,0.0777
2023-01,38860,0.0642
2023-02,38860,0.0695
2023-03,38860,0.0697
2023-04,38860,0.0729
2023-05,38860,0.058
2023-06,38860,0.0577
2023-07,38860,0.0535
2023-08,38860,0.0502
2023-09,38860,0.0503
2023-10,38860,0.0394
2023-11,38860,0.0417
2023-12,38860,0.0375
2024-01,38860,0.0442
2024-02,38860,0.0413
2024-03,38860,0.0461
2024-04,38860,0.0406
2024-05,38860,0.044
2024-06,38860,0.0393
2024-07,38860,0.0376
2024-08,38860,0.0401
2024-09,38860,0.0389
2024-10,38860,0.0425
2024-11,38860,0.0425
2024-12,38860,0.047
2025-01,38860,0.0466
2025-02,38860,0.0451
2025-03,38860,0.0361
2025-04,38860,0.0348
2025-05,38860,0.0326
2025-06,38860,0.0374
2025-07,38860,0.0398
2025-08,38860,0.0374
2025-09,38860,0.0336
2025-10,38860,0.0348
2025-11,38860,0.0355
2025-12,38860,0.0363
2026-01,38860,0.0324
2026-02,38860,0.033
2026-03,38860,0.0336
2026-04,38860,0.031
2026-05,38860,0.0286
2026-06,38860,0.0266
2026-07,38860,0.0248
2018-01,38900,0.034
2018-02,38900,0.0275
2018-03,38900,0.022
2018-04,38900,0.0196
2018-05,38900,0.0217
2018-06,38900,0.0245
2018-07,38900,0.0266
2018-08,38900,0.0271
2018-09,38900,0.0277
2018-10,38900,0.0309
2018-11,38900,0.0327
2018-12,38900,0.0355
2019-01,38900,0.0377
2019-02,38900,0.0387
2019-03,38900,0.0398
2019-04,38900,0.0371
2019-05,38900,0.0358
2019-06,38900,0.0342
2019-07,38900,0.0371
2019-08,38900,0.0365
2019-09,38900,0.0394
2019-10,38900,0.0377
2019-11,38900,0.0374
2019-12,38900,0.0334
2020-01,38900,0.0312
2020-02,38900,0.0327
2020-03,38900,0.0348
2020-04,38900,0.0306
2020-05,38900,0.0229
2020-06,38900,0.0175
2020-07,38900,0.0163
2020-08,38900,0.0182
2020-09,38900,0.0168
2020-10,38900,0.0164
2020-11,38900,0.016
2020-12,38900,0.017
2021-01,38900,0.0218
2021-02,38900,0.025
2021-03,38900,0.0279
2021-04,38900,0.0419
2021-05,38900,0.0601
2021-06,38900,0.078
2021-07,38900,0.0834
2021-08,38900,0.0904
2021-09,38900,0.0996
2021-10,38900,0.1105
2021-11,38900,0.1173
2021-12,38900,0.1229
2022-01,38900,0.1205
2022-02,38900,0.1188
2022-03,38900,0.1161
2022-04,38900,0.1129
2022-05,38900,0.1085
2022-06,38900,0.1035
2022-07,38900,0.1014
2022-08,38900,0.0932
2022-09,38900,0.0828
2022-10,38900,0.071
2022-11,38900,0.0644
2022-12,38900,0.0613
2023-01,38900,0.0598
2023-02,38900,0.057
2023-03,38900,0.0538
2023-04,38900,0.0432
2023-05,38900,0.0303
2023-06,38900,0.013
2023-07,38900,0.0034
2023-08,38900,-0.0019
2023-09,38900,-0.0042
2023-10,38900,-0.0051
2023-11,38900,-0.0078
2023-12,38900,-0.0102
2024-01,38900,-0.0104
2024-02,38900,-0.0088
2024-03,38900,-0.0068
2024-04,38900,0.0002
2024-05,38900,0.0084
2024-06,38900,0.0201
2024-07,38900,0.0246
2024-08,38900,0.0276
2024-09,38900,0.0303
2024-10,38900,0.032
2024-11,38900,0.0345
2024-12,38900,0.0329
2025-01,38900,0.0309
2025-02,38900,0.027
2025-03,38900,0.0236
2025-04,38900,0.0195
2025-05,38900,0.0162
2025-06,38900,0.0135
2025-07,38900,0.0126
2025-08,38900,0.0135
2025-09,38900,0.012
2025-10,38900,0.0114
2025-11,38900,0.0095
2025-12,38900,0.0102
2026-01,38900,0.0091
2026-02,38900,0.0086
2026-03,38900,0.0079
2026-04,38900,0.0071
2026-05,38900,0.006
2026-06,38900,0.0046
2026-07,38900,0.0037
2018-01,38940,0.0747
2018-02,38940,0.0679
2018-03,38940,0.0622
2018-04,38940,0.0607
2018-05,38940,0.061
2018-06,38940,0.0532
2018-07,38940,0.0564
2018-08,38940,0.0513
2018-09,38940,0.0544
2018-10,38940,0.0472
2018-11,38940,0.0487
2018-12,38940,0.0473
2019-01,38940,0.053
2019-02,38940,0.0502
2019-03,38940,0.0491
2019-04,38940,0.0465
2019-05,38940,0.0445
2019-06,38940,0.0427
2019-07,38940,0.0366
2019-08,38940,0.0363
2019-09,38940,0.0424
2019-10,38940,0.0528
2019-11,38940,0.0495
2019-12,38940,0.0386
2020-01,38940,0.0308
2020-02,38940,0.0315
2020-03,38940,0.0351
2020-04,38940,0.0403
2020-05,38940,0.0451
2020-06,38940,0.0432
2020-07,38940,0.0478
2020-08,38940,0.0472
2020-09,38940,0.0551
2020-10,38940,0.0601
2020-11,38940,0.0704
2020-12,38940,0.0831
2021-01,38940,0.0982
2021-02,38940,0.1215
2021-03,38940,0.132
2021-04,38940,0.1364
2021-05,38940,0.1391
2021-06,38940,0.1688
2021-07,38940,0.1883
2021-08,38940,0.2177
2021-09,38940,0.214
2021-10,38940,0.226
2021-11,38940,0.2451
2021-12,38940,0.2654
2022-01,38940,0.2705
2022-02,38940,0.2397
2022-03,38940,0.2274
2022-04,38940,0.2201
2022-05,38940,0.2247
2022-06,38940,0.2044
2022-07,38940,0.1895
2022-08,38940,0.1641
2022-09,38940,0.1569
2022-10,38940,0.1321
2022-11,38940,0.0957
2022-12,38940,0.0679
2023-01,38940,0.052
2023-02,38940,0.0623
2023-03,38940,0.0648
2023-04,38940,0.0658
2023-05,38940,0.0557
2023-06,38940,0.0457
2023-07,38940,0.0355
2023-08,38940,0.0318
2023-09,38940,0.0307
2023-10,38940,0.0295
2023-11,38940,0.0294
2023-12,38940,0.0263
2024-01,38940,0.0217
2024-02,38940,0.0167
2024-03,38940,0.0106
2024-04,38940,0.0078
2024-05,38940,0.0116
2024-06,38940,0.0144
2024-07,38940,0.0148
2024-08,38940,0.0106
2024-09,38940,0.0052
2024-10,38940,0.0085
2024-11,38940,0.0177
2024-12,38940,0.0262
2025-01,38940,0.0337
2025-02,38940,0.0314
2025-03,38940,0.029
2025-04,38940,0.0246
2025-05,38940,0.0132
2025-06,38940,0.0138
2025-07,38940,0.0147
2025-08,38940,0.0217
2025-09,38940,0.0241
2025-10,38940,0.0236
2025-11,38940,0.0245
2025-12,38940,0.0209
2026-01,38940,0.0157
2026-02,38940,0.0139
2026-03,38940,0.0167
2026-04,38940,0.0182
2026-05,38940,0.024
2026-06,38940,0.0228
2026-07,38940,0.0244
2018-01,39300,0.0489
2018-02,39300,0.0489
2018-03,39300,0.0534
2018-04,39300,0.0513
2018-05,39300,0.0542
2018-06,39300,0.0616
2018-07,39300,0.0574
2018-08,39300,0.0537
2018-09,39300,0.0779
2018-10,39300,0.0804
2018-11,39300,0.0811
2018-12,39300,0.0519
2019-01,39300,0.0523
2019-02,39300,0.0487
2019-03,39300,0.0496
2019-04,39300,0.0538
2019-05,39300,0.0542
2019-06,39300,0.0472
2019-07,39300,0.0475
2019-08,39300,0.0506
2019-09,39300,0.0539
2019-10,39300,0.0542
2019-11,39300,0.049
2019-12,39300,0.0503
2020-01,39300,0.0457
2020-02,39300,0.0529
2020-03,39300,0.0576
2020-04,39300,0.0532
2020-05,39300,0.0433
2020-06,39300,0.0426
2020-07,39300,0.0471
2020-08,39300,0.0548
2020-09,39300,0.056
2020-10,39300,0.0625
2020-11,39300,0.0725
2020-12,39300,0.0832
2021-01,39300,0.0871
2021-02,39300,0.0883
2021-03,39300,0.0856
2021-04,39300,0.0985
2021-05,39300,0.1157
2021-06,39300,0.1239
2021-07,39300,0.1264
2021-08,39300,0.1223
2021-09,39300,0.1262
2021-10,39300,0.1239
2021-11,39300,0.1227
2021-12,39300,0.1205
2022-01,39300,0.1275
2022-02,39300,0.1276
2022-03,39300,0.1296
2022-04,39300,0.1218
2022-05,39300,0.1247
2022-06,39300,0.1271
2022-07,39300,0.1264
2022-08,39300,0.122
2022-09,39300,0.107
2022-10,39300,0.103
2022-11,39300,0.0981
2022-12,39300,0.0992
2023-01,39300,0.0901
2023-02,39300,0.0848
2023-03,39300,0.0796
2023-04,39300,0.0807
2023-05,39300,0.0724
2023-06,39300,0.0681
2023-07,39300,0.0636
2023-08,39300,0.067
2023-09,39300,0.0722
2023-10,39300,0.0695
2023-11,39300,0.0676
2023-12,39300,0.0659
2024-01,39300,0.0699
2024-02,39300,0.0732
2024-03,39300,0.0732
2024-04,39300,0.0713
2024-05,39300,0.0669
2024-06,39300,0.0609
2024-07,39300,0.0601
2024-08,39300,0.0593
2024-09,39300,0.0571
2024-10,39300,0.0578
2024-11,39300,0.0581
2024-12,39300,0.0567
2025-01,39300,0.0561
2025-02,39300,0.0518
2025-03,39300,0.05
2025-04,39300,0.0464
2025-05,39300,0.0531
2025-06,39300,0.0559
2025-07,39300,0.0526
2025-08,39300,0.0462
2025-09,39300,0.0481
2025-10,39300,0.0508
2025-11,39300,0.0521
2025-12,39300,0.0486
2026-01,39300,0.0433
2026-02,39300,0.0449
2026-03,39300,0.0452
2026-04,39300,0.0454
2026-05,39300,0.0374
2026-06,39300,0.036
2026-07,39300,0.0391
2018-01,39340,0.0546
2018-02,39340,0.0559
2018-03,39340,0.0501
2018-04,39340,0.0566
2018-05,39340,0.0471
2018-06,39340,0.0481
2018-07,39340,0.0437
2018-08,39340,0.0378
2018-09,39340,0.0307
2018-10,39340,0.0342
2018-11,39340,0.0516
2018-12,39340,0.0535
2019-01,39340,0.0478
2019-02,39340,0.041
2019-03,39340,0.0424
2019-04,39340,0.0365
2019-05,39340,0.038
2019-06,39340,0.0384
2019-07,39340,0.0384
2019-08,39340,0.045
2019-09,39340,0.0442
2019-10,39340,0.0483
2019-11,39340,0.0364
2019-12,39340,0.0346
2020-01,39340,0.0267
2020-02,39340,0.0254
2020-03,39340,0.0288
2020-04,39340,0.0275
2020-05,39340,0.0235
2020-06,39340,0.0229
2020-07,39340,0.0293
2020-08,39340,0.0309
2020-09,39340,0.0335
2020-10,39340,0.0405
2020-11,39340,0.0493
2020-12,39340,0.0611
2021-01,39340,0.0727
2021-02,39340,0.0782
2021-03,39340,0.0807
2021-04,39340,0.0893
2021-05,39340,0.1115
2021-06,39340,0.1217
2021-07,39340,0.1299
2021-08,39340,0.1388
2021-09,39340,0.1554
2021-10,39340,0.1598
2021-11,39340,0.1627
2021-12,39340,0.1581
2022-01,39340,0.1545
2022-02,39340,0.1621
2022-03,39340,0.1597
2022-04,39340,0.167
2022-05,39340,0.1514
2022-06,39340,0.1464
2022-07,39340,0.1245
2022-08,39340,0.113
2022-09,39340,0.0978
2022-10,39340,0.0773
2022-11,39340,0.0639
2022-12,39340,0.0517
2023-01,39340,0.0509
2023-02,39340,0.0432
2023-03,39340,0.0393
2023-04,39340,0.0233
2023-05,39340,0.0195
2023-06,39340,0.011
2023-07,39340,0.0214
2023-08,39340,0.0125
2023-09,39340,0.0071
2023-10,39340,0.0126
2023-11,39340,0.0199
2023-12,39340,0.029
2024-01,39340,0.0265
2024-02,39340,0.023
2024-03,39340,0.0171
2024-04,39340,0.0178
2024-05,39340,0.0173
2024-06,39340,0.0198
2024-07,39340,0.0132
2024-08,39340,0.0224
2024-09,39340,0.0224
2024-10,39340,0.0196
2024-11,39340,0.013
2024-12,39340,0.0076
2025-01,39340,0.0065
2025-02,39340,0.0042
2025-03,39340,0.0076
2025-04,39340,0.0095
2025-05,39340,0.0108
2025-06,39340,0.01
2025-07,39340,0.0115
2025-08,39340,0.0082
2025-09,39340,0.0129
2025-10,39340,0.016
2025-11,39340,0.0179
2025-12,39340,0.0171
2026-01,39340,0.0169
2026-02,39340,0.0214
2026-03,39340,0.0225
2026-04,39340,0.0228
2026-05,39340,0.022
2026-06,39340,0.0221
2026-07,39340,0.0205
2018-01,39580,0.042
2018-02,39580,0.0441
2018-03,39580,0.0426
2018-04,39580,0.0387
2018-05,39580,0.0374
2018-06,39580,0.0352
2018-07,39580,0.0349
2018-08,39580,0.0369
2018-09,39580,0.0366
2018-10,39580,0.0369
2018-11,39580,0.0378
2018-12,39580,0.0377
2019-01,39580,0.0369
2019-02,39580,0.0304
2019-03,39580,0.0292
2019-04,39580,0.029
2019-05,39580,0.0315
2019-06,39580,0.0348
2019-07,39580,0.0366
2019-08,39580,0.0374
2019-09,39580,0.0355
2019-10,39580,0.0364
2019-11,39580,0.0376
2019-12,39580,0.0429
2020-01,39580,0.0462
2020-02,39580,0.0484
2020-03,39580,0.0462
2020-04,39580,0.0406
2020-05,39580,0.0321
2020-06,39580,0.0253
2020-07,39580,0.0214
2020-08,39580,0.0215
2020-09,39580,0.0243
2020-10,39580,0.0283
2020-11,39580,0.0316
2020-12,39580,0.0304
2021-01,39580,0.0307
2021-02,39580,0.0333
2021-03,39580,0.0417
2021-04,39580,0.0579
2021-05,39580,0.0807
2021-06,39580,0.1048
2021-07,39580,0.1258
2021-08,39580,0.1409
2021-09,39580,0.1518
2021-10,39580,0.1578
2021-11,39580,0.1619
2021-12,39580,0.1675
2022-01,39580,0.1706
2022-02,39580,0.1718
2022-03,39580,0.1713
2022-04,39580,0.1671
2022-05,39580,0.156
2022-06,39580,0.1424
2022-07,39580,0.1265
2022-08,39580,0.1115
2022-09,39580,0.0993
2022-10,39580,0.0862
2022-11,39580,0.0744
2022-12,39580,0.0643
2023-01,39580,0.0583
2023-02,39580,0.0559
2023-03,39580,0.052
2023-04,39580,0.0452
2023-05,39580,0.0369
2023-06,39580,0.0245
2023-07,39580,0.0191
2023-08,39580,0.0132
2023-09,39580,0.0109
2023-10,39580,0.008
2023-11,39580,0.0072
2023-12,39580,0.0068
2024-01,39580,0.0045
2024-02,39580,0.001
2024-03,39580,-0.0045
2024-04,39580,-0.0058
2024-05,39580,-0.0052
2024-06,39580,0.0012
2024-07,39580,0.001
2024-08,39580,0.0022
2024-09,39580,-0.001
2024-10,39580,0.0014
2024-11,39580,0.0031
2024-12,39580,0.0055
2025-01,39580,0.0064
2025-02,39580,0.0057
2025-03,39580,0.0081
2025-04,39580,0.0074
2025-05,39580,0.0068
2025-06,39580,0.0024
2025-07,39580,0.0012
2025-08,39580,0.003
2025-09,39580,0.0066
2025-10,39580,0.0073
2025-11,39580,0.0065
2025-12,39580,0.002
2026-01,39580,0.0002
2026-02,39580,-0.0015
2026-03,39580,-0.0025
2026-04,39580,-0.0021
2026-05,39580,-0.001
2026-06,39580,0.0032
2026-07,39580,0.0074
2018-01,39900,0.1216
2018-02,39900,0.1199
2018-03,39900,0.1217
2018-04,39900,0.1184
2018-05,39900,0.1099
2018-06,39900,0.1074
2018-07,39900,0.1031
2018-08,39900,0.1056
2018-09,39900,0.0971
2018-10,39900,0.0977
2018-11,39900,0.093
2018-12,39900,0.0927
2019-01,39900,0.0848
2019-02,39900,0.0827
2019-03,39900,0.0759
2019-04,39900,0.0721
2019-05,39900,0.0655
2019-06,39900,0.0572
2019-07,39900,0.0476
2019-08,39900,0.0397
2019-09,39900,0.0429
2019-10,39900,0.0454
2019-11,39900,0.0455
2019-12,39900,0.0456
2020-01,39900,0.0422
2020-02,39900,0.0423
2020-03,39900,0.0393
2020-04,39900,0.0362
2020-05,39900,0.0323
2020-06,39900,0.0255
2020-07,39900,0.0253
2020-08,39900,0.0358
2020-09,39900,0.0472
2020-10,39900,0.0596
2020-11,39900,0.0687
2020-12,39900,0.0746
2021-01,39900,0.0832
2021-02,39900,0.0895
2021-03,39900,0.099
2021-04,39900,0.1092
2021-05,39900,0.1273
2021-06,39900,0.1518
2021-07,39900,0.1766
2021-08,39900,0.1752
2021-09,39900,0.1662
2021-10,39900,0.1425
2021-11,39900,0.1311
2021-12,39900,0.1157
2022-01,39900,0.112
2022-02,39900,0.0994
2022-03,39900,0.0973
2022-04,39900,0.0922
2022-05,39900,0.0829
2022-06,39900,0.0677
2022-07,39900,0.0428
2022-08,39900,0.028
2022-09,39900,0.014
2022-10,39900,0.0161
2022-11,39900,0.013
2022-12,39900,0.0239
2023-01,39900,0.0151
2023-02,39900,0.024
2023-03,39900,0.0144
2023-04,39900,0.0121
2023-05,39900,0.0028
2023-06,39900,-0.0007
2023-07,39900,0.0006
2023-08,39900,0.0032
2023-09,39900,0.0087
2023-10,39900,0.009
2023-11,39900,0.01
2023-12,39900,0.0046
2024-01,39900,0.0104
2024-02,39900,-0.0001
2024-03,39900,0.0063
2024-04,39900,0.0085
2024-05,39900,0.0211
2024-06,39900,0.0275
2024-07,39900,0.0282
2024-08,39900,0.0331
2024-09,39900,0.0334
2024-10,39900,0.0361
2024-11,39900,0.035
2024-12,39900,0.0329
2025-01,39900,0.0317
2025-02,39900,0.0339
2025-03,39900,0.0343
2025-04,39900,0.0297
2025-05,39900,0.0309
2025-06,39900,0.0277
2025-07,39900,0.0342
2025-08,39900,0.0346
2025-09,39900,0.0412
2025-10,39900,0.0423
2025-11,39900,0.0492
2025-12,39900,0.0545
2026-01,39900,0.0572
2026-02,39900,0.0664
2026-03,39900,0.0654
2026-04,39900,0.0716
2026-05,39900,0.06
2026-06,39900,0.0638
2026-07,39900,0.0626
2018-01,40060,0.0531
2018-02,40060,0.0548
2018-03,40060,0.0516
2018-04,40060,0.0512
2018-05,40060,0.0453
2018-06,40060,0.0498
2018-07,40060,0.0427
2018-08,40060,0.042
2018-09,40060,0.0406
2018-10,40060,0.0451
2018-11,40060,0.0493
2018-12,40060,0.0455
2019-01,40060,0.0459
2019-02,40060,0.0403
2019-03,40060,0.0449
2019-04,40060,0.0457
2019-05,40060,0.0457
2019-06,40060,0.04
2019-07,40060,0.0423
2019-08,40060,0.0468
2019-09,40060,0.0485
2019-10,40060,0.046
2019-11,40060,0.0357
2019-12,40060,0.0399
2020-01,40060,0.0356
2020-02,40060,0.0407
2020-03,40060,0.0399
2020-04,40060,0.0367
2020-05,40060,0.0373
2020-06,40060,0.0361
2020-07,40060,0.0395
2020-08,40060,0.0369
2020-09,40060,0.0411
2020-10,40060,0.0454
2020-11,40060,0.0537
2020-12,40060,0.0524
2021-01,40060,0.0565
2021-02,40060,0.0572
2021-03,40060,0.0639
2021-04,40060,0.074
2021-05,40060,0.0842
2021-06,40060,0.0981
2021-07,40060,0.104
2021-08,40060,0.1132
2021-09,40060,0.1135
2021-10,40060,0.1177
2021-11,40060,0.1219
2021-12,40060,0.134
2022-01,40060,0.1379
2022-02,40060,0.1418
2022-03,40060,0.135
2022-04,40060,0.1342
2022-05,40060,0.1292
2022-06,40060,0.1251
2022-07,40060,0.1225
2022-08,40060,0.1163
2022-09,40060,0.1115
2022-10,40060,0.1004
2022-11,40060,0.0903
2022-12,40060,0.0753
2023-01,40060,0.0678
2023-02,40060,0.0602
2023-03,40060,0.058
2023-04,40060,0.0497
2023-05,40060,0.0424
2023-06,40060,0.0325
2023-07,40060,0.0202
2023-08,40060,0.0164
2023-09,40060,0.0176
2023-10,40060,0.0228
2023-11,40060,0.0244
2023-12,40060,0.0233
2024-01,40060,0.0281
2024-02,40060,0.0323
2024-03,40060,0.0355
2024-04,40060,0.0384
2024-05,40060,0.0406
2024-06,40060,0.0465
2024-07,40060,0.0528
2024-08,40060,0.056
2024-09,40060,0.0519
2024-10,40060,0.049
2024-11,40060,0.0511
2024-12,40060,0.0582
2025-01,40060,0.0522
2025-02,40060,0.0462
2025-03,40060,0.0429
2025-04,40060,0.0426
2025-05,40060,0.0423
2025-06,40060,0.0386
2025-07,40060,0.0401
2025-08,40060,0.0365
2025-09,40060,0.0379
2025-10,40060,0.0371
2025-11,40060,0.0337
2025-12,40060,0.0303
2026-01,40060,0.0331
2026-02,40060,0.0367
2026-03,40060,0.0349
2026-04,40060,0.0322
2026-05,40060,0.0321
2026-06,40060,0.0331
2026-07,40060,0.0284
2018-01,40140,0.067
2018-02,40140,0.0665
2018-03,40140,0.0658
2018-04,40140,0.0635
2018-05,40140,0.0604
2018-06,40140,0.0584
2018-07,40140,0.0604
2018-08,40140,0.0604
2018-09,40140,0.062
2018-10,40140,0.0617
2018-11,40140,0.0612
2018-12,40140,0.0608
2019-01,40140,0.0613
2019-02,40140,0.0575
2019-03,40140,0.0542
2019-04,40140,0.0532
2019-05,40140,0.0564
2019-06,40140,0.0544
2019-07,40140,0.0537
2019-08,40140,0.051
2019-09,40140,0.0513
2019-10,40140,0.0486
2019-11,40140,0.0465
2019-12,40140,0.0456
2020-01,40140,0.0462
2020-02,40140,0.049
2020-03,40140,0.0473
2020-04,40140,0.0439
2020-05,40140,0.0382
2020-06,40140,0.0407
2020-07,40140,0.0447
2020-08,40140,0.0554
2020-09,40140,0.0642
2020-10,40140,0.0779
2020-11,40140,0.0888
2020-12,40140,0.0991
2021-01,40140,0.1068
2021-02,40140,0.1158
2021-03,40140,0.1295
2021-04,40140,0.1423
2021-05,40140,0.162
2021-06,40140,0.1738
2021-07,40140,0.1885
2021-08,40140,0.1903
2021-09,40140,0.1925
2021-10,40140,0.1838
2021-11,40140,0.1797
2021-12,40140,0.1731
2022-01,40140,0.1726
2022-02,40140,0.1674
2022-03,40140,0.1627
2022-04,40140,0.1628
2022-05,40140,0.1512
2022-06,40140,0.1401
2022-07,40140,0.1171
2022-08,40140,0.101
2022-09,40140,0.0854
2022-10,40140,0.0753
2022-11,40140,0.0669
2022-12,40140,0.0617
2023-01,40140,0.0537
2023-02,40140,0.0467
2023-03,40140,0.0389
2023-04,40140,0.0288
2023-05,40140,0.0238
2023-06,40140,0.0174
2023-07,40140,0.0164
2023-08,40140,0.0171
2023-09,40140,0.0172
2023-10,40140,0.0238
2023-11,40140,0.0244
2023-12,40140,0.0233
2024-01,40140,0.019
2024-02,40140,0.0203
2024-03,40140,0.0219
2024-04,40140,0.0214
2024-05,40140,0.0212
2024-06,40140,0.0235
2024-07,40140,0.0296
2024-08,40140,0.0318
2024-09,40140,0.0355
2024-10,40140,0.0309
2024-11,40140,0.0308
2024-12,40140,0.0311
2025-01,40140,0.0352
2025-02,40140,0.0341
2025-03,40140,0.0314
2025-04,40140,0.0306
2025-05,40140,0.0301
2025-06,40140,0.0293
2025-07,40140,0.0241
2025-08,40140,0.0223
2025-09,40140,0.0195
2025-10,40140,0.0197
2025-11,40140,0.0191
2025-12,40140,0.0192
2026-01,40140,0.018
2026-02,40140,0.0176
2026-03,40140,0.0185
2026-04,40140,0.0206
2026-05,40140,0.0216
2026-06,40140,0.0233
2026-07,40140,0.0257
2018-01,40380,0.0386
2018-02,40380,0.0338
2018-03,40380,0.0343
2018-04,40380,0.0309
2018-05,40380,0.0405
2018-06,40380,0.0396
2018-07,40380,0.0355
2018-08,40380,0.0322
2018-09,40380,0.0332
2018-10,40380,0.0388
2018-11,40380,0.0318
2018-12,40380,0.0325
2019-01,40380,0.0254
2019-02,40380,0.031
2019-03,40380,0.0306
2019-04,40380,0.0352
2019-05,40380,0.0359
2019-06,40380,0.0406
2019-07,40380,0.0419
2019-08,40380,0.0389
2019-09,40380,0.0343
2019-10,40380,0.0324
2019-11,40380,0.042
2019-12,40380,0.0403
2020-01,40380,0.0441
2020-02,40380,0.04
2020-03,40380,0.0438
2020-04,40380,0.0363
2020-05,40380,0.0304
2020-06,40380,0.0267
2020-07,40380,0.0317
2020-08,40380,0.039
2020-09,40380,0.0506
2020-10,40380,0.0578
2020-11,40380,0.0631
2020-12,40380,0.0703
2021-01,40380,0.0712
2021-02,40380,0.0735
2021-03,40380,0.0692
2021-04,40380,0.0819
2021-05,40380,0.0916
2021-06,40380,0.0973
2021-07,40380,0.099
2021-08,40380,0.1043
2021-09,40380,0.0994
2021-10,40380,0.0973
2021-11,40380,0.0901
2021-12,40380,0.0868
2022-01,40380,0.089
2022-02,40380,0.0961
2022-03,40380,0.1104
2022-04,40380,0.1118
2022-05,40380,0.1144
2022-06,40380,0.1176
2022-07,40380,0.1148
2022-08,40380,0.1007
2022-09,40380,0.0933
2022-10,40380,0.0847
2022-11,40380,0.0818
2022-12,40380,0.0783
2023-01,40380,0.0813
2023-02,40380,0.0729
2023-03,40380,0.0615
2023-04,40380,0.0557
2023-05,40380,0.0527
2023-06,40380,0.0471
2023-07,40380,0.0428
2023-08,40380,0.0487
2023-09,40380,0.0554
2023-10,40380,0.0621
2023-11,40380,0.0654
2023-12,40380,0.0682
2024-01,40380,0.0589
2024-02,40380,0.0631
2024-03,40380,0.0589
2024-04,40380,0.0604
2024-05,40380,0.0512
2024-06,40380,0.0507
2024-07,40380,0.0499
2024-08,40380,0.0465
2024-09,40380,0.0425
2024-10,40380,0.0417
2024-11,40380,0.0435
2024-12,40380,0.0417
2025-01,40380,0.0482
2025-02,40380,0.0464
2025-03,40380,0.0548
2025-04,40380,0.0476
2025-05,40380,0.0518
2025-06,40380,0.0511
2025-07,40380,0.0541
2025-08,40380,0.0571
2025-09,40380,0.0578
2025-10,40380,0.0543
2025-11,40380,0.0479
2025-12,40380,0.0465
2026-01,40380,0.0416
2026-02,40380,0.0373
2026-03,40380,0.0297
2026-04,40380,0.0338
2026-05,40380,0.0347
2026-06,40380,0.0327
2026-07,40380,0.0296
2018-01,40900,0.0892
2018-02,40900,0.0769
2018-03,40900,0.0703
2018-04,40900,0.0636
2018-05,40900,0.0666
2018-06,40900,0.0659
2018-07,40900,0.0644
2018-08,40900,0.0618
2018-09,40900,0.0578
2018-10,40900,0.054
2018-11,40900,0.0537
2018-12,40900,0.0545
2019-01,40900,0.0529
2019-02,40900,0.058
2019-03,40900,0.0576
2019-04,40900,0.0588
2019-05,40900,0.0512
2019-06,40900,0.0505
2019-07,40900,0.0498
2019-08,40900,0.0492
2019-09,40900,0.0499
2019-10,40900,0.05
2019-11,40900,0.0498
2019-12,40900,0.0461
2020-01,40900,0.0466
2020-02,40900,0.0454
2020-03,40900,0.0447
2020-04,40900,0.0402
2020-05,40900,0.0362
2020-06,40900,0.0341
2020-07,40900,0.036
2020-08,40900,0.0426
2020-09,40900,0.0487
2020-10,40900,0.0559
2020-11,40900,0.0639
2020-12,40900,0.0709
2021-01,40900,0.0772
2021-02,40900,0.0808
2021-03,40900,0.0848
2021-04,40900,0.0942
2021-05,40900,0.1136
2021-06,40900,0.1272
2021-07,40900,0.1363
2021-08,40900,0.1352
2021-09,40900,0.1353
2021-10,40900,0.1319
2021-11,40900,0.1288
2021-12,40900,0.1268
2022-01,40900,0.1222
2022-02,40900,0.1182
2022-03,40900,0.1159
2022-04,40900,0.1138
2022-05,40900,0.1007
2022-06,40900,0.0899
2022-07,40900,0.0769
2022-08,40900,0.0696
2022-09,40900,0.0578
2022-10,40900,0.0501
2022-11,40900,0.0376
2022-12,40900,0.0301
2023-01,40900,0.0246
2023-02,40900,0.0236
2023-03,40900,0.0227
2023-04,40900,0.0168
2023-05,40900,0.0151
2023-06,40900,0.0107
2023-07,40900,0.0093
2023-08,40900,0.0067
2023-09,40900,0.0102
2023-10,40900,0.0115
2023-11,40900,0.0179
2023-12,40900,0.0212
2024-01,40900,0.0247
2024-02,40900,0.0258
2024-03,40900,0.0242
2024-04,40900,0.0266
2024-05,40900,0.0269
2024-06,40900,0.0285
2024-07,40900,0.03
2024-08,40900,0.0328
2024-09,40900,0.0318
2024-10,40900,0.0321
2024-11,40900,0.0321
2024-12,40900,0.0296
2025-01,40900,0.0275
2025-02,40900,0.0234
2025-03,40900,0.0242
2025-04,40900,0.0216
2025-05,40900,0.0207
2025-06,40900,0.0203
2025-07,40900,0.0208
2025-08,40900,0.0204
2025-09,40900,0.0204
2025-10,40900,0.0205
2025-11,40900,0.0178
2025-12,40900,0.0195
2026-01,40900,0.0187
2026-02,40900,0.0201
2026-03,40900,0.0168
2026-04,40900,0.018
2026-05,40900,0.0188
2026-06,40900,0.0204
2026-07,40900,0.0182
2018-01,41180,0.0299
2018-02,41180,0.03
2018-03,41180,0.0271
2018-04,41180,0.0282
2018-05,41180,0.0289
2018-06,41180,0.0293
2018-07,41180,0.0272
2018-08,41180,0.0256
2018-09,41180,0.0278
2018-10,41180,0.0302
2018-11,41180,0.0328
2018-12,41180,0.0351
2019-01,41180,0.0348
2019-02,41180,0.0345
2019-03,41180,0.035
2019-04,41180,0.0329
2019-05,41180,0.0324
2019-06,41180,0.0336
2019-07,41180,0.0358
2019-08,41180,0.037
2019-09,41180,0.0347
2019-10,41180,0.0334
2019-11,41180,0.0341
2019-12,41180,0.0333
2020-01,41180,0.035
2020-02,41180,0.0354
2020-03,41180,0.04
2020-04,41180,0.0408
2020-05,41180,0.0406
2020-06,41180,0.0383
2020-07,41180,0.0396
2020-08,41180,0.0429
2020-09,41180,0.0479
2020-10,41180,0.0519
2020-11,41180,0.0526
2020-12,41180,0.055
2021-01,41180,0.0561
2021-02,41180,0.0586
2021-03,41180,0.054
2021-04,41180,0.0592
2021-05,41180,0.0655
2021-06,41180,0.0744
2021-07,41180,0.0779
2021-08,41180,0.0795
2021-09,41180,0.0849
2021-10,41180,0.0864
2021-11,41180,0.0905
2021-12,41180,0.0927
2022-01,41180,0.0981
2022-02,41180,0.1041
2022-03,41180,0.1091
2022-04,41180,0.1078
2022-05,41180,0.1042
2022-06,41180,0.1027
2022-07,41180,0.1016
2022-08,41180,0.1019
2022-09,41180,0.0891
2022-10,41180,0.0867
2022-11,41180,0.0814
2022-12,41180,0.0808
2023-01,41180,0.0726
2023-02,41180,0.0618
2023-03,41180,0.0609
2023-04,41180,0.0593
2023-05,41180,0.0632
2023-06,41180,0.0584
2023-07,41180,0.0561
2023-08,41180,0.0472
2023-09,41180,0.052
2023-10,41180,0.0499
2023-11,41180,0.052
2023-12,41180,0.0473
2024-01,41180,0.047
2024-02,41180,0.0519
2024-03,41180,0.0517
2024-04,41180,0.0534
2024-05,41180,0.0481
2024-06,41180,0.0489
2024-07,41180,0.0473
2024-08,41180,0.0509
2024-09,41180,0.0492
2024-10,41180,0.0484
2024-11,41180,0.047
2024-12,41180,0.0493
2025-01,41180,0.0525
2025-02,41180,0.0513
2025-03,41180,0.0465
2025-04,41180,0.043
2025-05,41180,0.0402
2025-06,41180,0.0373
2025-07,41180,0.0353
2025-08,41180,0.0377
2025-09,41180,0.0388
2025-10,41180,0.0401
2025-11,41180,0.0385
2025-12,41180,0.0368
2026-01,41180,0.0354
2026-02,41180,0.0337
2026-03,41180,0.0355
2026-04,41180,0.0346
2026-05,41180,0.0383
2026-06,41180,0.0417
2026-07,41180,0.0457
2018-01,41620,0.0645
2018-02,41620,0.069
2018-03,41620,0.0677
2018-04,41620,0.0645
2018-05,41620,0.0576
2018-06,41620,0.0542
2018-07,41620,0.0502
2018-08,41620,0.0561
2018-09,41620,0.0576
2018-10,41620,0.0567
2018-11,41620,0.0627
2018-12,41620,0.0644
2019-01,41620,0.0646
2019-02,41620,0.0549
2019-03,41620,0.0501
2019-04,41620,0.0482
2019-05,41620,0.0539
2019-06,41620,0.0529
2019-07,41620,0.0573
2019-08,41620,0.0486
2019-09,41620,0.043
2019-10,41620,0.0364
2019-11,41620,0.0393
2019-12,41620,0.039
2020-01,41620,0.0371
2020-02,41620,0.0339
2020-03,41620,0.0365
2020-04,41620,0.0316
2020-05,41620,0.0261
2020-06,41620,0.0231
2020-07,41620,0.0217
2020-08,41620,0.0253
2020-09,41620,0.0283
2020-10,41620,0.0354
2020-11,41620,0.0362
2020-12,41620,0.0374
2021-01,41620,0.0427
2021-02,41620,0.0566
2021-03,41620,0.0645
2021-04,41620,0.0814
2021-05,41620,0.0964
2021-06,41620,0.1155
2021-07,41620,0.1298
2021-08,41620,0.1435
2021-09,41620,0.1576
2021-10,41620,0.1661
2021-11,41620,0.1734
2021-12,41620,0.1825
2022-01,41620,0.1865
2022-02,41620,0.1809
2022-03,41620,0.1784
2022-04,41620,0.1725
2022-05,41620,0.1639
2022-06,41620,0.1483
2022-07,41620,0.1323
2022-08,41620,0.1187
2022-09,41620,0.1021
2022-10,41620,0.0875
2022-11,41620,0.0744
2022-12,41620,0.0644
2023-01,41620,0.0522
2023-02,41620,0.0434
2023-03,41620,0.0306
2023-04,41620,0.0208
2023-05,41620,0.014
2023-06,41620,0.0102
2023-07,41620,0.0063
2023-08,41620,0.0016
2023-09,41620,-0.002
2023-10,41620,-0.0
2023-11,41620,-0.0005
2023-12,41620,-0.002
2024-01,41620,0.0011
2024-02,41620,0.0049
2024-03,41620,0.0088
2024-04,41620,0.0074
2024-05,41620,0.0073
2024-06,41620,0.0083
2024-07,41620,0.0118
2024-08,41620,0.0133
2024-09,41620,0.0187
2024-10,41620,0.0128
2024-11,41620,0.0104
2024-12,41620,0.0071
2025-01,41620,0.0096
2025-02,41620,0.0072
2025-03,41620,0.0066
2025-04,41620,0.0061
2025-05,41620,0.0055
2025-06,41620,0.003
2025-07,41620,0.0005
2025-08,41620,0.0008
2025-09,41620,-0.0034
2025-10,41620,0.0006
2025-11,41620,0.0034
2025-12,41620,0.0054
2026-01,41620,-0.0036
2026-02,41620,-0.0059
2026-03,41620,-0.0055
2026-04,41620,0.0004
2026-05,41620,0.0022
2026-06,41620,0.0047
2026-07,41620,0.0049
2018-01,41700,0.0235
2018-02,41700,0.025
2018-03,41700,0.025
2018-04,41700,0.0233
2018-05,41700,0.0211
2018-06,41700,0.0186
2018-07,41700,0.0199
2018-08,41700,0.0244
2018-09,41700,0.0267
2018-10,41700,0.0294
2018-11,41700,0.0301
2018-12,41700,0.0298
2019-01,41700,0.0293
2019-02,41700,0.0255
2019-03,41700,0.0254
2019-04,41700,0.0276
2019-05,41700,0.0314
2019-06,41700,0.0333
2019-07,41700,0.0313
2019-08,41700,0.0295
2019-09,41700,0.0288
2019-10,41700,0.0286
2019-11,41700,0.0277
2019-12,41700,0.0293
2020-01,41700,0.0297
2020-02,41700,0.0326
2020-03,41700,0.0322
2020-04,41700,0.0285
2020-05,41700,0.0208
2020-06,41700,0.0159
2020-07,41700,0.0162
2020-08,41700,0.0155
2020-09,41700,0.0163
2020-10,41700,0.0165
2020-11,41700,0.0207
2020-12,41700,0.0239
2021-01,41700,0.0274
2021-02,41700,0.0283
2021-03,41700,0.0317
2021-04,41700,0.0418
2021-05,41700,0.0589
2021-06,41700,0.0767
2021-07,41700,0.0897
2021-08,41700,0.1053
2021-09,41700,0.1183
2021-10,41700,0.1292
2021-11,41700,0.133
2021-12,41700,0.1347
2022-01,41700,0.135
2022-02,41700,0.1389
2022-03,41700,0.1396
2022-04,41700,0.1363
2022-05,41700,0.1275
2022-06,41700,0.1159
2022-07,41700,0.1062
2022-08,41700,0.0902
2022-09,41700,0.073
2022-10,41700,0.0572
2022-11,41700,0.0471
2022-12,41700,0.0403
2023-01,41700,0.0373
2023-02,41700,0.0307
2023-03,41700,0.0282
2023-04,41700,0.0205
2023-05,41700,0.0154
2023-06,41700,0.0065
2023-07,41700,-0.0028
2023-08,41700,-0.0072
2023-09,41700,-0.0069
2023-10,41700,-0.0032
2023-11,41700,-0.0015
2023-12,41700,-0.0027
2024-01,41700,-0.0075
2024-02,41700,-0.0107
2024-03,41700,-0.016
2024-04,41700,-0.0143
2024-05,41700,-0.0143
2024-06,41700,-0.0092
2024-07,41700,-0.0069
2024-08,41700,-0.0029
2024-09,41700,-0.0033
2024-10,41700,-0.0077
2024-11,41700,-0.0121
2024-12,41700,-0.0125
2025-01,41700,-0.01
2025-02,41700,-0.0068
2025-03,41700,-0.0063
2025-04,41700,-0.0077
2025-05,41700,-0.0091
2025-06,41700,-0.0111
2025-07,41700,-0.0109
2025-08,41700,-0.0127
2025-09,41700,-0.0122
2025-10,41700,-0.0096
2025-11,41700,-0.0072
2025-12,41700,-0.0089
2026-01,41700,-0.0131
2026-02,41700,-0.0169
2026-03,41700,-0.017
2026-04,41700,-0.0183
2026-05,41700,-0.0188
2026-06,41700,-0.0193
2026-07,41700,-0.0184
2018-01,41740,0.0615
2018-02,41740,0.0592
2018-03,41740,0.0558
2018-04,41740,0.0506
2018-05,41740,0.0504
2018-06,41740,0.05
2018-07,41740,0.05
2018-08,41740,0.0505
2018-09,41740,0.0519
2018-10,41740,0.0517
2018-11,41740,0.0485
2018-12,41740,0.0482
2019-01,41740,0.045
2019-02,41740,0.0436
2019-03,41740,0.0392
2019-04,41740,0.038
2019-05,41740,0.0361
2019-06,41740,0.0361
2019-07,41740,0.0362
2019-08,41740,0.0362
2019-09,41740,0.0344
2019-10,41740,0.0345
2019-11,41740,0.0374
2019-12,41740,0.0378
2020-01,41740,0.0379
2020-02,41740,0.0372
2020-03,41740,0.0367
2020-04,41740,0.031
2020-05,41740,0.0237
2020-06,41740,0.0175
2020-07,41740,0.0153
2020-08,41740,0.0134
2020-09,41740,0.015
2020-10,41740,0.02
2020-11,41740,0.0256
2020-12,41740,0.0302
2021-01,41740,0.0343
2021-02,41740,0.0389
2021-03,41740,0.0464
2021-04,41740,0.0614
2021-05,41740,0.08
2021-06,41740,0.098
2021-07,41740,0.1146
2021-08,41740,0.1337
2021-09,41740,0.1521
2021-10,41740,0.1602
2021-11,41740,0.1652
2021-12,41740,0.1691
2022-01,41740,0.175
2022-02,41740,0.1805
2022-03,41740,0.1841
2022-04,41740,0.186
2022-05,41740,0.184
2022-06,41740,0.1814
2022-07,41740,0.1702
2022-08,41740,0.1553
2022-09,41740,0.1334
2022-10,41740,0.1186
2022-11,41740,0.1037
2022-12,41740,0.0954
2023-01,41740,0.0857
2023-02,41740,0.0772
2023-03,41740,0.0724
2023-04,41740,0.0643
2023-05,41740,0.0579
2023-06,41740,0.0478
2023-07,41740,0.0431
2023-08,41740,0.0379
2023-09,41740,0.0366
2023-10,41740,0.0338
2023-11,41740,0.0324
2023-12,41740,0.028
2024-01,41740,0.0254
2024-02,41740,0.0239
2024-03,41740,0.0197
2024-04,41740,0.0169
2024-05,41740,0.0127
2024-06,41740,0.0121
2024-07,41740,0.0108
2024-08,41740,0.0104
2024-09,41740,0.0121
2024-10,41740,0.0153
2024-11,41740,0.0211
2024-12,41740,0.0239
2025-01,41740,0.0259
2025-02,41740,0.024
2025-03,41740,0.0235
2025-04,41740,0.021
2025-05,41740,0.0195
2025-06,41740,0.018
2025-07,41740,0.0171
2025-08,41740,0.0192
2025-09,41740,0.0194
2025-10,41740,0.0187
2025-11,41740,0.014
2025-12,41740,0.013
2026-01,41740,0.0114
2026-02,41740,0.0124
2026-03,41740,0.0111
2026-04,41740,0.0128
2026-05,41740,0.0153
2026-06,41740,0.0178
2026-07,41740,0.0199
2018-01,41860,0.0445
2018-02,41860,0.0422
2018-03,41860,0.0365
2018-04,41860,0.0373
2018-05,41860,0.0381
2018-06,41860,0.0376
2018-07,41860,0.0371
2018-08,41860,0.0363
2018-09,41860,0.0355
2018-10,41860,0.0344
2018-11,41860,0.0351
2018-12,41860,0.0343
2019-01,41860,0.0339
2019-02,41860,0.0317
2019-03,41860,0.0331
2019-04,41860,0.0321
2019-05,41860,0.0325
2019-06,41860,0.0311
2019-07,41860,0.031
2019-08,41860,0.0298
2019-09,41860,0.0287
2019-10,41860,0.0266
2019-11,41860,0.0258
2019-12,41860,0.0246
2020-01,41860,0.0249
2020-02,41860,0.0251
2020-03,41860,0.0234
2020-04,41860,0.0154
2020-05,41860,0.0044
2020-06,41860,-0.0079
2020-07,41860,-0.0217
2020-08,41860,-0.0378
2020-09,41860,-0.0525
2020-10,41860,-0.0633
2020-11,41860,-0.0711
2020-12,41860,-0.075
2021-01,41860,-0.0795
2021-02,41860,-0.0796
2021-03,41860,-0.0782
2021-04,41860,-0.0675
2021-05,41860,-0.0528
2021-06,41860,-0.0315
2021-07,41860,-0.0079
2021-08,41860,0.02
2021-09,41860,0.0445
2021-10,41860,0.0631
2021-11,41860,0.0762
2021-12,41860,0.0852
2022-01,41860,0.0946
2022-02,41860,0.0984
2022-03,41860,0.0995
2022-04,41860,0.0972
2022-05,41860,0.0924
2022-06,41860,0.0836
2022-07,41860,0.0723
2022-08,41860,0.0612
2022-09,41860,0.0533
2022-10,41860,0.0471
2022-11,41860,0.0415
2022-12,41860,0.035
2023-01,41860,0.0275
2023-02,41860,0.0228
2023-03,41860,0.0217
2023-04,41860,0.0175
2023-05,41860,0.0128
2023-06,41860,0.0053
2023-07,41860,0.003
2023-08,41860,0.0004
2023-09,41860,-0.0017
2023-10,41860,-0.0026
2023-11,41860,-0.0032
2023-12,41860,-0.0009
2024-01,41860,0.0025
2024-02,41860,0.0041
2024-03,41860,0.0038
2024-04,41860,0.0064
2024-05,41860,0.0095
2024-06,41860,0.0147
2024-07,41860,0.0154
2024-08,41860,0.0168
2024-09,41860,0.0177
2024-10,41860,0.0192
2024-11,41860,0.0256
2024-12,41860,0.0294
2025-01,41860,0.0327
2025-02,41860,0.0344
2025-03,41860,0.0378
2025-04,41860,0.0414
2025-05,41860,0.043
2025-06,41860,0.0446
2025-07,41860,0.0459
2025-08,41860,0.0503
2025-09,41860,0.0552
2025-10,41860,0.059
2025-11,41860,0.0568
2025-12,41860,0.0568
2026-01,41860,0.0572
2026-02,41860,0.0619
2026-03,41860,0.0638
2026-04,41860,0.0661
2026-05,41860,0.0734
2026-06,41860,0.0836
2026-07,41860,0.0969
2018-01,41940,0.0404
2018-02,41940,0.0432
2018-03,41940,0.0392
2018-04,41940,0.0405
2018-05,41940,0.0358
2018-06,41940,0.0355
2018-07,41940,0.0353
2018-08,41940,0.0365
2018-09,41940,0.0354
2018-10,41940,0.0329
2018-11,41940,0.0331
2018-12,41940,0.0333
2019-01,41940,0.033
2019-02,41940,0.0256
2019-03,41940,0.0214
2019-04,41940,0.0187
2019-05,41940,0.0247
2019-06,41940,0.0261
2019-07,41940,0.0274
2019-08,41940,0.0238
2019-09,41940,0.0235
2019-10,41940,0.0255
2019-11,41940,0.024
2019-12,41940,0.0251
2020-01,41940,0.0235
2020-02,41940,0.027
2020-03,41940,0.0288
2020-04,41940,0.0204
2020-05,41940,0.0062
2020-06,41940,-0.0116
2020-07,41940,-0.0273
2020-08,41940,-0.0405
2020-09,41940,-0.0512
2020-10,41940,-0.0619
2020-11,41940,-0.0655
2020-12,41940,-0.073
2021-01,41940,-0.0765
2021-02,41940,-0.0816
2021-03,41940,-0.0828
2021-04,41940,-0.0724
2021-05,41940,-0.0572
2021-06,41940,-0.0328
2021-07,41940,-0.008
2021-08,41940,0.0173
2021-09,41940,0.038
2021-10,41940,0.057
2021-11,41940,0.0663
2021-12,41940,0.0784
2022-01,41940,0.0886
2022-02,41940,0.1001
2022-03,41940,0.1076
2022-04,41940,0.1108
2022-05,41940,0.1104
2022-06,41940,0.1077
2022-07,41940,0.1002
2022-08,41940,0.0914
2022-09,41940,0.0827
2022-10,41940,0.0734
2022-11,41940,0.0683
2022-12,41940,0.0617
2023-01,41940,0.0549
2023-02,41940,0.0466
2023-03,41940,0.0413
2023-04,41940,0.0323
2023-05,41940,0.0257
2023-06,41940,0.0145
2023-07,41940,0.0084
2023-08,41940,0.0039
2023-09,41940,0.0013
2023-10,41940,0.0003
2023-11,41940,-0.0013
2023-12,41940,0.002
2024-01,41940,0.0076
2024-02,41940,0.0148
2024-03,41940,0.0183
2024-04,41940,0.0222
2024-05,41940,0.0256
2024-06,41940,0.0303
2024-07,41940,0.0341
2024-08,41940,0.0358
2024-09,41940,0.0384
2024-10,41940,0.0414
2024-11,41940,0.045
2024-12,41940,0.0428
2025-01,41940,0.0395
2025-02,41940,0.036
2025-03,41940,0.0362
2025-04,41940,0.0367
2025-05,41940,0.0352
2025-06,41940,0.0348
2025-07,41940,0.0332
2025-08,41940,0.0361
2025-09,41940,0.0373
2025-10,41940,0.039
2025-11,41940,0.0417
2025-12,41940,0.0464
2026-01,41940,0.0481
2026-02,41940,0.0484
2026-03,41940,0.0469
2026-04,41940,0.0502
2026-05,41940,0.0555
2026-06,41940,0.0631
2026-07,41940,0.0712
2018-01,42540,0.0453
2018-02,42540,0.0471
2018-03,42540,0.0314
2018-04,42540,0.0425
2018-05,42540,0.0423
2018-06,42540,0.0461
2018-07,42540,0.0496
2018-08,42540,0.0461
2018-09,42540,0.0451
2018-10,42540,0.0399
2018-11,42540,0.045
2018-12,42540,0.0386
2019-01,42540,0.051
2019-02,42540,0.0509
2019-03,42540,0.0612
2019-04,42540,0.0568
2019-05,42540,0.0598
2019-06,42540,0.063
2019-07,42540,0.0503
2019-08,42540,0.0555
2019-09,42540,0.049
2019-10,42540,0.0474
2019-11,42540,0.0472
2019-12,42540,0.0414
2020-01,42540,0.0416
2020-02,42540,0.0319
2020-03,42540,0.0347
2020-04,42540,0.0346
2020-05,42540,0.0459
2020-06,42540,0.046
2020-07,42540,0.0609
2020-08,42540,0.0562
2020-09,42540,0.0696
2020-10,42540,0.0816
2020-11,42540,0.0842
2020-12,42540,0.1044
2021-01,42540,0.1126
2021-02,42540,0.1311
2021-03,42540,0.1297
2021-04,42540,0.1375
2021-05,42540,0.1267
2021-06,42540,0.1379
2021-07,42540,0.1414
2021-08,42540,0.1578
2021-09,42540,0.1438
2021-10,42540,0.1377
2021-11,42540,0.1456
2021-12,42540,0.1339
2022-01,42540,0.1277
2022-02,42540,0.1219
2022-03,42540,0.1336
2022-04,42540,0.1358
2022-05,42540,0.1284
2022-06,42540,0.1112
2022-07,42540,0.0944
2022-08,42540,0.0918
2022-09,42540,0.1006
2022-10,42540,0.0948
2022-11,42540,0.0765
2022-12,42540,0.0719
2023-01,42540,0.0718
2023-02,42540,0.0665
2023-03,42540,0.0409
2023-04,42540,0.0314
2023-05,42540,0.0392
2023-06,42540,0.0469
2023-07,42540,0.0476
2023-08,42540,0.0367
2023-09,42540,0.0334
2023-10,42540,0.0388
2023-11,42540,0.0446
2023-12,42540,0.0438
2024-01,42540,0.0378
2024-02,42540,0.0402
2024-03,42540,0.0484
2024-04,42540,0.0486
2024-05,42540,0.0398
2024-06,42540,0.0392
2024-07,42540,0.0515
2024-08,42540,0.0528
2024-09,42540,0.0488
2024-10,42540,0.044
2024-11,42540,0.0476
2024-12,42540,0.0464
2025-01,42540,0.0466
2025-02,42540,0.0413
2025-03,42540,0.0443
2025-04,42540,0.0368
2025-05,42540,0.0415
2025-06,42540,0.0378
2025-07,42540,0.0301
2025-08,42540,0.0304
2025-09,42540,0.031
2025-10,42540,0.0298
2025-11,42540,0.0257
2025-12,42540,0.0307
2026-01,42540,0.0346
2026-02,42540,0.0365
2026-03,42540,0.0343
2026-04,42540,0.0481
2026-05,42540,0.0448
2026-06,42540,0.0403
2026-07,42540,0.0321
2018-01,42660,0.0606
2018-02,42660,0.0554
2018-03,42660,0.0456
2018-04,42660,0.0412
2018-05,42660,0.0397
2018-06,42660,0.038
2018-07,42660,0.0358
2018-08,42660,0.0318
2018-09,42660,0.0312
2018-10,42660,0.0315
2018-11,42660,0.0358
2018-12,42660,0.0379
2019-01,42660,0.0385
2019-02,42660,0.0388
2019-03,42660,0.0381
2019-04,42660,0.0381
2019-05,42660,0.0357
2019-06,42660,0.0361
2019-07,42660,0.0382
2019-08,42660,0.0425
2019-09,42660,0.0444
2019-10,42660,0.0462
2019-11,42660,0.0446
2019-12,42660,0.0462
2020-01,42660,0.0482
2020-02,42660,0.0513
2020-03,42660,0.0545
2020-04,42660,0.0463
2020-05,42660,0.036
2020-06,42660,0.022
2020-07,42660,0.0131
2020-08,42660,0.0042
2020-09,42660,-0.004
2020-10,42660,-0.013
2020-11,42660,-0.0217
2020-12,42660,-0.0309
2021-01,42660,-0.034
2021-02,42660,-0.0359
2021-03,42660,-0.0332
2021-04,42660,-0.0184
2021-05,42660,0.004
2021-06,42660,0.0321
2021-07,42660,0.0539
2021-08,42660,0.076
2021-09,42660,0.0969
2021-10,42660,0.1162
2021-11,42660,0.1345
2021-12,42660,0.1494
2022-01,42660,0.1541
2022-02,42660,0.1567
2022-03,42660,0.1532
2022-04,42660,0.1498
2022-05,42660,0.1398
2022-06,42660,0.1286
2022-07,42660,0.1151
2022-08,42660,0.097
2022-09,42660,0.0797
2022-10,42660,0.0652
2022-11,42660,0.0533
2022-12,42660,0.0438
2023-01,42660,0.0377
2023-02,42660,0.0335
2023-03,42660,0.0327
2023-04,42660,0.0257
2023-05,42660,0.0195
2023-06,42660,0.0096
2023-07,42660,0.0055
2023-08,42660,0.0065
2023-09,42660,0.0088
2023-10,42660,0.0121
2023-11,42660,0.0142
2023-12,42660,0.019
2024-01,42660,0.0238
2024-02,42660,0.0265
2024-03,42660,0.0253
2024-04,42660,0.0277
2024-05,42660,0.0305
2024-06,42660,0.0342
2024-07,42660,0.0345
2024-08,42660,0.0336
2024-09,42660,0.0332
2024-10,42660,0.0318
2024-11,42660,0.0327
2024-12,42660,0.031
2025-01,42660,0.0297
2025-02,42660,0.0287
2025-03,42660,0.0286
2025-04,42660,0.0274
2025-05,42660,0.0255
2025-06,42660,0.0267
2025-07,42660,0.0268
2025-08,42660,0.0285
2025-09,42660,0.0286
2025-10,42660,0.0289
2025-11,42660,0.0271
2025-12,42660,0.0241
2026-01,42660,0.0198
2026-02,42660,0.0157
2026-03,42660,0.0138
2026-04,42660,0.0137
2026-05,42660,0.0147
2026-06,42660,0.0143
2026-07,42660,0.0162
2018-01,44060,0.0667
2018-02,44060,0.0781
2018-03,44060,0.092
2018-04,44060,0.1058
2018-05,44060,0.0975
2018-06,44060,0.0929
2018-07,44060,0.0862
2018-08,44060,0.0863
2018-09,44060,0.0797
2018-10,44060,0.0792
2018-11,44060,0.0838
2018-12,44060,0.0892
2019-01,44060,0.1003
2019-02,44060,0.0771
2019-03,44060,0.0659
2019-04,44060,0.0505
2019-05,44060,0.0615
2019-06,44060,0.0608
2019-07,44060,0.064
2019-08,44060,0.0619
2019-09,44060,0.0695
2019-10,44060,0.0681
2019-11,44060,0.0658
2019-12,44060,0.0578
2020-01,44060,0.0493
2020-02,44060,0.056
2020-03,44060,0.0709
2020-04,44060,0.0705
2020-05,44060,0.0583
2020-06,44060,0.0474
2020-07,44060,0.0501
2020-08,44060,0.0617
2020-09,44060,0.0699
2020-10,44060,0.0809
2020-11,44060,0.0847
2020-12,44060,0.0984
2021-01,44060,0.1104
2021-02,44060,0.1269
2021-03,44060,0.1198
2021-04,44060,0.1477
2021-05,44060,0.1826
2021-06,44060,0.2323
2021-07,44060,0.2472
2021-08,44060,0.2431
2021-09,44060,0.2295
2021-10,44060,0.2135
2021-11,44060,0.2078
2021-12,44060,0.1973
2022-01,44060,0.1899
2022-02,44060,0.1755
2022-03,44060,0.1719
2022-04,44060,0.1525
2022-05,44060,0.1259
2022-06,44060,0.0881
2022-07,44060,0.0635
2022-08,44060,0.0538
2022-09,44060,0.053
2022-10,44060,0.056
2022-11,44060,0.0553
2022-12,44060,0.0499
2023-01,44060,0.0439
2023-02,44060,0.0336
2023-03,44060,0.0256
2023-04,44060,0.015
2023-05,44060,0.009
2023-06,44060,0.0024
2023-07,44060,0.0057
2023-08,44060,0.0029
2023-09,44060,0.003
2023-10,44060,0.0035
2023-11,44060,0.0031
2023-12,44060,0.008
2024-01,44060,0.0062
2024-02,44060,0.0135
2024-03,44060,0.0138
2024-04,44060,0.015
2024-05,44060,0.0156
2024-06,44060,0.0254
2024-07,44060,0.0275
2024-08,44060,0.0299
2024-09,44060,0.0224
2024-10,44060,0.0196
2024-11,44060,0.0178
2024-12,44060,0.0139
2025-01,44060,0.0151
2025-02,44060,0.0163
2025-03,44060,0.0213
2025-04,44060,0.027
2025-05,44060,0.0293
2025-06,44060,0.0241
2025-07,44060,0.019
2025-08,44060,0.0175
2025-09,44060,0.0245
2025-10,44060,0.0225
2025-11,44060,0.0232
2025-12,44060,0.0221
2026-01,44060,0.0243
2026-02,44060,0.0195
2026-03,44060,0.015
2026-04,44060,0.0134
2026-05,44060,0.0152
2026-06,44060,0.022
2026-07,44060,0.0296
2018-01,44700,0.07
2018-02,44700,0.0786
2018-03,44700,0.0853
2018-04,44700,0.0818
2018-05,44700,0.0758
2018-06,44700,0.0677
2018-07,44700,0.0652
2018-08,44700,0.0579
2018-09,44700,0.0589
2018-10,44700,0.058
2018-11,44700,0.0693
2018-12,44700,0.0636
2019-01,44700,0.0621
2019-02,44700,0.0501
2019-03,44700,0.0469
2019-04,44700,0.0429
2019-05,44700,0.0468
2019-06,44700,0.0513
2019-07,44700,0.055
2019-08,44700,0.0515
2019-09,44700,0.0469
2019-10,44700,0.0496
2019-11,44700,0.0511
2019-12,44700,0.0579
2020-01,44700,0.0612
2020-02,44700,0.0694
2020-03,44700,0.064
2020-04,44700,0.0634
2020-05,44700,0.0574
2020-06,44700,0.054
2020-07,44700,0.0554
2020-08,44700,0.0653
2020-09,44700,0.0766
2020-10,44700,0.0859
2020-11,44700,0.0891
2020-12,44700,0.0985
2021-01,44700,0.1021
2021-02,44700,0.1042
2021-03,44700,0.1137
2021-04,44700,0.124
2021-05,44700,0.1435
2021-06,44700,0.1588
2021-07,44700,0.1655
2021-08,44700,0.1614
2021-09,44700,0.1547
2021-10,44700,0.1392
2021-11,44700,0.1292
2021-12,44700,0.1163
2022-01,44700,0.1128
2022-02,44700,0.1144
2022-03,44700,0.1098
2022-04,44700,0.1079
2022-05,44700,0.0868
2022-06,44700,0.0709
2022-07,44700,0.052
2022-08,44700,0.0458
2022-09,44700,0.0378
2022-10,44700,0.0393
2022-11,44700,0.0419
2022-12,44700,0.0373
2023-01,44700,0.0308
2023-02,44700,0.015
2023-03,44700,0.0147
2023-04,44700,0.0033
2023-05,44700,0.0101
2023-06,44700,0.0123
2023-07,44700,0.0228
2023-08,44700,0.0219
2023-09,44700,0.0249
2023-10,44700,0.0234
2023-11,44700,0.0207
2023-12,44700,0.0188
2024-01,44700,0.0221
2024-02,44700,0.0306
2024-03,44700,0.0321
2024-04,44700,0.0356
2024-05,44700,0.0317
2024-06,44700,0.0304
2024-07,44700,0.0267
2024-08,44700,0.0302
2024-09,44700,0.0296
2024-10,44700,0.0285
2024-11,44700,0.0247
2024-12,44700,0.0251
2025-01,44700,0.0241
2025-02,44700,0.0275
2025-03,44700,0.0266
2025-04,44700,0.0305
2025-05,44700,0.0278
2025-06,44700,0.0286
2025-07,44700,0.025
2025-08,44700,0.0209
2025-09,44700,0.02
2025-10,44700,0.0223
2025-11,44700,0.0284
2025-12,44700,0.0348
2026-01,44700,0.0319
2026-02,44700,0.0216
2026-03,44700,0.015
2026-04,44700,0.0086
2026-05,44700,0.0124
2026-06,44700,0.0099
2026-07,44700,0.0127
2018-01,45060,0.029
2018-02,45060,0.0108
2018-03,45060,0.014
2018-04,45060,0.0344
2018-05,45060,0.0585
2018-06,45060,0.0609
2018-07,45060,0.0367
2018-08,45060,0.0316
2018-09,45060,0.0247
2018-10,45060,0.0179
2018-11,45060,0.0251
2018-12,45060,0.0154
2019-01,45060,0.0169
2019-02,45060,0.0067
2019-03,45060,0.0166
2019-04,45060,0.0224
2019-05,45060,0.043
2019-06,45060,0.0358
2019-07,45060,0.0516
2019-08,45060,0.0434
2019-09,45060,0.0466
2019-10,45060,0.0328
2019-11,45060,0.0183
2019-12,45060,0.024
2020-01,45060,0.0336
2020-02,45060,0.0475
2020-03,45060,0.0546
2020-04,45060,0.047
2020-05,45060,0.0357
2020-06,45060,0.0462
2020-07,45060,0.0452
2020-08,45060,0.0518
2020-09,45060,0.0529
2020-10,45060,0.0628
2020-11,45060,0.0724
2020-12,45060,0.0674
2021-01,45060,0.0697
2021-02,45060,0.077
2021-03,45060,0.0777
2021-04,45060,0.088
2021-05,45060,0.0845
2021-06,45060,0.0882
2021-07,45060,0.0898
2021-08,45060,0.0951
2021-09,45060,0.1054
2021-10,45060,0.1124
2021-11,45060,0.1166
2021-12,45060,0.1399
2022-01,45060,0.134
2022-02,45060,0.1293
2022-03,45060,0.1113
2022-04,45060,0.1109
2022-05,45060,0.1258
2022-06,45060,0.1146
2022-07,45060,0.1136
2022-08,45060,0.1081
2022-09,45060,0.1006
2022-10,45060,0.1018
2022-11,45060,0.1001
2022-12,45060,0.0735
2023-01,45060,0.0689
2023-02,45060,0.0571
2023-03,45060,0.0714
2023-04,45060,0.0657
2023-05,45060,0.0551
2023-06,45060,0.0556
2023-07,45060,0.0516
2023-08,45060,0.0537
2023-09,45060,0.0493
2023-10,45060,0.0442
2023-11,45060,0.0411
2023-12,45060,0.0596
2024-01,45060,0.0723
2024-02,45060,0.0851
2024-03,45060,0.0748
2024-04,45060,0.07
2024-05,45060,0.0622
2024-06,45060,0.0698
2024-07,45060,0.0744
2024-08,45060,0.0705
2024-09,45060,0.0682
2024-10,45060,0.0688
2024-11,45060,0.0695
2024-12,45060,0.0692
2025-01,45060,0.0559
2025-02,45060,0.0541
2025-03,45060,0.0455
2025-04,45060,0.0536
2025-05,45060,0.0562
2025-06,45060,0.0531
2025-07,45060,0.0494
2025-08,45060,0.0525
2025-09,45060,0.062
2025-10,45060,0.058
2025-11,45060,0.0574
2025-12,45060,0.0424
2026-01,45060,0.0496
2026-02,45060,0.0423
2026-03,45060,0.0578
2026-04,45060,0.0495
2026-05,45060,0.0551
2026-06,45060,0.0475
2026-07,45060,0.0469
2018-01,45300,0.0553
2018-02,45300,0.0558
2018-03,45300,0.0518
2018-04,45300,0.0513
2018-05,45300,0.0496
2018-06,45300,0.051
2018-07,45300,0.0525
2018-08,45300,0.0557
2018-09,45300,0.0547
2018-10,45300,0.0549
2018-11,45300,0.0557
2018-12,45300,0.0539
2019-01,45300,0.0518
2019-02,45300,0.048
2019-03,45300,0.0484
2019-04,45300,0.0475
2019-05,45300,0.0472
2019-06,45300,0.0452
2019-07,45300,0.0447
2019-08,45300,0.0442
2019-09,45300,0.0474
2019-10,45300,0.0476
2019-11,45300,0.0437
2019-12,45300,0.0438
2020-01,45300,0.0441
2020-02,45300,0.0476
2020-03,45300,0.0504
2020-04,45300,0.0476
2020-05,45300,0.0435
2020-06,45300,0.0387
2020-07,45300,0.0402
2020-08,45300,0.0419
2020-09,45300,0.0452
2020-10,45300,0.0496
2020-11,45300,0.0587
2020-12,45300,0.0649
2021-01,45300,0.074
2021-02,45300,0.0834
2021-03,45300,0.0904
2021-04,45300,0.1075
2021-05,45300,0.1308
2021-06,45300,0.163
2021-07,45300,0.1875
2021-08,45300,0.2146
2021-09,45300,0.234
2021-10,45300,0.2494
2021-11,45300,0.2529
2021-12,45300,0.2598
2022-01,45300,0.2583
2022-02,45300,0.2554
2022-03,45300,0.2497
2022-04,45300,0.2441
2022-05,45300,0.2314
2022-06,45300,0.2097
2022-07,45300,0.1826
2022-08,45300,0.1482
2022-09,45300,0.1188
2022-10,45300,0.0955
2022-11,45300,0.0852
2022-12,45300,0.0717
2023-01,45300,0.0646
2023-02,45300,0.0552
2023-03,45300,0.0533
2023-04,45300,0.0436
2023-05,45300,0.0341
2023-06,45300,0.0229
2023-07,45300,0.0188
2023-08,45300,0.0223
2023-09,45300,0.0262
2023-10,45300,0.0281
2023-11,45300,0.0234
2023-12,45300,0.0204
2024-01,45300,0.0166
2024-02,45300,0.0151
2024-03,45300,0.0094
2024-04,45300,0.0066
2024-05,45300,0.0057
2024-06,45300,0.008
2024-07,45300,0.01
2024-08,45300,0.0083
2024-09,45300,0.0085
2024-10,45300,0.0116
2024-11,45300,0.019
2024-12,45300,0.0253
2025-01,45300,0.028
2025-02,45300,0.0292
2025-03,45300,0.0297
2025-04,45300,0.0286
2025-05,45300,0.0267
2025-06,45300,0.0256
2025-07,45300,0.0224
2025-08,45300,0.0225
2025-09,45300,0.0194
2025-10,45300,0.0127
2025-11,45300,0.0021
2025-12,45300,-0.0064
2026-01,45300,-0.0119
2026-02,45300,-0.0146
2026-03,45300,-0.0167
2026-04,45300,-0.0138
2026-05,45300,-0.0102
2026-06,45300,-0.0071
2026-07,45300,-0.004
2018-01,45780,0.0265
2018-02,45780,0.0281
2018-03,45780,0.0311
2018-04,45780,0.028
2018-05,45780,0.0263
2018-06,45780,0.0257
2018-07,45780,0.0262
2018-08,45780,0.0367
2018-09,45780,0.0361
2018-10,45780,0.0393
2018-11,45780,0.0338
2018-12,45780,0.0303
2019-01,45780,0.0318
2019-02,45780,0.0323
2019-03,45780,0.0313
2019-04,45780,0.0298
2019-05,45780,0.0284
2019-06,45780,0.0341
2019-07,45780,0.0378
2019-08,45780,0.0352
2019-09,45780,0.0362
2019-10,45780,0.032
2019-11,45780,0.0342
2019-12,45780,0.0367
2020-01,45780,0.0355
2020-02,45780,0.0366
2020-03,45780,0.0407
2020-04,45780,0.0437
2020-05,45780,0.0426
2020-06,45780,0.0406
2020-07,45780,0.0369
2020-08,45780,0.0346
2020-09,45780,0.0388
2020-10,45780,0.048
2020-11,45780,0.0526
2020-12,45780,0.0544
2021-01,45780,0.0574
2021-02,45780,0.0641
2021-03,45780,0.0674
2021-04,45780,0.0734
2021-05,45780,0.0859
2021-06,45780,0.0896
2021-07,45780,0.1042
2021-08,45780,0.1149
2021-09,45780,0.1296
2021-10,45780,0.1288
2021-11,45780,0.1355
2021-12,45780,0.1352
2022-01,45780,0.1349
2022-02,45780,0.128
2022-03,45780,0.1269
2022-04,45780,0.1272
2022-05,45780,0.1287
2022-06,45780,0.1386
2022-07,45780,0.1297
2022-08,45780,0.1216
2022-09,45780,0.0871
2022-10,45780,0.0756
2022-11,45780,0.0618
2022-12,45780,0.0619
2023-01,45780,0.0626
2023-02,45780,0.0642
2023-03,45780,0.0641
2023-04,45780,0.0571
2023-05,45780,0.0422
2023-06,45780,0.021
2023-07,45780,0.0202
2023-08,45780,0.0226
2023-09,45780,0.0421
2023-10,45780,0.0454
2023-11,45780,0.0476
2023-12,45780,0.0478
2024-01,45780,0.0497
2024-02,45780,0.0498
2024-03,45780,0.0448
2024-04,45780,0.0463
2024-05,45780,0.0514
2024-06,45780,0.0627
2024-07,45780,0.0588
2024-08,45780,0.0563
2024-09,45780,0.0518
2024-10,45780,0.0538
2024-11,45780,0.0546
2024-12,45780,0.0509
2025-01,45780,0.0453
2025-02,45780,0.0409
2025-03,45780,0.0392
2025-04,45780,0.0395
2025-05,45780,0.0392
2025-06,45780,0.0341
2025-07,45780,0.0307
2025-08,45780,0.0296
2025-09,45780,0.0304
2025-10,45780,0.0325
2025-11,45780,0.0351
2025-12,45780,0.0379
2026-01,45780,0.0378
2026-02,45780,0.0414
2026-03,45780,0.0442
2026-04,45780,0.0438
2026-05,45780,0.0467
2026-06,45780,0.0536
2026-07,45780,0.0659
2018-01,46060,0.0548
2018-02,46060,0.0491
2018-03,46060,0.0486
2018-04,46060,0.0505
2018-05,46060,0.0507
2018-06,46060,0.0563
2018-07,46060,0.0584
2018-08,46060,0.0632
2018-09,46060,0.0658
2018-10,46060,0.0638
2018-11,46060,0.0643
2018-12,46060,0.0703
2019-01,46060,0.0743
2019-02,46060,0.0752
2019-03,46060,0.07
2019-04,46060,0.0641
2019-05,46060,0.0662
2019-06,46060,0.066
2019-07,46060,0.0701
2019-08,46060,0.0687
2019-09,46060,0.0666
2019-10,46060,0.0654
2019-11,46060,0.0654
2019-12,46060,0.0623
2020-01,46060,0.0627
2020-02,46060,0.0612
2020-03,46060,0.0642
2020-04,46060,0.0607
2020-05,46060,0.0557
2020-06,46060,0.0519
2020-07,46060,0.0529
2020-08,46060,0.0558
2020-09,46060,0.0643
2020-10,46060,0.0765
2020-11,46060,0.08
2020-12,46060,0.0854
2021-01,46060,0.0833
2021-02,46060,0.0946
2021-03,46060,0.1005
2021-04,46060,0.1224
2021-05,46060,0.1384
2021-06,46060,0.1554
2021-07,46060,0.1606
2021-08,46060,0.1749
2021-09,46060,0.1827
2021-10,46060,0.1825
2021-11,46060,0.1864
2021-12,46060,0.186
2022-01,46060,0.1931
2022-02,46060,0.1842
2022-03,46060,0.1813
2022-04,46060,0.1653
2022-05,46060,0.152
2022-06,46060,0.1371
2022-07,46060,0.1272
2022-08,46060,0.1078
2022-09,46060,0.0862
2022-10,46060,0.0653
2022-11,46060,0.0544
2022-12,46060,0.0473
2023-01,46060,0.0431
2023-02,46060,0.0389
2023-03,46060,0.0351
2023-04,46060,0.0332
2023-05,46060,0.0348
2023-06,46060,0.0336
2023-07,46060,0.033
2023-08,46060,0.0296
2023-09,46060,0.0296
2023-10,46060,0.0356
2023-11,46060,0.0342
2023-12,46060,0.0367
2024-01,46060,0.0317
2024-02,46060,0.032
2024-03,46060,0.026
2024-04,46060,0.0235
2024-05,46060,0.0182
2024-06,46060,0.0171
2024-07,46060,0.0134
2024-08,46060,0.0148
2024-09,46060,0.0178
2024-10,46060,0.0197
2024-11,46060,0.0218
2024-12,46060,0.0174
2025-01,46060,0.0132
2025-02,46060,0.0081
2025-03,46060,0.0082
2025-04,46060,0.0072
2025-05,46060,0.0073
2025-06,46060,0.0046
2025-07,46060,0.004
2025-08,46060,0.0044
2025-09,46060,0.0027
2025-10,46060,-0.0021
2025-11,46060,-0.0048
2025-12,46060,-0.0062
2026-01,46060,-0.0009
2026-02,46060,0.0028
2026-03,46060,0.0064
2026-04,46060,0.0074
2026-05,46060,0.0067
2026-06,46060,0.0088
2026-07,46060,0.0107
2018-01,46140,0.0201
2018-02,46140,0.0159
2018-03,46140,0.0194
2018-04,46140,0.0176
2018-05,46140,0.0172
2018-06,46140,0.018
2018-07,46140,0.0174
2018-08,46140,0.0233
2018-09,46140,0.026
2018-10,46140,0.0295
2018-11,46140,0.0224
2018-12,46140,0.0216
2019-01,46140,0.0197
2019-02,46140,0.0243
2019-03,46140,0.0265
2019-04,46140,0.0286
2019-05,46140,0.0305
2019-06,46140,0.0287
2019-07,46140,0.031
2019-08,46140,0.0288
2019-09,46140,0.0299
2019-10,46140,0.0268
2019-11,46140,0.031
2019-12,46140,0.0343
2020-01,46140,0.037
2020-02,46140,0.0372
2020-03,46140,0.04
2020-04,46140,0.0379
2020-05,46140,0.0386
2020-06,46140,0.0397
2020-07,46140,0.0436
2020-08,46140,0.0476
2020-09,46140,0.0512
2020-10,46140,0.0586
2020-11,46140,0.0626
2020-12,46140,0.0671
2021-01,46140,0.0715
2021-02,46140,0.0784
2021-03,46140,0.0773
2021-04,46140,0.0896
2021-05,46140,0.0969
2021-06,46140,0.1097
2021-07,46140,0.1165
2021-08,46140,0.1255
2021-09,46140,0.1361
2021-10,46140,0.1358
2021-11,46140,0.1404
2021-12,46140,0.1443
2022-01,46140,0.1472
2022-02,46140,0.1443
2022-03,46140,0.1489
2022-04,46140,0.1468
2022-05,46140,0.1429
2022-06,46140,0.1295
2022-07,46140,0.1159
2022-08,46140,0.103
2022-09,46140,0.0815
2022-10,46140,0.074
2022-11,46140,0.0603
2022-12,46140,0.0514
2023-01,46140,0.0443
2023-02,46140,0.0398
2023-03,46140,0.0368
2023-04,46140,0.0272
2023-05,46140,0.0273
2023-06,46140,0.0304
2023-07,46140,0.0362
2023-08,46140,0.035
2023-09,46140,0.0413
2023-10,46140,0.0438
2023-11,46140,0.0525
2023-12,46140,0.0532
2024-01,46140,0.0535
2024-02,46140,0.053
2024-03,46140,0.0471
2024-04,46140,0.0482
2024-05,46140,0.0462
2024-06,46140,0.0468
2024-07,46140,0.042
2024-08,46140,0.0424
2024-09,46140,0.0439
2024-10,46140,0.0449
2024-11,46140,0.0387
2024-12,46140,0.0352
2025-01,46140,0.0316
2025-02,46140,0.0335
2025-03,46140,0.037
2025-04,46140,0.0386
2025-05,46140,0.0337
2025-06,46140,0.0255
2025-07,46140,0.0251
2025-08,46140,0.0267
2025-09,46140,0.0252
2025-10,46140,0.0213
2025-11,46140,0.0238
2025-12,46140,0.0269
2026-01,46140,0.0298
2026-02,46140,0.0259
2026-03,46140,0.0232
2026-04,46140,0.0219
2026-05,46140,0.0249
2026-06,46140,0.0315
2026-07,46140,0.0328
2018-01,46520,0.029
2018-02,46520,0.0238
2018-03,46520,0.0154
2018-04,46520,0.0072
2018-05,46520,0.0127
2018-06,46520,0.0181
2018-07,46520,0.0248
2018-08,46520,0.0222
2018-09,46520,0.0196
2018-10,46520,0.0177
2018-11,46520,0.02
2018-12,46520,0.0157
2019-01,46520,0.0182
2019-02,46520,0.0193
2019-03,46520,0.0242
2019-04,46520,0.0272
2019-05,46520,0.0262
2019-06,46520,0.0224
2019-07,46520,0.0224
2019-08,46520,0.0255
2019-09,46520,0.0288
2019-10,46520,0.0288
2019-11,46520,0.0244
2019-12,46520,0.0268
2020-01,46520,0.0254
2020-02,46520,0.0275
2020-03,46520,0.018
2020-04,46520,0.011
2020-05,46520,0.0047
2020-06,46520,0.0046
2020-07,46520,0.0014
2020-08,46520,-0.0039
2020-09,46520,-0.0061
2020-10,46520,-0.0054
2020-11,46520,0.0036
2020-12,46520,0.0073
2021-01,46520,0.0116
2021-02,46520,0.0139
2021-03,46520,0.0278
2021-04,46520,0.0452
2021-05,46520,0.0602
2021-06,46520,0.07
2021-07,46520,0.0826
2021-08,46520,0.097
2021-09,46520,0.1082
2021-10,46520,0.1116
2021-11,46520,0.1058
2021-12,46520,0.1034
2022-01,46520,0.0994
2022-02,46520,0.1035
2022-03,46520,0.1014
2022-04,46520,0.0937
2022-05,46520,0.084
2022-06,46520,0.0748
2022-07,46520,0.0661
2022-08,46520,0.0578
2022-09,46520,0.0467
2022-10,46520,0.0426
2022-11,46520,0.038
2022-12,46520,0.0406
2023-01,46520,0.0456
2023-02,46520,0.0388
2023-03,46520,0.0354
2023-04,46520,0.0338
2023-05,46520,0.0362
2023-06,46520,0.0362
2023-07,46520,0.033
2023-08,46520,0.0314
2023-09,46520,0.0343
2023-10,46520,0.0375
2023-11,46520,0.043
2023-12,46520,0.0365
2024-01,46520,0.0335
2024-02,46520,0.0328
2024-03,46520,0.0378
2024-04,46520,0.0345
2024-05,46520,0.0355
2024-06,46520,0.0376
2024-07,46520,0.0428
2024-08,46520,0.0449
2024-09,46520,0.0442
2024-10,46520,0.0447
2024-11,46520,0.0451
2024-12,46520,0.05
2025-01,46520,0.0472
2025-02,46520,0.048
2025-03,46520,0.0429
2025-04,46520,0.0456
2025-05,46520,0.0463
2025-06,46520,0.0474
2025-07,46520,0.0469
2025-08,46520,0.0478
2025-09,46520,0.0496
2025-10,46520,0.0466
2025-11,46520,0.0449
2025-12,46520,0.0432
2026-01,46520,0.0464
2026-02,46520,0.049
2026-03,46520,0.0508
2026-04,46520,0.0548
2026-05,46520,0.0506
2026-06,46520,0.0492
2026-07,46520,0.0466
2018-01,47260,0.0232
2018-02,47260,0.0215
2018-03,47260,0.0222
2018-04,47260,0.0249
2018-05,47260,0.0251
2018-06,47260,0.0243
2018-07,47260,0.0239
2018-08,47260,0.0239
2018-09,47260,0.0229
2018-10,47260,0.0249
2018-11,47260,0.0307
2018-12,47260,0.0336
2019-01,47260,0.0351
2019-02,47260,0.0315
2019-03,47260,0.0313
2019-04,47260,0.0291
2019-05,47260,0.0308
2019-06,47260,0.0329
2019-07,47260,0.0339
2019-08,47260,0.0357
2019-09,47260,0.0379
2019-10,47260,0.0385
2019-11,47260,0.0333
2019-12,47260,0.0354
2020-01,47260,0.0343
2020-02,47260,0.0393
2020-03,47260,0.0379
2020-04,47260,0.0377
2020-05,47260,0.0332
2020-06,47260,0.032
2020-07,47260,0.0344
2020-08,47260,0.0403
2020-09,47260,0.0445
2020-10,47260,0.0502
2020-11,47260,0.0587
2020-12,47260,0.0628
2021-01,47260,0.07
2021-02,47260,0.0744
2021-03,47260,0.0849
2021-04,47260,0.0972
2021-05,47260,0.117
2021-06,47260,0.1363
2021-07,47260,0.1514
2021-08,47260,0.1552
2021-09,47260,0.1605
2021-10,47260,0.1594
2021-11,47260,0.1559
2021-12,47260,0.1543
2022-01,47260,0.1481
2022-02,47260,0.1459
2022-03,47260,0.1394
2022-04,47260,0.1325
2022-05,47260,0.1202
2022-06,47260,0.1016
2022-07,47260,0.0851
2022-08,47260,0.0751
2022-09,47260,0.0678
2022-10,47260,0.0643
2022-11,47260,0.0621
2022-12,47260,0.0571
2023-01,47260,0.0601
2023-02,47260,0.0581
2023-03,47260,0.0596
2023-04,47260,0.0555
2023-05,47260,0.0513
2023-06,47260,0.0472
2023-07,47260,0.044
2023-08,47260,0.0423
2023-09,47260,0.0415
2023-10,47260,0.0406
2023-11,47260,0.0389
2023-12,47260,0.0404
2024-01,47260,0.0352
2024-02,47260,0.0357
2024-03,47260,0.0346
2024-04,47260,0.0377
2024-05,47260,0.0404
2024-06,47260,0.0467
2024-07,47260,0.0521
2024-08,47260,0.0553
2024-09,47260,0.0535
2024-10,47260,0.0506
2024-11,47260,0.051
2024-12,47260,0.0485
2025-01,47260,0.0514
2025-02,47260,0.0482
2025-03,47260,0.0445
2025-04,47260,0.042
2025-05,47260,0.0417
2025-06,47260,0.0429
2025-07,47260,0.0396
2025-08,47260,0.0392
2025-09,47260,0.0403
2025-10,47260,0.0455
2025-11,47260,0.0476
2025-12,47260,0.053
2026-01,47260,0.0526
2026-02,47260,0.055
2026-03,47260,0.0577
2026-04,47260,0.0583
2026-05,47260,0.0581
2026-06,47260,0.0554
2026-07,47260,0.0595
2018-01,47900,0.0239
2018-02,47900,0.0207
2018-03,47900,0.0203
2018-04,47900,0.0198
2018-05,47900,0.022
2018-06,47900,0.0228
2018-07,47900,0.0246
2018-08,47900,0.0276
2018-09,47900,0.0259
2018-10,47900,0.0269
2018-11,47900,0.0293
2018-12,47900,0.0334
2019-01,47900,0.0337
2019-02,47900,0.0341
2019-03,47900,0.0332
2019-04,47900,0.0332
2019-05,47900,0.0331
2019-06,47900,0.0327
2019-07,47900,0.0325
2019-08,47900,0.0301
2019-09,47900,0.0333
2019-10,47900,0.0317
2019-11,47900,0.0295
2019-12,47900,0.0257
2020-01,47900,0.0271
2020-02,47900,0.0277
2020-03,47900,0.0308
2020-04,47900,0.0261
2020-05,47900,0.0189
2020-06,47900,0.0093
2020-07,47900,0.0022
2020-08,47900,-0.0028
2020-09,47900,-0.0101
2020-10,47900,-0.0144
2020-11,47900,-0.0189
2020-12,47900,-0.0205
2021-01,47900,-0.0208
2021-02,47900,-0.02
2021-03,47900,-0.0224
2021-04,47900,-0.0158
2021-05,47900,-0.0024
2021-06,47900,0.0189
2021-07,47900,0.0369
2021-08,47900,0.0541
2021-09,47900,0.0701
2021-10,47900,0.0857
2021-11,47900,0.0989
2021-12,47900,0.1074
2022-01,47900,0.1082
2022-02,47900,0.1092
2022-03,47900,0.1117
2022-04,47900,0.1152
2022-05,47900,0.1118
2022-06,47900,0.1031
2022-07,47900,0.094
2022-08,47900,0.0829
2022-09,47900,0.0734
2022-10,47900,0.0606
2022-11,47900,0.0523
2022-12,47900,0.0464
2023-01,47900,0.0465
2023-02,47900,0.0464
2023-03,47900,0.0481
2023-04,47900,0.0431
2023-05,47900,0.0395
2023-06,47900,0.0331
2023-07,47900,0.0307
2023-08,47900,0.0313
2023-09,47900,0.0325
2023-10,47900,0.0379
2023-11,47900,0.0408
2023-12,47900,0.043
2024-01,47900,0.0424
2024-02,47900,0.0417
2024-03,47900,0.0383
2024-04,47900,0.0395
2024-05,47900,0.041
2024-06,47900,0.0466
2024-07,47900,0.0478
2024-08,47900,0.0478
2024-09,47900,0.0465
2024-10,47900,0.0441
2024-11,47900,0.0428
2024-12,47900,0.0423
2025-01,47900,0.0431
2025-02,47900,0.0423
2025-03,47900,0.0416
2025-04,47900,0.0381
2025-05,47900,0.0334
2025-06,47900,0.0274
2025-07,47900,0.0215
2025-08,47900,0.0183
2025-09,47900,0.0161
2025-10,47900,0.014
2025-11,47900,0.0108
2025-12,47900,0.0075
2026-01,47900,0.0031
2026-02,47900,-0.0001
2026-03,47900,-0.0028
2026-04,47900,-0.0029
2026-05,47900,-0.0014
2026-06,47900,0.0004
2026-07,47900,0.0047
2018-01,48620,0.0211
2018-02,48620,0.0234
2018-03,48620,0.0173
2018-04,48620,0.01
2018-05,48620,0.0101
2018-06,48620,0.0115
2018-07,48620,0.0164
2018-08,48620,0.0189
2018-09,48620,0.0186
2018-10,48620,0.0207
2018-11,48620,0.0232
2018-12,48620,0.0189
2019-01,48620,0.0134
2019-02,48620,0.0164
2019-03,48620,0.0194
2019-04,48620,0.0247
2019-05,48620,0.0226
2019-06,48620,0.0262
2019-07,48620,0.0275
2019-08,48620,0.0295
2019-09,48620,0.0311
2019-10,48620,0.029
2019-11,48620,0.0341
2019-12,48620,0.0377
2020-01,48620,0.0431
2020-02,48620,0.0381
2020-03,48620,0.0374
2020-04,48620,0.034
2020-05,48620,0.0367
2020-06,48620,0.0393
2020-07,48620,0.0416
2020-08,48620,0.0423
2020-09,48620,0.0439
2020-10,48620,0.0477
2020-11,48620,0.0473
2020-12,48620,0.0461
2021-01,48620,0.0456
2021-02,48620,0.051
2021-03,48620,0.0546
2021-04,48620,0.0643
2021-05,48620,0.0685
2021-06,48620,0.0737
2021-07,48620,0.0735
2021-08,48620,0.0786
2021-09,48620,0.0795
2021-10,48620,0.0833
2021-11,48620,0.0863
2021-12,48620,0.0915
2022-01,48620,0.0915
2022-02,48620,0.0917
2022-03,48620,0.0958
2022-04,48620,0.0941
2022-05,48620,0.0888
2022-06,48620,0.0802
2022-07,48620,0.0835
2022-08,48620,0.0826
2022-09,48620,0.0828
2022-10,48620,0.0772
2022-11,48620,0.0769
2022-12,48620,0.0745
2023-01,48620,0.0784
2023-02,48620,0.077
2023-03,48620,0.0732
2023-04,48620,0.069
2023-05,48620,0.0719
2023-06,48620,0.0704
2023-07,48620,0.0638
2023-08,48620,0.0552
2023-09,48620,0.0561
2023-10,48620,0.0554
2023-11,48620,0.0492
2023-12,48620,0.0518
2024-01,48620,0.05
2024-02,48620,0.0503
2024-03,48620,0.0452
2024-04,48620,0.0439
2024-05,48620,0.0442
2024-06,48620,0.0441
2024-07,48620,0.0422
2024-08,48620,0.0421
2024-09,48620,0.0377
2024-10,48620,0.0372
2024-11,48620,0.0407
2024-12,48620,0.0344
2025-01,48620,0.0321
2025-02,48620,0.0259
2025-03,48620,0.0284
2025-04,48620,0.0272
2025-05,48620,0.0236
2025-06,48620,0.0258
2025-07,48620,0.0306
2025-08,48620,0.038
2025-09,48620,0.0388
2025-10,48620,0.041
2025-11,48620,0.0387
2025-12,48620,0.04
2026-01,48620,0.0379
2026-02,48620,0.0457
2026-03,48620,0.0478
2026-04,48620,0.0519
2026-05,48620,0.0522
2026-06,48620,0.0522
2026-07,48620,0.0507
2018-01,49180,0.0439
2018-02,49180,0.0482
2018-03,49180,0.044
2018-04,49180,0.05
2018-05,49180,0.0429
2018-06,49180,0.0446
2018-07,49180,0.0397
2018-08,49180,0.0467
2018-09,49180,0.0493
2018-10,49180,0.0473
2018-11,49180,0.0472
2018-12,49180,0.0514
2019-01,49180,0.0529
2019-02,49180,0.0485
2019-03,49180,0.0475
2019-04,49180,0.0412
2019-05,49180,0.0477
2019-06,49180,0.0492
2019-07,49180,0.0588
2019-08,49180,0.0499
2019-09,49180,0.0489
2019-10,49180,0.0535
2019-11,49180,0.0529
2019-12,49180,0.0455
2020-01,49180,0.0419
2020-02,49180,0.0492
2020-03,49180,0.0568
2020-04,49180,0.0527
2020-05,49180,0.046
2020-06,49180,0.0426
2020-07,49180,0.0472
2020-08,49180,0.0591
2020-09,49180,0.0657
2020-10,49180,0.0688
2020-11,49180,0.0726
2020-12,49180,0.0795
2021-01,49180,0.0894
2021-02,49180,0.0892
2021-03,49180,0.088
2021-04,49180,0.1047
2021-05,49180,0.1224
2021-06,49180,0.1406
2021-07,49180,0.1366
2021-08,49180,0.1378
2021-09,49180,0.1366
2021-10,49180,0.1406
2021-11,49180,0.149
2021-12,49180,0.1545
2022-01,49180,0.1489
2022-02,49180,0.1532
2022-03,49180,0.1505
2022-04,49180,0.1473
2022-05,49180,0.1335
2022-06,49180,0.1232
2022-07,49180,0.121
2022-08,49180,0.1142
2022-09,49180,0.114
2022-10,49180,0.1061
2022-11,49180,0.0925
2022-12,49180,0.0786
2023-01,49180,0.0768
2023-02,49180,0.0675
2023-03,49180,0.0723
2023-04,49180,0.0656
2023-05,49180,0.0709
2023-06,49180,0.0588
2023-07,49180,0.0571
2023-08,49180,0.0517
2023-09,49180,0.0467
2023-10,49180,0.0381
2023-11,49180,0.0372
2023-12,49180,0.0433
2024-01,49180,0.0463
2024-02,49180,0.0496
2024-03,49180,0.0395
2024-04,49180,0.0348
2024-05,49180,0.0282
2024-06,49180,0.0402
2024-07,49180,0.0379
2024-08,49180,0.0405
2024-09,49180,0.0383
2024-10,49180,0.0503
2024-11,49180,0.0578
2024-12,49180,0.0555
2025-01,49180,0.0445
2025-02,49180,0.0383
2025-03,49180,0.0395
2025-04,49180,0.0446
2025-05,49180,0.0496
2025-06,49180,0.0465
2025-07,49180,0.0427
2025-08,49180,0.0409
2025-09,49180,0.0421
2025-10,49180,0.0348
2025-11,49180,0.0268
2025-12,49180,0.0261
2026-01,49180,0.034
2026-02,49180,0.0394
2026-03,49180,0.0401
2026-04,49180,0.0379
2026-05,49180,0.03
2026-06,49180,0.0222
2026-07,49180,0.0267
2018-01,49340,0.0617
2018-02,49340,0.058
2018-03,49340,0.0513
2018-04,49340,0.0443
2018-05,49340,0.0443
2018-06,49340,0.0507
2018-07,49340,0.0632
2018-08,49340,0.0739
2018-09,49340,0.0743
2018-10,49340,0.0672
2018-11,49340,0.0654
2018-12,49340,0.0641
2019-01,49340,0.0668
2019-02,49340,0.061
2019-03,49340,0.0634
2019-04,49340,0.0604
2019-05,49340,0.0607
2019-06,49340,0.0585
2019-07,49340,0.0573
2019-08,49340,0.0508
2019-09,49340,0.0513
2019-10,49340,0.0581
2019-11,49340,0.0557
2019-12,49340,0.0542
2020-01,49340,0.0513
2020-02,49340,0.0576
2020-03,49340,0.0599
2020-04,49340,0.0578
2020-05,49340,0.0564
2020-06,49340,0.0562
2020-07,49340,0.0508
2020-08,49340,0.0552
2020-09,49340,0.0536
2020-10,49340,0.0556
2020-11,49340,0.0539
2020-12,49340,0.0592
2021-01,49340,0.0594
2021-02,49340,0.0613
2021-03,49340,0.0584
2021-04,49340,0.0681
2021-05,49340,0.0758
2021-06,49340,0.0817
2021-07,49340,0.094
2021-08,49340,0.0981
2021-09,49340,0.1096
2021-10,49340,0.1114
2021-11,49340,0.1253
2021-12,49340,0.1202
2022-01,49340,0.1238
2022-02,49340,0.1181
2022-03,49340,0.1264
2022-04,49340,0.1266
2022-05,49340,0.1306
2022-06,49340,0.133
2022-07,49340,0.1307
2022-08,49340,0.1203
2022-09,49340,0.1064
2022-10,49340,0.0952
2022-11,49340,0.0859
2022-12,49340,0.0905
2023-01,49340,0.093
2023-02,49340,0.0979
2023-03,49340,0.09
2023-04,49340,0.0871
2023-05,49340,0.075
2023-06,49340,0.0659
2023-07,49340,0.0586
2023-08,49340,0.0645
2023-09,49340,0.0706
2023-10,49340,0.0808
2023-11,49340,0.077
2023-12,49340,0.0741
2024-01,49340,0.0657
2024-02,49340,0.0634
2024-03,49340,0.0639
2024-04,49340,0.0618
2024-05,49340,0.0677
2024-06,49340,0.068
2024-07,49340,0.0713
2024-08,49340,0.0686
2024-09,49340,0.0669
2024-10,49340,0.0585
2024-11,49340,0.0615
2024-12,49340,0.0564
2025-01,49340,0.0623
2025-02,49340,0.0618
2025-03,49340,0.0652
2025-04,49340,0.0634
2025-05,49340,0.0563
2025-06,49340,0.0554
2025-07,49340,0.0525
2025-08,49340,0.0497
2025-09,49340,0.0454
2025-10,49340,0.047
2025-11,49340,0.0449
2025-12,49340,0.0476
2026-01,49340,0.0397
2026-02,49340,0.0342
2026-03,49340,0.0226
2026-04,49340,0.0206
2026-05,49340,0.0213
2026-06,49340,0.0205
2026-07,49340,0.0159
2018-01,US,0.0442
2018-02,US,0.0426
2018-03,US,0.0398
2018-04,US,0.0404
2018-05,US,0.0384
2018-06,US,0.0387
2018-07,US,0.037
2018-08,US,0.0376
2018-09,US,0.0367
2018-10,US,0.0391
2018-11,US,0.0398
2018-12,US,0.0388
2019-01,US,0.0412
2019-02,US,0.0401
2019-03,US,0.0398
2019-04,US,0.0388
2019-05,US,0.0403
2019-06,US,0.0404
2019-07,US,0.0418
2019-08,US,0.0405
2019-09,US,0.0422
2019-10,US,0.039
2019-11,US,0.0383
2019-12,US,0.0382
2020-01,US,0.0384
2020-02,US,0.0403
2020-03,US,0.0431
2020-04,US,0.0406
2020-05,US,0.0374
2020-06,US,0.0362
2020-07,US,0.0385
2020-08,US,0.042
2020-09,US,0.0449
2020-10,US,0.0503
2020-11,US,0.0538
2020-12,US,0.06
2021-01,US,0.0627
2021-02,US,0.0683
2021-03,US,0.0672
2021-04,US,0.0734
2021-05,US,0.0862
2021-06,US,0.098
2021-07,US,0.1099
2021-08,US,0.118
2021-09,US,0.1272
2021-10,US,0.1267
2021-11,US,0.129
2021-12,US,0.1326
2022-01,US,0.1319
2022-02,US,0.13
2022-03,US,0.1287
2022-04,US,0.1304
2022-05,US,0.126
2022-06,US,0.1156
2022-07,US,0.1095
2022-08,US,0.1006
2022-09,US,0.0884
2022-10,US,0.0789
2022-11,US,0.0737
2022-12,US,0.064
2023-01,US,0.06
2023-02,US,0.0572
2023-03,US,0.0544
2023-04,US,0.0495
2023-05,US,0.0424
2023-06,US,0.0365
2023-07,US,0.033
2023-08,US,0.0314
2023-09,US,0.033
2023-10,US,0.0347
2023-11,US,0.0364
2023-12,US,0.0354
2024-01,US,0.0339
2024-02,US,0.0334
2024-03,US,0.0314
2024-04,US,0.0315
2024-05,US,0.0304
2024-06,US,0.0344
2024-07,US,0.0343
2024-08,US,0.0336
2024-09,US,0.0334
2024-10,US,0.0328
2024-11,US,0.0349
2024-12,US,0.0328
2025-01,US,0.0325
2025-02,US,0.0334
2025-03,US,0.0334
2025-04,US,0.033
2025-05,US,0.031
2025-06,US,0.0283
2025-07,US,0.0272
2025-08,US,0.0276
2025-09,US,0.0269
2025-10,US,0.026
2025-11,US,0.0256
2025-12,US,0.0234
2026-01,US,0.0233
2026-02,US,0.0215
2026-03,US,0.0217
2026-04,US,0.0206
2026-05,US,0.0218
2026-06,US,0.0229
2026-07,US,0.025
