win3_min,win3_max,win3_n,win1_min,win1_max,win1_n,jk3_min,jk3_max,n_states,state_tau_lo,state_tau_hi,state_gap_lo,state_gap_hi,eq_edge_survives_state_cluster,B
-0.0224760924747708,0.6247876632792352,6,0.1960195383113534,0.7319376389176298,7,0.4077803092099548,0.5372330603607559,41,0.3646219067245615,0.5460280823289644,0.008640359879176536,0.15259940045400486,True,800
