win3_min,win3_max,win3_n,win1_min,win1_max,win1_n,jk3_min,jk3_max,n_states,state_tau_lo,state_tau_hi,state_gap_lo,state_gap_hi,eq_edge_survives_state_cluster,B
-0.0421343387721513,0.6230438720803008,6,0.1844074905052653,0.729199273925616,7,0.39710173557926143,0.5301373777497519,41,0.34039559246913714,0.5455512630978439,0.01291693835360478,0.15120142849578164,True,800
