win3_min,win3_max,win3_n,win1_min,win1_max,win1_n,jk3_min,jk3_max,n_states,state_tau_lo,state_tau_hi,state_gap_lo,state_gap_hi,eq_edge_survives_state_cluster,B
-0.0316194487053432,0.623153392767799,6,0.1842057925489176,0.7326777022052667,7,0.3979489144160042,0.5289034827106327,41,0.33584299850203414,0.5506570504532654,0.00822754701192047,0.1404935808733595,True,800
