ranking,tau,lo,hi
full,0.4347587583294346,0.3365855973925396,0.5084721324912748
equal_weight,0.35768043666039206,0.264801640925889,0.4238575339178753
best_single (momentum),0.3914833282303641,0.2907910635517062,0.4676298393840598
drop:cost_to_own_vs_rent,0.4541305842449061,0.36499924296484737,0.522602904581831
drop:income_growth,0.4604489648363544,0.35762804098440254,0.5377445807258613
drop:employment_diversity,0.4394209825990405,0.3329188579604745,0.5117394832187748
drop:permits_to_stock,0.3850425786032336,0.287959753528201,0.4391936622732328
drop:net_migration,0.14892205126801067,0.02817397849588362,0.31251929251401195
persistence,0.21555145361729167,0.07283180892778093,0.3050653519173895
