comparison,kind,delta,lo,hi,excludes_0
full - equal_weight,baseline uplift,0.09142561447302716,0.04201971896288559,0.14533708362654474,True
full - best_single (momentum),baseline uplift,0.03959206215306782,-0.07303293028566459,0.14897792721491473,False
full - persistence,baseline uplift,0.21552393676614023,0.11517093588239428,0.34776964301727287,True
drop:cost_to_own_vs_rent (drop helps if >0),ablation delta,0.015447676222660911,-0.014084756265929492,0.04783292766876309,False
drop:income_growth (drop helps if >0),ablation delta,0.02692088745557092,-0.005945554812376632,0.05342722538842065,False
drop:employment_diversity (drop helps if >0),ablation delta,0.015419311268151159,-0.004117773693801079,0.03073150286878297,False
drop:permits_to_stock (drop helps if >0),ablation delta,-0.05500484214041684,-0.14231300205145006,0.010676420333963002,False
drop:net_migration (drop helps if >0),ablation delta,-0.2860220816942165,-0.3798462506290539,-0.13611958025186896,True
