cbsa_code,cbsa_title,total_units,mf_units,total_units_reported,mf_units_reported,year
10180,"Abilene, TX",122,0,86,0,1990
10180,"Abilene, TX",152,0,113,0,1991
10180,"Abilene, TX",283,0,231,0,1992
10180,"Abilene, TX",318,0,254,0,1993
10180,"Abilene, TX",466,200,373,200,1994
10180,"Abilene, TX",425,173,13,0,1995
10180,"Abilene, TX",386,117,100,0,1996
10180,"Abilene, TX",227,0,227,0,1997
10180,"Abilene, TX",266,0,266,0,1998
10180,"Abilene, TX",195,0,195,0,1999
10180,"Abilene, TX",381,192,381,192,2000
10180,"Abilene, TX",590,192,588,192,2001
10180,"Abilene, TX",193,0,186,0,2002
10180,"Abilene, TX",221,0,221,0,2003
10180,"Abilene, TX",291,0,288,0,2004
10180,"Abilene, TX",346,14,339,14,2005
10180,"Abilene, TX",365,16,361,16,2006
10180,"Abilene, TX",293,0,293,0,2007
10180,"Abilene, TX",196,0,196,0,2008
10180,"Abilene, TX",214,0,213,0,2009
10180,"Abilene, TX",390,116,390,116,2010
10180,"Abilene, TX",159,0,159,0,2011
10180,"Abilene, TX",455,204,455,204,2012
10180,"Abilene, TX",306,0,286,0,2013
10180,"Abilene, TX",284,0,283,0,2014
10180,"Abilene, TX",535,228,535,228,2015
10180,"Abilene, TX",306,0,306,0,2016
10180,"Abilene, TX",322,0,321,0,2017
10180,"Abilene, TX",357,0,356,0,2018
10180,"Abilene, TX",370,0,369,0,2019
10180,"Abilene, TX",663,196,663,196,2020
10180,"Abilene, TX",883,289,870,289,2021
10180,"Abilene, TX",799,274,799,274,2022
10180,"Abilene, TX",462,64,462,64,2023
10180,"Abilene, TX",527,0,527,0,2024
10180,"Abilene, TX",1160,0,1152,0,2025
10420,"Akron, OH",3332,1011,3332,1011,1990
10420,"Akron, OH",2378,166,2376,166,1991
10420,"Akron, OH",3782,1165,3780,1165,1992
10420,"Akron, OH",3015,202,3011,202,1993
10420,"Akron, OH",3789,590,3785,590,1994
10420,"Akron, OH",3092,411,3090,411,1995
10420,"Akron, OH",3898,815,3895,815,1996
10420,"Akron, OH",3707,1037,3700,1037,1997
10420,"Akron, OH",4013,866,4005,866,1998
10420,"Akron, OH",3644,350,3633,350,1999
10420,"Akron, OH",3342,663,3326,663,2000
10420,"Akron, OH",3230,511,3147,511,2001
10420,"Akron, OH",2634,321,2547,321,2002
10420,"Akron, OH",3190,294,3190,294,2003
10420,"Akron, OH",2934,282,2281,84,2004
10420,"Akron, OH",2724,211,2073,14,2005
10420,"Akron, OH",2209,339,1719,144,2006
10420,"Akron, OH",1594,182,1280,28,2007
10420,"Akron, OH",1039,141,828,30,2008
10420,"Akron, OH",741,49,618,0,2009
10420,"Akron, OH",736,50,548,0,2010
10420,"Akron, OH",1122,479,981,434,2011
10420,"Akron, OH",618,0,614,0,2012
10420,"Akron, OH",690,16,685,16,2013
10420,"Akron, OH",763,63,701,63,2014
10420,"Akron, OH",967,159,868,159,2015
10420,"Akron, OH",909,0,798,0,2016
10420,"Akron, OH",920,11,770,11,2017
10420,"Akron, OH",1210,179,1203,179,2018
10420,"Akron, OH",945,55,809,0,2019
10420,"Akron, OH",914,89,830,24,2020
10420,"Akron, OH",1215,217,1117,142,2021
10420,"Akron, OH",3047,1746,2890,1657,2022
10420,"Akron, OH",940,124,932,124,2023
10420,"Akron, OH",1282,412,1259,412,2024
10420,"Akron, OH",751,78,726,78,2025
10500,"Albany, GA",461,63,449,63,1990
10500,"Albany, GA",579,0,579,0,1991
10500,"Albany, GA",677,65,673,65,1992
10500,"Albany, GA",854,83,733,83,1993
10500,"Albany, GA",847,78,847,78,1994
10500,"Albany, GA",1260,356,1217,356,1995
10500,"Albany, GA",1077,102,1029,102,1996
10500,"Albany, GA",1021,101,973,101,1997
10500,"Albany, GA",720,8,670,8,1998
10500,"Albany, GA",753,0,705,0,1999
10500,"Albany, GA",773,193,491,193,2000
10500,"Albany, GA",618,0,270,0,2001
10500,"Albany, GA",685,0,347,0,2002
10500,"Albany, GA",907,262,907,262,2003
10500,"Albany, GA",873,118,457,118,2004
10500,"Albany, GA",751,8,306,8,2005
10500,"Albany, GA",727,8,335,8,2006
10500,"Albany, GA",590,65,127,60,2007
10500,"Albany, GA",294,15,46,0,2008
10500,"Albany, GA",213,5,33,0,2009
10500,"Albany, GA",248,56,72,51,2010
10500,"Albany, GA",206,5,32,0,2011
10500,"Albany, GA",229,5,23,0,2012
10500,"Albany, GA",257,10,15,0,2013
10500,"Albany, GA",271,5,188,0,2014
10500,"Albany, GA",203,5,100,0,2015
10500,"Albany, GA",230,46,211,46,2016
10500,"Albany, GA",416,5,404,0,2017
10500,"Albany, GA",188,15,148,0,2018
10500,"Albany, GA",402,220,397,220,2019
10500,"Albany, GA",367,194,255,100,2020
10500,"Albany, GA",224,0,194,0,2021
10500,"Albany, GA",202,33,175,33,2022
10500,"Albany, GA",183,15,143,0,2023
10500,"Albany, GA",259,64,196,44,2024
10500,"Albany, GA",192,36,166,36,2025
10540,"Albany, OR",157,0,157,0,1990
10540,"Albany, OR",227,17,220,17,1991
10540,"Albany, OR",312,56,312,56,1992
10540,"Albany, OR",451,92,451,92,1993
10540,"Albany, OR",628,257,625,257,1994
10540,"Albany, OR",524,184,524,184,1995
10540,"Albany, OR",390,12,376,12,1996
10540,"Albany, OR",692,190,692,190,1997
10540,"Albany, OR",804,194,804,194,1998
10540,"Albany, OR",616,168,616,168,1999
10540,"Albany, OR",512,112,512,112,2000
10540,"Albany, OR",559,101,559,101,2001
10540,"Albany, OR",568,0,568,0,2002
10540,"Albany, OR",677,6,677,6,2003
10540,"Albany, OR",905,48,900,48,2004
10540,"Albany, OR",1015,103,1015,103,2005
10540,"Albany, OR",891,57,886,57,2006
10540,"Albany, OR",799,142,799,142,2007
10540,"Albany, OR",540,264,531,264,2008
10540,"Albany, OR",246,0,246,0,2009
10540,"Albany, OR",174,0,160,0,2010
10540,"Albany, OR",180,48,180,48,2011
10540,"Albany, OR",228,74,228,74,2012
10540,"Albany, OR",455,178,423,147,2013
10540,"Albany, OR",393,121,393,121,2014
10540,"Albany, OR",365,15,320,0,2015
10540,"Albany, OR",405,10,362,0,2016
10540,"Albany, OR",539,58,385,48,2017
10540,"Albany, OR",540,92,476,67,2018
10540,"Albany, OR",716,250,638,210,2019
10540,"Albany, OR",796,311,654,253,2020
10540,"Albany, OR",620,223,538,169,2021
10540,"Albany, OR",327,78,327,78,2022
10540,"Albany, OR",377,79,377,79,2023
10540,"Albany, OR",309,60,309,60,2024
10540,"Albany, OR",189,26,189,26,2025
10580,"Albany-Schenectady-Troy, NY",2853,514,2800,514,1990
10580,"Albany-Schenectady-Troy, NY",2904,423,2756,423,1991
10580,"Albany-Schenectady-Troy, NY",3068,384,3018,384,1992
10580,"Albany-Schenectady-Troy, NY",3084,279,2937,279,1993
10580,"Albany-Schenectady-Troy, NY",2867,486,2643,424,1994
10580,"Albany-Schenectady-Troy, NY",2446,672,2366,672,1995
10580,"Albany-Schenectady-Troy, NY",2556,783,2281,739,1996
10580,"Albany-Schenectady-Troy, NY",2266,425,2109,410,1997
10580,"Albany-Schenectady-Troy, NY",3355,1038,3142,972,1998
10580,"Albany-Schenectady-Troy, NY",2840,515,2590,425,1999
10580,"Albany-Schenectady-Troy, NY",2597,346,2332,254,2000
10580,"Albany-Schenectady-Troy, NY",2909,502,2607,414,2001
10580,"Albany-Schenectady-Troy, NY",3226,475,2915,368,2002
10580,"Albany-Schenectady-Troy, NY",3222,554,3222,554,2003
10580,"Albany-Schenectady-Troy, NY",3268,614,2739,403,2004
10580,"Albany-Schenectady-Troy, NY",3639,1294,2991,996,2005
10580,"Albany-Schenectady-Troy, NY",2450,494,2149,456,2006
10580,"Albany-Schenectady-Troy, NY",2703,981,2471,947,2007
10580,"Albany-Schenectady-Troy, NY",1892,618,1698,600,2008
10580,"Albany-Schenectady-Troy, NY",1380,180,1267,180,2009
10580,"Albany-Schenectady-Troy, NY",1429,244,1326,244,2010
10580,"Albany-Schenectady-Troy, NY",1764,768,1684,756,2011
10580,"Albany-Schenectady-Troy, NY",2226,993,1974,855,2012
10580,"Albany-Schenectady-Troy, NY",2009,683,1875,624,2013
10580,"Albany-Schenectady-Troy, NY",2231,839,2092,814,2014
10580,"Albany-Schenectady-Troy, NY",3623,2132,3287,1918,2015
10580,"Albany-Schenectady-Troy, NY",2853,1120,2519,937,2016
10580,"Albany-Schenectady-Troy, NY",2346,925,2005,750,2017
10580,"Albany-Schenectady-Troy, NY",2239,857,1899,692,2018
10580,"Albany-Schenectady-Troy, NY",1870,665,1645,580,2019
10580,"Albany-Schenectady-Troy, NY",2046,628,1812,567,2020
10580,"Albany-Schenectady-Troy, NY",2697,1182,2548,1134,2021
10580,"Albany-Schenectady-Troy, NY",2635,1257,2476,1202,2022
10580,"Albany-Schenectady-Troy, NY",1907,836,1668,740,2023
10580,"Albany-Schenectady-Troy, NY",2366,1068,1969,979,2024
10580,"Albany-Schenectady-Troy, NY",2047,697,1601,565,2025
10740,"Albuquerque, NM",2473,428,2472,428,1990
10740,"Albuquerque, NM",2407,284,2165,274,1991
10740,"Albuquerque, NM",3250,56,3242,56,1992
10740,"Albuquerque, NM",4335,329,4111,323,1993
10740,"Albuquerque, NM",6505,1821,5830,1791,1994
10740,"Albuquerque, NM",6581,1910,5634,1870,1995
10740,"Albuquerque, NM",5755,1035,4568,958,1996
10740,"Albuquerque, NM",6097,1588,4809,1512,1997
10740,"Albuquerque, NM",5366,388,4250,324,1998
10740,"Albuquerque, NM",5311,271,5102,271,1999
10740,"Albuquerque, NM",4773,70,4573,70,2000
10740,"Albuquerque, NM",5925,646,5685,646,2001
10740,"Albuquerque, NM",7022,1121,6257,1121,2002
10740,"Albuquerque, NM",7936,702,7936,702,2003
10740,"Albuquerque, NM",7455,324,6244,324,2004
10740,"Albuquerque, NM",7038,273,2840,107,2005
10740,"Albuquerque, NM",6822,730,3983,534,2006
10740,"Albuquerque, NM",4499,599,4060,599,2007
10740,"Albuquerque, NM",2555,452,770,0,2008
10740,"Albuquerque, NM",1692,143,517,0,2009
10740,"Albuquerque, NM",1764,181,336,0,2010
10740,"Albuquerque, NM",1634,251,144,0,2011
10740,"Albuquerque, NM",2084,647,1406,647,2012
10740,"Albuquerque, NM",2606,1061,1675,1061,2013
10740,"Albuquerque, NM",2543,336,1554,306,2014
10740,"Albuquerque, NM",2295,219,1493,169,2015
10740,"Albuquerque, NM",2465,500,1404,384,2016
10740,"Albuquerque, NM",2256,251,1002,0,2017
10740,"Albuquerque, NM",2186,75,1798,6,2018
10740,"Albuquerque, NM",2148,262,1383,188,2019
10740,"Albuquerque, NM",2014,68,1190,0,2020
10740,"Albuquerque, NM",4021,1410,3804,1314,2021
10740,"Albuquerque, NM",2852,942,2823,942,2022
10740,"Albuquerque, NM",2834,777,2834,777,2023
10740,"Albuquerque, NM",2876,762,2876,762,2024
10740,"Albuquerque, NM",2830,984,2708,984,2025
10780,"Alexandria, LA",60,0,56,0,1990
10780,"Alexandria, LA",115,0,110,0,1991
10780,"Alexandria, LA",223,24,223,24,1992
10780,"Alexandria, LA",271,60,263,60,1993
10780,"Alexandria, LA",368,0,368,0,1994
10780,"Alexandria, LA",333,32,326,32,1995
10780,"Alexandria, LA",436,65,430,65,1996
10780,"Alexandria, LA",331,0,325,0,1997
10780,"Alexandria, LA",500,96,494,96,1998
10780,"Alexandria, LA",510,90,393,0,1999
10780,"Alexandria, LA",441,61,352,0,2000
10780,"Alexandria, LA",449,89,343,8,2001
10780,"Alexandria, LA",534,102,534,102,2002
10780,"Alexandria, LA",580,39,580,39,2003
10780,"Alexandria, LA",685,0,574,0,2004
10780,"Alexandria, LA",710,0,289,0,2005
10780,"Alexandria, LA",951,0,705,0,2006
10780,"Alexandria, LA",572,0,408,0,2007
10780,"Alexandria, LA",382,8,283,8,2008
10780,"Alexandria, LA",396,0,396,0,2009
10780,"Alexandria, LA",434,72,398,72,2010
10780,"Alexandria, LA",376,74,124,0,2011
10780,"Alexandria, LA",482,121,44,0,2012
10780,"Alexandria, LA",402,8,186,8,2013
10780,"Alexandria, LA",323,0,197,0,2014
10780,"Alexandria, LA",289,0,286,0,2015
10780,"Alexandria, LA",390,0,390,0,2016
10780,"Alexandria, LA",302,0,269,0,2017
10780,"Alexandria, LA",305,0,261,0,2018
10780,"Alexandria, LA",333,0,333,0,2019
10780,"Alexandria, LA",313,0,168,0,2020
10780,"Alexandria, LA",289,0,195,0,2021
10780,"Alexandria, LA",353,0,353,0,2022
10780,"Alexandria, LA",241,0,107,0,2023
10780,"Alexandria, LA",241,0,16,0,2024
10780,"Alexandria, LA",273,0,36,0,2025
10900,"Allentown-Bethlehem-Easton, PA-NJ",2151,237,2144,237,1990
10900,"Allentown-Bethlehem-Easton, PA-NJ",2517,312,2450,312,1991
10900,"Allentown-Bethlehem-Easton, PA-NJ",3042,385,3019,385,1992
10900,"Allentown-Bethlehem-Easton, PA-NJ",3116,450,3008,450,1993
10900,"Allentown-Bethlehem-Easton, PA-NJ",2888,324,2836,324,1994
10900,"Allentown-Bethlehem-Easton, PA-NJ",2704,242,2552,242,1995
10900,"Allentown-Bethlehem-Easton, PA-NJ",2909,328,2735,328,1996
10900,"Allentown-Bethlehem-Easton, PA-NJ",2816,238,2721,213,1997
10900,"Allentown-Bethlehem-Easton, PA-NJ",3392,195,3236,195,1998
10900,"Allentown-Bethlehem-Easton, PA-NJ",4004,367,3815,367,1999
10900,"Allentown-Bethlehem-Easton, PA-NJ",3759,371,3571,371,2000
10900,"Allentown-Bethlehem-Easton, PA-NJ",4139,543,3827,538,2001
10900,"Allentown-Bethlehem-Easton, PA-NJ",4563,275,4090,265,2002
10900,"Allentown-Bethlehem-Easton, PA-NJ",4376,262,4376,262,2003
10900,"Allentown-Bethlehem-Easton, PA-NJ",4612,93,3953,78,2004
10900,"Allentown-Bethlehem-Easton, PA-NJ",4848,403,4222,369,2005
10900,"Allentown-Bethlehem-Easton, PA-NJ",4144,206,3495,134,2006
10900,"Allentown-Bethlehem-Easton, PA-NJ",2789,115,2017,68,2007
10900,"Allentown-Bethlehem-Easton, PA-NJ",1694,174,1533,141,2008
10900,"Allentown-Bethlehem-Easton, PA-NJ",1648,232,1563,202,2009
10900,"Allentown-Bethlehem-Easton, PA-NJ",1388,160,1268,129,2010
10900,"Allentown-Bethlehem-Easton, PA-NJ",1133,54,1018,11,2011
10900,"Allentown-Bethlehem-Easton, PA-NJ",1069,203,899,134,2012
10900,"Allentown-Bethlehem-Easton, PA-NJ",1350,164,1135,92,2013
10900,"Allentown-Bethlehem-Easton, PA-NJ",1801,734,1588,638,2014
10900,"Allentown-Bethlehem-Easton, PA-NJ",1356,406,1128,265,2015
10900,"Allentown-Bethlehem-Easton, PA-NJ",1263,163,1160,118,2016
10900,"Allentown-Bethlehem-Easton, PA-NJ",1118,158,882,114,2017
10900,"Allentown-Bethlehem-Easton, PA-NJ",1246,162,1209,144,2018
10900,"Allentown-Bethlehem-Easton, PA-NJ",1345,239,1245,239,2019
10900,"Allentown-Bethlehem-Easton, PA-NJ",1688,548,1501,523,2020
10900,"Allentown-Bethlehem-Easton, PA-NJ",2606,858,2255,633,2021
10900,"Allentown-Bethlehem-Easton, PA-NJ",2232,608,2181,608,2022
10900,"Allentown-Bethlehem-Easton, PA-NJ",1735,378,1659,378,2023
10900,"Allentown-Bethlehem-Easton, PA-NJ",2485,1050,2173,964,2024
10900,"Allentown-Bethlehem-Easton, PA-NJ",1974,711,1742,672,2025
11020,"Altoona, PA",337,21,328,21,1990
11020,"Altoona, PA",357,54,339,54,1991
11020,"Altoona, PA",372,54,372,54,1992
11020,"Altoona, PA",303,0,288,0,1993
11020,"Altoona, PA",276,0,276,0,1994
11020,"Altoona, PA",379,63,336,63,1995
11020,"Altoona, PA",259,6,230,6,1996
11020,"Altoona, PA",190,0,157,0,1997
11020,"Altoona, PA",395,132,374,132,1998
11020,"Altoona, PA",261,18,254,18,1999
11020,"Altoona, PA",226,0,220,0,2000
11020,"Altoona, PA",255,24,249,24,2001
11020,"Altoona, PA",322,60,322,60,2002
11020,"Altoona, PA",362,104,362,104,2003
11020,"Altoona, PA",496,185,485,185,2004
11020,"Altoona, PA",180,0,157,0,2005
11020,"Altoona, PA",193,0,171,0,2006
11020,"Altoona, PA",294,152,277,152,2007
11020,"Altoona, PA",195,0,195,0,2008
11020,"Altoona, PA",125,0,97,0,2009
11020,"Altoona, PA",159,7,150,7,2010
11020,"Altoona, PA",75,0,75,0,2011
11020,"Altoona, PA",97,10,97,10,2012
11020,"Altoona, PA",101,6,100,6,2013
11020,"Altoona, PA",100,8,99,8,2014
11020,"Altoona, PA",117,5,117,5,2015
11020,"Altoona, PA",183,41,183,41,2016
11020,"Altoona, PA",114,0,111,0,2017
11020,"Altoona, PA",101,0,101,0,2018
11020,"Altoona, PA",111,0,105,0,2019
11020,"Altoona, PA",96,0,95,0,2020
11020,"Altoona, PA",94,0,93,0,2021
11020,"Altoona, PA",123,52,119,52,2022
11020,"Altoona, PA",110,12,110,12,2023
11020,"Altoona, PA",87,6,83,6,2024
11020,"Altoona, PA",86,0,74,0,2025
11100,"Amarillo, TX",159,0,129,0,1990
11100,"Amarillo, TX",219,0,187,0,1991
11100,"Amarillo, TX",375,0,332,0,1992
11100,"Amarillo, TX",563,0,511,0,1993
11100,"Amarillo, TX",529,0,529,0,1994
11100,"Amarillo, TX",457,0,457,0,1995
11100,"Amarillo, TX",581,0,581,0,1996
11100,"Amarillo, TX",872,434,838,434,1997
11100,"Amarillo, TX",502,0,502,0,1998
11100,"Amarillo, TX",711,166,703,166,1999
11100,"Amarillo, TX",560,6,552,6,2000
11100,"Amarillo, TX",1014,366,1012,366,2001
11100,"Amarillo, TX",921,184,918,184,2002
11100,"Amarillo, TX",1053,120,1053,120,2003
11100,"Amarillo, TX",1014,267,1014,267,2004
11100,"Amarillo, TX",1180,294,1180,294,2005
11100,"Amarillo, TX",1184,472,1184,472,2006
11100,"Amarillo, TX",1316,632,1267,611,2007
11100,"Amarillo, TX",768,252,768,252,2008
11100,"Amarillo, TX",645,24,645,24,2009
11100,"Amarillo, TX",931,339,931,339,2010
11100,"Amarillo, TX",704,19,704,19,2011
11100,"Amarillo, TX",1630,930,1624,930,2012
11100,"Amarillo, TX",898,266,897,266,2013
11100,"Amarillo, TX",918,372,918,372,2014
11100,"Amarillo, TX",880,312,880,312,2015
11100,"Amarillo, TX",740,0,740,0,2016
11100,"Amarillo, TX",775,204,775,204,2017
11100,"Amarillo, TX",750,101,750,101,2018
11100,"Amarillo, TX",584,0,576,0,2019
11100,"Amarillo, TX",1022,285,1022,285,2020
11100,"Amarillo, TX",736,16,731,16,2021
11100,"Amarillo, TX",982,110,978,110,2022
11100,"Amarillo, TX",672,55,638,55,2023
11100,"Amarillo, TX",1297,650,1262,650,2024
11100,"Amarillo, TX",994,312,955,312,2025
11180,"Ames, IA",317,151,317,151,1990
11180,"Ames, IA",387,162,387,162,1991
11180,"Ames, IA",473,186,471,186,1992
11180,"Ames, IA",579,252,577,252,1993
11180,"Ames, IA",551,200,549,200,1994
11180,"Ames, IA",574,260,572,260,1995
11180,"Ames, IA",530,164,528,164,1996
11180,"Ames, IA",778,330,774,330,1997
11180,"Ames, IA",930,440,928,440,1998
11180,"Ames, IA",940,523,938,523,1999
11180,"Ames, IA",776,402,767,402,2000
11180,"Ames, IA",703,383,701,383,2001
11180,"Ames, IA",988,585,988,585,2002
11180,"Ames, IA",829,361,829,361,2003
11180,"Ames, IA",856,398,847,398,2004
11180,"Ames, IA",1057,561,1045,561,2005
11180,"Ames, IA",574,202,570,202,2006
11180,"Ames, IA",469,116,465,116,2007
11180,"Ames, IA",412,237,411,237,2008
11180,"Ames, IA",157,0,142,0,2009
11180,"Ames, IA",199,74,182,74,2010
11180,"Ames, IA",499,356,494,356,2011
11180,"Ames, IA",484,291,465,291,2012
11180,"Ames, IA",574,286,545,286,2013
11180,"Ames, IA",583,350,574,350,2014
11180,"Ames, IA",616,354,613,354,2015
11180,"Ames, IA",777,475,776,475,2016
11180,"Ames, IA",1014,681,1011,681,2017
11180,"Ames, IA",687,340,645,340,2018
11180,"Ames, IA",549,272,435,272,2019
11180,"Ames, IA",270,8,244,8,2020
11180,"Ames, IA",394,110,378,110,2021
11180,"Ames, IA",328,32,315,32,2022
11180,"Ames, IA",262,8,238,8,2023
11180,"Ames, IA",273,50,262,50,2024
11180,"Ames, IA",392,157,380,157,2025
11200,"Amherst Town-Northampton, MA",716,188,684,188,1990
11200,"Amherst Town-Northampton, MA",397,0,308,0,1991
11200,"Amherst Town-Northampton, MA",425,0,405,0,1992
11200,"Amherst Town-Northampton, MA",496,24,435,24,1993
11200,"Amherst Town-Northampton, MA",420,0,289,0,1994
11200,"Amherst Town-Northampton, MA",441,61,367,61,1995
11200,"Amherst Town-Northampton, MA",448,6,403,6,1996
11200,"Amherst Town-Northampton, MA",410,24,364,24,1997
11200,"Amherst Town-Northampton, MA",407,8,352,8,1998
11200,"Amherst Town-Northampton, MA",432,0,395,0,1999
11200,"Amherst Town-Northampton, MA",370,12,337,12,2000
11200,"Amherst Town-Northampton, MA",401,8,373,8,2001
11200,"Amherst Town-Northampton, MA",503,22,424,22,2002
11200,"Amherst Town-Northampton, MA",552,80,552,80,2003
11200,"Amherst Town-Northampton, MA",521,16,463,16,2004
11200,"Amherst Town-Northampton, MA",539,53,479,53,2005
11200,"Amherst Town-Northampton, MA",419,55,388,55,2006
11200,"Amherst Town-Northampton, MA",353,19,327,19,2007
11200,"Amherst Town-Northampton, MA",224,37,221,37,2008
11200,"Amherst Town-Northampton, MA",194,0,135,0,2009
11200,"Amherst Town-Northampton, MA",248,12,188,12,2010
11200,"Amherst Town-Northampton, MA",144,18,132,18,2011
11200,"Amherst Town-Northampton, MA",179,27,133,0,2012
11200,"Amherst Town-Northampton, MA",197,16,166,0,2013
11200,"Amherst Town-Northampton, MA",193,21,156,6,2014
11200,"Amherst Town-Northampton, MA",188,15,148,0,2015
11200,"Amherst Town-Northampton, MA",257,13,160,0,2016
11200,"Amherst Town-Northampton, MA",289,74,233,61,2017
11200,"Amherst Town-Northampton, MA",368,134,331,134,2018
11200,"Amherst Town-Northampton, MA",451,291,203,119,2019
11200,"Amherst Town-Northampton, MA",349,175,112,0,2020
11200,"Amherst Town-Northampton, MA",398,234,225,100,2021
11200,"Amherst Town-Northampton, MA",411,275,253,160,2022
11200,"Amherst Town-Northampton, MA",282,158,176,76,2023
11200,"Amherst Town-Northampton, MA",318,162,159,44,2024
11200,"Amherst Town-Northampton, MA",291,136,128,0,2025
11260,"Anchorage, AK",402,0,402,0,1990
11260,"Anchorage, AK",636,0,636,0,1991
11260,"Anchorage, AK",694,0,694,0,1992
11260,"Anchorage, AK",1228,135,1228,135,1993
11260,"Anchorage, AK",955,154,955,154,1994
11260,"Anchorage, AK",1169,155,1169,155,1995
11260,"Anchorage, AK",1412,345,1412,345,1996
11260,"Anchorage, AK",1509,162,1509,162,1997
11260,"Anchorage, AK",1891,239,1759,223,1998
11260,"Anchorage, AK",1331,304,1331,304,1999
11260,"Anchorage, AK",1310,181,1310,181,2000
11260,"Anchorage, AK",2146,250,2146,250,2001
11260,"Anchorage, AK",2196,305,2196,305,2002
11260,"Anchorage, AK",2547,529,2547,529,2003
11260,"Anchorage, AK",2042,540,1988,540,2004
11260,"Anchorage, AK",1899,440,1831,440,2005
11260,"Anchorage, AK",1588,669,1545,669,2006
11260,"Anchorage, AK",970,312,941,312,2007
11260,"Anchorage, AK",460,64,439,64,2008
11260,"Anchorage, AK",551,161,545,161,2009
11260,"Anchorage, AK",533,74,474,53,2010
11260,"Anchorage, AK",524,91,519,91,2011
11260,"Anchorage, AK",575,12,571,12,2012
11260,"Anchorage, AK",576,20,568,20,2013
11260,"Anchorage, AK",887,176,808,176,2014
11260,"Anchorage, AK",933,148,99,0,2015
11260,"Anchorage, AK",1046,216,116,42,2016
11260,"Anchorage, AK",1148,208,128,36,2017
11260,"Anchorage, AK",1259,208,176,42,2018
11260,"Anchorage, AK",1163,225,104,52,2019
11260,"Anchorage, AK",1030,189,180,75,2020
11260,"Anchorage, AK",1183,244,50,0,2021
11260,"Anchorage, AK",213,29,213,29,2022
11260,"Anchorage, AK",457,89,457,89,2023
11260,"Anchorage, AK",426,119,373,94,2024
11260,"Anchorage, AK",297,36,296,36,2025
11460,"Ann Arbor, MI",1809,916,1807,916,1990
11460,"Ann Arbor, MI",1159,237,888,72,1991
11460,"Ann Arbor, MI",1156,11,1152,11,1992
11460,"Ann Arbor, MI",1698,152,1692,152,1993
11460,"Ann Arbor, MI",2055,356,2051,356,1994
11460,"Ann Arbor, MI",2006,296,2006,296,1995
11460,"Ann Arbor, MI",2512,465,2509,465,1996
11460,"Ann Arbor, MI",2433,612,2427,612,1997
11460,"Ann Arbor, MI",2902,718,2892,718,1998
11460,"Ann Arbor, MI",2617,348,2601,348,1999
11460,"Ann Arbor, MI",1980,100,1980,100,2000
11460,"Ann Arbor, MI",2105,242,2105,242,2001
11460,"Ann Arbor, MI",2333,30,2330,30,2002
11460,"Ann Arbor, MI",2527,334,2527,334,2003
11460,"Ann Arbor, MI",2708,664,2367,614,2004
11460,"Ann Arbor, MI",1676,227,1356,176,2005
11460,"Ann Arbor, MI",775,132,518,76,2006
11460,"Ann Arbor, MI",565,65,369,10,2007
11460,"Ann Arbor, MI",347,65,217,15,2008
11460,"Ann Arbor, MI",253,41,153,6,2009
11460,"Ann Arbor, MI",368,45,260,0,2010
11460,"Ann Arbor, MI",477,273,476,273,2011
11460,"Ann Arbor, MI",276,12,204,12,2012
11460,"Ann Arbor, MI",758,356,711,356,2013
11460,"Ann Arbor, MI",570,183,485,183,2014
11460,"Ann Arbor, MI",420,30,308,30,2015
11460,"Ann Arbor, MI",438,0,318,0,2016
11460,"Ann Arbor, MI",657,22,502,22,2017
11460,"Ann Arbor, MI",805,116,611,101,2018
11460,"Ann Arbor, MI",815,123,642,103,2019
11460,"Ann Arbor, MI",1065,197,883,187,2020
11460,"Ann Arbor, MI",916,15,720,10,2021
11460,"Ann Arbor, MI",656,33,538,28,2022
11460,"Ann Arbor, MI",1597,1080,1498,1080,2023
11460,"Ann Arbor, MI",1193,560,959,330,2024
11460,"Ann Arbor, MI",1088,534,1041,493,2025
11500,"Anniston-Oxford, AL",231,43,225,43,1990
11500,"Anniston-Oxford, AL",155,18,150,18,1991
11500,"Anniston-Oxford, AL",179,24,179,24,1992
11500,"Anniston-Oxford, AL",189,24,183,24,1993
11500,"Anniston-Oxford, AL",269,41,167,16,1994
11500,"Anniston-Oxford, AL",275,85,134,60,1995
11500,"Anniston-Oxford, AL",312,112,94,47,1996
11500,"Anniston-Oxford, AL",232,70,66,0,1997
11500,"Anniston-Oxford, AL",267,87,84,5,1998
11500,"Anniston-Oxford, AL",422,210,229,132,1999
11500,"Anniston-Oxford, AL",336,45,315,45,2000
11500,"Anniston-Oxford, AL",259,16,59,0,2001
11500,"Anniston-Oxford, AL",233,16,203,16,2002
11500,"Anniston-Oxford, AL",163,0,163,0,2003
11500,"Anniston-Oxford, AL",222,16,206,16,2004
11500,"Anniston-Oxford, AL",266,0,264,0,2005
11500,"Anniston-Oxford, AL",277,7,248,7,2006
11500,"Anniston-Oxford, AL",472,206,472,206,2007
11500,"Anniston-Oxford, AL",197,6,197,6,2008
11500,"Anniston-Oxford, AL",194,46,192,46,2009
11500,"Anniston-Oxford, AL",107,5,107,5,2010
11500,"Anniston-Oxford, AL",83,6,78,6,2011
11500,"Anniston-Oxford, AL",71,0,68,0,2012
11500,"Anniston-Oxford, AL",59,0,51,0,2013
11500,"Anniston-Oxford, AL",114,12,110,12,2014
11500,"Anniston-Oxford, AL",61,0,59,0,2015
11500,"Anniston-Oxford, AL",77,7,73,7,2016
11500,"Anniston-Oxford, AL",69,0,67,0,2017
11500,"Anniston-Oxford, AL",70,0,59,0,2018
11500,"Anniston-Oxford, AL",105,0,103,0,2019
11500,"Anniston-Oxford, AL",102,0,94,0,2020
11500,"Anniston-Oxford, AL",68,0,60,0,2021
11500,"Anniston-Oxford, AL",78,0,70,0,2022
11500,"Anniston-Oxford, AL",64,0,64,0,2023
11500,"Anniston-Oxford, AL",138,0,127,0,2024
11500,"Anniston-Oxford, AL",144,0,133,0,2025
11540,"Appleton, WI",966,208,956,208,1990
11540,"Appleton, WI",1753,450,1420,388,1991
11540,"Appleton, WI",2089,363,1618,245,1992
11540,"Appleton, WI",2021,424,1248,305,1993
11540,"Appleton, WI",1671,307,1602,307,1994
11540,"Appleton, WI",1396,298,1357,298,1995
11540,"Appleton, WI",1598,359,1449,344,1996
11540,"Appleton, WI",1742,640,1718,640,1997
11540,"Appleton, WI",1663,314,1550,291,1998
11540,"Appleton, WI",1782,413,1509,294,1999
11540,"Appleton, WI",1876,436,1414,207,2000
11540,"Appleton, WI",2178,730,2114,730,2001
11540,"Appleton, WI",2165,595,2084,595,2002
11540,"Appleton, WI",1741,183,1741,183,2003
11540,"Appleton, WI",1528,63,1415,63,2004
11540,"Appleton, WI",1484,243,1363,243,2005
11540,"Appleton, WI",965,50,898,50,2006
11540,"Appleton, WI",800,78,764,78,2007
11540,"Appleton, WI",694,152,690,152,2008
11540,"Appleton, WI",517,32,487,32,2009
11540,"Appleton, WI",587,138,577,138,2010
11540,"Appleton, WI",648,312,619,312,2011
11540,"Appleton, WI",833,394,821,394,2012
11540,"Appleton, WI",829,257,803,257,2013
11540,"Appleton, WI",930,346,902,346,2014
11540,"Appleton, WI",1119,491,1094,491,2015
11540,"Appleton, WI",743,146,735,146,2016
11540,"Appleton, WI",930,246,925,246,2017
11540,"Appleton, WI",987,144,987,144,2018
11540,"Appleton, WI",577,33,577,33,2019
11540,"Appleton, WI",1311,629,1308,629,2020
11540,"Appleton, WI",1429,755,1425,755,2021
11540,"Appleton, WI",767,183,767,183,2022
11540,"Appleton, WI",753,228,747,228,2023
11540,"Appleton, WI",659,30,637,30,2024
11540,"Appleton, WI",1264,584,1232,584,2025
11700,"Asheville, NC",1447,42,1441,42,1990
11700,"Asheville, NC",1597,149,1585,149,1991
11700,"Asheville, NC",1945,321,1945,321,1992
11700,"Asheville, NC",1826,20,1806,20,1993
11700,"Asheville, NC",1980,247,1980,247,1994
11700,"Asheville, NC",1716,100,1716,100,1995
11700,"Asheville, NC",2521,762,2512,762,1996
11700,"Asheville, NC",2206,203,2163,192,1997
11700,"Asheville, NC",2312,219,2272,219,1998
11700,"Asheville, NC",2288,171,2179,166,1999
11700,"Asheville, NC",2190,294,2146,294,2000
11700,"Asheville, NC",3256,1084,3256,1084,2001
11700,"Asheville, NC",3288,652,3288,652,2002
11700,"Asheville, NC",2801,246,2801,246,2003
11700,"Asheville, NC",3300,408,3275,408,2004
11700,"Asheville, NC",3727,652,3560,628,2005
11700,"Asheville, NC",3546,144,3546,144,2006
11700,"Asheville, NC",3294,197,2916,158,2007
11700,"Asheville, NC",2206,634,2181,627,2008
11700,"Asheville, NC",1287,284,1287,284,2009
11700,"Asheville, NC",1866,978,1866,978,2010
11700,"Asheville, NC",849,56,849,56,2011
11700,"Asheville, NC",1175,0,1114,0,2012
11700,"Asheville, NC",1405,192,1283,192,2013
11700,"Asheville, NC",1710,416,1499,416,2014
11700,"Asheville, NC",2042,367,1642,302,2015
11700,"Asheville, NC",3056,1274,2628,1206,2016
11700,"Asheville, NC",2587,658,2206,596,2017
11700,"Asheville, NC",2604,568,2097,498,2018
11700,"Asheville, NC",2820,768,2287,683,2019
11700,"Asheville, NC",3213,1079,2739,1002,2020
11700,"Asheville, NC",3742,1050,3193,954,2021
11700,"Asheville, NC",3230,716,2719,595,2022
11700,"Asheville, NC",3652,1260,3421,1214,2023
11700,"Asheville, NC",5378,2846,5378,2846,2024
11700,"Asheville, NC",3238,1425,2657,1153,2025
12020,"Athens-Clarke County, GA",788,65,788,65,1990
12020,"Athens-Clarke County, GA",1124,474,1124,474,1991
12020,"Athens-Clarke County, GA",832,76,832,76,1992
12020,"Athens-Clarke County, GA",906,113,906,113,1993
12020,"Athens-Clarke County, GA",1176,361,1176,361,1994
12020,"Athens-Clarke County, GA",1517,633,1517,633,1995
12020,"Athens-Clarke County, GA",1891,934,1891,934,1996
12020,"Athens-Clarke County, GA",1042,205,1042,205,1997
12020,"Athens-Clarke County, GA",1446,215,1439,215,1998
12020,"Athens-Clarke County, GA",1507,523,1507,523,1999
12020,"Athens-Clarke County, GA",1358,301,1358,301,2000
12020,"Athens-Clarke County, GA",1427,369,1427,369,2001
12020,"Athens-Clarke County, GA",2264,851,2264,851,2002
12020,"Athens-Clarke County, GA",1956,523,1956,523,2003
12020,"Athens-Clarke County, GA",2113,118,2026,118,2004
12020,"Athens-Clarke County, GA",1996,164,1898,164,2005
12020,"Athens-Clarke County, GA",1891,472,1793,472,2006
12020,"Athens-Clarke County, GA",1691,501,1657,501,2007
12020,"Athens-Clarke County, GA",591,49,585,49,2008
12020,"Athens-Clarke County, GA",297,0,239,0,2009
12020,"Athens-Clarke County, GA",226,0,166,0,2010
12020,"Athens-Clarke County, GA",327,85,325,85,2011
12020,"Athens-Clarke County, GA",619,138,571,138,2012
12020,"Athens-Clarke County, GA",1079,361,1075,361,2013
12020,"Athens-Clarke County, GA",930,422,899,422,2014
12020,"Athens-Clarke County, GA",1159,591,1036,591,2015
12020,"Athens-Clarke County, GA",584,31,535,31,2016
12020,"Athens-Clarke County, GA",771,176,704,176,2017
12020,"Athens-Clarke County, GA",1069,332,994,332,2018
12020,"Athens-Clarke County, GA",1591,633,1523,633,2019
12020,"Athens-Clarke County, GA",1218,0,1143,0,2020
12020,"Athens-Clarke County, GA",1848,922,1771,922,2021
12020,"Athens-Clarke County, GA",2345,1542,2162,1542,2022
12020,"Athens-Clarke County, GA",1026,183,850,183,2023
12020,"Athens-Clarke County, GA",1835,888,1622,888,2024
12020,"Athens-Clarke County, GA",1278,522,1155,522,2025
12060,"Atlanta-Sandy Springs-Roswell, GA",28860,5704,28783,5699,1990
12060,"Atlanta-Sandy Springs-Roswell, GA",25774,1796,25022,1752,1991
12060,"Atlanta-Sandy Springs-Roswell, GA",30403,754,30240,754,1992
12060,"Atlanta-Sandy Springs-Roswell, GA",37855,3528,37431,3528,1993
12060,"Atlanta-Sandy Springs-Roswell, GA",42553,8195,41978,8177,1994
12060,"Atlanta-Sandy Springs-Roswell, GA",49733,12833,49170,12688,1995
12060,"Atlanta-Sandy Springs-Roswell, GA",49897,10519,48974,10483,1996
12060,"Atlanta-Sandy Springs-Roswell, GA",51379,11013,50887,10973,1997
12060,"Atlanta-Sandy Springs-Roswell, GA",60062,11848,59912,11848,1998
12060,"Atlanta-Sandy Springs-Roswell, GA",62839,12144,62329,12125,1999
12060,"Atlanta-Sandy Springs-Roswell, GA",66031,16849,65601,16707,2000
12060,"Atlanta-Sandy Springs-Roswell, GA",67180,16361,65968,16254,2001
12060,"Atlanta-Sandy Springs-Roswell, GA",68710,15965,67276,15660,2002
12060,"Atlanta-Sandy Springs-Roswell, GA",66793,10851,66793,10851,2003
12060,"Atlanta-Sandy Springs-Roswell, GA",74547,16137,73233,16130,2004
12060,"Atlanta-Sandy Springs-Roswell, GA",73475,11010,72859,10964,2005
12060,"Atlanta-Sandy Springs-Roswell, GA",68818,13629,67465,13481,2006
12060,"Atlanta-Sandy Springs-Roswell, GA",45240,13012,44615,12995,2007
12060,"Atlanta-Sandy Springs-Roswell, GA",19454,7044,18968,7016,2008
12060,"Atlanta-Sandy Springs-Roswell, GA",6615,994,6361,984,2009
12060,"Atlanta-Sandy Springs-Roswell, GA",7584,1037,7286,1032,2010
12060,"Atlanta-Sandy Springs-Roswell, GA",8688,2357,8400,2352,2011
12060,"Atlanta-Sandy Springs-Roswell, GA",14420,5019,14066,5019,2012
12060,"Atlanta-Sandy Springs-Roswell, GA",24495,9266,24146,9266,2013
12060,"Atlanta-Sandy Springs-Roswell, GA",26756,9442,26409,9331,2014
12060,"Atlanta-Sandy Springs-Roswell, GA",30517,10282,29730,9916,2015
12060,"Atlanta-Sandy Springs-Roswell, GA",36485,13107,35727,12826,2016
12060,"Atlanta-Sandy Springs-Roswell, GA",33998,8702,33340,8578,2017
12060,"Atlanta-Sandy Springs-Roswell, GA",39409,12750,37993,12637,2018
12060,"Atlanta-Sandy Springs-Roswell, GA",32928,6418,32723,6418,2019
12060,"Atlanta-Sandy Springs-Roswell, GA",32447,3390,31277,3363,2020
12060,"Atlanta-Sandy Springs-Roswell, GA",39522,7677,38489,7562,2021
12060,"Atlanta-Sandy Springs-Roswell, GA",48617,21288,48601,21288,2022
12060,"Atlanta-Sandy Springs-Roswell, GA",38749,14227,37310,14085,2023
12060,"Atlanta-Sandy Springs-Roswell, GA",40687,13955,39119,13449,2024
12060,"Atlanta-Sandy Springs-Roswell, GA",33670,11052,31708,10398,2025
12100,"Atlantic City-Hammonton, NJ",1647,334,1646,334,1990
12100,"Atlantic City-Hammonton, NJ",1020,169,945,143,1991
12100,"Atlantic City-Hammonton, NJ",1020,78,1015,78,1992
12100,"Atlantic City-Hammonton, NJ",1188,88,1162,88,1993
12100,"Atlantic City-Hammonton, NJ",1776,12,1716,6,1994
12100,"Atlantic City-Hammonton, NJ",1222,103,1170,98,1995
12100,"Atlantic City-Hammonton, NJ",1712,67,1687,67,1996
12100,"Atlantic City-Hammonton, NJ",1915,78,1881,73,1997
12100,"Atlantic City-Hammonton, NJ",2235,76,2153,76,1998
12100,"Atlantic City-Hammonton, NJ",2627,194,2477,194,1999
12100,"Atlantic City-Hammonton, NJ",2867,243,2818,243,2000
12100,"Atlantic City-Hammonton, NJ",3088,153,2911,136,2001
12100,"Atlantic City-Hammonton, NJ",3442,248,3285,238,2002
12100,"Atlantic City-Hammonton, NJ",3978,348,3978,348,2003
12100,"Atlantic City-Hammonton, NJ",4224,425,4046,405,2004
12100,"Atlantic City-Hammonton, NJ",4435,763,4338,763,2005
12100,"Atlantic City-Hammonton, NJ",3473,717,3384,707,2006
12100,"Atlantic City-Hammonton, NJ",2217,330,2092,307,2007
12100,"Atlantic City-Hammonton, NJ",1279,114,1087,64,2008
12100,"Atlantic City-Hammonton, NJ",940,125,841,125,2009
12100,"Atlantic City-Hammonton, NJ",946,111,832,111,2010
12100,"Atlantic City-Hammonton, NJ",842,59,697,16,2011
12100,"Atlantic City-Hammonton, NJ",932,80,760,19,2012
12100,"Atlantic City-Hammonton, NJ",1142,83,940,16,2013
12100,"Atlantic City-Hammonton, NJ",1360,292,1180,228,2014
12100,"Atlantic City-Hammonton, NJ",1324,371,840,13,2015
12100,"Atlantic City-Hammonton, NJ",1725,741,1512,619,2016
12100,"Atlantic City-Hammonton, NJ",1899,862,1643,651,2017
12100,"Atlantic City-Hammonton, NJ",1476,516,1166,248,2018
12100,"Atlantic City-Hammonton, NJ",1820,683,1820,683,2019
12100,"Atlantic City-Hammonton, NJ",1342,172,1166,25,2020
12100,"Atlantic City-Hammonton, NJ",1721,250,1721,250,2021
12100,"Atlantic City-Hammonton, NJ",1600,386,1579,386,2022
12100,"Atlantic City-Hammonton, NJ",1186,60,1067,20,2023
12100,"Atlantic City-Hammonton, NJ",1542,283,1352,245,2024
12100,"Atlantic City-Hammonton, NJ",1613,81,1339,50,2025
12220,"Auburn-Opelika, AL",645,380,645,380,1990
12220,"Auburn-Opelika, AL",377,72,377,72,1991
12220,"Auburn-Opelika, AL",514,148,514,148,1992
12220,"Auburn-Opelika, AL",484,118,484,118,1993
12220,"Auburn-Opelika, AL",582,128,582,128,1994
12220,"Auburn-Opelika, AL",476,153,476,153,1995
12220,"Auburn-Opelika, AL",620,100,620,100,1996
12220,"Auburn-Opelika, AL",867,307,867,307,1997
12220,"Auburn-Opelika, AL",851,294,779,294,1998
12220,"Auburn-Opelika, AL",635,93,558,93,1999
12220,"Auburn-Opelika, AL",644,94,574,94,2000
12220,"Auburn-Opelika, AL",1038,541,965,541,2001
12220,"Auburn-Opelika, AL",1662,756,1593,715,2002
12220,"Auburn-Opelika, AL",1184,375,1184,375,2003
12220,"Auburn-Opelika, AL",1518,215,1516,215,2004
12220,"Auburn-Opelika, AL",1787,295,1771,295,2005
12220,"Auburn-Opelika, AL",2229,499,2217,499,2006
12220,"Auburn-Opelika, AL",1531,297,1531,297,2007
12220,"Auburn-Opelika, AL",1309,546,1309,546,2008
12220,"Auburn-Opelika, AL",1259,591,1258,591,2009
12220,"Auburn-Opelika, AL",976,348,975,348,2010
12220,"Auburn-Opelika, AL",962,216,957,216,2011
12220,"Auburn-Opelika, AL",709,56,706,56,2012
12220,"Auburn-Opelika, AL",730,48,726,48,2013
12220,"Auburn-Opelika, AL",944,188,906,182,2014
12220,"Auburn-Opelika, AL",839,0,838,0,2015
12220,"Auburn-Opelika, AL",892,22,891,22,2016
12220,"Auburn-Opelika, AL",1362,360,1278,360,2017
12220,"Auburn-Opelika, AL",1133,47,1114,47,2018
12220,"Auburn-Opelika, AL",2099,841,2097,841,2019
12220,"Auburn-Opelika, AL",2226,869,1983,859,2020
12220,"Auburn-Opelika, AL",1861,294,1861,294,2021
12220,"Auburn-Opelika, AL",2192,1030,1630,851,2022
12220,"Auburn-Opelika, AL",1410,5,1410,5,2023
12220,"Auburn-Opelika, AL",1883,113,1881,113,2024
12220,"Auburn-Opelika, AL",1581,0,1558,0,2025
12260,"Augusta-Richmond County, GA-SC",2568,64,2566,64,1990
12260,"Augusta-Richmond County, GA-SC",2697,161,2697,161,1991
12260,"Augusta-Richmond County, GA-SC",2923,28,2912,28,1992
12260,"Augusta-Richmond County, GA-SC",2671,72,2640,72,1993
12260,"Augusta-Richmond County, GA-SC",2709,169,2709,169,1994
12260,"Augusta-Richmond County, GA-SC",2193,176,2193,176,1995
12260,"Augusta-Richmond County, GA-SC",2381,130,2374,130,1996
12260,"Augusta-Richmond County, GA-SC",2247,65,2247,65,1997
12260,"Augusta-Richmond County, GA-SC",3092,489,2966,462,1998
12260,"Augusta-Richmond County, GA-SC",3357,765,3309,733,1999
12260,"Augusta-Richmond County, GA-SC",2362,42,2217,42,2000
12260,"Augusta-Richmond County, GA-SC",2866,196,2606,196,2001
12260,"Augusta-Richmond County, GA-SC",3582,567,3325,567,2002
12260,"Augusta-Richmond County, GA-SC",3643,256,3643,256,2003
12260,"Augusta-Richmond County, GA-SC",3743,0,3436,0,2004
12260,"Augusta-Richmond County, GA-SC",3941,89,3610,89,2005
12260,"Augusta-Richmond County, GA-SC",3662,0,3376,0,2006
12260,"Augusta-Richmond County, GA-SC",3402,332,3196,332,2007
12260,"Augusta-Richmond County, GA-SC",1934,88,1807,88,2008
12260,"Augusta-Richmond County, GA-SC",2292,98,2130,93,2009
12260,"Augusta-Richmond County, GA-SC",2490,55,2243,48,2010
12260,"Augusta-Richmond County, GA-SC",2415,160,1806,160,2011
12260,"Augusta-Richmond County, GA-SC",2284,80,2011,8,2012
12260,"Augusta-Richmond County, GA-SC",2445,24,1927,24,2013
12260,"Augusta-Richmond County, GA-SC",2847,387,2577,382,2014
12260,"Augusta-Richmond County, GA-SC",3035,364,1327,68,2015
12260,"Augusta-Richmond County, GA-SC",2968,340,2767,320,2016
12260,"Augusta-Richmond County, GA-SC",3338,593,2566,347,2017
12260,"Augusta-Richmond County, GA-SC",2867,248,2293,88,2018
12260,"Augusta-Richmond County, GA-SC",3201,401,3201,401,2019
12260,"Augusta-Richmond County, GA-SC",3556,38,2570,38,2020
12260,"Augusta-Richmond County, GA-SC",4280,27,2417,8,2021
12260,"Augusta-Richmond County, GA-SC",4190,666,3158,666,2022
12260,"Augusta-Richmond County, GA-SC",3559,132,2578,132,2023
12260,"Augusta-Richmond County, GA-SC",4658,1023,3629,1023,2024
12260,"Augusta-Richmond County, GA-SC",4141,402,3186,402,2025
12420,"Austin-Round Rock-San Marcos, TX",1962,0,1958,0,1990
12420,"Austin-Round Rock-San Marcos, TX",3222,220,3219,220,1991
12420,"Austin-Round Rock-San Marcos, TX",5671,996,5633,996,1992
12420,"Austin-Round Rock-San Marcos, TX",8543,2084,8460,2084,1993
12420,"Austin-Round Rock-San Marcos, TX",10785,4403,10664,4403,1994
12420,"Austin-Round Rock-San Marcos, TX",13765,6133,13463,6133,1995
12420,"Austin-Round Rock-San Marcos, TX",17077,6484,16588,6484,1996
12420,"Austin-Round Rock-San Marcos, TX",13617,4720,13539,4720,1997
12420,"Austin-Round Rock-San Marcos, TX",16423,5128,16362,5128,1998
12420,"Austin-Round Rock-San Marcos, TX",19897,7849,19826,7849,1999
12420,"Austin-Round Rock-San Marcos, TX",21889,8064,20614,7993,2000
12420,"Austin-Round Rock-San Marcos, TX",17873,8345,17504,8286,2001
12420,"Austin-Round Rock-San Marcos, TX",17232,5570,17059,5570,2002
12420,"Austin-Round Rock-San Marcos, TX",15317,2499,15317,2499,2003
12420,"Austin-Round Rock-San Marcos, TX",18015,3106,17218,3012,2004
12420,"Austin-Round Rock-San Marcos, TX",23241,5261,22508,4742,2005
12420,"Austin-Round Rock-San Marcos, TX",26096,7399,24673,6846,2006
12420,"Austin-Round Rock-San Marcos, TX",19903,6902,18477,6466,2007
12420,"Austin-Round Rock-San Marcos, TX",11792,3812,11186,3477,2008
12420,"Austin-Round Rock-San Marcos, TX",8758,2049,7747,1912,2009
12420,"Austin-Round Rock-San Marcos, TX",8786,2290,8116,2290,2010
12420,"Austin-Round Rock-San Marcos, TX",10239,3927,8470,2845,2011
12420,"Austin-Round Rock-San Marcos, TX",19563,11220,17086,9413,2012
12420,"Austin-Round Rock-San Marcos, TX",20852,11509,18675,9785,2013
12420,"Austin-Round Rock-San Marcos, TX",19949,7990,19390,7990,2014
12420,"Austin-Round Rock-San Marcos, TX",22370,10065,21745,10034,2015
12420,"Austin-Round Rock-San Marcos, TX",21861,8296,21191,8296,2016
12420,"Austin-Round Rock-San Marcos, TX",26700,10428,26024,10423,2017
12420,"Austin-Round Rock-San Marcos, TX",30035,12840,28317,12840,2018
12420,"Austin-Round Rock-San Marcos, TX",32037,13267,31577,13267,2019
12420,"Austin-Round Rock-San Marcos, TX",42264,19277,39363,19277,2020
12420,"Austin-Round Rock-San Marcos, TX",50907,25642,47337,25642,2021
12420,"Austin-Round Rock-San Marcos, TX",42362,22179,40308,22179,2022
12420,"Austin-Round Rock-San Marcos, TX",38773,21753,36148,21753,2023
12420,"Austin-Round Rock-San Marcos, TX",32294,15126,28364,14724,2024
12420,"Austin-Round Rock-San Marcos, TX",27322,11749,25406,11749,2025
12540,"Bakersfield-Delano, CA",4954,255,4954,255,1990
12540,"Bakersfield-Delano, CA",3400,85,3400,85,1991
12540,"Bakersfield-Delano, CA",4366,266,4366,266,1992
12540,"Bakersfield-Delano, CA",3396,142,3396,142,1993
12540,"Bakersfield-Delano, CA",3124,136,2950,112,1994
12540,"Bakersfield-Delano, CA",3496,506,3023,460,1995
12540,"Bakersfield-Delano, CA",2767,216,2767,216,1996
12540,"Bakersfield-Delano, CA",2659,179,2649,179,1997
12540,"Bakersfield-Delano, CA",3425,325,3338,255,1998
12540,"Bakersfield-Delano, CA",3118,149,2994,149,1999
12540,"Bakersfield-Delano, CA",3070,149,3058,149,2000
12540,"Bakersfield-Delano, CA",3494,80,3416,80,2001
12540,"Bakersfield-Delano, CA",4509,0,4434,0,2002
12540,"Bakersfield-Delano, CA",5813,115,5813,115,2003
12540,"Bakersfield-Delano, CA",6794,305,6552,305,2004
12540,"Bakersfield-Delano, CA",8857,637,7061,587,2005
12540,"Bakersfield-Delano, CA",6991,306,6582,285,2006
12540,"Bakersfield-Delano, CA",4202,233,4080,233,2007
12540,"Bakersfield-Delano, CA",2593,560,2372,492,2008
12540,"Bakersfield-Delano, CA",1777,171,1775,171,2009
12540,"Bakersfield-Delano, CA",1656,387,1617,387,2010
12540,"Bakersfield-Delano, CA",969,162,969,162,2011
12540,"Bakersfield-Delano, CA",2005,457,1586,316,2012
12540,"Bakersfield-Delano, CA",2318,425,1138,180,2013
12540,"Bakersfield-Delano, CA",2297,357,817,0,2014
12540,"Bakersfield-Delano, CA",2200,82,1741,0,2015
12540,"Bakersfield-Delano, CA",2256,11,2148,0,2016
12540,"Bakersfield-Delano, CA",2640,54,1305,54,2017
12540,"Bakersfield-Delano, CA",2452,206,2126,154,2018
12540,"Bakersfield-Delano, CA",2261,35,2253,35,2019
12540,"Bakersfield-Delano, CA",2502,252,1599,232,2020
12540,"Bakersfield-Delano, CA",2293,91,2258,91,2021
12540,"Bakersfield-Delano, CA",2688,184,2686,184,2022
12540,"Bakersfield-Delano, CA",2451,136,978,84,2023
12540,"Bakersfield-Delano, CA",3244,73,2411,43,2024
12540,"Bakersfield-Delano, CA",3159,125,2179,95,2025
12580,"Baltimore-Columbia-Towson, MD",13561,4029,13561,4029,1990
12580,"Baltimore-Columbia-Towson, MD",11182,1759,11182,1759,1991
12580,"Baltimore-Columbia-Towson, MD",15484,2051,15484,2051,1992
12580,"Baltimore-Columbia-Towson, MD",12904,2335,12773,2286,1993
12580,"Baltimore-Columbia-Towson, MD",12596,1784,12416,1698,1994
12580,"Baltimore-Columbia-Towson, MD",11349,1521,11264,1477,1995
12580,"Baltimore-Columbia-Towson, MD",10741,1389,10568,1320,1996
12580,"Baltimore-Columbia-Towson, MD",10638,2021,10455,1945,1997
12580,"Baltimore-Columbia-Towson, MD",11193,2792,10987,2708,1998
12580,"Baltimore-Columbia-Towson, MD",13606,3043,13590,3035,1999
12580,"Baltimore-Columbia-Towson, MD",11804,1994,11792,1994,2000
12580,"Baltimore-Columbia-Towson, MD",10908,1913,10834,1913,2001
12580,"Baltimore-Columbia-Towson, MD",10991,1612,10681,1547,2002
12580,"Baltimore-Columbia-Towson, MD",11133,2791,11133,2791,2003
12580,"Baltimore-Columbia-Towson, MD",10282,2661,10273,2661,2004
12580,"Baltimore-Columbia-Towson, MD",11327,2858,11311,2853,2005
12580,"Baltimore-Columbia-Towson, MD",8133,1759,8027,1691,2006
12580,"Baltimore-Columbia-Towson, MD",6207,1428,6173,1407,2007
12580,"Baltimore-Columbia-Towson, MD",5544,2404,5544,2404,2008
12580,"Baltimore-Columbia-Towson, MD",5115,1991,5115,1991,2009
12580,"Baltimore-Columbia-Towson, MD",5594,2030,5594,2030,2010
12580,"Baltimore-Columbia-Towson, MD",6153,2861,6153,2861,2011
12580,"Baltimore-Columbia-Towson, MD",5956,2047,5562,1762,2012
12580,"Baltimore-Columbia-Towson, MD",8069,3291,8069,3291,2013
12580,"Baltimore-Columbia-Towson, MD",7100,2354,6953,2233,2014
12580,"Baltimore-Columbia-Towson, MD",8264,3571,8264,3571,2015
12580,"Baltimore-Columbia-Towson, MD",8070,3193,8067,3193,2016
12580,"Baltimore-Columbia-Towson, MD",6840,1824,6840,1824,2017
12580,"Baltimore-Columbia-Towson, MD",9287,3920,9287,3920,2018
12580,"Baltimore-Columbia-Towson, MD",6967,2068,6967,2068,2019
12580,"Baltimore-Columbia-Towson, MD",8094,3078,8094,3078,2020
12580,"Baltimore-Columbia-Towson, MD",7834,3045,7834,3045,2021
12580,"Baltimore-Columbia-Towson, MD",6588,3740,6588,3740,2022
12580,"Baltimore-Columbia-Towson, MD",7539,3735,7539,3735,2023
12580,"Baltimore-Columbia-Towson, MD",6284,2425,6283,2425,2024
12580,"Baltimore-Columbia-Towson, MD",5799,2169,5799,2169,2025
12620,"Bangor, ME",559,102,513,102,1990
12620,"Bangor, ME",373,35,348,35,1991
12620,"Bangor, ME",408,0,388,0,1992
12620,"Bangor, ME",384,32,348,32,1993
12620,"Bangor, ME",371,36,326,36,1994
12620,"Bangor, ME",325,0,271,0,1995
12620,"Bangor, ME",304,10,287,10,1996
12620,"Bangor, ME",272,9,225,0,1997
12620,"Bangor, ME",315,0,246,0,1998
12620,"Bangor, ME",353,32,289,32,1999
12620,"Bangor, ME",482,123,416,123,2000
12620,"Bangor, ME",433,20,359,20,2001
12620,"Bangor, ME",559,17,507,0,2002
12620,"Bangor, ME",638,12,638,12,2003
12620,"Bangor, ME",741,32,631,32,2004
12620,"Bangor, ME",996,144,902,144,2005
12620,"Bangor, ME",709,55,575,55,2006
12620,"Bangor, ME",498,43,418,43,2007
12620,"Bangor, ME",388,87,350,87,2008
12620,"Bangor, ME",366,66,304,61,2009
12620,"Bangor, ME",272,0,190,0,2010
12620,"Bangor, ME",369,132,338,132,2011
12620,"Bangor, ME",313,82,279,82,2012
12620,"Bangor, ME",251,0,219,0,2013
12620,"Bangor, ME",231,0,161,0,2014
12620,"Bangor, ME",555,334,523,334,2015
12620,"Bangor, ME",271,39,232,39,2016
12620,"Bangor, ME",304,30,243,30,2017
12620,"Bangor, ME",261,12,211,12,2018
12620,"Bangor, ME",266,0,207,0,2019
12620,"Bangor, ME",337,38,304,38,2020
12620,"Bangor, ME",368,0,336,0,2021
12620,"Bangor, ME",415,0,292,0,2022
12620,"Bangor, ME",404,43,290,43,2023
12620,"Bangor, ME",450,36,330,36,2024
12620,"Bangor, ME",486,91,308,66,2025
12700,"Barnstable Town, MA",1303,5,1287,0,1990
12700,"Barnstable Town, MA",1018,10,1018,10,1991
12700,"Barnstable Town, MA",1303,5,1303,5,1992
12700,"Barnstable Town, MA",1610,5,1606,5,1993
12700,"Barnstable Town, MA",1666,45,1663,45,1994
12700,"Barnstable Town, MA",1634,56,1568,56,1995
12700,"Barnstable Town, MA",1564,25,1564,25,1996
12700,"Barnstable Town, MA",1891,31,1884,31,1997
12700,"Barnstable Town, MA",2120,135,2033,135,1998
12700,"Barnstable Town, MA",2224,72,2137,72,1999
12700,"Barnstable Town, MA",1882,5,1750,5,2000
12700,"Barnstable Town, MA",1619,107,1597,107,2001
12700,"Barnstable Town, MA",1393,8,1207,8,2002
12700,"Barnstable Town, MA",1228,0,1228,0,2003
12700,"Barnstable Town, MA",1475,191,1411,191,2004
12700,"Barnstable Town, MA",1388,188,907,41,2005
12700,"Barnstable Town, MA",886,75,732,16,2006
12700,"Barnstable Town, MA",818,107,563,13,2007
12700,"Barnstable Town, MA",559,105,379,28,2008
12700,"Barnstable Town, MA",377,36,274,0,2009
12700,"Barnstable Town, MA",418,34,305,0,2010
12700,"Barnstable Town, MA",404,47,289,10,2011
12700,"Barnstable Town, MA",592,130,446,65,2012
12700,"Barnstable Town, MA",596,108,387,40,2013
12700,"Barnstable Town, MA",640,91,470,12,2014
12700,"Barnstable Town, MA",572,6,471,6,2015
12700,"Barnstable Town, MA",505,0,281,0,2016
12700,"Barnstable Town, MA",871,372,733,372,2017
12700,"Barnstable Town, MA",1005,408,490,10,2018
12700,"Barnstable Town, MA",513,69,438,69,2019
12700,"Barnstable Town, MA",592,10,474,10,2020
12700,"Barnstable Town, MA",672,8,537,8,2021
12700,"Barnstable Town, MA",887,272,887,272,2022
12700,"Barnstable Town, MA",547,104,504,104,2023
12700,"Barnstable Town, MA",640,178,556,163,2024
12700,"Barnstable Town, MA",630,252,573,232,2025
12940,"Baton Rouge, LA",1125,51,1046,51,1990
12940,"Baton Rouge, LA",1357,68,1347,68,1991
12940,"Baton Rouge, LA",1992,216,1990,216,1992
12940,"Baton Rouge, LA",2801,216,2793,216,1993
12940,"Baton Rouge, LA",3227,599,3165,599,1994
12940,"Baton Rouge, LA",3602,713,2973,713,1995
12940,"Baton Rouge, LA",4732,1128,3982,1128,1996
12940,"Baton Rouge, LA",3476,279,3244,213,1997
12940,"Baton Rouge, LA",4303,809,3554,809,1998
12940,"Baton Rouge, LA",4593,491,4580,491,1999
12940,"Baton Rouge, LA",3554,374,3530,374,2000
12940,"Baton Rouge, LA",3903,428,3099,428,2001
12940,"Baton Rouge, LA",4379,688,3371,688,2002
12940,"Baton Rouge, LA",5420,1133,5420,1133,2003
12940,"Baton Rouge, LA",5273,430,5154,430,2004
12940,"Baton Rouge, LA",6318,716,5314,689,2005
12940,"Baton Rouge, LA",9165,2589,8876,2534,2006
12940,"Baton Rouge, LA",6426,1811,6338,1811,2007
12940,"Baton Rouge, LA",3809,1116,2881,582,2008
12940,"Baton Rouge, LA",2970,72,2674,72,2009
12940,"Baton Rouge, LA",2998,115,2180,68,2010
12940,"Baton Rouge, LA",3176,424,2056,341,2011
12940,"Baton Rouge, LA",3419,118,2362,11,2012
12940,"Baton Rouge, LA",3245,186,2922,186,2013
12940,"Baton Rouge, LA",3601,270,3120,270,2014
12940,"Baton Rouge, LA",3602,104,2704,80,2015
12940,"Baton Rouge, LA",3473,0,3236,0,2016
12940,"Baton Rouge, LA",3670,11,2749,11,2017
12940,"Baton Rouge, LA",3941,401,3789,401,2018
12940,"Baton Rouge, LA",3622,0,3497,0,2019
12940,"Baton Rouge, LA",3780,0,3030,0,2020
12940,"Baton Rouge, LA",4460,0,4340,0,2021
12940,"Baton Rouge, LA",3770,267,1912,267,2022
12940,"Baton Rouge, LA",3281,264,1582,264,2023
12940,"Baton Rouge, LA",3806,459,2974,459,2024
12940,"Baton Rouge, LA",4314,1517,3487,1517,2025
12980,"Battle Creek, MI",229,47,213,47,1990
12980,"Battle Creek, MI",260,89,240,89,1991
12980,"Battle Creek, MI",422,216,397,216,1992
12980,"Battle Creek, MI",623,312,581,312,1993
12980,"Battle Creek, MI",408,83,385,83,1994
12980,"Battle Creek, MI",387,44,361,44,1995
12980,"Battle Creek, MI",529,36,390,26,1996
12980,"Battle Creek, MI",465,45,362,40,1997
12980,"Battle Creek, MI",600,171,528,156,1998
12980,"Battle Creek, MI",539,130,272,0,1999
12980,"Battle Creek, MI",483,115,243,0,2000
12980,"Battle Creek, MI",412,96,384,96,2001
12980,"Battle Creek, MI",462,106,406,106,2002
12980,"Battle Creek, MI",394,6,394,6,2003
12980,"Battle Creek, MI",370,12,338,12,2004
12980,"Battle Creek, MI",406,76,381,76,2005
12980,"Battle Creek, MI",210,12,202,12,2006
12980,"Battle Creek, MI",240,104,199,93,2007
12980,"Battle Creek, MI",45,0,40,0,2008
12980,"Battle Creek, MI",36,0,33,0,2009
12980,"Battle Creek, MI",33,0,28,0,2010
12980,"Battle Creek, MI",49,16,46,16,2011
12980,"Battle Creek, MI",137,101,127,101,2012
12980,"Battle Creek, MI",47,0,44,0,2013
12980,"Battle Creek, MI",56,20,49,20,2014
12980,"Battle Creek, MI",59,0,45,0,2015
12980,"Battle Creek, MI",44,0,40,0,2016
12980,"Battle Creek, MI",84,6,67,6,2017
12980,"Battle Creek, MI",54,0,42,0,2018
12980,"Battle Creek, MI",56,0,36,0,2019
12980,"Battle Creek, MI",90,0,75,0,2020
12980,"Battle Creek, MI",108,0,85,0,2021
12980,"Battle Creek, MI",95,0,63,0,2022
12980,"Battle Creek, MI",131,0,120,0,2023
12980,"Battle Creek, MI",91,0,68,0,2024
12980,"Battle Creek, MI",120,0,110,0,2025
13020,"Bay City, MI",178,0,172,0,1990
13020,"Bay City, MI",257,10,252,10,1991
13020,"Bay City, MI",242,6,236,6,1992
13020,"Bay City, MI",279,0,248,0,1993
13020,"Bay City, MI",370,81,329,81,1994
13020,"Bay City, MI",340,30,244,0,1995
13020,"Bay City, MI",285,0,269,0,1996
13020,"Bay City, MI",402,121,373,121,1997
13020,"Bay City, MI",422,62,405,62,1998
13020,"Bay City, MI",451,161,433,161,1999
13020,"Bay City, MI",274,0,267,0,2000
13020,"Bay City, MI",365,0,340,0,2001
13020,"Bay City, MI",361,0,318,0,2002
13020,"Bay City, MI",438,37,438,37,2003
13020,"Bay City, MI",405,60,354,60,2004
13020,"Bay City, MI",300,0,240,0,2005
13020,"Bay City, MI",213,0,162,0,2006
13020,"Bay City, MI",199,81,172,81,2007
13020,"Bay City, MI",105,0,94,0,2008
13020,"Bay City, MI",68,0,56,0,2009
13020,"Bay City, MI",54,0,35,0,2010
13020,"Bay City, MI",91,24,89,24,2011
13020,"Bay City, MI",95,36,90,36,2012
13020,"Bay City, MI",61,19,54,19,2013
13020,"Bay City, MI",62,25,26,0,2014
13020,"Bay City, MI",147,98,137,98,2015
13020,"Bay City, MI",71,8,57,8,2016
13020,"Bay City, MI",70,0,58,0,2017
13020,"Bay City, MI",85,0,78,0,2018
13020,"Bay City, MI",83,0,53,0,2019
13020,"Bay City, MI",135,56,122,56,2020
13020,"Bay City, MI",74,0,57,0,2021
13020,"Bay City, MI",67,0,35,0,2022
13020,"Bay City, MI",38,0,25,0,2023
13020,"Bay City, MI",35,0,31,0,2024
13020,"Bay City, MI",67,25,56,25,2025
13140,"Beaumont-Port Arthur, TX",494,0,494,0,1990
13140,"Beaumont-Port Arthur, TX",718,0,559,0,1991
13140,"Beaumont-Port Arthur, TX",902,0,901,0,1992
13140,"Beaumont-Port Arthur, TX",1288,48,1280,48,1993
13140,"Beaumont-Port Arthur, TX",834,112,772,112,1994
13140,"Beaumont-Port Arthur, TX",592,18,592,18,1995
13140,"Beaumont-Port Arthur, TX",680,34,653,34,1996
13140,"Beaumont-Port Arthur, TX",615,8,615,8,1997
13140,"Beaumont-Port Arthur, TX",1180,298,1143,298,1998
13140,"Beaumont-Port Arthur, TX",891,32,851,32,1999
13140,"Beaumont-Port Arthur, TX",810,5,810,5,2000
13140,"Beaumont-Port Arthur, TX",1105,293,1076,293,2001
13140,"Beaumont-Port Arthur, TX",961,90,961,90,2002
13140,"Beaumont-Port Arthur, TX",1384,421,1384,421,2003
13140,"Beaumont-Port Arthur, TX",1125,38,1125,38,2004
13140,"Beaumont-Port Arthur, TX",1200,389,1135,389,2005
13140,"Beaumont-Port Arthur, TX",1993,640,1940,640,2006
13140,"Beaumont-Port Arthur, TX",2288,1033,2283,1033,2007
13140,"Beaumont-Port Arthur, TX",2248,1096,2217,1096,2008
13140,"Beaumont-Port Arthur, TX",2129,465,2097,465,2009
13140,"Beaumont-Port Arthur, TX",1424,152,1395,152,2010
13140,"Beaumont-Port Arthur, TX",1179,310,1179,310,2011
13140,"Beaumont-Port Arthur, TX",1273,448,1245,448,2012
13140,"Beaumont-Port Arthur, TX",604,0,579,0,2013
13140,"Beaumont-Port Arthur, TX",1606,344,1606,344,2014
13140,"Beaumont-Port Arthur, TX",1132,174,1128,174,2015
13140,"Beaumont-Port Arthur, TX",1094,164,1093,164,2016
13140,"Beaumont-Port Arthur, TX",1302,56,1300,56,2017
13140,"Beaumont-Port Arthur, TX",1404,140,905,140,2018
13140,"Beaumont-Port Arthur, TX",1363,251,1363,251,2019
13140,"Beaumont-Port Arthur, TX",1753,148,1687,148,2020
13140,"Beaumont-Port Arthur, TX",1585,116,1418,116,2021
13140,"Beaumont-Port Arthur, TX",1368,6,1223,6,2022
13140,"Beaumont-Port Arthur, TX",1181,146,1064,146,2023
13140,"Beaumont-Port Arthur, TX",915,50,785,0,2024
13140,"Beaumont-Port Arthur, TX",960,67,765,10,2025
13220,"Beckley, WV",172,82,150,60,1990
13220,"Beckley, WV",161,36,161,36,1991
13220,"Beckley, WV",226,72,221,72,1992
13220,"Beckley, WV",248,34,243,34,1993
13220,"Beckley, WV",273,21,261,16,1994
13220,"Beckley, WV",375,23,373,23,1995
13220,"Beckley, WV",323,50,316,50,1996
13220,"Beckley, WV",255,0,254,0,1997
13220,"Beckley, WV",202,0,188,0,1998
13220,"Beckley, WV",210,5,180,5,1999
13220,"Beckley, WV",178,0,178,0,2000
13220,"Beckley, WV",240,0,237,0,2001
13220,"Beckley, WV",372,32,372,32,2002
13220,"Beckley, WV",359,37,359,37,2003
13220,"Beckley, WV",396,0,394,0,2004
13220,"Beckley, WV",510,94,481,94,2005
13220,"Beckley, WV",319,33,201,0,2006
13220,"Beckley, WV",304,0,301,0,2007
13220,"Beckley, WV",256,0,256,0,2008
13220,"Beckley, WV",272,0,263,0,2009
13220,"Beckley, WV",149,0,130,0,2010
13220,"Beckley, WV",156,0,146,0,2011
13220,"Beckley, WV",128,0,103,0,2012
13220,"Beckley, WV",142,0,119,0,2013
13220,"Beckley, WV",125,5,112,5,2014
13220,"Beckley, WV",100,0,89,0,2015
13220,"Beckley, WV",72,0,70,0,2016
13220,"Beckley, WV",83,0,67,0,2017
13220,"Beckley, WV",86,0,85,0,2018
13220,"Beckley, WV",77,0,77,0,2019
13220,"Beckley, WV",75,0,72,0,2020
13220,"Beckley, WV",103,0,103,0,2021
13220,"Beckley, WV",104,0,102,0,2022
13220,"Beckley, WV",91,0,91,0,2023
13220,"Beckley, WV",69,0,60,0,2024
13220,"Beckley, WV",77,0,77,0,2025
13380,"Bellingham, WA",1974,599,1902,584,1990
13380,"Bellingham, WA",1539,497,1524,497,1991
13380,"Bellingham, WA",1584,369,1289,327,1992
13380,"Bellingham, WA",1659,218,926,153,1993
13380,"Bellingham, WA",2220,742,2142,737,1994
13380,"Bellingham, WA",1348,352,1348,352,1995
13380,"Bellingham, WA",1288,169,1288,169,1996
13380,"Bellingham, WA",1520,458,1218,398,1997
13380,"Bellingham, WA",1057,59,1057,59,1998
13380,"Bellingham, WA",1486,451,1388,433,1999
13380,"Bellingham, WA",1625,451,926,97,2000
13380,"Bellingham, WA",1444,385,723,6,2001
13380,"Bellingham, WA",1537,331,1537,331,2002
13380,"Bellingham, WA",2320,686,2320,686,2003
13380,"Bellingham, WA",2488,667,2166,662,2004
13380,"Bellingham, WA",2556,673,2427,663,2005
13380,"Bellingham, WA",1482,203,1386,193,2006
13380,"Bellingham, WA",1232,198,1146,188,2007
13380,"Bellingham, WA",669,119,669,119,2008
13380,"Bellingham, WA",460,16,460,16,2009
13380,"Bellingham, WA",458,14,458,14,2010
13380,"Bellingham, WA",605,144,602,144,2011
13380,"Bellingham, WA",637,90,637,90,2012
13380,"Bellingham, WA",999,339,946,313,2013
13380,"Bellingham, WA",1007,400,1007,400,2014
13380,"Bellingham, WA",1144,422,1144,422,2015
13380,"Bellingham, WA",1183,368,1176,368,2016
13380,"Bellingham, WA",1256,407,1216,392,2017
13380,"Bellingham, WA",1464,579,1464,579,2018
13380,"Bellingham, WA",1821,892,1687,882,2019
13380,"Bellingham, WA",1382,533,1265,523,2020
13380,"Bellingham, WA",1871,921,1871,921,2021
13380,"Bellingham, WA",1614,716,1605,716,2022
13380,"Bellingham, WA",894,292,819,292,2023
13380,"Bellingham, WA",1190,327,1070,327,2024
13380,"Bellingham, WA",1214,496,1122,496,2025
13460,"Bend, OR",1953,365,1878,365,1990
13460,"Bend, OR",1566,252,1491,252,1991
13460,"Bend, OR",1571,77,1571,77,1992
13460,"Bend, OR",2068,318,2068,318,1993
13460,"Bend, OR",2063,248,2063,248,1994
13460,"Bend, OR",1648,31,1637,26,1995
13460,"Bend, OR",1907,59,1907,59,1996
13460,"Bend, OR",2146,113,2018,93,1997
13460,"Bend, OR",2414,201,2414,201,1998
13460,"Bend, OR",2464,16,2464,16,1999
13460,"Bend, OR",2513,25,2352,25,2000
13460,"Bend, OR",2710,93,2710,93,2001
13460,"Bend, OR",2844,239,2844,239,2002
13460,"Bend, OR",3480,435,3480,435,2003
13460,"Bend, OR",4313,342,4310,342,2004
13460,"Bend, OR",5046,342,4840,342,2005
13460,"Bend, OR",3790,94,3636,94,2006
13460,"Bend, OR",2004,166,2004,166,2007
13460,"Bend, OR",861,59,861,59,2008
13460,"Bend, OR",452,26,452,26,2009
13460,"Bend, OR",470,6,470,6,2010
13460,"Bend, OR",531,0,505,0,2011
13460,"Bend, OR",872,38,838,38,2012
13460,"Bend, OR",1425,104,1411,104,2013
13460,"Bend, OR",1454,32,1372,32,2014
13460,"Bend, OR",2362,623,2337,623,2015
13460,"Bend, OR",2440,358,2257,358,2016
13460,"Bend, OR",2295,220,2129,220,2017
13460,"Bend, OR",2398,106,2272,106,2018
13460,"Bend, OR",2550,568,2449,568,2019
13460,"Bend, OR",2672,507,2672,507,2020
13460,"Bend, OR",3318,947,3318,947,2021
13460,"Bend, OR",2498,776,2498,776,2022
13460,"Bend, OR",2709,1140,2709,1140,2023
13460,"Bend, OR",1867,391,1867,391,2024
13460,"Bend, OR",3122,1511,3122,1511,2025
13740,"Billings, MT",162,0,157,0,1990
13740,"Billings, MT",237,23,228,23,1991
13740,"Billings, MT",454,0,444,0,1992
13740,"Billings, MT",693,180,690,180,1993
13740,"Billings, MT",552,45,548,45,1994
13740,"Billings, MT",536,133,532,133,1995
13740,"Billings, MT",580,151,575,151,1996
13740,"Billings, MT",514,95,509,95,1997
13740,"Billings, MT",445,40,439,40,1998
13740,"Billings, MT",613,164,607,164,1999
13740,"Billings, MT",515,28,498,28,2000
13740,"Billings, MT",586,11,565,11,2001
13740,"Billings, MT",727,107,712,107,2002
13740,"Billings, MT",920,195,920,195,2003
13740,"Billings, MT",943,234,934,234,2004
13740,"Billings, MT",674,34,607,34,2005
13740,"Billings, MT",734,28,676,28,2006
13740,"Billings, MT",674,0,665,0,2007
13740,"Billings, MT",581,0,575,0,2008
13740,"Billings, MT",534,65,531,65,2009
13740,"Billings, MT",466,46,463,46,2010
13740,"Billings, MT",276,0,270,0,2011
13740,"Billings, MT",633,182,627,182,2012
13740,"Billings, MT",2108,1098,2108,1098,2013
13740,"Billings, MT",654,114,654,114,2014
13740,"Billings, MT",1764,479,1706,468,2015
13740,"Billings, MT",1206,150,1206,150,2016
13740,"Billings, MT",1225,169,499,0,2017
13740,"Billings, MT",1478,298,730,136,2018
13740,"Billings, MT",1154,171,395,0,2019
13740,"Billings, MT",1435,237,627,61,2020
13740,"Billings, MT",979,296,977,296,2021
13740,"Billings, MT",1202,249,1017,249,2022
13740,"Billings, MT",349,0,330,0,2023
13740,"Billings, MT",1525,353,1505,353,2024
13740,"Billings, MT",1029,116,1029,116,2025
13780,"Binghamton, NY",596,72,588,72,1990
13780,"Binghamton, NY",515,0,501,0,1991
13780,"Binghamton, NY",455,0,437,0,1992
13780,"Binghamton, NY",347,32,315,32,1993
13780,"Binghamton, NY",262,0,238,0,1994
13780,"Binghamton, NY",234,47,183,47,1995
13780,"Binghamton, NY",209,30,197,30,1996
13780,"Binghamton, NY",198,30,191,30,1997
13780,"Binghamton, NY",227,12,215,12,1998
13780,"Binghamton, NY",372,62,372,62,1999
13780,"Binghamton, NY",253,18,244,18,2000
13780,"Binghamton, NY",310,24,299,24,2001
13780,"Binghamton, NY",390,57,372,57,2002
13780,"Binghamton, NY",378,94,378,94,2003
13780,"Binghamton, NY",289,13,284,13,2004
13780,"Binghamton, NY",283,12,244,12,2005
13780,"Binghamton, NY",303,0,277,0,2006
13780,"Binghamton, NY",306,42,295,42,2007
13780,"Binghamton, NY",286,0,278,0,2008
13780,"Binghamton, NY",205,46,198,46,2009
13780,"Binghamton, NY",108,0,101,0,2010
13780,"Binghamton, NY",117,0,115,0,2011
13780,"Binghamton, NY",116,0,113,0,2012
13780,"Binghamton, NY",111,0,109,0,2013
13780,"Binghamton, NY",85,0,77,0,2014
13780,"Binghamton, NY",249,72,249,72,2015
13780,"Binghamton, NY",338,185,331,185,2016
13780,"Binghamton, NY",404,243,256,123,2017
13780,"Binghamton, NY",315,206,118,48,2018
13780,"Binghamton, NY",351,283,65,18,2019
13780,"Binghamton, NY",446,275,208,62,2020
13780,"Binghamton, NY",499,355,67,0,2021
13780,"Binghamton, NY",445,300,74,0,2022
13780,"Binghamton, NY",338,214,72,0,2023
13780,"Binghamton, NY",483,334,181,80,2024
13780,"Binghamton, NY",468,302,174,72,2025
13820,"Birmingham, AL",4052,1350,4019,1350,1990
13820,"Birmingham, AL",3557,586,3331,581,1991
13820,"Birmingham, AL",3944,321,3734,321,1992
13820,"Birmingham, AL",5075,735,4169,684,1993
13820,"Birmingham, AL",4990,685,4050,645,1994
13820,"Birmingham, AL",6165,1754,5387,1703,1995
13820,"Birmingham, AL",6822,1884,5959,1828,1996
13820,"Birmingham, AL",5150,696,4322,634,1997
13820,"Birmingham, AL",6507,1309,6342,1309,1998
13820,"Birmingham, AL",6048,972,5876,972,1999
13820,"Birmingham, AL",5214,774,5033,774,2000
13820,"Birmingham, AL",5196,469,4855,469,2001
13820,"Birmingham, AL",5317,267,5091,267,2002
13820,"Birmingham, AL",6673,693,6673,693,2003
13820,"Birmingham, AL",7800,1376,7654,1370,2004
13820,"Birmingham, AL",7668,721,7630,716,2005
13820,"Birmingham, AL",7807,1311,6800,1311,2006
13820,"Birmingham, AL",5433,486,4585,339,2007
13820,"Birmingham, AL",3359,1016,2850,687,2008
13820,"Birmingham, AL",1807,56,1780,56,2009
13820,"Birmingham, AL",1924,340,1777,340,2010
13820,"Birmingham, AL",2362,567,2322,567,2011
13820,"Birmingham, AL",3301,1450,3215,1411,2012
13820,"Birmingham, AL",2776,714,2724,705,2013
13820,"Birmingham, AL",3364,959,3296,954,2014
13820,"Birmingham, AL",3733,1303,3611,1303,2015
13820,"Birmingham, AL",3312,574,3146,574,2016
13820,"Birmingham, AL",2689,6,2447,6,2017
13820,"Birmingham, AL",3025,299,2861,299,2018
13820,"Birmingham, AL",3236,110,3236,110,2019
13820,"Birmingham, AL",3898,307,3513,200,2020
13820,"Birmingham, AL",4022,544,3988,544,2021
13820,"Birmingham, AL",4200,992,4149,992,2022
13820,"Birmingham, AL",3452,324,3282,324,2023
13820,"Birmingham, AL",3746,556,3235,313,2024
13820,"Birmingham, AL",4219,1076,3497,608,2025
13900,"Bismarck, ND",394,119,393,119,1990
13900,"Bismarck, ND",570,191,569,191,1991
13900,"Bismarck, ND",724,167,721,167,1992
13900,"Bismarck, ND",670,129,667,129,1993
13900,"Bismarck, ND",889,304,887,304,1994
13900,"Bismarck, ND",518,157,517,157,1995
13900,"Bismarck, ND",501,104,498,104,1996
13900,"Bismarck, ND",783,429,780,429,1997
13900,"Bismarck, ND",726,264,723,264,1998
13900,"Bismarck, ND",569,92,565,92,1999
13900,"Bismarck, ND",503,8,495,8,2000
13900,"Bismarck, ND",770,228,765,228,2001
13900,"Bismarck, ND",865,222,863,222,2002
13900,"Bismarck, ND",954,209,954,209,2003
13900,"Bismarck, ND",853,105,851,105,2004
13900,"Bismarck, ND",742,40,741,40,2005
13900,"Bismarck, ND",993,231,992,231,2006
13900,"Bismarck, ND",948,176,947,176,2007
13900,"Bismarck, ND",811,229,811,229,2008
13900,"Bismarck, ND",516,71,516,71,2009
13900,"Bismarck, ND",651,74,645,74,2010
13900,"Bismarck, ND",845,169,679,143,2011
13900,"Bismarck, ND",1956,672,1956,672,2012
13900,"Bismarck, ND",2097,845,2073,845,2013
13900,"Bismarck, ND",1771,854,1737,854,2014
13900,"Bismarck, ND",1082,396,1065,384,2015
13900,"Bismarck, ND",856,205,804,191,2016
13900,"Bismarck, ND",632,76,611,60,2017
13900,"Bismarck, ND",533,109,470,96,2018
13900,"Bismarck, ND",631,225,586,212,2019
13900,"Bismarck, ND",715,123,697,108,2020
13900,"Bismarck, ND",792,144,772,127,2021
13900,"Bismarck, ND",610,72,609,72,2022
13900,"Bismarck, ND",298,5,289,0,2023
13900,"Bismarck, ND",352,5,334,0,2024
13900,"Bismarck, ND",411,6,404,6,2025
13980,"Blacksburg-Christiansburg-Radford, VA",711,216,711,216,1990
13980,"Blacksburg-Christiansburg-Radford, VA",577,195,577,195,1991
13980,"Blacksburg-Christiansburg-Radford, VA",584,90,584,90,1992
13980,"Blacksburg-Christiansburg-Radford, VA",620,41,618,41,1993
13980,"Blacksburg-Christiansburg-Radford, VA",728,95,692,95,1994
13980,"Blacksburg-Christiansburg-Radford, VA",682,66,658,66,1995
13980,"Blacksburg-Christiansburg-Radford, VA",697,43,691,43,1996
13980,"Blacksburg-Christiansburg-Radford, VA",777,143,728,133,1997
13980,"Blacksburg-Christiansburg-Radford, VA",1095,328,1095,328,1998
13980,"Blacksburg-Christiansburg-Radford, VA",721,25,712,25,1999
13980,"Blacksburg-Christiansburg-Radford, VA",640,54,604,34,2000
13980,"Blacksburg-Christiansburg-Radford, VA",726,52,721,52,2001
13980,"Blacksburg-Christiansburg-Radford, VA",1020,88,1020,88,2002
13980,"Blacksburg-Christiansburg-Radford, VA",863,32,863,32,2003
13980,"Blacksburg-Christiansburg-Radford, VA",998,34,870,34,2004
13980,"Blacksburg-Christiansburg-Radford, VA",788,89,788,89,2005
13980,"Blacksburg-Christiansburg-Radford, VA",1054,51,989,5,2006
13980,"Blacksburg-Christiansburg-Radford, VA",937,242,937,242,2007
13980,"Blacksburg-Christiansburg-Radford, VA",1132,524,1132,524,2008
13980,"Blacksburg-Christiansburg-Radford, VA",499,49,499,49,2009
13980,"Blacksburg-Christiansburg-Radford, VA",317,63,310,63,2010
13980,"Blacksburg-Christiansburg-Radford, VA",372,43,372,43,2011
13980,"Blacksburg-Christiansburg-Radford, VA",395,121,395,121,2012
13980,"Blacksburg-Christiansburg-Radford, VA",552,187,552,187,2013
13980,"Blacksburg-Christiansburg-Radford, VA",353,48,353,48,2014
13980,"Blacksburg-Christiansburg-Radford, VA",476,0,476,0,2015
13980,"Blacksburg-Christiansburg-Radford, VA",543,84,543,84,2016
13980,"Blacksburg-Christiansburg-Radford, VA",737,318,737,318,2017
13980,"Blacksburg-Christiansburg-Radford, VA",566,127,317,0,2018
13980,"Blacksburg-Christiansburg-Radford, VA",658,269,394,129,2019
13980,"Blacksburg-Christiansburg-Radford, VA",1785,1348,1465,1191,2020
13980,"Blacksburg-Christiansburg-Radford, VA",392,24,392,24,2021
13980,"Blacksburg-Christiansburg-Radford, VA",551,114,551,114,2022
13980,"Blacksburg-Christiansburg-Radford, VA",557,5,538,0,2023
13980,"Blacksburg-Christiansburg-Radford, VA",481,0,475,0,2024
13980,"Blacksburg-Christiansburg-Radford, VA",492,72,408,72,2025
14010,"Bloomington, IL",747,136,747,136,1990
14010,"Bloomington, IL",1076,241,1064,241,1991
14010,"Bloomington, IL",1177,111,1176,111,1992
14010,"Bloomington, IL",1156,223,1154,223,1993
14010,"Bloomington, IL",1492,534,1485,534,1994
14010,"Bloomington, IL",1289,508,1286,508,1995
14010,"Bloomington, IL",1214,427,1209,427,1996
14010,"Bloomington, IL",1038,210,1012,205,1997
14010,"Bloomington, IL",1406,458,1384,458,1998
14010,"Bloomington, IL",1342,290,1333,290,1999
14010,"Bloomington, IL",909,209,900,209,2000
14010,"Bloomington, IL",1550,535,1547,535,2001
14010,"Bloomington, IL",1698,714,1695,714,2002
14010,"Bloomington, IL",1643,556,1643,556,2003
14010,"Bloomington, IL",1165,242,1163,242,2004
14010,"Bloomington, IL",885,143,397,18,2005
14010,"Bloomington, IL",794,118,392,0,2006
14010,"Bloomington, IL",653,223,346,125,2007
14010,"Bloomington, IL",463,159,277,85,2008
14010,"Bloomington, IL",502,190,485,183,2009
14010,"Bloomington, IL",427,97,409,97,2010
14010,"Bloomington, IL",620,375,608,375,2011
14010,"Bloomington, IL",535,245,527,245,2012
14010,"Bloomington, IL",674,281,304,109,2013
14010,"Bloomington, IL",246,6,240,6,2014
14010,"Bloomington, IL",368,134,363,134,2015
14010,"Bloomington, IL",331,124,329,124,2016
14010,"Bloomington, IL",370,164,368,164,2017
14010,"Bloomington, IL",201,102,199,102,2018
14010,"Bloomington, IL",192,65,190,65,2019
14010,"Bloomington, IL",265,81,264,81,2020
14010,"Bloomington, IL",283,62,283,62,2021
14010,"Bloomington, IL",437,118,437,118,2022
14010,"Bloomington, IL",215,0,215,0,2023
14010,"Bloomington, IL",243,63,243,63,2024
14010,"Bloomington, IL",269,62,268,62,2025
14020,"Bloomington, IN",575,81,569,81,1990
14020,"Bloomington, IN",760,64,760,64,1991
14020,"Bloomington, IN",1111,323,1111,323,1992
14020,"Bloomington, IN",1045,99,1045,99,1993
14020,"Bloomington, IN",1220,311,1179,301,1994
14020,"Bloomington, IN",994,259,967,259,1995
14020,"Bloomington, IN",909,181,909,181,1996
14020,"Bloomington, IN",516,0,516,0,1997
14020,"Bloomington, IN",703,73,703,73,1998
14020,"Bloomington, IN",1021,320,1021,320,1999
14020,"Bloomington, IN",625,46,625,46,2000
14020,"Bloomington, IN",881,316,881,316,2001
14020,"Bloomington, IN",1043,231,1039,231,2002
14020,"Bloomington, IN",1176,294,1176,294,2003
14020,"Bloomington, IN",1138,236,82,0,2004
14020,"Bloomington, IN",1028,161,937,161,2005
14020,"Bloomington, IN",737,23,737,23,2006
14020,"Bloomington, IN",875,269,873,269,2007
14020,"Bloomington, IN",576,190,576,190,2008
14020,"Bloomington, IN",306,50,306,50,2009
14020,"Bloomington, IN",263,33,263,33,2010
14020,"Bloomington, IN",236,47,236,47,2011
14020,"Bloomington, IN",421,221,421,221,2012
14020,"Bloomington, IN",516,316,516,316,2013
14020,"Bloomington, IN",539,270,539,270,2014
14020,"Bloomington, IN",395,116,395,116,2015
14020,"Bloomington, IN",501,175,360,120,2016
14020,"Bloomington, IN",604,251,604,251,2017
14020,"Bloomington, IN",417,106,351,77,2018
14020,"Bloomington, IN",762,492,762,492,2019
14020,"Bloomington, IN",650,347,169,53,2020
14020,"Bloomington, IN",2086,1810,2086,1810,2021
14020,"Bloomington, IN",563,206,563,206,2022
14020,"Bloomington, IN",576,239,576,239,2023
14020,"Bloomington, IN",988,663,988,663,2024
14020,"Bloomington, IN",1261,878,1186,878,2025
14260,"Boise City, ID",3011,498,3011,498,1990
14260,"Boise City, ID",3226,408,3226,408,1991
14260,"Boise City, ID",4894,476,4892,476,1992
14260,"Boise City, ID",6301,865,5823,865,1993
14260,"Boise City, ID",6841,1316,6825,1316,1994
14260,"Boise City, ID",4952,682,4851,677,1995
14260,"Boise City, ID",4770,114,4733,109,1996
14260,"Boise City, ID",5411,500,5407,500,1997
14260,"Boise City, ID",6470,534,6437,534,1998
14260,"Boise City, ID",6862,655,5962,655,1999
14260,"Boise City, ID",6289,228,6125,219,2000
14260,"Boise City, ID",6758,909,6678,909,2001
14260,"Boise City, ID",7042,589,6910,589,2002
14260,"Boise City, ID",7724,550,7724,550,2003
14260,"Boise City, ID",8895,80,8717,80,2004
14260,"Boise City, ID",11549,68,11412,68,2005
14260,"Boise City, ID",8352,261,8340,261,2006
14260,"Boise City, ID",4864,175,4773,175,2007
14260,"Boise City, ID",2797,164,2629,164,2008
14260,"Boise City, ID",1904,8,1881,8,2009
14260,"Boise City, ID",1693,48,1693,48,2010
14260,"Boise City, ID",1840,115,1840,115,2011
14260,"Boise City, ID",3556,340,3553,340,2012
14260,"Boise City, ID",4365,724,4365,724,2013
14260,"Boise City, ID",5183,1311,5120,1292,2014
14260,"Boise City, ID",5499,858,5459,858,2015
14260,"Boise City, ID",6758,1045,6711,1045,2016
14260,"Boise City, ID",7909,1311,7856,1311,2017
14260,"Boise City, ID",8917,1637,8090,1424,2018
14260,"Boise City, ID",10632,2760,10632,2760,2019
14260,"Boise City, ID",9762,1109,9569,1109,2020
14260,"Boise City, ID",12196,3201,11982,3201,2021
14260,"Boise City, ID",10475,4074,10284,4066,2022
14260,"Boise City, ID",9891,3115,9805,3093,2023
14260,"Boise City, ID",9063,610,9062,610,2024
14260,"Boise City, ID",9438,1218,9438,1218,2025
14460,"Boston-Cambridge-Newton, MA-NH",7655,1130,7089,993,1990
14460,"Boston-Cambridge-Newton, MA-NH",7423,476,6451,280,1991
14460,"Boston-Cambridge-Newton, MA-NH",9943,561,9639,481,1992
14460,"Boston-Cambridge-Newton, MA-NH",10595,1117,9658,1011,1993
14460,"Boston-Cambridge-Newton, MA-NH",10736,873,9701,727,1994
14460,"Boston-Cambridge-Newton, MA-NH",9871,1002,9099,900,1995
14460,"Boston-Cambridge-Newton, MA-NH",10121,987,9025,875,1996
14460,"Boston-Cambridge-Newton, MA-NH",10773,1020,9451,917,1997
14460,"Boston-Cambridge-Newton, MA-NH",11899,1642,10538,1528,1998
14460,"Boston-Cambridge-Newton, MA-NH",11934,2196,10434,2044,1999
14460,"Boston-Cambridge-Newton, MA-NH",11890,2635,10919,2540,2000
14460,"Boston-Cambridge-Newton, MA-NH",11000,2774,9996,2598,2001
14460,"Boston-Cambridge-Newton, MA-NH",11030,2688,9950,2552,2002
14460,"Boston-Cambridge-Newton, MA-NH",14041,5675,14041,5675,2003
14460,"Boston-Cambridge-Newton, MA-NH",15423,6037,13147,5205,2004
14460,"Boston-Cambridge-Newton, MA-NH",17442,7912,14575,6358,2005
14460,"Boston-Cambridge-Newton, MA-NH",13916,6402,11141,4999,2006
14460,"Boston-Cambridge-Newton, MA-NH",11248,5229,9071,4210,2007
14460,"Boston-Cambridge-Newton, MA-NH",7634,3794,6010,2804,2008
14460,"Boston-Cambridge-Newton, MA-NH",5476,2048,4649,1698,2009
14460,"Boston-Cambridge-Newton, MA-NH",6672,2557,5637,2092,2010
14460,"Boston-Cambridge-Newton, MA-NH",6139,2321,4916,1595,2011
14460,"Boston-Cambridge-Newton, MA-NH",8851,4290,7516,3473,2012
14460,"Boston-Cambridge-Newton, MA-NH",12021,6506,10962,5946,2013
14460,"Boston-Cambridge-Newton, MA-NH",12024,6482,10082,5206,2014
14460,"Boston-Cambridge-Newton, MA-NH",15036,9463,13167,8247,2015
14460,"Boston-Cambridge-Newton, MA-NH",13247,7170,11737,6410,2016
14460,"Boston-Cambridge-Newton, MA-NH",14757,9026,13478,8306,2017
14460,"Boston-Cambridge-Newton, MA-NH",14183,8364,12694,7588,2018
14460,"Boston-Cambridge-Newton, MA-NH",15088,9929,13432,8638,2019
14460,"Boston-Cambridge-Newton, MA-NH",14248,8920,10373,6389,2020
14460,"Boston-Cambridge-Newton, MA-NH",16602,10913,12719,7837,2021
14460,"Boston-Cambridge-Newton, MA-NH",13595,8723,11549,7348,2022
14460,"Boston-Cambridge-Newton, MA-NH",10822,6709,9764,6191,2023
14460,"Boston-Cambridge-Newton, MA-NH",11235,6847,9350,5892,2024
14460,"Boston-Cambridge-Newton, MA-NH",10072,5695,8386,4796,2025
14500,"Boulder, CO",1460,439,1460,439,1990
14500,"Boulder, CO",1550,12,1550,12,1991
14500,"Boulder, CO",2799,367,2799,367,1992
14500,"Boulder, CO",3067,184,3067,184,1993
14500,"Boulder, CO",2623,319,2622,319,1994
14500,"Boulder, CO",3094,908,3079,908,1995
14500,"Boulder, CO",2744,935,2736,935,1996
14500,"Boulder, CO",3259,826,3259,826,1997
14500,"Boulder, CO",5136,2120,5136,2120,1998
14500,"Boulder, CO",2992,499,2992,499,1999
14500,"Boulder, CO",2780,173,2728,149,2000
14500,"Boulder, CO",3321,1317,3321,1317,2001
14500,"Boulder, CO",1717,335,1717,335,2002
14500,"Boulder, CO",1428,236,1428,236,2003
14500,"Boulder, CO",1372,219,1372,219,2004
14500,"Boulder, CO",1141,197,948,96,2005
14500,"Boulder, CO",746,238,567,125,2006
14500,"Boulder, CO",635,211,514,130,2007
14500,"Boulder, CO",1022,691,1022,691,2008
14500,"Boulder, CO",345,186,345,186,2009
14500,"Boulder, CO",657,343,657,343,2010
14500,"Boulder, CO",661,223,661,223,2011
14500,"Boulder, CO",1295,764,1292,764,2012
14500,"Boulder, CO",1625,957,1391,867,2013
14500,"Boulder, CO",1371,742,1181,712,2014
14500,"Boulder, CO",1249,383,992,332,2015
14500,"Boulder, CO",1849,1087,1705,1056,2016
14500,"Boulder, CO",1667,837,1642,832,2017
14500,"Boulder, CO",2954,2013,2864,1990,2018
14500,"Boulder, CO",1650,906,1650,906,2019
14500,"Boulder, CO",1634,963,1422,812,2020
14500,"Boulder, CO",1237,772,1236,772,2021
14500,"Boulder, CO",1642,879,1338,618,2022
14500,"Boulder, CO",1642,787,1374,568,2023
14500,"Boulder, CO",1680,1136,1665,1136,2024
14500,"Boulder, CO",2001,1534,1684,1283,2025
14540,"Bowling Green, KY",493,64,493,64,1990
14540,"Bowling Green, KY",454,8,454,8,1991
14540,"Bowling Green, KY",722,83,722,83,1992
14540,"Bowling Green, KY",1110,284,1110,284,1993
14540,"Bowling Green, KY",1061,140,1061,140,1994
14540,"Bowling Green, KY",746,141,746,141,1995
14540,"Bowling Green, KY",860,148,860,148,1996
14540,"Bowling Green, KY",979,159,979,159,1997
14540,"Bowling Green, KY",723,62,806,133,1998
14540,"Bowling Green, KY",998,238,998,238,1999
14540,"Bowling Green, KY",802,158,802,158,2000
14540,"Bowling Green, KY",641,0,640,0,2001
14540,"Bowling Green, KY",739,46,739,46,2002
14540,"Bowling Green, KY",1046,254,1046,254,2003
14540,"Bowling Green, KY",1324,470,1323,470,2004
14540,"Bowling Green, KY",1385,89,1385,89,2005
14540,"Bowling Green, KY",961,78,961,78,2006
14540,"Bowling Green, KY",827,128,827,128,2007
14540,"Bowling Green, KY",560,106,560,106,2008
14540,"Bowling Green, KY",353,41,353,41,2009
14540,"Bowling Green, KY",573,107,573,107,2010
14540,"Bowling Green, KY",843,455,843,455,2011
14540,"Bowling Green, KY",917,455,917,455,2012
14540,"Bowling Green, KY",529,107,529,107,2013
14540,"Bowling Green, KY",603,152,603,152,2014
14540,"Bowling Green, KY",1147,485,1137,485,2015
14540,"Bowling Green, KY",1345,631,1335,631,2016
14540,"Bowling Green, KY",1270,439,1259,439,2017
14540,"Bowling Green, KY",2199,1342,2147,1342,2018
14540,"Bowling Green, KY",762,103,753,103,2019
14540,"Bowling Green, KY",978,144,970,144,2020
14540,"Bowling Green, KY",2137,1050,2128,1050,2021
14540,"Bowling Green, KY",1636,758,1629,758,2022
14540,"Bowling Green, KY",1455,594,1451,594,2023
14540,"Bowling Green, KY",2305,1410,2305,1410,2024
14540,"Bowling Green, KY",1470,708,1470,708,2025
14580,"Bozeman, MT",114,0,114,0,1990
14580,"Bozeman, MT",250,0,244,0,1991
14580,"Bozeman, MT",360,6,360,6,1992
14580,"Bozeman, MT",493,30,483,30,1993
14580,"Bozeman, MT",536,101,478,96,1994
14580,"Bozeman, MT",633,175,537,170,1995
14580,"Bozeman, MT",487,143,472,143,1996
14580,"Bozeman, MT",484,65,481,65,1997
14580,"Bozeman, MT",594,147,504,114,1998
14580,"Bozeman, MT",753,141,753,141,1999
14580,"Bozeman, MT",723,145,723,145,2000
14580,"Bozeman, MT",616,125,616,125,2001
14580,"Bozeman, MT",683,148,683,148,2002
14580,"Bozeman, MT",761,155,761,155,2003
14580,"Bozeman, MT",1930,251,1930,251,2004
14580,"Bozeman, MT",1681,267,1681,267,2005
14580,"Bozeman, MT",1750,321,1701,309,2006
14580,"Bozeman, MT",1411,359,1411,359,2007
14580,"Bozeman, MT",506,49,506,49,2008
14580,"Bozeman, MT",391,74,371,64,2009
14580,"Bozeman, MT",398,36,398,36,2010
14580,"Bozeman, MT",387,17,380,17,2011
14580,"Bozeman, MT",739,121,735,121,2012
14580,"Bozeman, MT",1349,459,1345,459,2013
14580,"Bozeman, MT",1191,303,1146,303,2014
14580,"Bozeman, MT",1496,432,1387,422,2015
14580,"Bozeman, MT",1550,249,1545,249,2016
14580,"Bozeman, MT",1612,224,1591,224,2017
14580,"Bozeman, MT",1620,353,1605,353,2018
14580,"Bozeman, MT",1712,462,1701,462,2019
14580,"Bozeman, MT",2038,702,2024,702,2020
14580,"Bozeman, MT",2475,1069,1253,357,2021
14580,"Bozeman, MT",2322,983,1105,252,2022
14580,"Bozeman, MT",1864,744,679,90,2023
14580,"Bozeman, MT",1706,533,623,23,2024
14580,"Bozeman, MT",1544,567,631,31,2025
14740,"Bremerton-Silverdale-Port Orchard, WA",2582,632,2407,483,1990
14740,"Bremerton-Silverdale-Port Orchard, WA",2574,802,2446,708,1991
14740,"Bremerton-Silverdale-Port Orchard, WA",2342,352,2342,352,1992
14740,"Bremerton-Silverdale-Port Orchard, WA",2238,591,2141,581,1993
14740,"Bremerton-Silverdale-Port Orchard, WA",2000,364,2000,364,1994
14740,"Bremerton-Silverdale-Port Orchard, WA",1554,204,1394,179,1995
14740,"Bremerton-Silverdale-Port Orchard, WA",1769,182,562,64,1996
14740,"Bremerton-Silverdale-Port Orchard, WA",1014,0,986,0,1997
14740,"Bremerton-Silverdale-Port Orchard, WA",1012,0,1012,0,1998
14740,"Bremerton-Silverdale-Port Orchard, WA",1148,12,1121,12,1999
14740,"Bremerton-Silverdale-Port Orchard, WA",1111,0,1105,0,2000
14740,"Bremerton-Silverdale-Port Orchard, WA",1138,10,1138,10,2001
14740,"Bremerton-Silverdale-Port Orchard, WA",1229,58,1227,58,2002
14740,"Bremerton-Silverdale-Port Orchard, WA",1460,32,1460,32,2003
14740,"Bremerton-Silverdale-Port Orchard, WA",1366,15,1303,0,2004
14740,"Bremerton-Silverdale-Port Orchard, WA",1611,288,1546,273,2005
14740,"Bremerton-Silverdale-Port Orchard, WA",1236,26,1181,10,2006
14740,"Bremerton-Silverdale-Port Orchard, WA",1370,90,1370,90,2007
14740,"Bremerton-Silverdale-Port Orchard, WA",783,74,783,74,2008
14740,"Bremerton-Silverdale-Port Orchard, WA",562,0,562,0,2009
14740,"Bremerton-Silverdale-Port Orchard, WA",623,102,623,102,2010
14740,"Bremerton-Silverdale-Port Orchard, WA",540,43,540,43,2011
14740,"Bremerton-Silverdale-Port Orchard, WA",804,145,804,145,2012
14740,"Bremerton-Silverdale-Port Orchard, WA",913,217,913,217,2013
14740,"Bremerton-Silverdale-Port Orchard, WA",598,71,598,71,2014
14740,"Bremerton-Silverdale-Port Orchard, WA",918,110,918,110,2015
14740,"Bremerton-Silverdale-Port Orchard, WA",1059,168,1059,168,2016
14740,"Bremerton-Silverdale-Port Orchard, WA",1094,135,1094,135,2017
14740,"Bremerton-Silverdale-Port Orchard, WA",1149,215,1099,215,2018
14740,"Bremerton-Silverdale-Port Orchard, WA",1117,172,1117,172,2019
14740,"Bremerton-Silverdale-Port Orchard, WA",1285,348,1285,348,2020
14740,"Bremerton-Silverdale-Port Orchard, WA",2285,1125,2285,1125,2021
14740,"Bremerton-Silverdale-Port Orchard, WA",1701,602,1701,602,2022
14740,"Bremerton-Silverdale-Port Orchard, WA",2258,1246,2258,1246,2023
14740,"Bremerton-Silverdale-Port Orchard, WA",1294,302,1294,302,2024
14740,"Bremerton-Silverdale-Port Orchard, WA",1780,1128,1780,1128,2025
14860,"Bridgeport-Stamford-Danbury, CT",1550,1037,1478,1022,2023
14860,"Bridgeport-Stamford-Danbury, CT",1912,1336,1840,1311,2024
14860,"Bridgeport-Stamford-Danbury, CT",3478,2866,3368,2836,2025
15180,"Brownsville-Harlingen, TX",665,6,646,6,1990
15180,"Brownsville-Harlingen, TX",1130,50,1106,50,1991
15180,"Brownsville-Harlingen, TX",1413,55,1408,55,1992
15180,"Brownsville-Harlingen, TX",1736,163,1705,163,1993
15180,"Brownsville-Harlingen, TX",2235,446,2136,446,1994
15180,"Brownsville-Harlingen, TX",2025,157,1983,157,1995
15180,"Brownsville-Harlingen, TX",2532,676,2470,676,1996
15180,"Brownsville-Harlingen, TX",1957,257,1898,257,1997
15180,"Brownsville-Harlingen, TX",2350,166,1727,161,1998
15180,"Brownsville-Harlingen, TX",2539,160,1437,150,1999
15180,"Brownsville-Harlingen, TX",3111,163,2357,150,2000
15180,"Brownsville-Harlingen, TX",3094,126,1839,102,2001
15180,"Brownsville-Harlingen, TX",3917,530,2822,475,2002
15180,"Brownsville-Harlingen, TX",3444,163,3444,163,2003
15180,"Brownsville-Harlingen, TX",3592,229,2614,213,2004
15180,"Brownsville-Harlingen, TX",3694,286,2294,116,2005
15180,"Brownsville-Harlingen, TX",3402,407,3005,261,2006
15180,"Brownsville-Harlingen, TX",2091,138,2069,138,2007
15180,"Brownsville-Harlingen, TX",1306,142,1185,102,2008
15180,"Brownsville-Harlingen, TX",1105,71,1013,20,2009
15180,"Brownsville-Harlingen, TX",1258,150,1233,150,2010
15180,"Brownsville-Harlingen, TX",1136,34,956,34,2011
15180,"Brownsville-Harlingen, TX",1154,38,1136,38,2012
15180,"Brownsville-Harlingen, TX",1263,37,1195,37,2013
15180,"Brownsville-Harlingen, TX",1417,142,1414,142,2014
15180,"Brownsville-Harlingen, TX",1285,83,1190,83,2015
15180,"Brownsville-Harlingen, TX",1569,248,1467,243,2016
15180,"Brownsville-Harlingen, TX",1245,22,1080,22,2017
15180,"Brownsville-Harlingen, TX",1487,32,1484,32,2018
15180,"Brownsville-Harlingen, TX",1817,240,1754,240,2019
15180,"Brownsville-Harlingen, TX",1904,192,1115,106,2020
15180,"Brownsville-Harlingen, TX",2052,297,787,141,2021
15180,"Brownsville-Harlingen, TX",2506,442,2442,385,2022
15180,"Brownsville-Harlingen, TX",1952,99,1696,99,2023
15180,"Brownsville-Harlingen, TX",2347,511,2204,501,2024
15180,"Brownsville-Harlingen, TX",2702,687,2476,650,2025
15260,"Brunswick-St. Simons, GA",435,70,435,70,1990
15260,"Brunswick-St. Simons, GA",303,0,303,0,1991
15260,"Brunswick-St. Simons, GA",296,0,296,0,1992
15260,"Brunswick-St. Simons, GA",512,28,512,28,1993
15260,"Brunswick-St. Simons, GA",640,138,557,138,1994
15260,"Brunswick-St. Simons, GA",542,0,450,0,1995
15260,"Brunswick-St. Simons, GA",661,29,661,29,1996
15260,"Brunswick-St. Simons, GA",725,178,725,178,1997
15260,"Brunswick-St. Simons, GA",843,167,843,167,1998
15260,"Brunswick-St. Simons, GA",1029,198,1029,198,1999
15260,"Brunswick-St. Simons, GA",707,53,707,53,2000
15260,"Brunswick-St. Simons, GA",748,6,748,6,2001
15260,"Brunswick-St. Simons, GA",963,246,963,246,2002
15260,"Brunswick-St. Simons, GA",838,20,838,20,2003
15260,"Brunswick-St. Simons, GA",1104,111,1104,111,2004
15260,"Brunswick-St. Simons, GA",1277,80,1277,80,2005
15260,"Brunswick-St. Simons, GA",1226,12,1037,12,2006
15260,"Brunswick-St. Simons, GA",835,0,660,0,2007
15260,"Brunswick-St. Simons, GA",502,0,11,0,2008
15260,"Brunswick-St. Simons, GA",394,0,12,0,2009
15260,"Brunswick-St. Simons, GA",404,0,23,0,2010
15260,"Brunswick-St. Simons, GA",396,0,9,0,2011
15260,"Brunswick-St. Simons, GA",464,0,8,0,2012
15260,"Brunswick-St. Simons, GA",444,0,73,0,2013
15260,"Brunswick-St. Simons, GA",462,0,20,0,2014
15260,"Brunswick-St. Simons, GA",535,0,48,0,2015
15260,"Brunswick-St. Simons, GA",526,0,296,0,2016
15260,"Brunswick-St. Simons, GA",618,10,46,10,2017
15260,"Brunswick-St. Simons, GA",652,12,23,12,2018
15260,"Brunswick-St. Simons, GA",460,13,424,0,2019
15260,"Brunswick-St. Simons, GA",542,46,517,46,2020
15260,"Brunswick-St. Simons, GA",723,20,723,20,2021
15260,"Brunswick-St. Simons, GA",1568,537,1519,537,2022
15260,"Brunswick-St. Simons, GA",786,92,467,0,2023
15260,"Brunswick-St. Simons, GA",922,136,126,0,2024
15260,"Brunswick-St. Simons, GA",631,0,572,0,2025
15380,"Buffalo-Cheektowaga, NY",3640,484,3640,484,1990
15380,"Buffalo-Cheektowaga, NY",2717,302,2679,297,1991
15380,"Buffalo-Cheektowaga, NY",3467,783,3461,783,1992
15380,"Buffalo-Cheektowaga, NY",2750,128,2730,123,1993
15380,"Buffalo-Cheektowaga, NY",3047,561,2995,561,1994
15380,"Buffalo-Cheektowaga, NY",2387,264,2130,137,1995
15380,"Buffalo-Cheektowaga, NY",2973,873,2658,660,1996
15380,"Buffalo-Cheektowaga, NY",2741,1016,2433,797,1997
15380,"Buffalo-Cheektowaga, NY",2882,977,2437,750,1998
15380,"Buffalo-Cheektowaga, NY",2664,632,2365,416,1999
15380,"Buffalo-Cheektowaga, NY",2672,739,2350,496,2000
15380,"Buffalo-Cheektowaga, NY",2784,627,2468,421,2001
15380,"Buffalo-Cheektowaga, NY",2960,353,2925,353,2002
15380,"Buffalo-Cheektowaga, NY",2925,457,2925,457,2003
15380,"Buffalo-Cheektowaga, NY",2510,600,2399,600,2004
15380,"Buffalo-Cheektowaga, NY",2096,308,2080,308,2005
15380,"Buffalo-Cheektowaga, NY",2023,466,1995,466,2006
15380,"Buffalo-Cheektowaga, NY",1932,530,1917,530,2007
15380,"Buffalo-Cheektowaga, NY",1544,455,1505,438,2008
15380,"Buffalo-Cheektowaga, NY",1367,320,1231,220,2009
15380,"Buffalo-Cheektowaga, NY",1498,422,1412,355,2010
15380,"Buffalo-Cheektowaga, NY",1315,279,1304,279,2011
15380,"Buffalo-Cheektowaga, NY",1252,266,1172,234,2012
15380,"Buffalo-Cheektowaga, NY",1934,832,1836,813,2013
15380,"Buffalo-Cheektowaga, NY",1878,741,1781,687,2014
15380,"Buffalo-Cheektowaga, NY",1677,649,1526,578,2015
15380,"Buffalo-Cheektowaga, NY",1964,1005,1901,995,2016
15380,"Buffalo-Cheektowaga, NY",1657,649,1369,412,2017
15380,"Buffalo-Cheektowaga, NY",1453,432,1140,200,2018
15380,"Buffalo-Cheektowaga, NY",1693,737,1378,475,2019
15380,"Buffalo-Cheektowaga, NY",1444,469,1159,249,2020
15380,"Buffalo-Cheektowaga, NY",1553,474,1241,217,2021
15380,"Buffalo-Cheektowaga, NY",1591,297,1319,86,2022
15380,"Buffalo-Cheektowaga, NY",1261,404,1060,260,2023
15380,"Buffalo-Cheektowaga, NY",1375,578,1161,426,2024
15380,"Buffalo-Cheektowaga, NY",1484,500,1328,393,2025
15500,"Burlington, NC",370,0,370,0,1990
15500,"Burlington, NC",448,58,448,58,1991
15500,"Burlington, NC",651,164,651,164,1992
15500,"Burlington, NC",547,10,547,10,1993
15500,"Burlington, NC",685,76,685,76,1994
15500,"Burlington, NC",676,54,676,54,1995
15500,"Burlington, NC",1067,382,1067,382,1996
15500,"Burlington, NC",1226,499,1226,499,1997
15500,"Burlington, NC",1633,810,1633,810,1998
15500,"Burlington, NC",888,39,888,39,1999
15500,"Burlington, NC",945,48,945,48,2000
15500,"Burlington, NC",950,53,950,53,2001
15500,"Burlington, NC",1411,333,1411,333,2002
15500,"Burlington, NC",1163,0,1163,0,2003
15500,"Burlington, NC",1366,132,1366,132,2004
15500,"Burlington, NC",1484,0,1484,0,2005
15500,"Burlington, NC",1988,300,1988,300,2006
15500,"Burlington, NC",1441,0,1441,0,2007
15500,"Burlington, NC",760,48,760,48,2008
15500,"Burlington, NC",561,120,561,120,2009
15500,"Burlington, NC",847,400,847,400,2010
15500,"Burlington, NC",556,75,556,75,2011
15500,"Burlington, NC",358,0,358,0,2012
15500,"Burlington, NC",561,0,561,0,2013
15500,"Burlington, NC",606,0,547,0,2014
15500,"Burlington, NC",1032,290,1009,290,2015
15500,"Burlington, NC",1353,387,1353,387,2016
15500,"Burlington, NC",1223,188,1187,188,2017
15500,"Burlington, NC",1419,331,1419,331,2018
15500,"Burlington, NC",1407,464,1407,464,2019
15500,"Burlington, NC",1784,594,1784,594,2020
15500,"Burlington, NC",2294,712,2294,712,2021
15500,"Burlington, NC",1949,146,1949,146,2022
15500,"Burlington, NC",2730,1083,2730,1083,2023
15500,"Burlington, NC",2466,403,2466,403,2024
15500,"Burlington, NC",2027,319,2027,319,2025
15540,"Burlington-South Burlington, VT",686,31,650,25,1990
15540,"Burlington-South Burlington, VT",730,62,590,50,1991
15540,"Burlington-South Burlington, VT",973,192,972,192,1992
15540,"Burlington-South Burlington, VT",995,79,917,69,1993
15540,"Burlington-South Burlington, VT",992,100,894,85,1994
15540,"Burlington-South Burlington, VT",895,124,829,116,1995
15540,"Burlington-South Burlington, VT",871,63,822,53,1996
15540,"Burlington-South Burlington, VT",722,63,630,54,1997
15540,"Burlington-South Burlington, VT",919,182,792,174,1998
15540,"Burlington-South Burlington, VT",1100,196,1007,196,1999
15540,"Burlington-South Burlington, VT",924,50,864,50,2000
15540,"Burlington-South Burlington, VT",1028,191,953,191,2001
15540,"Burlington-South Burlington, VT",1122,407,1062,407,2002
15540,"Burlington-South Burlington, VT",956,104,956,104,2003
15540,"Burlington-South Burlington, VT",1227,376,1022,336,2004
15540,"Burlington-South Burlington, VT",864,81,656,61,2005
15540,"Burlington-South Burlington, VT",744,111,631,106,2006
15540,"Burlington-South Burlington, VT",717,175,588,165,2007
15540,"Burlington-South Burlington, VT",508,162,438,151,2008
15540,"Burlington-South Burlington, VT",593,220,540,220,2009
15540,"Burlington-South Burlington, VT",585,208,516,202,2010
15540,"Burlington-South Burlington, VT",681,316,663,316,2011
15540,"Burlington-South Burlington, VT",647,224,592,224,2012
15540,"Burlington-South Burlington, VT",758,288,670,276,2013
15540,"Burlington-South Burlington, VT",706,261,624,261,2014
15540,"Burlington-South Burlington, VT",916,437,857,418,2015
15540,"Burlington-South Burlington, VT",861,383,772,378,2016
15540,"Burlington-South Burlington, VT",870,401,798,355,2017
15540,"Burlington-South Burlington, VT",1164,603,1081,590,2018
15540,"Burlington-South Burlington, VT",867,403,834,403,2019
15540,"Burlington-South Burlington, VT",1103,629,921,520,2020
15540,"Burlington-South Burlington, VT",1049,523,886,402,2021
15540,"Burlington-South Burlington, VT",1124,603,995,568,2022
15540,"Burlington-South Burlington, VT",1196,669,1099,639,2023
15540,"Burlington-South Burlington, VT",1102,574,968,529,2024
15540,"Burlington-South Burlington, VT",1258,732,1123,687,2025
15940,"Canton-Massillon, OH",1256,260,1253,260,1990
15940,"Canton-Massillon, OH",1406,347,1402,347,1991
15940,"Canton-Massillon, OH",1122,43,1117,38,1992
15940,"Canton-Massillon, OH",1440,229,1435,224,1993
15940,"Canton-Massillon, OH",1323,100,1321,100,1994
15940,"Canton-Massillon, OH",1228,108,1227,108,1995
15940,"Canton-Massillon, OH",1230,30,1229,30,1996
15940,"Canton-Massillon, OH",1351,146,1348,146,1997
15940,"Canton-Massillon, OH",1409,72,1368,48,1998
15940,"Canton-Massillon, OH",1485,72,1485,72,1999
15940,"Canton-Massillon, OH",1279,10,1143,5,2000
15940,"Canton-Massillon, OH",1132,8,1132,8,2001
15940,"Canton-Massillon, OH",1400,115,1343,110,2002
15940,"Canton-Massillon, OH",1556,29,1556,29,2003
15940,"Canton-Massillon, OH",1526,83,1301,38,2004
15940,"Canton-Massillon, OH",1409,102,1124,52,2005
15940,"Canton-Massillon, OH",1010,52,748,0,2006
15940,"Canton-Massillon, OH",728,100,590,60,2007
15940,"Canton-Massillon, OH",436,58,340,18,2008
15940,"Canton-Massillon, OH",360,58,282,18,2009
15940,"Canton-Massillon, OH",452,92,448,92,2010
15940,"Canton-Massillon, OH",256,39,238,26,2011
15940,"Canton-Massillon, OH",471,81,417,55,2012
15940,"Canton-Massillon, OH",636,65,575,35,2013
15940,"Canton-Massillon, OH",551,65,510,40,2014
15940,"Canton-Massillon, OH",558,63,462,18,2015
15940,"Canton-Massillon, OH",554,46,445,0,2016
15940,"Canton-Massillon, OH",525,52,384,0,2017
15940,"Canton-Massillon, OH",528,72,393,14,2018
15940,"Canton-Massillon, OH",624,110,484,48,2019
15940,"Canton-Massillon, OH",690,97,551,39,2020
15940,"Canton-Massillon, OH",953,308,763,231,2021
15940,"Canton-Massillon, OH",810,213,638,117,2022
15940,"Canton-Massillon, OH",512,77,355,0,2023
15940,"Canton-Massillon, OH",528,84,358,0,2024
15940,"Canton-Massillon, OH",643,102,450,0,2025
15980,"Cape Coral-Fort Myers, FL",4915,1238,4606,1131,1990
15980,"Cape Coral-Fort Myers, FL",3373,331,3166,288,1991
15980,"Cape Coral-Fort Myers, FL",4009,648,4009,648,1992
15980,"Cape Coral-Fort Myers, FL",5328,1112,5069,1057,1993
15980,"Cape Coral-Fort Myers, FL",5316,853,5316,853,1994
15980,"Cape Coral-Fort Myers, FL",5002,1452,4997,1452,1995
15980,"Cape Coral-Fort Myers, FL",5710,1402,5710,1402,1996
15980,"Cape Coral-Fort Myers, FL",5893,1677,5893,1677,1997
15980,"Cape Coral-Fort Myers, FL",8045,3113,8045,3113,1998
15980,"Cape Coral-Fort Myers, FL",8816,3228,8390,3035,1999
15980,"Cape Coral-Fort Myers, FL",9120,2931,8987,2918,2000
15980,"Cape Coral-Fort Myers, FL",10959,3213,10959,3213,2001
15980,"Cape Coral-Fort Myers, FL",11146,2752,11088,2719,2002
15980,"Cape Coral-Fort Myers, FL",15675,3951,15675,3951,2003
15980,"Cape Coral-Fort Myers, FL",20395,4014,20028,3781,2004
15980,"Cape Coral-Fort Myers, FL",29330,6897,28634,6843,2005
15980,"Cape Coral-Fort Myers, FL",18746,3819,18746,3819,2006
15980,"Cape Coral-Fort Myers, FL",5905,1473,5905,1473,2007
15980,"Cape Coral-Fort Myers, FL",1602,332,1552,313,2008
15980,"Cape Coral-Fort Myers, FL",944,14,929,14,2009
15980,"Cape Coral-Fort Myers, FL",1276,85,1276,85,2010
15980,"Cape Coral-Fort Myers, FL",1587,263,1587,263,2011
15980,"Cape Coral-Fort Myers, FL",2043,121,2043,121,2012
15980,"Cape Coral-Fort Myers, FL",3176,437,3176,437,2013
15980,"Cape Coral-Fort Myers, FL",4095,750,4095,750,2014
15980,"Cape Coral-Fort Myers, FL",6879,2842,6879,2842,2015
15980,"Cape Coral-Fort Myers, FL",5417,963,5417,963,2016
15980,"Cape Coral-Fort Myers, FL",6954,1700,6954,1700,2017
15980,"Cape Coral-Fort Myers, FL",9721,3227,9721,3227,2018
15980,"Cape Coral-Fort Myers, FL",9105,2946,9105,2946,2019
15980,"Cape Coral-Fort Myers, FL",10673,3289,10620,3254,2020
15980,"Cape Coral-Fort Myers, FL",13394,1735,13394,1735,2021
15980,"Cape Coral-Fort Myers, FL",13621,4107,13621,4107,2022
15980,"Cape Coral-Fort Myers, FL",13556,4583,13528,4559,2023
15980,"Cape Coral-Fort Myers, FL",15411,4686,15411,4686,2024
15980,"Cape Coral-Fort Myers, FL",13547,3385,13547,3385,2025
16020,"Cape Girardeau, MO-IL",249,122,249,122,1990
16020,"Cape Girardeau, MO-IL",254,18,254,18,1991
16020,"Cape Girardeau, MO-IL",281,0,281,0,1992
16020,"Cape Girardeau, MO-IL",412,50,302,50,1993
16020,"Cape Girardeau, MO-IL",358,44,358,44,1994
16020,"Cape Girardeau, MO-IL",348,113,346,113,1995
16020,"Cape Girardeau, MO-IL",279,42,255,32,1996
16020,"Cape Girardeau, MO-IL",183,6,181,6,1997
16020,"Cape Girardeau, MO-IL",328,86,319,86,1998
16020,"Cape Girardeau, MO-IL",408,138,406,138,1999
16020,"Cape Girardeau, MO-IL",334,150,332,150,2000
16020,"Cape Girardeau, MO-IL",204,35,152,6,2001
16020,"Cape Girardeau, MO-IL",209,30,207,30,2002
16020,"Cape Girardeau, MO-IL",231,15,231,15,2003
16020,"Cape Girardeau, MO-IL",238,15,181,10,2004
16020,"Cape Girardeau, MO-IL",254,0,254,0,2005
16020,"Cape Girardeau, MO-IL",240,54,240,54,2006
16020,"Cape Girardeau, MO-IL",194,0,194,0,2007
16020,"Cape Girardeau, MO-IL",126,28,123,28,2008
16020,"Cape Girardeau, MO-IL",154,72,154,72,2009
16020,"Cape Girardeau, MO-IL",99,16,99,16,2010
16020,"Cape Girardeau, MO-IL",122,0,122,0,2011
16020,"Cape Girardeau, MO-IL",230,61,225,61,2012
16020,"Cape Girardeau, MO-IL",211,70,211,70,2013
16020,"Cape Girardeau, MO-IL",187,12,187,12,2014
16020,"Cape Girardeau, MO-IL",179,50,102,50,2015
16020,"Cape Girardeau, MO-IL",172,32,91,32,2016
16020,"Cape Girardeau, MO-IL",598,326,509,326,2017
16020,"Cape Girardeau, MO-IL",816,671,816,671,2018
16020,"Cape Girardeau, MO-IL",795,676,23,0,2019
16020,"Cape Girardeau, MO-IL",141,36,123,36,2020
16020,"Cape Girardeau, MO-IL",177,0,177,0,2021
16020,"Cape Girardeau, MO-IL",94,0,94,0,2022
16020,"Cape Girardeau, MO-IL",79,0,6,0,2023
16020,"Cape Girardeau, MO-IL",83,0,37,0,2024
16020,"Cape Girardeau, MO-IL",99,0,54,0,2025
16180,"Carson City, NV",491,32,491,32,1990
16180,"Carson City, NV",388,38,388,38,1991
16180,"Carson City, NV",469,74,445,74,1992
16180,"Carson City, NV",507,60,507,60,1993
16180,"Carson City, NV",503,99,460,90,1994
16180,"Carson City, NV",416,0,416,0,1995
16180,"Carson City, NV",443,47,443,47,1996
16180,"Carson City, NV",712,269,712,269,1997
16180,"Carson City, NV",268,0,268,0,1998
16180,"Carson City, NV",327,0,327,0,1999
16180,"Carson City, NV",276,0,276,0,2000
16180,"Carson City, NV",384,72,384,72,2001
16180,"Carson City, NV",336,18,336,18,2002
16180,"Carson City, NV",203,0,203,0,2003
16180,"Carson City, NV",232,88,232,88,2004
16180,"Carson City, NV",190,72,190,72,2005
16180,"Carson City, NV",187,55,187,55,2006
16180,"Carson City, NV",51,0,51,0,2007
16180,"Carson City, NV",16,0,16,0,2008
16180,"Carson City, NV",18,0,18,0,2009
16180,"Carson City, NV",71,58,71,58,2010
16180,"Carson City, NV",13,0,13,0,2011
16180,"Carson City, NV",51,40,51,40,2012
16180,"Carson City, NV",40,0,40,0,2013
16180,"Carson City, NV",35,0,35,0,2014
16180,"Carson City, NV",43,0,43,0,2015
16180,"Carson City, NV",159,72,159,72,2016
16180,"Carson City, NV",138,0,138,0,2017
16180,"Carson City, NV",310,130,310,130,2018
16180,"Carson City, NV",248,73,248,73,2019
16180,"Carson City, NV",263,64,56,0,2020
16180,"Carson City, NV",307,89,0,0,2021
16180,"Carson City, NV",272,93,0,0,2022
16180,"Carson City, NV",242,80,0,0,2023
16180,"Carson City, NV",264,81,207,66,2024
16180,"Carson City, NV",573,243,573,243,2025
16220,"Casper, WY",30,0,30,0,1990
16220,"Casper, WY",36,0,36,0,1991
16220,"Casper, WY",45,0,45,0,1992
16220,"Casper, WY",68,0,68,0,1993
16220,"Casper, WY",87,0,87,0,1994
16220,"Casper, WY",69,0,69,0,1995
16220,"Casper, WY",172,0,172,0,1996
16220,"Casper, WY",55,0,55,0,1997
16220,"Casper, WY",81,0,81,0,1998
16220,"Casper, WY",245,151,245,151,1999
16220,"Casper, WY",145,38,145,38,2000
16220,"Casper, WY",140,36,140,36,2001
16220,"Casper, WY",300,20,278,0,2002
16220,"Casper, WY",174,0,174,0,2003
16220,"Casper, WY",284,0,246,0,2004
16220,"Casper, WY",444,0,422,0,2005
16220,"Casper, WY",423,0,423,0,2006
16220,"Casper, WY",429,0,418,0,2007
16220,"Casper, WY",419,0,414,0,2008
16220,"Casper, WY",412,71,412,71,2009
16220,"Casper, WY",807,539,807,539,2010
16220,"Casper, WY",402,140,402,140,2011
16220,"Casper, WY",507,160,507,160,2012
16220,"Casper, WY",603,246,596,246,2013
16220,"Casper, WY",330,0,330,0,2014
16220,"Casper, WY",271,36,267,36,2015
16220,"Casper, WY",165,0,165,0,2016
16220,"Casper, WY",273,100,273,100,2017
16220,"Casper, WY",174,10,159,0,2018
16220,"Casper, WY",177,0,165,0,2019
16220,"Casper, WY",208,49,198,49,2020
16220,"Casper, WY",275,119,275,119,2021
16220,"Casper, WY",208,60,208,60,2022
16220,"Casper, WY",218,0,215,0,2023
16220,"Casper, WY",310,104,291,104,2024
16220,"Casper, WY",199,0,199,0,2025
16300,"Cedar Rapids, IA",719,90,712,90,1990
16300,"Cedar Rapids, IA",1056,357,1037,357,1991
16300,"Cedar Rapids, IA",1303,352,1290,352,1992
16300,"Cedar Rapids, IA",1325,320,1301,320,1993
16300,"Cedar Rapids, IA",1294,186,1253,186,1994
16300,"Cedar Rapids, IA",1400,406,1351,406,1995
16300,"Cedar Rapids, IA",1297,282,1257,282,1996
16300,"Cedar Rapids, IA",1219,257,1184,257,1997
16300,"Cedar Rapids, IA",1397,212,1343,199,1998
16300,"Cedar Rapids, IA",1816,519,1752,513,1999
16300,"Cedar Rapids, IA",1809,636,1770,614,2000
16300,"Cedar Rapids, IA",1674,525,1559,484,2001
16300,"Cedar Rapids, IA",1776,614,1703,614,2002
16300,"Cedar Rapids, IA",1815,531,1815,531,2003
16300,"Cedar Rapids, IA",2056,637,1983,606,2004
16300,"Cedar Rapids, IA",1732,300,1671,300,2005
16300,"Cedar Rapids, IA",1200,56,1148,56,2006
16300,"Cedar Rapids, IA",1187,156,1181,156,2007
16300,"Cedar Rapids, IA",976,42,963,42,2008
16300,"Cedar Rapids, IA",1200,251,1195,251,2009
16300,"Cedar Rapids, IA",855,10,823,10,2010
16300,"Cedar Rapids, IA",731,24,723,24,2011
16300,"Cedar Rapids, IA",788,20,626,0,2012
16300,"Cedar Rapids, IA",949,195,944,195,2013
16300,"Cedar Rapids, IA",881,54,874,54,2014
16300,"Cedar Rapids, IA",1073,205,1069,205,2015
16300,"Cedar Rapids, IA",787,35,783,35,2016
16300,"Cedar Rapids, IA",992,271,975,271,2017
16300,"Cedar Rapids, IA",959,331,954,331,2018
16300,"Cedar Rapids, IA",814,184,791,184,2019
16300,"Cedar Rapids, IA",644,81,639,81,2020
16300,"Cedar Rapids, IA",898,250,898,250,2021
16300,"Cedar Rapids, IA",947,405,941,405,2022
16300,"Cedar Rapids, IA",768,201,752,201,2023
16300,"Cedar Rapids, IA",1087,456,1075,456,2024
16300,"Cedar Rapids, IA",987,400,976,400,2025
16540,"Chambersburg, PA",310,0,310,0,1990
16540,"Chambersburg, PA",181,0,165,0,1991
16540,"Chambersburg, PA",710,0,710,0,1992
16540,"Chambersburg, PA",643,0,643,0,1993
16540,"Chambersburg, PA",860,0,860,0,1994
16540,"Chambersburg, PA",425,0,425,0,1995
16540,"Chambersburg, PA",581,0,581,0,1996
16540,"Chambersburg, PA",625,0,625,0,1997
16540,"Chambersburg, PA",750,46,750,46,1998
16540,"Chambersburg, PA",680,38,680,38,1999
16540,"Chambersburg, PA",714,24,714,24,2000
16540,"Chambersburg, PA",684,24,684,24,2001
16540,"Chambersburg, PA",968,120,968,120,2002
16540,"Chambersburg, PA",992,85,992,85,2003
16540,"Chambersburg, PA",1199,20,1199,20,2004
16540,"Chambersburg, PA",1082,62,954,62,2005
16540,"Chambersburg, PA",869,50,745,50,2006
16540,"Chambersburg, PA",1084,282,986,282,2007
16540,"Chambersburg, PA",761,167,530,19,2008
16540,"Chambersburg, PA",508,96,358,48,2009
16540,"Chambersburg, PA",570,29,516,29,2010
16540,"Chambersburg, PA",227,6,185,6,2011
16540,"Chambersburg, PA",373,171,336,171,2012
16540,"Chambersburg, PA",285,11,245,11,2013
16540,"Chambersburg, PA",356,61,317,61,2014
16540,"Chambersburg, PA",231,0,231,0,2015
16540,"Chambersburg, PA",327,42,327,42,2016
16540,"Chambersburg, PA",412,58,310,8,2017
16540,"Chambersburg, PA",423,70,420,70,2018
16540,"Chambersburg, PA",293,7,292,7,2019
16540,"Chambersburg, PA",330,15,293,0,2020
16540,"Chambersburg, PA",382,25,338,5,2021
16540,"Chambersburg, PA",410,56,378,46,2022
16540,"Chambersburg, PA",737,70,737,70,2023
16540,"Chambersburg, PA",623,112,452,112,2024
16540,"Chambersburg, PA",1033,375,797,375,2025
16580,"Champaign-Urbana, IL",588,276,557,276,1990
16580,"Champaign-Urbana, IL",508,23,441,23,1991
16580,"Champaign-Urbana, IL",775,92,715,92,1992
16580,"Champaign-Urbana, IL",1213,537,1098,537,1993
16580,"Champaign-Urbana, IL",1088,355,966,355,1994
16580,"Champaign-Urbana, IL",751,101,631,101,1995
16580,"Champaign-Urbana, IL",770,139,665,139,1996
16580,"Champaign-Urbana, IL",1516,840,1417,840,1997
16580,"Champaign-Urbana, IL",895,169,768,169,1998
16580,"Champaign-Urbana, IL",1089,402,911,388,1999
16580,"Champaign-Urbana, IL",1155,412,1011,412,2000
16580,"Champaign-Urbana, IL",988,272,862,272,2001
16580,"Champaign-Urbana, IL",1580,590,1353,565,2002
16580,"Champaign-Urbana, IL",1373,388,1373,388,2003
16580,"Champaign-Urbana, IL",1191,125,984,120,2004
16580,"Champaign-Urbana, IL",2178,830,1973,825,2005
16580,"Champaign-Urbana, IL",1828,742,1734,737,2006
16580,"Champaign-Urbana, IL",1613,922,1528,917,2007
16580,"Champaign-Urbana, IL",951,542,874,485,2008
16580,"Champaign-Urbana, IL",520,125,516,125,2009
16580,"Champaign-Urbana, IL",529,274,529,274,2010
16580,"Champaign-Urbana, IL",518,300,517,300,2011
16580,"Champaign-Urbana, IL",734,412,730,412,2012
16580,"Champaign-Urbana, IL",714,402,709,402,2013
16580,"Champaign-Urbana, IL",1489,1109,1489,1109,2014
16580,"Champaign-Urbana, IL",1235,894,1234,894,2015
16580,"Champaign-Urbana, IL",1011,512,1011,512,2016
16580,"Champaign-Urbana, IL",838,412,835,412,2017
16580,"Champaign-Urbana, IL",1506,1080,1506,1080,2018
16580,"Champaign-Urbana, IL",1190,905,1190,905,2019
16580,"Champaign-Urbana, IL",1559,1251,1550,1251,2020
16580,"Champaign-Urbana, IL",624,345,616,345,2021
16580,"Champaign-Urbana, IL",928,575,921,575,2022
16580,"Champaign-Urbana, IL",617,347,609,347,2023
16580,"Champaign-Urbana, IL",611,359,601,359,2024
16580,"Champaign-Urbana, IL",913,585,900,585,2025
16620,"Charleston, WV",122,8,120,8,1990
16620,"Charleston, WV",115,0,113,0,1991
16620,"Charleston, WV",152,0,148,0,1992
16620,"Charleston, WV",303,6,298,6,1993
16620,"Charleston, WV",155,12,151,12,1994
16620,"Charleston, WV",164,12,160,12,1995
16620,"Charleston, WV",138,0,134,0,1996
16620,"Charleston, WV",155,0,151,0,1997
16620,"Charleston, WV",232,61,225,61,1998
16620,"Charleston, WV",156,0,146,0,1999
16620,"Charleston, WV",138,6,136,6,2000
16620,"Charleston, WV",123,0,120,0,2001
16620,"Charleston, WV",151,45,140,45,2002
16620,"Charleston, WV",173,80,173,80,2003
16620,"Charleston, WV",551,74,507,37,2004
16620,"Charleston, WV",367,135,262,94,2005
16620,"Charleston, WV",448,134,380,82,2006
16620,"Charleston, WV",303,58,300,58,2007
16620,"Charleston, WV",286,44,107,0,2008
16620,"Charleston, WV",215,20,105,0,2009
16620,"Charleston, WV",226,33,226,33,2010
16620,"Charleston, WV",167,0,52,0,2011
16620,"Charleston, WV",134,0,131,0,2012
16620,"Charleston, WV",341,206,332,206,2013
16620,"Charleston, WV",321,188,188,91,2014
16620,"Charleston, WV",283,135,111,20,2015
16620,"Charleston, WV",185,76,36,0,2016
16620,"Charleston, WV",135,39,43,0,2017
16620,"Charleston, WV",106,0,97,0,2018
16620,"Charleston, WV",300,0,288,0,2019
16620,"Charleston, WV",311,36,291,36,2020
16620,"Charleston, WV",253,40,233,40,2021
16620,"Charleston, WV",159,0,144,0,2022
16620,"Charleston, WV",167,0,151,0,2023
16620,"Charleston, WV",106,0,67,0,2024
16620,"Charleston, WV",114,0,32,0,2025
16700,"Charleston-North Charleston, SC",3542,443,3296,443,1990
16700,"Charleston-North Charleston, SC",2952,67,2809,29,1991
16700,"Charleston-North Charleston, SC",3398,541,3394,541,1992
16700,"Charleston-North Charleston, SC",2821,116,2356,86,1993
16700,"Charleston-North Charleston, SC",2672,75,2024,0,1994
16700,"Charleston-North Charleston, SC",2262,46,2262,46,1995
16700,"Charleston-North Charleston, SC",2792,172,2610,147,1996
16700,"Charleston-North Charleston, SC",3350,369,3345,369,1997
16700,"Charleston-North Charleston, SC",5274,1774,5243,1768,1998
16700,"Charleston-North Charleston, SC",5854,1454,5833,1440,1999
16700,"Charleston-North Charleston, SC",5387,1310,5203,1260,2000
16700,"Charleston-North Charleston, SC",4684,550,4684,550,2001
16700,"Charleston-North Charleston, SC",5982,854,5859,844,2002
16700,"Charleston-North Charleston, SC",7394,1834,7394,1834,2003
16700,"Charleston-North Charleston, SC",8306,873,8254,848,2004
16700,"Charleston-North Charleston, SC",10818,2449,10481,2354,2005
16700,"Charleston-North Charleston, SC",9073,1627,8964,1591,2006
16700,"Charleston-North Charleston, SC",6780,1148,6686,1098,2007
16700,"Charleston-North Charleston, SC",5172,1415,4955,1404,2008
16700,"Charleston-North Charleston, SC",2949,211,2465,49,2009
16700,"Charleston-North Charleston, SC",3060,254,2413,90,2010
16700,"Charleston-North Charleston, SC",3822,1225,3176,1002,2011
16700,"Charleston-North Charleston, SC",4593,1423,3726,1085,2012
16700,"Charleston-North Charleston, SC",5417,1602,4468,1251,2013
16700,"Charleston-North Charleston, SC",6155,2011,5168,1633,2014
16700,"Charleston-North Charleston, SC",6590,1938,4920,1001,2015
16700,"Charleston-North Charleston, SC",6974,2159,4600,1102,2016
16700,"Charleston-North Charleston, SC",7267,2533,5664,1894,2017
16700,"Charleston-North Charleston, SC",7002,2199,5208,1446,2018
16700,"Charleston-North Charleston, SC",6695,1912,5505,1552,2019
16700,"Charleston-North Charleston, SC",8604,2779,4604,1277,2020
16700,"Charleston-North Charleston, SC",8282,2342,4687,1220,2021
16700,"Charleston-North Charleston, SC",9491,3128,5946,1729,2022
16700,"Charleston-North Charleston, SC",8573,2073,5439,978,2023
16700,"Charleston-North Charleston, SC",8514,1437,3897,18,2024
16700,"Charleston-North Charleston, SC",7287,1337,3309,288,2025
16740,"Charlotte-Concord-Gastonia, NC-SC",11849,2867,11351,2614,1990
16740,"Charlotte-Concord-Gastonia, NC-SC",9454,1314,9448,1314,1991
16740,"Charlotte-Concord-Gastonia, NC-SC",10729,1025,10717,1025,1992
16740,"Charlotte-Concord-Gastonia, NC-SC",12044,1335,11354,1201,1993
16740,"Charlotte-Concord-Gastonia, NC-SC",15237,3573,14761,3524,1994
16740,"Charlotte-Concord-Gastonia, NC-SC",15215,3615,12511,2896,1995
16740,"Charlotte-Concord-Gastonia, NC-SC",20520,6137,20125,6137,1996
16740,"Charlotte-Concord-Gastonia, NC-SC",19833,4957,19833,4957,1997
16740,"Charlotte-Concord-Gastonia, NC-SC",22373,4446,21729,4298,1998
16740,"Charlotte-Concord-Gastonia, NC-SC",26928,6858,26543,6800,1999
16740,"Charlotte-Concord-Gastonia, NC-SC",26244,7647,25132,7328,2000
16740,"Charlotte-Concord-Gastonia, NC-SC",24767,5548,22578,5074,2001
16740,"Charlotte-Concord-Gastonia, NC-SC",23124,3501,20501,2946,2002
16740,"Charlotte-Concord-Gastonia, NC-SC",22619,3194,22619,3194,2003
16740,"Charlotte-Concord-Gastonia, NC-SC",25864,4105,23109,3617,2004
16740,"Charlotte-Concord-Gastonia, NC-SC",26661,3288,22177,2689,2005
16740,"Charlotte-Concord-Gastonia, NC-SC",29415,5111,24948,4529,2006
16740,"Charlotte-Concord-Gastonia, NC-SC",26369,5635,26049,5622,2007
16740,"Charlotte-Concord-Gastonia, NC-SC",15052,4779,13925,4580,2008
16740,"Charlotte-Concord-Gastonia, NC-SC",8184,2593,6869,2547,2009
16740,"Charlotte-Concord-Gastonia, NC-SC",6133,698,5948,698,2010
16740,"Charlotte-Concord-Gastonia, NC-SC",7143,1362,5330,901,2011
16740,"Charlotte-Concord-Gastonia, NC-SC",13256,5409,13110,5409,2012
16740,"Charlotte-Concord-Gastonia, NC-SC",16878,5570,16692,5528,2013
16740,"Charlotte-Concord-Gastonia, NC-SC",18570,7100,17696,7029,2014
16740,"Charlotte-Concord-Gastonia, NC-SC",19579,6876,17812,6372,2015
16740,"Charlotte-Concord-Gastonia, NC-SC",20615,6428,19956,6247,2016
16740,"Charlotte-Concord-Gastonia, NC-SC",22912,7508,21255,7189,2017
16740,"Charlotte-Concord-Gastonia, NC-SC",26254,9640,25021,9402,2018
16740,"Charlotte-Concord-Gastonia, NC-SC",24637,8238,23580,8043,2019
16740,"Charlotte-Concord-Gastonia, NC-SC",26548,6724,25051,6554,2020
16740,"Charlotte-Concord-Gastonia, NC-SC",30126,9186,28786,8984,2021
16740,"Charlotte-Concord-Gastonia, NC-SC",27212,7994,24884,7751,2022
16740,"Charlotte-Concord-Gastonia, NC-SC",29419,10127,27955,9926,2023
16740,"Charlotte-Concord-Gastonia, NC-SC",25935,6827,24406,6680,2024
16740,"Charlotte-Concord-Gastonia, NC-SC",22233,5820,21237,5709,2025
16820,"Charlottesville, VA",1523,307,1523,307,1990
16820,"Charlottesville, VA",1321,141,1321,141,1991
16820,"Charlottesville, VA",1607,400,1607,400,1992
16820,"Charlottesville, VA",1421,190,1421,190,1993
16820,"Charlottesville, VA",1505,186,1505,186,1994
16820,"Charlottesville, VA",1259,28,1259,28,1995
16820,"Charlottesville, VA",1311,117,1152,117,1996
16820,"Charlottesville, VA",1461,249,1221,237,1997
16820,"Charlottesville, VA",1591,269,1390,269,1998
16820,"Charlottesville, VA",1441,40,1231,40,1999
16820,"Charlottesville, VA",1300,22,1037,22,2000
16820,"Charlottesville, VA",1663,346,1376,316,2001
16820,"Charlottesville, VA",2636,1138,2409,1138,2002
16820,"Charlottesville, VA",2008,642,2008,642,2003
16820,"Charlottesville, VA",2257,703,963,145,2004
16820,"Charlottesville, VA",2029,414,1285,124,2005
16820,"Charlottesville, VA",1789,509,1430,384,2006
16820,"Charlottesville, VA",1317,162,1317,162,2007
16820,"Charlottesville, VA",913,72,913,72,2008
16820,"Charlottesville, VA",666,54,558,44,2009
16820,"Charlottesville, VA",1105,482,1105,482,2010
16820,"Charlottesville, VA",1008,379,1008,379,2011
16820,"Charlottesville, VA",1212,615,1212,615,2012
16820,"Charlottesville, VA",1006,325,978,325,2013
16820,"Charlottesville, VA",839,149,645,74,2014
16820,"Charlottesville, VA",942,218,602,65,2015
16820,"Charlottesville, VA",1205,340,754,209,2016
16820,"Charlottesville, VA",1245,313,614,193,2017
16820,"Charlottesville, VA",1592,569,1451,526,2018
16820,"Charlottesville, VA",1375,370,1206,370,2019
16820,"Charlottesville, VA",1673,587,857,471,2020
16820,"Charlottesville, VA",1427,410,1154,318,2021
16820,"Charlottesville, VA",1500,459,1430,459,2022
16820,"Charlottesville, VA",1309,391,417,144,2023
16820,"Charlottesville, VA",1267,252,406,64,2024
16820,"Charlottesville, VA",2135,1043,1344,884,2025
16860,"Chattanooga, TN-GA",1504,79,1374,59,1990
16860,"Chattanooga, TN-GA",1546,86,1415,76,1991
16860,"Chattanooga, TN-GA",1774,66,1768,66,1992
16860,"Chattanooga, TN-GA",1946,93,1765,83,1993
16860,"Chattanooga, TN-GA",2665,207,2439,175,1994
16860,"Chattanooga, TN-GA",2463,82,2447,82,1995
16860,"Chattanooga, TN-GA",2695,30,2678,30,1996
16860,"Chattanooga, TN-GA",2975,539,2875,520,1997
16860,"Chattanooga, TN-GA",2748,199,2549,110,1998
16860,"Chattanooga, TN-GA",2718,352,2556,266,1999
16860,"Chattanooga, TN-GA",2533,269,2395,203,2000
16860,"Chattanooga, TN-GA",2880,463,2711,398,2001
16860,"Chattanooga, TN-GA",2934,247,2465,88,2002
16860,"Chattanooga, TN-GA",3266,306,3266,306,2003
16860,"Chattanooga, TN-GA",3558,289,2652,203,2004
16860,"Chattanooga, TN-GA",3798,329,2523,124,2005
16860,"Chattanooga, TN-GA",3455,242,2924,182,2006
16860,"Chattanooga, TN-GA",2687,470,1933,303,2007
16860,"Chattanooga, TN-GA",1544,154,1017,11,2008
16860,"Chattanooga, TN-GA",1126,67,831,23,2009
16860,"Chattanooga, TN-GA",1086,69,785,16,2010
16860,"Chattanooga, TN-GA",1331,337,1009,264,2011
16860,"Chattanooga, TN-GA",1315,116,923,0,2012
16860,"Chattanooga, TN-GA",1942,645,1453,522,2013
16860,"Chattanooga, TN-GA",2346,1086,2270,1066,2014
16860,"Chattanooga, TN-GA",2093,538,1980,508,2015
16860,"Chattanooga, TN-GA",2487,682,2397,682,2016
16860,"Chattanooga, TN-GA",2631,661,2580,661,2017
16860,"Chattanooga, TN-GA",2227,158,1968,18,2018
16860,"Chattanooga, TN-GA",2697,672,2670,672,2019
16860,"Chattanooga, TN-GA",3061,682,1953,249,2020
16860,"Chattanooga, TN-GA",3673,1026,2321,482,2021
16860,"Chattanooga, TN-GA",3081,714,1775,64,2022
16860,"Chattanooga, TN-GA",3016,527,1859,10,2023
16860,"Chattanooga, TN-GA",3594,685,2417,280,2024
16860,"Chattanooga, TN-GA",2958,159,2381,24,2025
16940,"Cheyenne, WY",79,0,79,0,1990
16940,"Cheyenne, WY",91,0,89,0,1991
16940,"Cheyenne, WY",243,8,243,8,1992
16940,"Cheyenne, WY",283,0,274,0,1993
16940,"Cheyenne, WY",369,12,369,12,1994
16940,"Cheyenne, WY",298,14,293,14,1995
16940,"Cheyenne, WY",664,292,659,292,1996
16940,"Cheyenne, WY",475,198,364,171,1997
16940,"Cheyenne, WY",469,121,315,40,1998
16940,"Cheyenne, WY",323,30,323,30,1999
16940,"Cheyenne, WY",245,0,241,0,2000
16940,"Cheyenne, WY",319,56,319,56,2001
16940,"Cheyenne, WY",478,20,478,20,2002
16940,"Cheyenne, WY",779,21,779,21,2003
16940,"Cheyenne, WY",876,88,876,88,2004
16940,"Cheyenne, WY",872,132,872,132,2005
16940,"Cheyenne, WY",509,11,444,0,2006
16940,"Cheyenne, WY",316,0,316,0,2007
16940,"Cheyenne, WY",202,6,202,6,2008
16940,"Cheyenne, WY",387,216,387,216,2009
16940,"Cheyenne, WY",238,0,238,0,2010
16940,"Cheyenne, WY",279,0,279,0,2011
16940,"Cheyenne, WY",371,0,371,0,2012
16940,"Cheyenne, WY",638,156,638,156,2013
16940,"Cheyenne, WY",403,95,403,95,2014
16940,"Cheyenne, WY",440,0,440,0,2015
16940,"Cheyenne, WY",476,33,476,33,2016
16940,"Cheyenne, WY",573,102,573,102,2017
16940,"Cheyenne, WY",539,97,539,97,2018
16940,"Cheyenne, WY",432,22,430,22,2019
16940,"Cheyenne, WY",550,86,550,86,2020
16940,"Cheyenne, WY",737,127,737,127,2021
16940,"Cheyenne, WY",1163,644,1163,644,2022
16940,"Cheyenne, WY",287,8,287,8,2023
16940,"Cheyenne, WY",497,104,497,104,2024
16940,"Cheyenne, WY",556,188,556,188,2025
16980,"Chicago-Naperville-Elgin, IL-IN",30310,6541,29955,6521,1990
16980,"Chicago-Naperville-Elgin, IL-IN",26047,4654,25710,4570,1991
16980,"Chicago-Naperville-Elgin, IL-IN",31080,4519,30535,4499,1992
16980,"Chicago-Naperville-Elgin, IL-IN",34012,3827,32106,3728,1993
16980,"Chicago-Naperville-Elgin, IL-IN",37290,5513,35126,5331,1994
16980,"Chicago-Naperville-Elgin, IL-IN",35923,6015,33634,5745,1995
16980,"Chicago-Naperville-Elgin, IL-IN",37623,7330,36997,7178,1996
16980,"Chicago-Naperville-Elgin, IL-IN",34379,6934,33323,6544,1997
16980,"Chicago-Naperville-Elgin, IL-IN",37025,6795,36155,6546,1998
16980,"Chicago-Naperville-Elgin, IL-IN",42944,9835,40408,9580,1999
16980,"Chicago-Naperville-Elgin, IL-IN",41476,9346,39853,9014,2000
16980,"Chicago-Naperville-Elgin, IL-IN",44318,11135,40935,9721,2001
16980,"Chicago-Naperville-Elgin, IL-IN",48037,12453,46423,12229,2002
16980,"Chicago-Naperville-Elgin, IL-IN",48508,10649,48508,10649,2003
16980,"Chicago-Naperville-Elgin, IL-IN",46235,8320,43877,7722,2004
16980,"Chicago-Naperville-Elgin, IL-IN",52808,12411,50963,11681,2005
16980,"Chicago-Naperville-Elgin, IL-IN",45814,15107,43592,14210,2006
16980,"Chicago-Naperville-Elgin, IL-IN",33416,13992,31794,13279,2007
16980,"Chicago-Naperville-Elgin, IL-IN",15769,7611,14598,7059,2008
16980,"Chicago-Naperville-Elgin, IL-IN",5922,1438,5316,1228,2009
16980,"Chicago-Naperville-Elgin, IL-IN",7019,2658,6418,2446,2010
16980,"Chicago-Naperville-Elgin, IL-IN",7366,3052,6651,2784,2011
16980,"Chicago-Naperville-Elgin, IL-IN",9129,3184,8690,3109,2012
16980,"Chicago-Naperville-Elgin, IL-IN",11424,3804,10827,3554,2013
16980,"Chicago-Naperville-Elgin, IL-IN",15412,7277,14874,7148,2014
16980,"Chicago-Naperville-Elgin, IL-IN",15525,7237,14936,7115,2015
16980,"Chicago-Naperville-Elgin, IL-IN",19413,10686,18778,10413,2016
16980,"Chicago-Naperville-Elgin, IL-IN",21932,12692,21039,12244,2017
16980,"Chicago-Naperville-Elgin, IL-IN",17370,8107,16659,7911,2018
16980,"Chicago-Naperville-Elgin, IL-IN",17401,8946,17131,8822,2019
16980,"Chicago-Naperville-Elgin, IL-IN",14769,6020,13980,5943,2020
16980,"Chicago-Naperville-Elgin, IL-IN",17539,6766,16795,6669,2021
16980,"Chicago-Naperville-Elgin, IL-IN",17355,8057,16840,7897,2022
16980,"Chicago-Naperville-Elgin, IL-IN",14801,5505,14105,5300,2023
16980,"Chicago-Naperville-Elgin, IL-IN",18064,7819,17294,7617,2024
16980,"Chicago-Naperville-Elgin, IL-IN",15778,5324,15284,5020,2025
17020,"Chico, CA",1912,498,1912,498,1990
17020,"Chico, CA",1498,355,1498,355,1991
17020,"Chico, CA",893,0,893,0,1992
17020,"Chico, CA",736,80,736,80,1993
17020,"Chico, CA",924,212,924,212,1994
17020,"Chico, CA",728,20,728,20,1995
17020,"Chico, CA",673,27,673,27,1996
17020,"Chico, CA",648,6,648,6,1997
17020,"Chico, CA",969,84,960,84,1998
17020,"Chico, CA",1028,0,1021,0,1999
17020,"Chico, CA",1134,169,1134,169,2000
17020,"Chico, CA",1093,23,1088,23,2001
17020,"Chico, CA",1186,0,1186,0,2002
17020,"Chico, CA",1769,260,1769,260,2003
17020,"Chico, CA",1989,353,1989,353,2004
17020,"Chico, CA",1693,6,1693,6,2005
17020,"Chico, CA",1282,50,1282,50,2006
17020,"Chico, CA",985,148,909,148,2007
17020,"Chico, CA",592,25,592,25,2008
17020,"Chico, CA",360,48,360,48,2009
17020,"Chico, CA",512,297,512,297,2010
17020,"Chico, CA",240,38,240,38,2011
17020,"Chico, CA",351,131,351,131,2012
17020,"Chico, CA",520,178,520,178,2013
17020,"Chico, CA",550,183,550,183,2014
17020,"Chico, CA",621,215,621,215,2015
17020,"Chico, CA",697,213,697,213,2016
17020,"Chico, CA",823,355,823,355,2017
17020,"Chico, CA",703,74,677,74,2018
17020,"Chico, CA",1426,471,1206,471,2019
17020,"Chico, CA",1837,230,1596,230,2020
17020,"Chico, CA",2050,746,1786,746,2021
17020,"Chico, CA",1853,766,1853,766,2022
17020,"Chico, CA",929,202,805,202,2023
17020,"Chico, CA",946,254,692,254,2024
17020,"Chico, CA",997,301,505,228,2025
17140,"Cincinnati, OH-KY-IN",9407,2596,9152,2542,1990
17140,"Cincinnati, OH-KY-IN",10125,2765,9760,2749,1991
17140,"Cincinnati, OH-KY-IN",11545,2639,11450,2617,1992
17140,"Cincinnati, OH-KY-IN",11803,2200,11312,1993,1993
17140,"Cincinnati, OH-KY-IN",12243,2663,11690,2451,1994
17140,"Cincinnati, OH-KY-IN",11394,2759,11093,2683,1995
17140,"Cincinnati, OH-KY-IN",12469,2324,11517,2084,1996
17140,"Cincinnati, OH-KY-IN",12131,2534,11463,2354,1997
17140,"Cincinnati, OH-KY-IN",12174,1868,11572,1676,1998
17140,"Cincinnati, OH-KY-IN",15561,3937,14163,3647,1999
17140,"Cincinnati, OH-KY-IN",12197,2283,11356,2170,2000
17140,"Cincinnati, OH-KY-IN",12535,2088,11539,1916,2001
17140,"Cincinnati, OH-KY-IN",12820,1917,11763,1684,2002
17140,"Cincinnati, OH-KY-IN",13181,1826,13181,1826,2003
17140,"Cincinnati, OH-KY-IN",13049,1726,12178,1468,2004
17140,"Cincinnati, OH-KY-IN",12917,1765,12361,1577,2005
17140,"Cincinnati, OH-KY-IN",9447,1545,8687,1344,2006
17140,"Cincinnati, OH-KY-IN",6884,1173,6477,1051,2007
17140,"Cincinnati, OH-KY-IN",4000,572,3450,438,2008
17140,"Cincinnati, OH-KY-IN",3515,295,3459,295,2009
17140,"Cincinnati, OH-KY-IN",3206,280,3125,275,2010
17140,"Cincinnati, OH-KY-IN",3369,720,3291,720,2011
17140,"Cincinnati, OH-KY-IN",3604,862,3458,810,2012
17140,"Cincinnati, OH-KY-IN",4330,902,4182,883,2013
17140,"Cincinnati, OH-KY-IN",5238,1823,5135,1823,2014
17140,"Cincinnati, OH-KY-IN",4694,1036,4606,1026,2015
17140,"Cincinnati, OH-KY-IN",5893,1665,5735,1665,2016
17140,"Cincinnati, OH-KY-IN",6505,1880,6458,1880,2017
17140,"Cincinnati, OH-KY-IN",6138,1617,5863,1584,2018
17140,"Cincinnati, OH-KY-IN",6012,1453,5866,1438,2019
17140,"Cincinnati, OH-KY-IN",7285,1750,6983,1727,2020
17140,"Cincinnati, OH-KY-IN",8421,2891,8289,2891,2021
17140,"Cincinnati, OH-KY-IN",6157,1620,6053,1620,2022
17140,"Cincinnati, OH-KY-IN",6234,2040,6046,2040,2023
17140,"Cincinnati, OH-KY-IN",7089,2561,6830,2555,2024
17140,"Cincinnati, OH-KY-IN",7264,2491,7072,2491,2025
17300,"Clarksville, TN-KY",935,74,935,74,1990
17300,"Clarksville, TN-KY",1346,83,1341,83,1991
17300,"Clarksville, TN-KY",1738,104,1738,104,1992
17300,"Clarksville, TN-KY",2491,123,2491,123,1993
17300,"Clarksville, TN-KY",2547,163,2145,163,1994
17300,"Clarksville, TN-KY",2343,271,2343,271,1995
17300,"Clarksville, TN-KY",2107,286,2107,286,1996
17300,"Clarksville, TN-KY",1833,209,1833,209,1997
17300,"Clarksville, TN-KY",1561,101,1531,101,1998
17300,"Clarksville, TN-KY",1930,290,1930,290,1999
17300,"Clarksville, TN-KY",1687,377,1664,377,2000
17300,"Clarksville, TN-KY",1769,378,1709,378,2001
17300,"Clarksville, TN-KY",1687,240,1668,240,2002
17300,"Clarksville, TN-KY",2133,586,2133,586,2003
17300,"Clarksville, TN-KY",2729,265,2706,265,2004
17300,"Clarksville, TN-KY",2768,567,2714,567,2005
17300,"Clarksville, TN-KY",3215,802,3205,802,2006
17300,"Clarksville, TN-KY",2222,240,2158,240,2007
17300,"Clarksville, TN-KY",1402,297,1392,297,2008
17300,"Clarksville, TN-KY",1458,84,1456,84,2009
17300,"Clarksville, TN-KY",1921,693,1921,693,2010
17300,"Clarksville, TN-KY",2001,334,2001,334,2011
17300,"Clarksville, TN-KY",1896,357,1896,357,2012
17300,"Clarksville, TN-KY",1842,458,1823,458,2013
17300,"Clarksville, TN-KY",1525,144,1504,144,2014
17300,"Clarksville, TN-KY",1342,130,1240,123,2015
17300,"Clarksville, TN-KY",1694,219,1674,219,2016
17300,"Clarksville, TN-KY",1817,160,1790,160,2017
17300,"Clarksville, TN-KY",1809,153,1731,153,2018
17300,"Clarksville, TN-KY",2657,240,2632,240,2019
17300,"Clarksville, TN-KY",3805,477,3774,477,2020
17300,"Clarksville, TN-KY",4112,1730,4080,1730,2021
17300,"Clarksville, TN-KY",4093,2139,4093,2139,2022
17300,"Clarksville, TN-KY",2939,1328,2934,1328,2023
17300,"Clarksville, TN-KY",2798,683,2773,683,2024
17300,"Clarksville, TN-KY",2916,1018,2916,1018,2025
17410,"Cleveland, OH",6794,1652,6691,1590,1990
17410,"Cleveland, OH",5933,881,5470,689,1991
17410,"Cleveland, OH",6951,1034,6931,1034,1992
17410,"Cleveland, OH",6725,472,6543,460,1993
17410,"Cleveland, OH",7142,636,6699,631,1994
17410,"Cleveland, OH",7542,1468,7132,1447,1995
17410,"Cleveland, OH",7399,969,7043,925,1996
17410,"Cleveland, OH",6856,712,6592,680,1997
17410,"Cleveland, OH",7458,819,7273,819,1998
17410,"Cleveland, OH",7918,657,7411,568,1999
17410,"Cleveland, OH",7403,854,6547,562,2000
17410,"Cleveland, OH",7170,445,6055,159,2001
17410,"Cleveland, OH",7245,337,6574,297,2002
17410,"Cleveland, OH",7371,180,7371,180,2003
17410,"Cleveland, OH",7784,373,6877,323,2004
17410,"Cleveland, OH",6652,218,5800,143,2005
17410,"Cleveland, OH",5421,445,4579,335,2006
17410,"Cleveland, OH",4210,397,3725,327,2007
17410,"Cleveland, OH",2802,366,2371,311,2008
17410,"Cleveland, OH",2135,222,1924,192,2009
17410,"Cleveland, OH",2022,70,1708,35,2010
17410,"Cleveland, OH",1831,149,1630,109,2011
17410,"Cleveland, OH",2417,366,2189,302,2012
17410,"Cleveland, OH",2804,461,2522,373,2013
17410,"Cleveland, OH",2991,519,2812,519,2014
17410,"Cleveland, OH",3026,329,2632,329,2015
17410,"Cleveland, OH",3145,341,2741,341,2016
17410,"Cleveland, OH",3329,279,2930,279,2017
17410,"Cleveland, OH",3095,103,2909,103,2018
17410,"Cleveland, OH",3170,298,3003,298,2019
17410,"Cleveland, OH",3523,424,3300,424,2020
17410,"Cleveland, OH",3508,296,3263,296,2021
17410,"Cleveland, OH",3894,705,3625,705,2022
17410,"Cleveland, OH",3641,888,3293,888,2023
17410,"Cleveland, OH",4289,1076,4014,1022,2024
17410,"Cleveland, OH",4174,1214,3717,1214,2025
17420,"Cleveland, TN",388,11,388,11,1990
17420,"Cleveland, TN",443,61,443,61,1991
17420,"Cleveland, TN",477,0,477,0,1992
17420,"Cleveland, TN",551,23,549,23,1993
17420,"Cleveland, TN",633,36,443,0,1994
17420,"Cleveland, TN",604,50,354,0,1995
17420,"Cleveland, TN",650,31,522,0,1996
17420,"Cleveland, TN",945,323,945,323,1997
17420,"Cleveland, TN",704,117,704,117,1998
17420,"Cleveland, TN",549,10,549,10,1999
17420,"Cleveland, TN",510,41,510,41,2000
17420,"Cleveland, TN",504,5,504,5,2001
17420,"Cleveland, TN",525,0,525,0,2002
17420,"Cleveland, TN",725,59,725,59,2003
17420,"Cleveland, TN",859,104,746,104,2004
17420,"Cleveland, TN",826,0,826,0,2005
17420,"Cleveland, TN",841,0,683,0,2006
17420,"Cleveland, TN",819,69,812,69,2007
17420,"Cleveland, TN",446,12,446,12,2008
17420,"Cleveland, TN",351,0,351,0,2009
17420,"Cleveland, TN",550,232,439,232,2010
17420,"Cleveland, TN",376,6,276,6,2011
17420,"Cleveland, TN",410,0,267,0,2012
17420,"Cleveland, TN",451,0,278,0,2013
17420,"Cleveland, TN",689,166,547,166,2014
17420,"Cleveland, TN",732,215,545,198,2015
17420,"Cleveland, TN",532,0,368,0,2016
17420,"Cleveland, TN",639,50,195,50,2017
17420,"Cleveland, TN",676,0,218,0,2018
17420,"Cleveland, TN",755,78,557,78,2019
17420,"Cleveland, TN",713,0,505,0,2020
17420,"Cleveland, TN",790,0,543,0,2021
17420,"Cleveland, TN",924,14,711,14,2022
17420,"Cleveland, TN",821,18,621,18,2023
17420,"Cleveland, TN",979,0,768,0,2024
17420,"Cleveland, TN",938,30,788,30,2025
17660,"Coeur d'Alene, ID",574,0,570,0,1990
17660,"Coeur d'Alene, ID",1057,129,1052,129,1991
17660,"Coeur d'Alene, ID",1531,131,1531,131,1992
17660,"Coeur d'Alene, ID",1888,331,1888,331,1993
17660,"Coeur d'Alene, ID",1684,232,1525,207,1994
17660,"Coeur d'Alene, ID",1618,189,1593,184,1995
17660,"Coeur d'Alene, ID",1389,147,1389,147,1996
17660,"Coeur d'Alene, ID",1178,68,1171,68,1997
17660,"Coeur d'Alene, ID",1267,60,1267,60,1998
17660,"Coeur d'Alene, ID",1367,44,1361,44,1999
17660,"Coeur d'Alene, ID",1174,78,1173,78,2000
17660,"Coeur d'Alene, ID",1344,222,1334,222,2001
17660,"Coeur d'Alene, ID",1414,104,1414,104,2002
17660,"Coeur d'Alene, ID",1837,96,1837,96,2003
17660,"Coeur d'Alene, ID",2365,129,2365,129,2004
17660,"Coeur d'Alene, ID",2688,283,2688,283,2005
17660,"Coeur d'Alene, ID",1599,300,1502,267,2006
17660,"Coeur d'Alene, ID",1661,588,1446,488,2007
17660,"Coeur d'Alene, ID",774,12,754,0,2008
17660,"Coeur d'Alene, ID",861,80,861,80,2009
17660,"Coeur d'Alene, ID",627,126,627,126,2010
17660,"Coeur d'Alene, ID",623,198,620,198,2011
17660,"Coeur d'Alene, ID",878,302,611,163,2012
17660,"Coeur d'Alene, ID",1277,411,1201,367,2013
17660,"Coeur d'Alene, ID",1047,173,1032,173,2014
17660,"Coeur d'Alene, ID",1414,284,1409,284,2015
17660,"Coeur d'Alene, ID",1666,348,1660,348,2016
17660,"Coeur d'Alene, ID",1778,346,1483,324,2017
17660,"Coeur d'Alene, ID",2210,520,2149,515,2018
17660,"Coeur d'Alene, ID",2526,852,2526,852,2019
17660,"Coeur d'Alene, ID",2929,1198,2576,1056,2020
17660,"Coeur d'Alene, ID",2426,710,2422,710,2021
17660,"Coeur d'Alene, ID",2039,765,1494,522,2022
17660,"Coeur d'Alene, ID",2043,551,1662,401,2023
17660,"Coeur d'Alene, ID",1587,154,1186,42,2024
17660,"Coeur d'Alene, ID",1705,411,1309,273,2025
17780,"College Station-Bryan, TX",224,0,218,0,1990
17780,"College Station-Bryan, TX",280,0,275,0,1991
17780,"College Station-Bryan, TX",501,0,501,0,1992
17780,"College Station-Bryan, TX",783,0,783,0,1993
17780,"College Station-Bryan, TX",1544,716,1544,716,1994
17780,"College Station-Bryan, TX",1020,390,1020,390,1995
17780,"College Station-Bryan, TX",1353,655,1353,655,1996
17780,"College Station-Bryan, TX",1113,260,1113,260,1997
17780,"College Station-Bryan, TX",1550,657,1103,627,1998
17780,"College Station-Bryan, TX",1618,688,1618,688,1999
17780,"College Station-Bryan, TX",1383,499,1383,499,2000
17780,"College Station-Bryan, TX",1447,425,1445,425,2001
17780,"College Station-Bryan, TX",1839,631,1835,631,2002
17780,"College Station-Bryan, TX",1884,454,1884,454,2003
17780,"College Station-Bryan, TX",1192,247,1184,247,2004
17780,"College Station-Bryan, TX",1636,632,1618,632,2005
17780,"College Station-Bryan, TX",1585,594,1571,594,2006
17780,"College Station-Bryan, TX",1927,961,1910,961,2007
17780,"College Station-Bryan, TX",2158,1232,2147,1232,2008
17780,"College Station-Bryan, TX",836,88,825,88,2009
17780,"College Station-Bryan, TX",995,214,990,214,2010
17780,"College Station-Bryan, TX",1444,623,1440,623,2011
17780,"College Station-Bryan, TX",2003,1123,1998,1123,2012
17780,"College Station-Bryan, TX",1625,804,1619,804,2013
17780,"College Station-Bryan, TX",1803,763,1792,763,2014
17780,"College Station-Bryan, TX",1712,346,1712,346,2015
17780,"College Station-Bryan, TX",2860,1328,2860,1328,2016
17780,"College Station-Bryan, TX",3083,1778,3083,1778,2017
17780,"College Station-Bryan, TX",1856,804,1856,804,2018
17780,"College Station-Bryan, TX",1480,315,1480,315,2019
17780,"College Station-Bryan, TX",2103,673,2103,673,2020
17780,"College Station-Bryan, TX",2300,514,2300,514,2021
17780,"College Station-Bryan, TX",1775,166,1775,166,2022
17780,"College Station-Bryan, TX",1462,277,1462,277,2023
17780,"College Station-Bryan, TX",2321,768,2321,768,2024
17780,"College Station-Bryan, TX",2391,455,2391,455,2025
17820,"Colorado Springs, CO",1117,278,1117,278,1990
17820,"Colorado Springs, CO",1308,50,1308,50,1991
17820,"Colorado Springs, CO",3052,0,3052,0,1992
17820,"Colorado Springs, CO",3915,62,3915,62,1993
17820,"Colorado Springs, CO",4056,112,4056,112,1994
17820,"Colorado Springs, CO",4988,1266,4988,1266,1995
17820,"Colorado Springs, CO",5824,1301,5824,1301,1996
17820,"Colorado Springs, CO",5162,972,5162,972,1997
17820,"Colorado Springs, CO",5254,683,5254,683,1998
17820,"Colorado Springs, CO",5840,1068,5838,1068,1999
17820,"Colorado Springs, CO",6632,1118,6630,1118,2000
17820,"Colorado Springs, CO",7323,1752,7321,1752,2001
17820,"Colorado Springs, CO",7062,1696,7047,1696,2002
17820,"Colorado Springs, CO",5449,165,5449,165,2003
17820,"Colorado Springs, CO",6766,286,6766,286,2004
17820,"Colorado Springs, CO",6983,380,6983,380,2005
17820,"Colorado Springs, CO",4595,164,4592,164,2006
17820,"Colorado Springs, CO",3229,297,3228,297,2007
17820,"Colorado Springs, CO",2076,432,2076,432,2008
17820,"Colorado Springs, CO",1369,8,1369,8,2009
17820,"Colorado Springs, CO",1760,77,1760,77,2010
17820,"Colorado Springs, CO",2275,657,2275,657,2011
17820,"Colorado Springs, CO",3011,597,3011,597,2012
17820,"Colorado Springs, CO",3587,684,3587,684,2013
17820,"Colorado Springs, CO",3673,983,3673,983,2014
17820,"Colorado Springs, CO",3665,631,3665,631,2015
17820,"Colorado Springs, CO",5166,1548,5166,1548,2016
17820,"Colorado Springs, CO",4965,1106,4965,1106,2017
17820,"Colorado Springs, CO",5734,1473,5734,1473,2018
17820,"Colorado Springs, CO",5508,1316,5508,1316,2019
17820,"Colorado Springs, CO",6932,1587,6929,1587,2020
17820,"Colorado Springs, CO",9335,3925,9335,3925,2021
17820,"Colorado Springs, CO",8844,4942,8844,4942,2022
17820,"Colorado Springs, CO",5277,2359,5277,2359,2023
17820,"Colorado Springs, CO",3994,872,3994,872,2024
17820,"Colorado Springs, CO",5825,2804,5742,2804,2025
17860,"Columbia, MO",817,51,817,51,1990
17860,"Columbia, MO",1283,211,1280,211,1991
17860,"Columbia, MO",1338,208,1338,208,1992
17860,"Columbia, MO",1299,0,1295,0,1993
17860,"Columbia, MO",1573,80,1573,80,1994
17860,"Columbia, MO",1398,133,1398,133,1995
17860,"Columbia, MO",1673,236,1670,236,1996
17860,"Columbia, MO",1602,143,1164,61,1997
17860,"Columbia, MO",1243,34,1240,34,1998
17860,"Columbia, MO",1254,88,1254,88,1999
17860,"Columbia, MO",1341,324,1341,324,2000
17860,"Columbia, MO",1240,76,1240,76,2001
17860,"Columbia, MO",1837,496,1837,496,2002
17860,"Columbia, MO",2205,564,2205,564,2003
17860,"Columbia, MO",2386,382,2386,382,2004
17860,"Columbia, MO",2342,379,2339,379,2005
17860,"Columbia, MO",1965,779,1962,779,2006
17860,"Columbia, MO",1176,147,1175,147,2007
17860,"Columbia, MO",559,22,557,22,2008
17860,"Columbia, MO",643,78,643,78,2009
17860,"Columbia, MO",649,44,649,44,2010
17860,"Columbia, MO",1052,560,1052,560,2011
17860,"Columbia, MO",1233,288,1233,288,2012
17860,"Columbia, MO",1236,349,1236,349,2013
17860,"Columbia, MO",1419,686,1419,686,2014
17860,"Columbia, MO",1449,629,1449,629,2015
17860,"Columbia, MO",1321,417,1321,417,2016
17860,"Columbia, MO",1643,851,1638,851,2017
17860,"Columbia, MO",559,0,559,0,2018
17860,"Columbia, MO",799,162,799,162,2019
17860,"Columbia, MO",934,122,928,122,2020
17860,"Columbia, MO",1029,189,1028,189,2021
17860,"Columbia, MO",779,135,772,135,2022
17860,"Columbia, MO",681,68,681,68,2023
17860,"Columbia, MO",1331,554,1322,549,2024
17860,"Columbia, MO",825,146,825,146,2025
17900,"Columbia, SC",2995,444,2941,444,1990
17900,"Columbia, SC",3380,650,3357,650,1991
17900,"Columbia, SC",3555,297,3542,297,1992
17900,"Columbia, SC",3751,360,3562,360,1993
17900,"Columbia, SC",4221,754,4015,754,1994
17900,"Columbia, SC",4050,626,3859,626,1995
17900,"Columbia, SC",4514,308,4347,308,1996
17900,"Columbia, SC",5156,1300,5135,1300,1997
17900,"Columbia, SC",5238,781,5050,746,1998
17900,"Columbia, SC",6082,1615,5816,1588,1999
17900,"Columbia, SC",4835,436,4718,436,2000
17900,"Columbia, SC",4804,434,4421,434,2001
17900,"Columbia, SC",5198,330,3342,278,2002
17900,"Columbia, SC",6439,897,6439,897,2003
17900,"Columbia, SC",7249,1004,4154,341,2004
17900,"Columbia, SC",7430,739,3720,57,2005
17900,"Columbia, SC",8117,1453,4873,821,2006
17900,"Columbia, SC",6865,1248,4358,693,2007
17900,"Columbia, SC",4348,828,2826,400,2008
17900,"Columbia, SC",3498,915,2425,734,2009
17900,"Columbia, SC",2942,415,1379,160,2010
17900,"Columbia, SC",2897,501,771,48,2011
17900,"Columbia, SC",3729,938,1066,311,2012
17900,"Columbia, SC",3645,462,1723,0,2013
17900,"Columbia, SC",4067,760,2465,338,2014
17900,"Columbia, SC",4642,898,2525,446,2015
17900,"Columbia, SC",4627,711,2717,304,2016
17900,"Columbia, SC",4629,549,2615,200,2017
17900,"Columbia, SC",4952,446,1339,10,2018
17900,"Columbia, SC",4424,205,4207,205,2019
17900,"Columbia, SC",4872,81,3991,8,2020
17900,"Columbia, SC",6881,1004,4216,872,2021
17900,"Columbia, SC",5804,1510,4510,1510,2022
17900,"Columbia, SC",5465,602,4211,602,2023
17900,"Columbia, SC",5892,1096,4595,1096,2024
17900,"Columbia, SC",6070,864,4973,864,2025
17980,"Columbus, GA-AL",846,72,846,72,1990
17980,"Columbus, GA-AL",1042,172,1012,172,1991
17980,"Columbus, GA-AL",1229,14,1229,14,1992
17980,"Columbus, GA-AL",1552,176,1552,176,1993
17980,"Columbus, GA-AL",1950,591,1950,591,1994
17980,"Columbus, GA-AL",1467,313,1467,313,1995
17980,"Columbus, GA-AL",1292,127,1292,127,1996
17980,"Columbus, GA-AL",1727,606,1727,606,1997
17980,"Columbus, GA-AL",1720,614,1720,614,1998
17980,"Columbus, GA-AL",1568,448,1548,448,1999
17980,"Columbus, GA-AL",1673,642,1673,642,2000
17980,"Columbus, GA-AL",1779,687,1775,687,2001
17980,"Columbus, GA-AL",1538,68,1538,68,2002
17980,"Columbus, GA-AL",1999,460,1999,460,2003
17980,"Columbus, GA-AL",2129,413,2129,413,2004
17980,"Columbus, GA-AL",2266,371,1583,176,2005
17980,"Columbus, GA-AL",2247,541,1127,200,2006
17980,"Columbus, GA-AL",1832,563,996,267,2007
17980,"Columbus, GA-AL",1107,241,543,0,2008
17980,"Columbus, GA-AL",1220,300,737,208,2009
17980,"Columbus, GA-AL",1391,483,1035,396,2010
17980,"Columbus, GA-AL",1066,125,426,0,2011
17980,"Columbus, GA-AL",1238,414,741,224,2012
17980,"Columbus, GA-AL",1047,257,490,56,2013
17980,"Columbus, GA-AL",965,228,335,0,2014
17980,"Columbus, GA-AL",1250,638,1238,638,2015
17980,"Columbus, GA-AL",714,102,701,102,2016
17980,"Columbus, GA-AL",929,220,439,84,2017
17980,"Columbus, GA-AL",1013,222,495,82,2018
17980,"Columbus, GA-AL",1097,380,1080,380,2019
17980,"Columbus, GA-AL",1828,511,1828,511,2020
17980,"Columbus, GA-AL",1133,379,1108,379,2021
17980,"Columbus, GA-AL",1648,978,1629,978,2022
17980,"Columbus, GA-AL",639,50,623,50,2023
17980,"Columbus, GA-AL",680,30,385,0,2024
17980,"Columbus, GA-AL",605,30,155,0,2025
18020,"Columbus, IN",208,5,208,5,1990
18020,"Columbus, IN",227,0,227,0,1991
18020,"Columbus, IN",379,0,379,0,1992
18020,"Columbus, IN",586,189,586,189,1993
18020,"Columbus, IN",350,0,350,0,1994
18020,"Columbus, IN",487,89,487,89,1995
18020,"Columbus, IN",366,0,366,0,1996
18020,"Columbus, IN",612,226,612,226,1997
18020,"Columbus, IN",370,0,370,0,1998
18020,"Columbus, IN",300,0,300,0,1999
18020,"Columbus, IN",212,0,210,0,2000
18020,"Columbus, IN",223,0,211,0,2001
18020,"Columbus, IN",131,0,131,0,2002
18020,"Columbus, IN",283,0,283,0,2003
18020,"Columbus, IN",278,0,278,0,2004
18020,"Columbus, IN",292,0,292,0,2005
18020,"Columbus, IN",281,0,281,0,2006
18020,"Columbus, IN",257,0,257,0,2007
18020,"Columbus, IN",192,0,192,0,2008
18020,"Columbus, IN",125,0,123,0,2009
18020,"Columbus, IN",131,0,130,0,2010
18020,"Columbus, IN",178,0,178,0,2011
18020,"Columbus, IN",200,0,200,0,2012
18020,"Columbus, IN",241,0,241,0,2013
18020,"Columbus, IN",254,0,254,0,2014
18020,"Columbus, IN",233,0,233,0,2015
18020,"Columbus, IN",300,0,300,0,2016
18020,"Columbus, IN",204,0,204,0,2017
18020,"Columbus, IN",170,0,170,0,2018
18020,"Columbus, IN",189,0,189,0,2019
18020,"Columbus, IN",169,0,155,0,2020
18020,"Columbus, IN",231,0,231,0,2021
18020,"Columbus, IN",209,0,209,0,2022
18020,"Columbus, IN",156,0,156,0,2023
18020,"Columbus, IN",195,0,195,0,2024
18020,"Columbus, IN",187,0,187,0,2025
18140,"Columbus, OH",9595,3142,9363,2999,1990
18140,"Columbus, OH",8590,1650,8408,1630,1991
18140,"Columbus, OH",9988,1992,9874,1987,1992
18140,"Columbus, OH",11810,2808,8285,1819,1993
18140,"Columbus, OH",12101,2535,7711,1182,1994
18140,"Columbus, OH",11310,2697,6986,1276,1995
18140,"Columbus, OH",12820,3359,6866,914,1996
18140,"Columbus, OH",10912,2443,4418,26,1997
18140,"Columbus, OH",11439,2027,5762,309,1998
18140,"Columbus, OH",16482,6234,14201,5802,1999
18140,"Columbus, OH",15392,3801,14726,3736,2000
18140,"Columbus, OH",15802,4350,15297,4279,2001
18140,"Columbus, OH",17160,5293,16438,5131,2002
18140,"Columbus, OH",16609,3458,16609,3458,2003
18140,"Columbus, OH",13413,1642,12976,1637,2004
18140,"Columbus, OH",12536,2267,12262,2267,2005
18140,"Columbus, OH",7992,1437,7468,1437,2006
18140,"Columbus, OH",6465,1514,6155,1514,2007
18140,"Columbus, OH",4542,1394,4281,1394,2008
18140,"Columbus, OH",4129,1332,4016,1332,2009
18140,"Columbus, OH",4479,1347,4370,1347,2010
18140,"Columbus, OH",4757,2012,4599,1987,2011
18140,"Columbus, OH",6846,3580,6632,3542,2012
18140,"Columbus, OH",8399,4452,8228,4452,2013
18140,"Columbus, OH",7044,3204,6881,3199,2014
18140,"Columbus, OH",7555,3702,7331,3684,2015
18140,"Columbus, OH",8637,4152,8437,4152,2016
18140,"Columbus, OH",8892,4439,8777,4439,2017
18140,"Columbus, OH",9440,4611,9266,4611,2018
18140,"Columbus, OH",8090,3443,7804,3385,2019
18140,"Columbus, OH",12358,6612,11749,6557,2020
18140,"Columbus, OH",12062,5056,11444,4983,2021
18140,"Columbus, OH",12075,6292,11748,6283,2022
18140,"Columbus, OH",11440,5706,10973,5694,2023
18140,"Columbus, OH",13962,7645,13232,7635,2024
18140,"Columbus, OH",15757,9549,15501,9536,2025
18580,"Corpus Christi, TX",568,9,534,9,1990
18580,"Corpus Christi, TX",575,21,571,21,1991
18580,"Corpus Christi, TX",791,17,788,17,1992
18580,"Corpus Christi, TX",1197,116,1165,116,1993
18580,"Corpus Christi, TX",1168,59,1160,59,1994
18580,"Corpus Christi, TX",1407,300,1400,300,1995
18580,"Corpus Christi, TX",2436,877,2436,877,1996
18580,"Corpus Christi, TX",1987,686,1945,686,1997
18580,"Corpus Christi, TX",1920,423,1787,423,1998
18580,"Corpus Christi, TX",1318,120,1306,120,1999
18580,"Corpus Christi, TX",1647,388,1586,388,2000
18580,"Corpus Christi, TX",1297,6,1234,6,2001
18580,"Corpus Christi, TX",1981,158,1889,158,2002
18580,"Corpus Christi, TX",1997,280,1997,280,2003
18580,"Corpus Christi, TX",3055,741,2811,722,2004
18580,"Corpus Christi, TX",2613,326,2585,326,2005
18580,"Corpus Christi, TX",3300,927,2664,807,2006
18580,"Corpus Christi, TX",2017,219,1985,219,2007
18580,"Corpus Christi, TX",1603,345,1564,345,2008
18580,"Corpus Christi, TX",1150,91,1047,80,2009
18580,"Corpus Christi, TX",1225,296,1125,280,2010
18580,"Corpus Christi, TX",1142,246,1046,224,2011
18580,"Corpus Christi, TX",1496,220,972,32,2012
18580,"Corpus Christi, TX",2496,900,2363,867,2013
18580,"Corpus Christi, TX",2864,1180,2667,1150,2014
18580,"Corpus Christi, TX",2153,394,2034,394,2015
18580,"Corpus Christi, TX",1910,252,1402,252,2016
18580,"Corpus Christi, TX",1186,0,1154,0,2017
18580,"Corpus Christi, TX",1727,6,1642,6,2018
18580,"Corpus Christi, TX",2056,192,2008,192,2019
18580,"Corpus Christi, TX",2096,267,2044,267,2020
18580,"Corpus Christi, TX",2789,358,2333,128,2021
18580,"Corpus Christi, TX",2097,5,2003,5,2022
18580,"Corpus Christi, TX",2034,69,514,0,2023
18580,"Corpus Christi, TX",2320,104,1806,57,2024
18580,"Corpus Christi, TX",2116,142,906,94,2025
18700,"Corvallis, OR",401,168,401,168,1990
18700,"Corvallis, OR",278,56,255,51,1991
18700,"Corvallis, OR",479,182,479,182,1992
18700,"Corvallis, OR",385,81,325,49,1993
18700,"Corvallis, OR",476,111,190,0,1994
18700,"Corvallis, OR",453,180,157,78,1995
18700,"Corvallis, OR",673,361,600,361,1996
18700,"Corvallis, OR",327,91,189,47,1997
18700,"Corvallis, OR",396,101,396,101,1998
18700,"Corvallis, OR",401,166,313,132,1999
18700,"Corvallis, OR",264,26,239,10,2000
18700,"Corvallis, OR",795,410,750,405,2001
18700,"Corvallis, OR",369,0,369,0,2002
18700,"Corvallis, OR",439,145,439,145,2003
18700,"Corvallis, OR",366,69,362,69,2004
18700,"Corvallis, OR",496,162,496,162,2005
18700,"Corvallis, OR",355,0,355,0,2006
18700,"Corvallis, OR",213,0,213,0,2007
18700,"Corvallis, OR",108,0,108,0,2008
18700,"Corvallis, OR",96,0,96,0,2009
18700,"Corvallis, OR",93,18,93,18,2010
18700,"Corvallis, OR",364,228,364,228,2011
18700,"Corvallis, OR",312,214,312,214,2012
18700,"Corvallis, OR",223,68,223,68,2013
18700,"Corvallis, OR",451,310,451,310,2014
18700,"Corvallis, OR",142,0,142,0,2015
18700,"Corvallis, OR",195,33,188,33,2016
18700,"Corvallis, OR",136,0,136,0,2017
18700,"Corvallis, OR",622,498,622,498,2018
18700,"Corvallis, OR",542,300,542,300,2019
18700,"Corvallis, OR",302,18,302,18,2020
18700,"Corvallis, OR",284,0,284,0,2021
18700,"Corvallis, OR",286,110,286,110,2022
18700,"Corvallis, OR",404,258,404,258,2023
18700,"Corvallis, OR",116,0,116,0,2024
18700,"Corvallis, OR",484,369,484,369,2025
18880,"Crestview-Fort Walton Beach-Destin, FL",1405,167,1405,167,1990
18880,"Crestview-Fort Walton Beach-Destin, FL",2058,212,2058,212,1991
18880,"Crestview-Fort Walton Beach-Destin, FL",2298,333,2298,333,1992
18880,"Crestview-Fort Walton Beach-Destin, FL",2529,335,2470,317,1993
18880,"Crestview-Fort Walton Beach-Destin, FL",3020,713,3020,713,1994
18880,"Crestview-Fort Walton Beach-Destin, FL",2773,1119,2773,1119,1995
18880,"Crestview-Fort Walton Beach-Destin, FL",2992,709,2992,709,1996
18880,"Crestview-Fort Walton Beach-Destin, FL",3762,1533,3762,1533,1997
18880,"Crestview-Fort Walton Beach-Destin, FL",3868,1618,3844,1618,1998
18880,"Crestview-Fort Walton Beach-Destin, FL",3361,1054,3337,1054,1999
18880,"Crestview-Fort Walton Beach-Destin, FL",2953,927,2883,917,2000
18880,"Crestview-Fort Walton Beach-Destin, FL",2604,574,2219,530,2001
18880,"Crestview-Fort Walton Beach-Destin, FL",3215,633,3215,633,2002
18880,"Crestview-Fort Walton Beach-Destin, FL",3573,735,3573,735,2003
18880,"Crestview-Fort Walton Beach-Destin, FL",5303,1855,5228,1850,2004
18880,"Crestview-Fort Walton Beach-Destin, FL",6439,3009,5859,2860,2005
18880,"Crestview-Fort Walton Beach-Destin, FL",3067,311,3067,311,2006
18880,"Crestview-Fort Walton Beach-Destin, FL",1602,235,1602,235,2007
18880,"Crestview-Fort Walton Beach-Destin, FL",1516,718,1516,718,2008
18880,"Crestview-Fort Walton Beach-Destin, FL",641,15,641,15,2009
18880,"Crestview-Fort Walton Beach-Destin, FL",935,89,935,89,2010
18880,"Crestview-Fort Walton Beach-Destin, FL",1301,0,1301,0,2011
18880,"Crestview-Fort Walton Beach-Destin, FL",2033,525,2033,525,2012
18880,"Crestview-Fort Walton Beach-Destin, FL",2232,424,2232,424,2013
18880,"Crestview-Fort Walton Beach-Destin, FL",1666,92,1666,92,2014
18880,"Crestview-Fort Walton Beach-Destin, FL",2027,128,2022,128,2015
18880,"Crestview-Fort Walton Beach-Destin, FL",2529,375,2488,375,2016
18880,"Crestview-Fort Walton Beach-Destin, FL",2471,310,2463,310,2017
18880,"Crestview-Fort Walton Beach-Destin, FL",2385,138,2385,138,2018
18880,"Crestview-Fort Walton Beach-Destin, FL",3544,1059,3544,1059,2019
18880,"Crestview-Fort Walton Beach-Destin, FL",2755,329,2673,329,2020
18880,"Crestview-Fort Walton Beach-Destin, FL",3892,378,3892,378,2021
18880,"Crestview-Fort Walton Beach-Destin, FL",4122,1222,4122,1222,2022
18880,"Crestview-Fort Walton Beach-Destin, FL",5596,2710,5596,2710,2023
18880,"Crestview-Fort Walton Beach-Destin, FL",4151,1497,4151,1497,2024
18880,"Crestview-Fort Walton Beach-Destin, FL",3456,959,3452,959,2025
19100,"Dallas-Fort Worth-Arlington, TX",19922,5168,19887,5161,1990
19100,"Dallas-Fort Worth-Arlington, TX",19584,3867,19502,3867,1991
19100,"Dallas-Fort Worth-Arlington, TX",21968,1794,21941,1784,1992
19100,"Dallas-Fort Worth-Arlington, TX",26613,4711,26153,4711,1993
19100,"Dallas-Fort Worth-Arlington, TX",33948,11435,33200,11336,1994
19100,"Dallas-Fort Worth-Arlington, TX",36465,14228,34851,14027,1995
19100,"Dallas-Fort Worth-Arlington, TX",38706,12744,36575,12578,1996
19100,"Dallas-Fort Worth-Arlington, TX",44179,17227,43135,17193,1997
19100,"Dallas-Fort Worth-Arlington, TX",54380,21648,52476,21408,1998
19100,"Dallas-Fort Worth-Arlington, TX",47591,14653,46631,14555,1999
19100,"Dallas-Fort Worth-Arlington, TX",44695,8055,43763,8032,2000
19100,"Dallas-Fort Worth-Arlington, TX",49824,11626,48006,11586,2001
19100,"Dallas-Fort Worth-Arlington, TX",51566,12148,50396,12102,2002
19100,"Dallas-Fort Worth-Arlington, TX",52807,11364,52807,11364,2003
19100,"Dallas-Fort Worth-Arlington, TX",54170,7675,52300,7470,2004
19100,"Dallas-Fort Worth-Arlington, TX",59895,9812,57668,9760,2005
19100,"Dallas-Fort Worth-Arlington, TX",56503,11998,55515,11998,2006
19100,"Dallas-Fort Worth-Arlington, TX",43558,14508,42742,14433,2007
19100,"Dallas-Fort Worth-Arlington, TX",36318,17966,35500,17645,2008
19100,"Dallas-Fort Worth-Arlington, TX",20364,5933,19811,5779,2009
19100,"Dallas-Fort Worth-Arlington, TX",19555,4990,18958,4845,2010
19100,"Dallas-Fort Worth-Arlington, TX",24825,10701,24187,10503,2011
19100,"Dallas-Fort Worth-Arlington, TX",35038,16652,34556,16567,2012
19100,"Dallas-Fort Worth-Arlington, TX",37908,16244,36606,15571,2013
19100,"Dallas-Fort Worth-Arlington, TX",41279,18520,40586,18520,2014
19100,"Dallas-Fort Worth-Arlington, TX",56993,27606,56059,26987,2015
19100,"Dallas-Fort Worth-Arlington, TX",55625,25489,53089,23869,2016
19100,"Dallas-Fort Worth-Arlington, TX",62317,27382,62133,27377,2017
19100,"Dallas-Fort Worth-Arlington, TX",63609,26213,62049,25887,2018
19100,"Dallas-Fort Worth-Arlington, TX",62708,27094,61881,26987,2019
19100,"Dallas-Fort Worth-Arlington, TX",60812,15758,57843,15246,2020
19100,"Dallas-Fort Worth-Arlington, TX",78705,25241,76703,25204,2021
19100,"Dallas-Fort Worth-Arlington, TX",77927,32242,77393,31991,2022
19100,"Dallas-Fort Worth-Arlington, TX",68029,22315,64959,21058,2023
19100,"Dallas-Fort Worth-Arlington, TX",71788,23150,68021,22817,2024
19100,"Dallas-Fort Worth-Arlington, TX",66179,24607,62740,24452,2025
19140,"Dalton, GA",442,0,296,0,1990
19140,"Dalton, GA",460,0,332,0,1991
19140,"Dalton, GA",549,16,549,16,1992
19140,"Dalton, GA",421,31,421,31,1993
19140,"Dalton, GA",595,10,595,10,1994
19140,"Dalton, GA",740,67,740,67,1995
19140,"Dalton, GA",720,34,720,34,1996
19140,"Dalton, GA",684,32,684,32,1997
19140,"Dalton, GA",666,78,666,78,1998
19140,"Dalton, GA",718,103,718,103,1999
19140,"Dalton, GA",1099,446,1099,446,2000
19140,"Dalton, GA",885,202,839,194,2001
19140,"Dalton, GA",716,54,716,54,2002
19140,"Dalton, GA",859,202,859,202,2003
19140,"Dalton, GA",813,79,700,11,2004
19140,"Dalton, GA",1037,119,533,8,2005
19140,"Dalton, GA",933,155,575,68,2006
19140,"Dalton, GA",670,91,356,11,2007
19140,"Dalton, GA",302,65,163,0,2008
19140,"Dalton, GA",138,6,114,6,2009
19140,"Dalton, GA",101,11,86,6,2010
19140,"Dalton, GA",63,0,51,0,2011
19140,"Dalton, GA",63,0,47,0,2012
19140,"Dalton, GA",69,0,20,0,2013
19140,"Dalton, GA",121,6,121,6,2014
19140,"Dalton, GA",159,10,38,0,2015
19140,"Dalton, GA",173,9,0,0,2016
19140,"Dalton, GA",343,116,343,116,2017
19140,"Dalton, GA",321,16,321,16,2018
19140,"Dalton, GA",326,18,4,0,2019
19140,"Dalton, GA",445,35,445,35,2020
19140,"Dalton, GA",732,303,732,303,2021
19140,"Dalton, GA",480,30,473,30,2022
19140,"Dalton, GA",496,44,179,24,2023
19140,"Dalton, GA",515,45,39,5,2024
19140,"Dalton, GA",550,5,449,0,2025
19300,"Daphne-Fairhope-Foley, AL",328,0,328,0,1990
19300,"Daphne-Fairhope-Foley, AL",1209,122,1209,122,1991
19300,"Daphne-Fairhope-Foley, AL",1442,0,1442,0,1992
19300,"Daphne-Fairhope-Foley, AL",2564,490,2430,490,1993
19300,"Daphne-Fairhope-Foley, AL",3209,1099,2173,1099,1994
19300,"Daphne-Fairhope-Foley, AL",3103,1324,2801,1279,1995
19300,"Daphne-Fairhope-Foley, AL",2691,718,2680,718,1996
19300,"Daphne-Fairhope-Foley, AL",2306,582,2306,582,1997
19300,"Daphne-Fairhope-Foley, AL",2659,947,2659,947,1998
19300,"Daphne-Fairhope-Foley, AL",2556,648,2484,648,1999
19300,"Daphne-Fairhope-Foley, AL",2472,607,2364,607,2000
19300,"Daphne-Fairhope-Foley, AL",2087,310,2064,310,2001
19300,"Daphne-Fairhope-Foley, AL",2206,173,2161,173,2002
19300,"Daphne-Fairhope-Foley, AL",3918,942,3918,942,2003
19300,"Daphne-Fairhope-Foley, AL",4759,1218,4672,1218,2004
19300,"Daphne-Fairhope-Foley, AL",6715,2530,6604,2530,2005
19300,"Daphne-Fairhope-Foley, AL",5686,2857,5584,2857,2006
19300,"Daphne-Fairhope-Foley, AL",2271,247,1287,247,2007
19300,"Daphne-Fairhope-Foley, AL",2166,863,2043,798,2008
19300,"Daphne-Fairhope-Foley, AL",983,189,983,189,2009
19300,"Daphne-Fairhope-Foley, AL",696,10,696,10,2010
19300,"Daphne-Fairhope-Foley, AL",756,18,756,18,2011
19300,"Daphne-Fairhope-Foley, AL",1184,0,1184,0,2012
19300,"Daphne-Fairhope-Foley, AL",1327,0,1323,0,2013
19300,"Daphne-Fairhope-Foley, AL",1384,0,1217,0,2014
19300,"Daphne-Fairhope-Foley, AL",2203,450,1917,450,2015
19300,"Daphne-Fairhope-Foley, AL",2520,212,2379,212,2016
19300,"Daphne-Fairhope-Foley, AL",2417,20,2370,20,2017
19300,"Daphne-Fairhope-Foley, AL",3047,570,2891,570,2018
19300,"Daphne-Fairhope-Foley, AL",3150,346,3150,346,2019
19300,"Daphne-Fairhope-Foley, AL",3614,205,3493,205,2020
19300,"Daphne-Fairhope-Foley, AL",3705,390,3604,390,2021
19300,"Daphne-Fairhope-Foley, AL",3417,240,3328,240,2022
19300,"Daphne-Fairhope-Foley, AL",4363,1015,4279,1015,2023
19300,"Daphne-Fairhope-Foley, AL",3883,481,3787,481,2024
19300,"Daphne-Fairhope-Foley, AL",2665,132,2570,132,2025
19340,"Davenport-Moline-Rock Island, IA-IL",659,0,658,0,1990
19340,"Davenport-Moline-Rock Island, IA-IL",800,18,796,18,1991
19340,"Davenport-Moline-Rock Island, IA-IL",879,11,859,11,1992
19340,"Davenport-Moline-Rock Island, IA-IL",1045,65,1004,65,1993
19340,"Davenport-Moline-Rock Island, IA-IL",848,0,778,0,1994
19340,"Davenport-Moline-Rock Island, IA-IL",932,145,889,145,1995
19340,"Davenport-Moline-Rock Island, IA-IL",1304,449,1254,449,1996
19340,"Davenport-Moline-Rock Island, IA-IL",1522,659,1373,529,1997
19340,"Davenport-Moline-Rock Island, IA-IL",1302,356,1300,356,1998
19340,"Davenport-Moline-Rock Island, IA-IL",1222,222,1053,82,1999
19340,"Davenport-Moline-Rock Island, IA-IL",1069,215,998,215,2000
19340,"Davenport-Moline-Rock Island, IA-IL",1078,236,1051,236,2001
19340,"Davenport-Moline-Rock Island, IA-IL",1301,291,1276,291,2002
19340,"Davenport-Moline-Rock Island, IA-IL",1279,306,1279,306,2003
19340,"Davenport-Moline-Rock Island, IA-IL",1270,303,1205,303,2004
19340,"Davenport-Moline-Rock Island, IA-IL",1477,373,1404,373,2005
19340,"Davenport-Moline-Rock Island, IA-IL",1155,260,1096,260,2006
19340,"Davenport-Moline-Rock Island, IA-IL",1190,492,1148,492,2007
19340,"Davenport-Moline-Rock Island, IA-IL",487,36,453,36,2008
19340,"Davenport-Moline-Rock Island, IA-IL",727,336,695,336,2009
19340,"Davenport-Moline-Rock Island, IA-IL",702,183,504,86,2010
19340,"Davenport-Moline-Rock Island, IA-IL",635,46,593,46,2011
19340,"Davenport-Moline-Rock Island, IA-IL",686,123,671,123,2012
19340,"Davenport-Moline-Rock Island, IA-IL",617,62,603,62,2013
19340,"Davenport-Moline-Rock Island, IA-IL",655,116,649,116,2014
19340,"Davenport-Moline-Rock Island, IA-IL",751,298,741,298,2015
19340,"Davenport-Moline-Rock Island, IA-IL",647,149,600,130,2016
19340,"Davenport-Moline-Rock Island, IA-IL",750,285,699,264,2017
19340,"Davenport-Moline-Rock Island, IA-IL",559,55,499,38,2018
19340,"Davenport-Moline-Rock Island, IA-IL",801,264,755,246,2019
19340,"Davenport-Moline-Rock Island, IA-IL",582,123,532,102,2020
19340,"Davenport-Moline-Rock Island, IA-IL",629,106,556,82,2021
19340,"Davenport-Moline-Rock Island, IA-IL",597,56,571,51,2022
19340,"Davenport-Moline-Rock Island, IA-IL",614,157,519,127,2023
19340,"Davenport-Moline-Rock Island, IA-IL",965,506,867,456,2024
19340,"Davenport-Moline-Rock Island, IA-IL",595,140,473,78,2025
19430,"Dayton-Kettering-Beavercreek, OH",2241,292,2238,292,1990
19430,"Dayton-Kettering-Beavercreek, OH",2289,396,2268,396,1991
19430,"Dayton-Kettering-Beavercreek, OH",2436,403,2430,403,1992
19430,"Dayton-Kettering-Beavercreek, OH",2731,480,2720,480,1993
19430,"Dayton-Kettering-Beavercreek, OH",3169,949,3068,949,1994
19430,"Dayton-Kettering-Beavercreek, OH",2791,717,2523,537,1995
19430,"Dayton-Kettering-Beavercreek, OH",3596,1551,3244,1308,1996
19430,"Dayton-Kettering-Beavercreek, OH",3247,1197,2996,995,1997
19430,"Dayton-Kettering-Beavercreek, OH",3295,891,3249,891,1998
19430,"Dayton-Kettering-Beavercreek, OH",3250,1028,3166,1028,1999
19430,"Dayton-Kettering-Beavercreek, OH",2509,512,2344,512,2000
19430,"Dayton-Kettering-Beavercreek, OH",2617,280,2617,280,2001
19430,"Dayton-Kettering-Beavercreek, OH",3069,448,3025,448,2002
19430,"Dayton-Kettering-Beavercreek, OH",3918,424,3918,424,2003
19430,"Dayton-Kettering-Beavercreek, OH",3035,326,2890,326,2004
19430,"Dayton-Kettering-Beavercreek, OH",3046,328,2908,328,2005
19430,"Dayton-Kettering-Beavercreek, OH",2050,251,2045,251,2006
19430,"Dayton-Kettering-Beavercreek, OH",1514,52,1475,52,2007
19430,"Dayton-Kettering-Beavercreek, OH",1195,215,1195,215,2008
19430,"Dayton-Kettering-Beavercreek, OH",779,30,768,30,2009
19430,"Dayton-Kettering-Beavercreek, OH",731,80,689,80,2010
19430,"Dayton-Kettering-Beavercreek, OH",727,0,727,0,2011
19430,"Dayton-Kettering-Beavercreek, OH",1114,196,1114,196,2012
19430,"Dayton-Kettering-Beavercreek, OH",816,25,813,25,2013
19430,"Dayton-Kettering-Beavercreek, OH",779,0,711,0,2014
19430,"Dayton-Kettering-Beavercreek, OH",980,82,853,82,2015
19430,"Dayton-Kettering-Beavercreek, OH",1282,323,1181,323,2016
19430,"Dayton-Kettering-Beavercreek, OH",1251,166,1244,166,2017
19430,"Dayton-Kettering-Beavercreek, OH",1577,421,1275,421,2018
19430,"Dayton-Kettering-Beavercreek, OH",1231,122,1223,122,2019
19430,"Dayton-Kettering-Beavercreek, OH",1699,453,1415,453,2020
19430,"Dayton-Kettering-Beavercreek, OH",2039,496,1724,197,2021
19430,"Dayton-Kettering-Beavercreek, OH",2265,934,1901,585,2022
19430,"Dayton-Kettering-Beavercreek, OH",1766,548,1240,287,2023
19430,"Dayton-Kettering-Beavercreek, OH",2056,571,1750,323,2024
19430,"Dayton-Kettering-Beavercreek, OH",1986,532,1674,242,2025
19460,"Decatur, AL",581,67,573,67,1990
19460,"Decatur, AL",489,45,474,45,1991
19460,"Decatur, AL",585,10,585,10,1992
19460,"Decatur, AL",601,18,513,13,1993
19460,"Decatur, AL",438,23,340,8,1994
19460,"Decatur, AL",508,146,404,136,1995
19460,"Decatur, AL",663,261,625,261,1996
19460,"Decatur, AL",397,30,350,20,1997
19460,"Decatur, AL",552,90,453,55,1998
19460,"Decatur, AL",440,79,288,24,1999
19460,"Decatur, AL",399,0,399,0,2000
19460,"Decatur, AL",313,5,240,0,2001
19460,"Decatur, AL",409,0,409,0,2002
19460,"Decatur, AL",429,6,429,6,2003
19460,"Decatur, AL",374,0,374,0,2004
19460,"Decatur, AL",400,0,393,0,2005
19460,"Decatur, AL",336,0,336,0,2006
19460,"Decatur, AL",467,64,467,64,2007
19460,"Decatur, AL",195,12,195,12,2008
19460,"Decatur, AL",93,0,93,0,2009
19460,"Decatur, AL",165,0,165,0,2010
19460,"Decatur, AL",103,0,95,0,2011
19460,"Decatur, AL",142,0,135,0,2012
19460,"Decatur, AL",140,0,132,0,2013
19460,"Decatur, AL",136,0,128,0,2014
19460,"Decatur, AL",139,0,129,0,2015
19460,"Decatur, AL",194,0,194,0,2016
19460,"Decatur, AL",160,0,155,0,2017
19460,"Decatur, AL",152,0,143,0,2018
19460,"Decatur, AL",177,0,144,0,2019
19460,"Decatur, AL",224,8,218,8,2020
19460,"Decatur, AL",226,0,226,0,2021
19460,"Decatur, AL",279,0,268,0,2022
19460,"Decatur, AL",319,0,319,0,2023
19460,"Decatur, AL",234,0,234,0,2024
19460,"Decatur, AL",406,135,406,135,2025
19500,"Decatur, IL",242,12,241,12,1990
19500,"Decatur, IL",221,0,218,0,1991
19500,"Decatur, IL",266,20,263,20,1992
19500,"Decatur, IL",267,22,267,22,1993
19500,"Decatur, IL",319,107,318,107,1994
19500,"Decatur, IL",402,208,401,208,1995
19500,"Decatur, IL",338,6,323,6,1996
19500,"Decatur, IL",378,132,364,132,1997
19500,"Decatur, IL",341,60,340,60,1998
19500,"Decatur, IL",265,0,255,0,1999
19500,"Decatur, IL",361,112,344,112,2000
19500,"Decatur, IL",225,8,225,8,2001
19500,"Decatur, IL",393,215,369,206,2002
19500,"Decatur, IL",526,78,526,78,2003
19500,"Decatur, IL",357,27,249,0,2004
19500,"Decatur, IL",306,60,304,60,2005
19500,"Decatur, IL",411,80,409,80,2006
19500,"Decatur, IL",146,0,144,0,2007
19500,"Decatur, IL",453,35,453,35,2008
19500,"Decatur, IL",93,0,93,0,2009
19500,"Decatur, IL",101,0,101,0,2010
19500,"Decatur, IL",84,8,81,8,2011
19500,"Decatur, IL",79,16,76,16,2012
19500,"Decatur, IL",79,12,74,12,2013
19500,"Decatur, IL",53,12,50,12,2014
19500,"Decatur, IL",47,0,46,0,2015
19500,"Decatur, IL",56,0,56,0,2016
19500,"Decatur, IL",39,0,39,0,2017
19500,"Decatur, IL",37,0,37,0,2018
19500,"Decatur, IL",35,0,35,0,2019
19500,"Decatur, IL",31,0,31,0,2020
19500,"Decatur, IL",33,0,33,0,2021
19500,"Decatur, IL",21,0,21,0,2022
19500,"Decatur, IL",34,0,34,0,2023
19500,"Decatur, IL",57,0,57,0,2024
19500,"Decatur, IL",38,0,38,0,2025
19660,"Deltona-Daytona Beach-Ormond Beach, FL",4751,512,4648,507,1990
19660,"Deltona-Daytona Beach-Ormond Beach, FL",3803,702,3749,702,1991
19660,"Deltona-Daytona Beach-Ormond Beach, FL",3336,139,3333,139,1992
19660,"Deltona-Daytona Beach-Ormond Beach, FL",3675,578,3670,578,1993
19660,"Deltona-Daytona Beach-Ormond Beach, FL",3409,336,3403,336,1994
19660,"Deltona-Daytona Beach-Ormond Beach, FL",3600,761,3598,761,1995
19660,"Deltona-Daytona Beach-Ormond Beach, FL",3455,110,3455,110,1996
19660,"Deltona-Daytona Beach-Ormond Beach, FL",3551,111,3549,111,1997
19660,"Deltona-Daytona Beach-Ormond Beach, FL",4329,138,4327,138,1998
19660,"Deltona-Daytona Beach-Ormond Beach, FL",5265,601,5101,601,1999
19660,"Deltona-Daytona Beach-Ormond Beach, FL",5032,458,4918,458,2000
19660,"Deltona-Daytona Beach-Ormond Beach, FL",6193,1238,6016,1200,2001
19660,"Deltona-Daytona Beach-Ormond Beach, FL",7259,789,7258,789,2002
19660,"Deltona-Daytona Beach-Ormond Beach, FL",10721,1511,10721,1511,2003
19660,"Deltona-Daytona Beach-Ormond Beach, FL",11644,2092,11146,1761,2004
19660,"Deltona-Daytona Beach-Ormond Beach, FL",10869,2154,9766,1645,2005
19660,"Deltona-Daytona Beach-Ormond Beach, FL",5654,1194,5217,906,2006
19660,"Deltona-Daytona Beach-Ormond Beach, FL",2752,638,2173,360,2007
19660,"Deltona-Daytona Beach-Ormond Beach, FL",2014,702,1726,499,2008
19660,"Deltona-Daytona Beach-Ormond Beach, FL",834,74,711,0,2009
19660,"Deltona-Daytona Beach-Ormond Beach, FL",993,182,848,106,2010
19660,"Deltona-Daytona Beach-Ormond Beach, FL",1176,511,999,414,2011
19660,"Deltona-Daytona Beach-Ormond Beach, FL",1003,0,999,0,2012
19660,"Deltona-Daytona Beach-Ormond Beach, FL",2151,320,2132,320,2013
19660,"Deltona-Daytona Beach-Ormond Beach, FL",1921,170,1897,170,2014
19660,"Deltona-Daytona Beach-Ormond Beach, FL",2047,142,1725,0,2015
19660,"Deltona-Daytona Beach-Ormond Beach, FL",2696,404,2688,404,2016
19660,"Deltona-Daytona Beach-Ormond Beach, FL",3054,26,2632,26,2017
19660,"Deltona-Daytona Beach-Ormond Beach, FL",3859,309,3647,309,2018
19660,"Deltona-Daytona Beach-Ormond Beach, FL",4753,769,3863,769,2019
19660,"Deltona-Daytona Beach-Ormond Beach, FL",6443,1279,5756,1109,2020
19660,"Deltona-Daytona Beach-Ormond Beach, FL",8214,956,7545,956,2021
19660,"Deltona-Daytona Beach-Ormond Beach, FL",8746,2115,8273,2115,2022
19660,"Deltona-Daytona Beach-Ormond Beach, FL",7082,1346,6481,1341,2023
19660,"Deltona-Daytona Beach-Ormond Beach, FL",5991,681,5478,681,2024
19660,"Deltona-Daytona Beach-Ormond Beach, FL",5412,1066,5196,1056,2025
19740,"Denver-Aurora-Centennial, CO",4757,76,4754,76,1990
19740,"Denver-Aurora-Centennial, CO",6461,201,6338,201,1991
19740,"Denver-Aurora-Centennial, CO",11011,1485,10990,1485,1992
19740,"Denver-Aurora-Centennial, CO",13743,2022,13405,2022,1993
19740,"Denver-Aurora-Centennial, CO",17921,4435,17893,4435,1994
19740,"Denver-Aurora-Centennial, CO",17964,4954,17694,4770,1995
19740,"Denver-Aurora-Centennial, CO",18164,4228,17643,3806,1996
19740,"Denver-Aurora-Centennial, CO",20323,5600,19900,5579,1997
19740,"Denver-Aurora-Centennial, CO",23908,7649,23866,7649,1998
19740,"Denver-Aurora-Centennial, CO",23683,5315,23108,5264,1999
19740,"Denver-Aurora-Centennial, CO",27571,10784,27376,10759,2000
19740,"Denver-Aurora-Centennial, CO",27709,11840,27315,11598,2001
19740,"Denver-Aurora-Centennial, CO",22378,7390,22213,7383,2002
19740,"Denver-Aurora-Centennial, CO",17359,2835,17359,2835,2003
19740,"Denver-Aurora-Centennial, CO",21836,2889,21755,2889,2004
19740,"Denver-Aurora-Centennial, CO",20849,2756,20758,2756,2005
19740,"Denver-Aurora-Centennial, CO",18070,4531,18015,4531,2006
19740,"Denver-Aurora-Centennial, CO",14217,5984,14211,5984,2007
19740,"Denver-Aurora-Centennial, CO",8814,4605,8814,4605,2008
19740,"Denver-Aurora-Centennial, CO",4112,1279,4100,1279,2009
19740,"Denver-Aurora-Centennial, CO",5042,1135,5041,1135,2010
19740,"Denver-Aurora-Centennial, CO",6673,2782,6653,2782,2011
19740,"Denver-Aurora-Centennial, CO",13760,7915,13689,7915,2012
19740,"Denver-Aurora-Centennial, CO",15475,8188,15391,8188,2013
19740,"Denver-Aurora-Centennial, CO",15767,7332,15702,7332,2014
19740,"Denver-Aurora-Centennial, CO",18326,8678,18318,8678,2015
19740,"Denver-Aurora-Centennial, CO",21947,11214,21865,11214,2016
19740,"Denver-Aurora-Centennial, CO",22735,11391,22691,11391,2017
19740,"Denver-Aurora-Centennial, CO",21729,9563,21527,9478,2018
19740,"Denver-Aurora-Centennial, CO",19308,8037,19281,8037,2019
19740,"Denver-Aurora-Centennial, CO",19732,8145,19568,8108,2020
19740,"Denver-Aurora-Centennial, CO",30006,16028,29931,16028,2021
19740,"Denver-Aurora-Centennial, CO",23009,12342,22518,12042,2022
19740,"Denver-Aurora-Centennial, CO",20650,11362,20413,11294,2023
19740,"Denver-Aurora-Centennial, CO",15570,6429,15107,6202,2024
19740,"Denver-Aurora-Centennial, CO",15948,8195,15043,7528,2025
19780,"Des Moines-West Des Moines, IA",2801,927,2782,927,1990
19780,"Des Moines-West Des Moines, IA",2491,456,2489,456,1991
19780,"Des Moines-West Des Moines, IA",3598,1031,3598,1031,1992
19780,"Des Moines-West Des Moines, IA",3001,542,2992,542,1993
19780,"Des Moines-West Des Moines, IA",4111,1528,4095,1528,1994
19780,"Des Moines-West Des Moines, IA",3596,1114,3472,1094,1995
19780,"Des Moines-West Des Moines, IA",3603,901,3565,901,1996
19780,"Des Moines-West Des Moines, IA",2712,364,2682,364,1997
19780,"Des Moines-West Des Moines, IA",3888,736,3871,736,1998
19780,"Des Moines-West Des Moines, IA",3970,489,3883,489,1999
19780,"Des Moines-West Des Moines, IA",3259,446,3227,446,2000
19780,"Des Moines-West Des Moines, IA",4129,910,4091,910,2001
19780,"Des Moines-West Des Moines, IA",4988,1168,4719,1130,2002
19780,"Des Moines-West Des Moines, IA",5623,920,5623,920,2003
19780,"Des Moines-West Des Moines, IA",5570,716,5512,716,2004
19780,"Des Moines-West Des Moines, IA",6437,1093,6422,1093,2005
19780,"Des Moines-West Des Moines, IA",5220,1205,5189,1205,2006
19780,"Des Moines-West Des Moines, IA",3900,579,3775,566,2007
19780,"Des Moines-West Des Moines, IA",2959,1075,2924,1070,2008
19780,"Des Moines-West Des Moines, IA",2520,640,2505,640,2009
19780,"Des Moines-West Des Moines, IA",2847,511,2821,511,2010
19780,"Des Moines-West Des Moines, IA",2668,352,2627,347,2011
19780,"Des Moines-West Des Moines, IA",4197,1342,4181,1342,2012
19780,"Des Moines-West Des Moines, IA",4960,1504,4953,1504,2013
19780,"Des Moines-West Des Moines, IA",4469,1423,4447,1423,2014
19780,"Des Moines-West Des Moines, IA",5750,2016,5724,2016,2015
19780,"Des Moines-West Des Moines, IA",6756,2891,6728,2866,2016
19780,"Des Moines-West Des Moines, IA",6444,2623,6424,2623,2017
19780,"Des Moines-West Des Moines, IA",4998,1624,4953,1609,2018
19780,"Des Moines-West Des Moines, IA",5269,1312,5235,1282,2019
19780,"Des Moines-West Des Moines, IA",6508,1698,6318,1575,2020
19780,"Des Moines-West Des Moines, IA",6969,1886,6965,1886,2021
19780,"Des Moines-West Des Moines, IA",6122,2309,5915,2234,2022
19780,"Des Moines-West Des Moines, IA",5000,1201,4980,1201,2023
19780,"Des Moines-West Des Moines, IA",5064,1221,5047,1221,2024
19780,"Des Moines-West Des Moines, IA",6249,2675,6212,2668,2025
19820,"Detroit-Warren-Dearborn, MI",15485,4104,15456,4104,1990
19820,"Detroit-Warren-Dearborn, MI",13559,2552,12849,2406,1991
19820,"Detroit-Warren-Dearborn, MI",14770,2202,14733,2187,1992
19820,"Detroit-Warren-Dearborn, MI",15464,2244,14774,1934,1993
19820,"Detroit-Warren-Dearborn, MI",18422,3008,17712,2732,1994
19820,"Detroit-Warren-Dearborn, MI",18786,2547,18195,2313,1995
19820,"Detroit-Warren-Dearborn, MI",20951,3091,20665,3091,1996
19820,"Detroit-Warren-Dearborn, MI",19159,1970,18665,1903,1997
19820,"Detroit-Warren-Dearborn, MI",22330,3764,21898,3697,1998
19820,"Detroit-Warren-Dearborn, MI",20579,2752,20232,2703,1999
19820,"Detroit-Warren-Dearborn, MI",19313,2479,18830,2434,2000
19820,"Detroit-Warren-Dearborn, MI",17566,2934,17313,2929,2001
19820,"Detroit-Warren-Dearborn, MI",19034,2995,18676,2985,2002
19820,"Detroit-Warren-Dearborn, MI",19900,2967,19900,2967,2003
19820,"Detroit-Warren-Dearborn, MI",21808,3816,21487,3806,2004
19820,"Detroit-Warren-Dearborn, MI",16392,2314,16069,2296,2005
19820,"Detroit-Warren-Dearborn, MI",8920,1161,8546,1141,2006
19820,"Detroit-Warren-Dearborn, MI",4325,420,4072,420,2007
19820,"Detroit-Warren-Dearborn, MI",2590,414,2435,409,2008
19820,"Detroit-Warren-Dearborn, MI",1333,33,1210,33,2009
19820,"Detroit-Warren-Dearborn, MI",3210,581,3089,581,2010
19820,"Detroit-Warren-Dearborn, MI",3366,385,3262,385,2011
19820,"Detroit-Warren-Dearborn, MI",4525,336,4318,306,2012
19820,"Detroit-Warren-Dearborn, MI",6352,645,6203,645,2013
19820,"Detroit-Warren-Dearborn, MI",6295,1205,6033,1132,2014
19820,"Detroit-Warren-Dearborn, MI",7304,1871,7065,1871,2015
19820,"Detroit-Warren-Dearborn, MI",7659,1646,7426,1646,2016
19820,"Detroit-Warren-Dearborn, MI",10089,2919,9724,2919,2017
19820,"Detroit-Warren-Dearborn, MI",7163,801,6762,773,2018
19820,"Detroit-Warren-Dearborn, MI",7813,2378,7548,2378,2019
19820,"Detroit-Warren-Dearborn, MI",7165,1732,6459,1603,2020
19820,"Detroit-Warren-Dearborn, MI",8598,2661,8011,2656,2021
19820,"Detroit-Warren-Dearborn, MI",7945,2876,7518,2876,2022
19820,"Detroit-Warren-Dearborn, MI",6734,1800,6387,1800,2023
19820,"Detroit-Warren-Dearborn, MI",7704,2269,6930,2175,2024
19820,"Detroit-Warren-Dearborn, MI",8805,3223,8501,3223,2025
20020,"Dothan, AL",358,0,358,0,1990
20020,"Dothan, AL",502,151,473,151,1991
20020,"Dothan, AL",379,0,368,0,1992
20020,"Dothan, AL",423,0,410,0,1993
20020,"Dothan, AL",440,12,424,12,1994
20020,"Dothan, AL",509,78,503,78,1995
20020,"Dothan, AL",393,0,386,0,1996
20020,"Dothan, AL",451,69,409,69,1997
20020,"Dothan, AL",511,132,499,132,1998
20020,"Dothan, AL",502,64,483,64,1999
20020,"Dothan, AL",699,298,672,298,2000
20020,"Dothan, AL",398,5,348,0,2001
20020,"Dothan, AL",408,0,395,0,2002
20020,"Dothan, AL",455,6,455,6,2003
20020,"Dothan, AL",731,216,684,216,2004
20020,"Dothan, AL",701,104,692,104,2005
20020,"Dothan, AL",702,0,680,0,2006
20020,"Dothan, AL",351,0,339,0,2007
20020,"Dothan, AL",363,0,331,0,2008
20020,"Dothan, AL",337,48,332,48,2009
20020,"Dothan, AL",321,10,246,5,2010
20020,"Dothan, AL",288,0,231,0,2011
20020,"Dothan, AL",554,315,517,315,2012
20020,"Dothan, AL",389,136,373,136,2013
20020,"Dothan, AL",336,113,311,113,2014
20020,"Dothan, AL",327,12,272,0,2015
20020,"Dothan, AL",360,6,332,6,2016
20020,"Dothan, AL",390,0,374,0,2017
20020,"Dothan, AL",414,55,371,55,2018
20020,"Dothan, AL",423,56,300,56,2019
20020,"Dothan, AL",488,0,348,0,2020
20020,"Dothan, AL",494,0,351,0,2021
20020,"Dothan, AL",498,0,385,0,2022
20020,"Dothan, AL",458,0,323,0,2023
20020,"Dothan, AL",561,96,408,96,2024
20020,"Dothan, AL",590,120,557,120,2025
20100,"Dover, DE",822,242,822,242,1990
20100,"Dover, DE",877,202,877,202,1991
20100,"Dover, DE",756,24,756,24,1992
20100,"Dover, DE",947,49,947,49,1993
20100,"Dover, DE",976,186,975,186,1994
20100,"Dover, DE",941,186,941,186,1995
20100,"Dover, DE",659,30,659,30,1996
20100,"Dover, DE",632,0,632,0,1997
20100,"Dover, DE",763,88,763,88,1998
20100,"Dover, DE",866,133,849,125,1999
20100,"Dover, DE",858,5,858,5,2000
20100,"Dover, DE",1018,60,1018,60,2001
20100,"Dover, DE",1452,0,1430,0,2002
20100,"Dover, DE",2167,380,2167,380,2003
20100,"Dover, DE",2178,132,2149,132,2004
20100,"Dover, DE",2182,182,2138,182,2005
20100,"Dover, DE",1703,192,1658,192,2006
20100,"Dover, DE",1484,139,1464,139,2007
20100,"Dover, DE",988,164,976,164,2008
20100,"Dover, DE",806,78,712,54,2009
20100,"Dover, DE",813,135,683,100,2010
20100,"Dover, DE",680,124,668,114,2011
20100,"Dover, DE",865,148,848,138,2012
20100,"Dover, DE",889,54,889,54,2013
20100,"Dover, DE",998,72,998,72,2014
20100,"Dover, DE",1061,220,1060,220,2015
20100,"Dover, DE",1276,144,1267,144,2016
20100,"Dover, DE",1554,367,1546,367,2017
20100,"Dover, DE",1459,121,1424,106,2018
20100,"Dover, DE",1340,82,1320,82,2019
20100,"Dover, DE",2136,385,2113,385,2020
20100,"Dover, DE",1873,147,1847,147,2021
20100,"Dover, DE",1056,24,1056,24,2022
20100,"Dover, DE",1105,198,1104,198,2023
20100,"Dover, DE",1201,116,1198,116,2024
20100,"Dover, DE",1261,195,1261,195,2025
20220,"Dubuque, IA",346,55,346,55,1990
20220,"Dubuque, IA",296,18,295,18,1991
20220,"Dubuque, IA",462,68,462,68,1992
20220,"Dubuque, IA",454,65,454,65,1993
20220,"Dubuque, IA",441,104,439,104,1994
20220,"Dubuque, IA",458,96,458,96,1995
20220,"Dubuque, IA",331,59,331,59,1996
20220,"Dubuque, IA",303,75,303,75,1997
20220,"Dubuque, IA",364,58,364,58,1998
20220,"Dubuque, IA",320,17,319,17,1999
20220,"Dubuque, IA",341,12,341,12,2000
20220,"Dubuque, IA",441,58,441,58,2001
20220,"Dubuque, IA",497,61,497,61,2002
20220,"Dubuque, IA",541,70,541,70,2003
20220,"Dubuque, IA",872,401,869,401,2004
20220,"Dubuque, IA",560,46,557,46,2005
20220,"Dubuque, IA",411,14,411,14,2006
20220,"Dubuque, IA",367,12,366,12,2007
20220,"Dubuque, IA",214,0,213,0,2008
20220,"Dubuque, IA",435,102,435,102,2009
20220,"Dubuque, IA",548,189,548,189,2010
20220,"Dubuque, IA",410,106,405,106,2011
20220,"Dubuque, IA",395,90,395,90,2012
20220,"Dubuque, IA",339,0,339,0,2013
20220,"Dubuque, IA",276,18,276,18,2014
20220,"Dubuque, IA",255,6,255,6,2015
20220,"Dubuque, IA",368,84,368,84,2016
20220,"Dubuque, IA",241,0,241,0,2017
20220,"Dubuque, IA",322,71,318,71,2018
20220,"Dubuque, IA",262,59,262,59,2019
20220,"Dubuque, IA",277,92,234,92,2020
20220,"Dubuque, IA",537,356,536,356,2021
20220,"Dubuque, IA",163,0,163,0,2022
20220,"Dubuque, IA",195,56,195,56,2023
20220,"Dubuque, IA",474,319,474,319,2024
20220,"Dubuque, IA",334,164,332,164,2025
20260,"Duluth, MN-WI",701,18,661,18,1990
20260,"Duluth, MN-WI",902,178,875,178,1991
20260,"Duluth, MN-WI",1051,106,1013,84,1992
20260,"Duluth, MN-WI",1057,64,827,14,1993
20260,"Duluth, MN-WI",1037,152,820,86,1994
20260,"Duluth, MN-WI",922,81,774,33,1995
20260,"Duluth, MN-WI",854,30,814,30,1996
20260,"Duluth, MN-WI",815,82,801,82,1997
20260,"Duluth, MN-WI",1205,142,1191,142,1998
20260,"Duluth, MN-WI",1169,204,1087,194,1999
20260,"Duluth, MN-WI",1136,110,1073,105,2000
20260,"Duluth, MN-WI",1012,5,944,5,2001
20260,"Duluth, MN-WI",1092,33,1029,33,2002
20260,"Duluth, MN-WI",1349,96,1349,96,2003
20260,"Duluth, MN-WI",1715,329,1674,294,2004
20260,"Duluth, MN-WI",1477,240,1316,157,2005
20260,"Duluth, MN-WI",1192,190,906,56,2006
20260,"Duluth, MN-WI",1001,137,793,50,2007
20260,"Duluth, MN-WI",785,134,662,74,2008
20260,"Duluth, MN-WI",552,82,469,42,2009
20260,"Duluth, MN-WI",486,68,401,38,2010
20260,"Duluth, MN-WI",444,78,313,23,2011
20260,"Duluth, MN-WI",474,120,321,35,2012
20260,"Duluth, MN-WI",472,106,434,106,2013
20260,"Duluth, MN-WI",598,138,535,118,2014
20260,"Duluth, MN-WI",841,368,795,368,2015
20260,"Duluth, MN-WI",621,87,577,82,2016
20260,"Duluth, MN-WI",665,153,630,153,2017
20260,"Duluth, MN-WI",736,189,693,189,2018
20260,"Duluth, MN-WI",970,471,941,471,2019
20260,"Duluth, MN-WI",494,160,455,160,2020
20260,"Duluth, MN-WI",627,140,615,140,2021
20260,"Duluth, MN-WI",671,187,655,187,2022
20260,"Duluth, MN-WI",770,276,764,276,2023
20260,"Duluth, MN-WI",858,360,848,360,2024
20260,"Duluth, MN-WI",647,206,636,206,2025
20500,"Durham-Chapel Hill, NC",2497,730,2479,725,1990
20500,"Durham-Chapel Hill, NC",2040,137,2021,122,1991
20500,"Durham-Chapel Hill, NC",2496,219,2474,219,1992
20500,"Durham-Chapel Hill, NC",2547,191,2522,191,1993
20500,"Durham-Chapel Hill, NC",3828,1268,3803,1263,1994
20500,"Durham-Chapel Hill, NC",3591,1047,3558,1047,1995
20500,"Durham-Chapel Hill, NC",3648,998,3614,998,1996
20500,"Durham-Chapel Hill, NC",5093,2188,5072,2183,1997
20500,"Durham-Chapel Hill, NC",4812,1364,4705,1304,1998
20500,"Durham-Chapel Hill, NC",5569,1990,5569,1990,1999
20500,"Durham-Chapel Hill, NC",4531,1304,4310,1294,2000
20500,"Durham-Chapel Hill, NC",5776,2151,5068,2141,2001
20500,"Durham-Chapel Hill, NC",4696,1079,4111,1079,2002
20500,"Durham-Chapel Hill, NC",5103,1056,5103,1056,2003
20500,"Durham-Chapel Hill, NC",4977,832,4333,832,2004
20500,"Durham-Chapel Hill, NC",4393,154,3644,154,2005
20500,"Durham-Chapel Hill, NC",4373,887,4045,871,2006
20500,"Durham-Chapel Hill, NC",3254,248,3100,175,2007
20500,"Durham-Chapel Hill, NC",2498,325,2498,325,2008
20500,"Durham-Chapel Hill, NC",2657,1285,2657,1285,2009
20500,"Durham-Chapel Hill, NC",1913,371,1913,371,2010
20500,"Durham-Chapel Hill, NC",1924,354,1821,329,2011
20500,"Durham-Chapel Hill, NC",3314,1701,3314,1701,2012
20500,"Durham-Chapel Hill, NC",4694,2699,4694,2699,2013
20500,"Durham-Chapel Hill, NC",2587,418,2587,418,2014
20500,"Durham-Chapel Hill, NC",4411,1709,4411,1709,2015
20500,"Durham-Chapel Hill, NC",4382,1403,3442,987,2016
20500,"Durham-Chapel Hill, NC",4924,1638,2569,757,2017
20500,"Durham-Chapel Hill, NC",5416,2059,2055,737,2018
20500,"Durham-Chapel Hill, NC",5454,2200,5444,2200,2019
20500,"Durham-Chapel Hill, NC",5190,1952,5132,1952,2020
20500,"Durham-Chapel Hill, NC",5683,2121,5683,2121,2021
20500,"Durham-Chapel Hill, NC",6172,3083,6172,3083,2022
20500,"Durham-Chapel Hill, NC",6991,3991,5077,2944,2023
20500,"Durham-Chapel Hill, NC",3858,989,3520,792,2024
20500,"Durham-Chapel Hill, NC",6100,2263,5541,2084,2025
20580,"Eagle Pass, TX",65,0,65,0,1990
20580,"Eagle Pass, TX",63,6,63,6,1991
20580,"Eagle Pass, TX",97,24,97,24,1992
20580,"Eagle Pass, TX",100,0,100,0,1993
20580,"Eagle Pass, TX",144,0,132,0,1994
20580,"Eagle Pass, TX",276,126,276,126,1995
20580,"Eagle Pass, TX",137,20,137,20,1996
20580,"Eagle Pass, TX",105,5,105,5,1997
20580,"Eagle Pass, TX",184,24,184,24,1998
20580,"Eagle Pass, TX",216,13,216,13,1999
20580,"Eagle Pass, TX",179,18,179,18,2000
20580,"Eagle Pass, TX",202,16,202,16,2001
20580,"Eagle Pass, TX",203,8,203,8,2002
20580,"Eagle Pass, TX",212,26,212,26,2003
20580,"Eagle Pass, TX",226,9,226,9,2004
20580,"Eagle Pass, TX",227,10,227,10,2005
20580,"Eagle Pass, TX",168,0,168,0,2006
20580,"Eagle Pass, TX",110,0,110,0,2007
20580,"Eagle Pass, TX",95,10,95,10,2008
20580,"Eagle Pass, TX",231,120,231,120,2009
20580,"Eagle Pass, TX",205,36,205,36,2010
20580,"Eagle Pass, TX",136,68,136,68,2011
20580,"Eagle Pass, TX",79,0,79,0,2012
20580,"Eagle Pass, TX",113,31,113,31,2013
20580,"Eagle Pass, TX",99,8,99,8,2014
20580,"Eagle Pass, TX",95,8,95,8,2015
20580,"Eagle Pass, TX",76,0,76,0,2016
20580,"Eagle Pass, TX",75,0,75,0,2017
20580,"Eagle Pass, TX",72,0,67,0,2018
20580,"Eagle Pass, TX",92,0,92,0,2019
20580,"Eagle Pass, TX",139,0,139,0,2020
20580,"Eagle Pass, TX",135,0,135,0,2021
20580,"Eagle Pass, TX",101,0,101,0,2022
20580,"Eagle Pass, TX",72,0,51,0,2023
20580,"Eagle Pass, TX",77,8,77,8,2024
20580,"Eagle Pass, TX",94,12,94,12,2025
20740,"Eau Claire, WI",510,85,510,85,1990
20740,"Eau Claire, WI",479,80,466,80,1991
20740,"Eau Claire, WI",759,170,759,170,1992
20740,"Eau Claire, WI",693,11,670,11,1993
20740,"Eau Claire, WI",746,121,654,121,1994
20740,"Eau Claire, WI",809,105,706,105,1995
20740,"Eau Claire, WI",965,96,965,96,1996
20740,"Eau Claire, WI",1078,100,1072,100,1997
20740,"Eau Claire, WI",1205,163,1197,163,1998
20740,"Eau Claire, WI",1098,65,1088,65,1999
20740,"Eau Claire, WI",1173,135,1165,135,2000
20740,"Eau Claire, WI",1422,237,1413,237,2001
20740,"Eau Claire, WI",1370,312,1361,312,2002
20740,"Eau Claire, WI",1162,136,1162,136,2003
20740,"Eau Claire, WI",1102,91,1080,86,2004
20740,"Eau Claire, WI",970,118,939,118,2005
20740,"Eau Claire, WI",782,86,770,86,2006
20740,"Eau Claire, WI",651,84,634,84,2007
20740,"Eau Claire, WI",480,61,472,61,2008
20740,"Eau Claire, WI",421,26,409,26,2009
20740,"Eau Claire, WI",357,27,347,27,2010
20740,"Eau Claire, WI",364,64,364,64,2011
20740,"Eau Claire, WI",605,216,603,216,2012
20740,"Eau Claire, WI",656,260,576,223,2013
20740,"Eau Claire, WI",463,84,386,44,2014
20740,"Eau Claire, WI",677,226,577,181,2015
20740,"Eau Claire, WI",763,212,655,152,2016
20740,"Eau Claire, WI",568,54,552,54,2017
20740,"Eau Claire, WI",762,124,755,124,2018
20740,"Eau Claire, WI",745,157,745,157,2019
20740,"Eau Claire, WI",992,359,991,359,2020
20740,"Eau Claire, WI",1279,610,1276,610,2021
20740,"Eau Claire, WI",1030,403,1030,403,2022
20740,"Eau Claire, WI",1501,1012,1501,1012,2023
20740,"Eau Claire, WI",954,467,954,467,2024
20740,"Eau Claire, WI",946,479,936,479,2025
20940,"El Centro, CA",1087,512,1087,512,1990
20940,"El Centro, CA",837,130,729,73,1991
20940,"El Centro, CA",1001,95,1001,95,1992
20940,"El Centro, CA",627,50,627,50,1993
20940,"El Centro, CA",834,130,794,130,1994
20940,"El Centro, CA",492,107,492,107,1995
20940,"El Centro, CA",352,5,344,0,1996
20940,"El Centro, CA",342,40,332,40,1997
20940,"El Centro, CA",433,66,433,66,1998
20940,"El Centro, CA",339,0,339,0,1999
20940,"El Centro, CA",773,177,766,177,2000
20940,"El Centro, CA",1057,486,1055,486,2001
20940,"El Centro, CA",1021,166,1021,166,2002
20940,"El Centro, CA",1201,143,1201,143,2003
20940,"El Centro, CA",1778,344,1241,247,2004
20940,"El Centro, CA",2191,210,1549,95,2005
20940,"El Centro, CA",2203,238,1781,144,2006
20940,"El Centro, CA",969,248,969,248,2007
20940,"El Centro, CA",511,239,460,223,2008
20940,"El Centro, CA",196,6,192,6,2009
20940,"El Centro, CA",102,0,102,0,2010
20940,"El Centro, CA",257,128,256,128,2011
20940,"El Centro, CA",287,72,287,72,2012
20940,"El Centro, CA",303,6,247,6,2013
20940,"El Centro, CA",246,54,246,54,2014
20940,"El Centro, CA",293,174,242,131,2015
20940,"El Centro, CA",215,0,213,0,2016
20940,"El Centro, CA",191,0,191,0,2017
20940,"El Centro, CA",400,124,400,124,2018
20940,"El Centro, CA",398,132,387,132,2019
20940,"El Centro, CA",480,161,468,161,2020
20940,"El Centro, CA",555,108,555,108,2021
20940,"El Centro, CA",551,168,412,168,2022
20940,"El Centro, CA",263,69,164,0,2023
20940,"El Centro, CA",253,92,253,92,2024
20940,"El Centro, CA",242,0,242,0,2025
21060,"Elizabethtown, KY",292,68,292,68,1990
21060,"Elizabethtown, KY",457,50,453,50,1991
21060,"Elizabethtown, KY",622,0,617,0,1992
21060,"Elizabethtown, KY",528,37,494,32,1993
21060,"Elizabethtown, KY",539,34,489,24,1994
21060,"Elizabethtown, KY",598,115,512,85,1995
21060,"Elizabethtown, KY",670,46,659,46,1996
21060,"Elizabethtown, KY",867,209,697,209,1997
21060,"Elizabethtown, KY",878,174,690,174,1998
21060,"Elizabethtown, KY",807,48,613,48,1999
21060,"Elizabethtown, KY",549,12,432,12,2000
21060,"Elizabethtown, KY",770,45,663,45,2001
21060,"Elizabethtown, KY",799,74,794,74,2002
21060,"Elizabethtown, KY",957,63,957,63,2003
21060,"Elizabethtown, KY",1160,116,1160,116,2004
21060,"Elizabethtown, KY",1325,87,1188,87,2005
21060,"Elizabethtown, KY",1146,132,1146,132,2006
21060,"Elizabethtown, KY",1043,290,928,290,2007
21060,"Elizabethtown, KY",616,100,526,100,2008
21060,"Elizabethtown, KY",460,16,397,16,2009
21060,"Elizabethtown, KY",1242,500,1242,500,2010
21060,"Elizabethtown, KY",714,394,714,394,2011
21060,"Elizabethtown, KY",507,154,497,154,2012
21060,"Elizabethtown, KY",427,106,380,106,2013
21060,"Elizabethtown, KY",407,166,407,166,2014
21060,"Elizabethtown, KY",244,0,244,0,2015
21060,"Elizabethtown, KY",386,129,386,129,2016
21060,"Elizabethtown, KY",425,0,425,0,2017
21060,"Elizabethtown, KY",380,34,380,34,2018
21060,"Elizabethtown, KY",383,24,383,24,2019
21060,"Elizabethtown, KY",632,152,632,152,2020
21060,"Elizabethtown, KY",413,12,413,12,2021
21060,"Elizabethtown, KY",1034,584,1034,584,2022
21060,"Elizabethtown, KY",1742,995,1739,995,2023
21060,"Elizabethtown, KY",1010,464,955,464,2024
21060,"Elizabethtown, KY",491,40,432,40,2025
21140,"Elkhart-Goshen, IN",744,30,734,24,1990
21140,"Elkhart-Goshen, IN",629,30,629,30,1991
21140,"Elkhart-Goshen, IN",892,192,892,192,1992
21140,"Elkhart-Goshen, IN",1032,227,1032,227,1993
21140,"Elkhart-Goshen, IN",988,113,988,113,1994
21140,"Elkhart-Goshen, IN",1043,124,1043,124,1995
21140,"Elkhart-Goshen, IN",1177,101,1158,96,1996
21140,"Elkhart-Goshen, IN",1086,165,1086,165,1997
21140,"Elkhart-Goshen, IN",1412,344,1412,344,1998
21140,"Elkhart-Goshen, IN",1127,58,1127,58,1999
21140,"Elkhart-Goshen, IN",1296,332,1296,332,2000
21140,"Elkhart-Goshen, IN",1054,132,1054,132,2001
21140,"Elkhart-Goshen, IN",1606,554,1606,554,2002
21140,"Elkhart-Goshen, IN",1175,91,1175,91,2003
21140,"Elkhart-Goshen, IN",1163,48,1163,48,2004
21140,"Elkhart-Goshen, IN",1024,6,1024,6,2005
21140,"Elkhart-Goshen, IN",923,0,923,0,2006
21140,"Elkhart-Goshen, IN",681,52,681,52,2007
21140,"Elkhart-Goshen, IN",489,144,489,144,2008
21140,"Elkhart-Goshen, IN",185,48,185,48,2009
21140,"Elkhart-Goshen, IN",234,60,234,60,2010
21140,"Elkhart-Goshen, IN",146,0,146,0,2011
21140,"Elkhart-Goshen, IN",221,0,221,0,2012
21140,"Elkhart-Goshen, IN",303,16,303,16,2013
21140,"Elkhart-Goshen, IN",270,0,270,0,2014
21140,"Elkhart-Goshen, IN",309,0,309,0,2015
21140,"Elkhart-Goshen, IN",354,0,342,0,2016
21140,"Elkhart-Goshen, IN",560,188,547,188,2017
21140,"Elkhart-Goshen, IN",351,0,351,0,2018
21140,"Elkhart-Goshen, IN",350,11,350,11,2019
21140,"Elkhart-Goshen, IN",488,106,488,106,2020
21140,"Elkhart-Goshen, IN",458,63,451,63,2021
21140,"Elkhart-Goshen, IN",387,60,381,60,2022
21140,"Elkhart-Goshen, IN",287,0,283,0,2023
21140,"Elkhart-Goshen, IN",484,136,480,136,2024
21140,"Elkhart-Goshen, IN",777,442,777,442,2025
21300,"Elmira, NY",113,8,97,8,1990
21300,"Elmira, NY",132,8,125,8,1991
21300,"Elmira, NY",152,16,152,16,1992
21300,"Elmira, NY",136,0,108,0,1993
21300,"Elmira, NY",124,12,123,12,1994
21300,"Elmira, NY",125,11,111,11,1995
21300,"Elmira, NY",114,20,100,20,1996
21300,"Elmira, NY",114,19,92,0,1997
21300,"Elmira, NY",136,15,115,0,1998
21300,"Elmira, NY",296,171,263,152,1999
21300,"Elmira, NY",178,21,153,6,2000
21300,"Elmira, NY",179,19,155,0,2001
21300,"Elmira, NY",141,30,109,30,2002
21300,"Elmira, NY",145,30,145,30,2003
21300,"Elmira, NY",95,0,78,0,2004
21300,"Elmira, NY",107,0,89,0,2005
21300,"Elmira, NY",91,0,79,0,2006
21300,"Elmira, NY",92,0,76,0,2007
21300,"Elmira, NY",63,0,55,0,2008
21300,"Elmira, NY",72,32,66,32,2009
21300,"Elmira, NY",76,0,72,0,2010
21300,"Elmira, NY",138,96,138,96,2011
21300,"Elmira, NY",139,80,139,80,2012
21300,"Elmira, NY",81,29,44,0,2013
21300,"Elmira, NY",61,0,32,0,2014
21300,"Elmira, NY",78,32,55,32,2015
21300,"Elmira, NY",41,0,15,0,2016
21300,"Elmira, NY",101,62,99,62,2017
21300,"Elmira, NY",186,151,170,151,2018
21300,"Elmira, NY",220,194,23,0,2019
21300,"Elmira, NY",184,156,25,0,2020
21300,"Elmira, NY",138,116,129,116,2021
21300,"Elmira, NY",81,51,72,51,2022
21300,"Elmira, NY",79,54,19,0,2023
21300,"Elmira, NY",93,63,23,0,2024
21300,"Elmira, NY",98,65,26,0,2025
21340,"El Paso, TX",2111,227,2111,227,1990
21340,"El Paso, TX",1909,239,1907,239,1991
21340,"El Paso, TX",2761,452,2761,452,1992
21340,"El Paso, TX",2681,324,2681,324,1993
21340,"El Paso, TX",3797,1423,3797,1423,1994
21340,"El Paso, TX",2629,288,2629,288,1995
21340,"El Paso, TX",3333,926,3333,926,1996
21340,"El Paso, TX",2713,319,2478,238,1997
21340,"El Paso, TX",3290,24,3287,24,1998
21340,"El Paso, TX",4196,396,4188,396,1999
21340,"El Paso, TX",3203,92,2621,36,2000
21340,"El Paso, TX",3438,33,3221,27,2001
21340,"El Paso, TX",3710,119,833,76,2002
21340,"El Paso, TX",5271,207,5271,207,2003
21340,"El Paso, TX",3942,115,3939,115,2004
21340,"El Paso, TX",5405,829,4990,829,2005
21340,"El Paso, TX",4140,103,3730,103,2006
21340,"El Paso, TX",4379,979,4101,974,2007
21340,"El Paso, TX",3981,944,3928,944,2008
21340,"El Paso, TX",3191,475,3191,475,2009
21340,"El Paso, TX",4549,1412,4452,1412,2010
21340,"El Paso, TX",4153,618,4150,618,2011
21340,"El Paso, TX",4355,1096,4352,1096,2012
21340,"El Paso, TX",4097,939,4094,939,2013
21340,"El Paso, TX",3043,549,3024,549,2014
21340,"El Paso, TX",4491,1869,4487,1869,2015
21340,"El Paso, TX",3054,674,3054,674,2016
21340,"El Paso, TX",3277,669,3145,669,2017
21340,"El Paso, TX",2416,481,2415,481,2018
21340,"El Paso, TX",3066,341,3061,341,2019
21340,"El Paso, TX",2562,128,2555,128,2020
21340,"El Paso, TX",2989,199,756,0,2021
21340,"El Paso, TX",2465,227,496,0,2022
21340,"El Paso, TX",2247,182,365,0,2023
21340,"El Paso, TX",2320,143,265,0,2024
21340,"El Paso, TX",2050,142,191,0,2025
21420,"Enid, OK",31,0,31,0,1990
21420,"Enid, OK",30,0,30,0,1991
21420,"Enid, OK",41,0,41,0,1992
21420,"Enid, OK",80,10,80,10,1993
21420,"Enid, OK",102,0,102,0,1994
21420,"Enid, OK",112,0,112,0,1995
21420,"Enid, OK",156,5,152,5,1996
21420,"Enid, OK",91,0,91,0,1997
21420,"Enid, OK",81,0,81,0,1998
21420,"Enid, OK",85,0,85,0,1999
21420,"Enid, OK",59,0,59,0,2000
21420,"Enid, OK",155,96,155,96,2001
21420,"Enid, OK",167,47,167,47,2002
21420,"Enid, OK",179,103,179,103,2003
21420,"Enid, OK",229,134,211,124,2004
21420,"Enid, OK",148,59,128,47,2005
21420,"Enid, OK",133,33,76,0,2006
21420,"Enid, OK",95,0,95,0,2007
21420,"Enid, OK",69,5,6,0,2008
21420,"Enid, OK",39,0,38,0,2009
21420,"Enid, OK",74,0,74,0,2010
21420,"Enid, OK",28,0,28,0,2011
21420,"Enid, OK",29,0,27,0,2012
21420,"Enid, OK",54,0,51,0,2013
21420,"Enid, OK",69,0,69,0,2014
21420,"Enid, OK",74,0,74,0,2015
21420,"Enid, OK",70,0,70,0,2016
21420,"Enid, OK",95,36,95,36,2017
21420,"Enid, OK",43,0,43,0,2018
21420,"Enid, OK",26,0,26,0,2019
21420,"Enid, OK",23,0,23,0,2020
21420,"Enid, OK",35,0,35,0,2021
21420,"Enid, OK",46,0,46,0,2022
21420,"Enid, OK",10,0,9,0,2023
21420,"Enid, OK",19,0,18,0,2024
21420,"Enid, OK",20,0,19,0,2025
21500,"Erie, PA",678,49,635,49,1990
21500,"Erie, PA",943,320,904,320,1991
21500,"Erie, PA",720,16,718,16,1992
21500,"Erie, PA",982,137,965,137,1993
21500,"Erie, PA",873,60,871,60,1994
21500,"Erie, PA",857,173,785,173,1995
21500,"Erie, PA",808,90,808,90,1996
21500,"Erie, PA",799,93,724,93,1997
21500,"Erie, PA",748,133,714,128,1998
21500,"Erie, PA",775,38,735,38,1999
21500,"Erie, PA",704,106,688,97,2000
21500,"Erie, PA",715,75,673,67,2001
21500,"Erie, PA",643,6,573,6,2002
21500,"Erie, PA",769,122,769,122,2003
21500,"Erie, PA",898,56,818,44,2004
21500,"Erie, PA",724,153,667,153,2005
21500,"Erie, PA",700,48,643,48,2006
21500,"Erie, PA",810,192,788,192,2007
21500,"Erie, PA",418,141,418,141,2008
21500,"Erie, PA",473,83,473,83,2009
21500,"Erie, PA",586,195,586,195,2010
21500,"Erie, PA",311,148,311,148,2011
21500,"Erie, PA",488,255,483,255,2012
21500,"Erie, PA",467,178,467,178,2013
21500,"Erie, PA",321,103,316,103,2014
21500,"Erie, PA",267,60,267,60,2015
21500,"Erie, PA",338,148,338,148,2016
21500,"Erie, PA",265,50,254,50,2017
21500,"Erie, PA",305,119,305,119,2018
21500,"Erie, PA",161,34,160,34,2019
21500,"Erie, PA",201,27,193,27,2020
21500,"Erie, PA",217,35,209,35,2021
21500,"Erie, PA",238,54,233,54,2022
21500,"Erie, PA",224,76,221,76,2023
21500,"Erie, PA",339,188,327,188,2024
21500,"Erie, PA",243,58,238,58,2025
21660,"Eugene-Springfield, OR",1872,896,1866,896,1990
21660,"Eugene-Springfield, OR",1025,37,1024,37,1991
21660,"Eugene-Springfield, OR",1238,181,1238,181,1992
21660,"Eugene-Springfield, OR",1478,136,1478,136,1993
21660,"Eugene-Springfield, OR",1997,405,1966,405,1994
21660,"Eugene-Springfield, OR",2769,1322,2530,1205,1995
21660,"Eugene-Springfield, OR",2169,435,1965,394,1996
21660,"Eugene-Springfield, OR",2595,793,2593,793,1997
21660,"Eugene-Springfield, OR",2203,686,2094,686,1998
21660,"Eugene-Springfield, OR",1830,527,1829,527,1999
21660,"Eugene-Springfield, OR",1330,77,1035,72,2000
21660,"Eugene-Springfield, OR",1385,95,1113,90,2001
21660,"Eugene-Springfield, OR",1625,144,1327,139,2002
21660,"Eugene-Springfield, OR",1534,28,1534,28,2003
21660,"Eugene-Springfield, OR",1750,240,1659,225,2004
21660,"Eugene-Springfield, OR",2356,552,2356,552,2005
21660,"Eugene-Springfield, OR",1708,266,1708,266,2006
21660,"Eugene-Springfield, OR",1490,320,1490,320,2007
21660,"Eugene-Springfield, OR",771,130,771,130,2008
21660,"Eugene-Springfield, OR",616,156,616,156,2009
21660,"Eugene-Springfield, OR",550,59,509,59,2010
21660,"Eugene-Springfield, OR",670,269,670,269,2011
21660,"Eugene-Springfield, OR",802,308,750,308,2012
21660,"Eugene-Springfield, OR",1249,658,1107,658,2013
21660,"Eugene-Springfield, OR",1316,773,1175,773,2014
21660,"Eugene-Springfield, OR",721,65,555,65,2015
21660,"Eugene-Springfield, OR",1174,416,991,416,2016
21660,"Eugene-Springfield, OR",842,0,612,0,2017
21660,"Eugene-Springfield, OR",1389,507,1156,507,2018
21660,"Eugene-Springfield, OR",1071,304,846,304,2019
21660,"Eugene-Springfield, OR",1391,539,1155,539,2020
21660,"Eugene-Springfield, OR",2136,1156,1883,1156,2021
21660,"Eugene-Springfield, OR",1759,862,1553,862,2022
21660,"Eugene-Springfield, OR",1239,473,921,473,2023
21660,"Eugene-Springfield, OR",1814,972,1585,972,2024
21660,"Eugene-Springfield, OR",1545,749,1038,616,2025
21780,"Evansville, IN",996,272,996,272,1990
21780,"Evansville, IN",774,16,769,16,1991
21780,"Evansville, IN",1037,56,1034,56,1992
21780,"Evansville, IN",1209,159,1207,159,1993
21780,"Evansville, IN",1036,98,1036,98,1994
21780,"Evansville, IN",1191,214,1191,214,1995
21780,"Evansville, IN",1132,126,1097,126,1996
21780,"Evansville, IN",1132,10,1131,10,1997
21780,"Evansville, IN",1599,358,1599,358,1998
21780,"Evansville, IN",1401,56,1259,56,1999
21780,"Evansville, IN",1576,497,1576,497,2000
21780,"Evansville, IN",1007,11,1007,11,2001
21780,"Evansville, IN",1598,296,1549,296,2002
21780,"Evansville, IN",1681,269,1681,269,2003
21780,"Evansville, IN",1717,446,1717,446,2004
21780,"Evansville, IN",1831,581,1831,581,2005
21780,"Evansville, IN",1169,101,1126,81,2006
21780,"Evansville, IN",1011,241,664,171,2007
21780,"Evansville, IN",612,138,285,40,2008
21780,"Evansville, IN",473,65,241,0,2009
21780,"Evansville, IN",534,47,519,47,2010
21780,"Evansville, IN",445,0,444,0,2011
21780,"Evansville, IN",602,111,602,111,2012
21780,"Evansville, IN",669,154,669,154,2013
21780,"Evansville, IN",681,106,681,106,2014
21780,"Evansville, IN",634,65,610,65,2015
21780,"Evansville, IN",901,252,901,252,2016
21780,"Evansville, IN",889,259,879,259,2017
21780,"Evansville, IN",561,10,549,10,2018
21780,"Evansville, IN",819,162,816,162,2019
21780,"Evansville, IN",1058,167,1056,167,2020
21780,"Evansville, IN",1291,200,1291,200,2021
21780,"Evansville, IN",1154,247,1154,247,2022
21780,"Evansville, IN",854,47,771,24,2023
21780,"Evansville, IN",713,0,713,0,2024
21780,"Evansville, IN",825,120,614,120,2025
21820,"Fairbanks-College, AK",26,0,26,0,1990
21820,"Fairbanks-College, AK",101,5,48,5,1991
21820,"Fairbanks-College, AK",82,0,82,0,1992
21820,"Fairbanks-College, AK",121,12,104,12,1993
21820,"Fairbanks-College, AK",186,28,141,28,1994
21820,"Fairbanks-College, AK",62,0,37,0,1995
21820,"Fairbanks-College, AK",191,55,170,55,1996
21820,"Fairbanks-College, AK",154,7,138,7,1997
21820,"Fairbanks-College, AK",188,0,178,0,1998
21820,"Fairbanks-College, AK",179,0,152,0,1999
21820,"Fairbanks-College, AK",124,0,113,0,2000
21820,"Fairbanks-College, AK",183,12,148,12,2001
21820,"Fairbanks-College, AK",170,0,160,0,2002
21820,"Fairbanks-College, AK",257,30,257,30,2003
21820,"Fairbanks-College, AK",337,50,303,50,2004
21820,"Fairbanks-College, AK",182,0,169,0,2005
21820,"Fairbanks-College, AK",360,0,348,0,2006
21820,"Fairbanks-College, AK",113,0,54,0,2007
21820,"Fairbanks-College, AK",60,0,6,0,2008
21820,"Fairbanks-College, AK",34,0,2,0,2009
21820,"Fairbanks-College, AK",42,0,7,0,2010
21820,"Fairbanks-College, AK",39,0,7,0,2011
21820,"Fairbanks-College, AK",46,0,1,0,2012
21820,"Fairbanks-College, AK",56,0,1,0,2013
21820,"Fairbanks-College, AK",54,0,0,0,2014
21820,"Fairbanks-College, AK",7,0,7,0,2015
21820,"Fairbanks-College, AK",11,0,11,0,2016
21820,"Fairbanks-College, AK",15,0,15,0,2017
21820,"Fairbanks-College, AK",13,0,13,0,2018
21820,"Fairbanks-College, AK",22,0,22,0,2019
21820,"Fairbanks-College, AK",19,0,18,0,2020
21820,"Fairbanks-College, AK",36,0,36,0,2021
21820,"Fairbanks-College, AK",27,0,27,0,2022
21820,"Fairbanks-College, AK",49,19,49,19,2023
21820,"Fairbanks-College, AK",18,8,18,8,2024
21820,"Fairbanks-College, AK",31,12,31,12,2025
22020,"Fargo, ND-MN",990,554,989,554,1990
22020,"Fargo, ND-MN",1383,922,1381,922,1991
22020,"Fargo, ND-MN",1510,822,1508,822,1992
22020,"Fargo, ND-MN",1893,1029,1891,1029,1993
22020,"Fargo, ND-MN",1641,941,1637,941,1994
22020,"Fargo, ND-MN",1648,885,1644,885,1995
22020,"Fargo, ND-MN",1205,484,1196,484,1996
22020,"Fargo, ND-MN",1310,727,1307,727,1997
22020,"Fargo, ND-MN",1576,568,1566,568,1998
22020,"Fargo, ND-MN",1387,578,1375,578,1999
22020,"Fargo, ND-MN",1304,541,1302,541,2000
22020,"Fargo, ND-MN",1529,663,1525,663,2001
22020,"Fargo, ND-MN",2160,946,2152,946,2002
22020,"Fargo, ND-MN",2266,756,2266,756,2003
22020,"Fargo, ND-MN",2821,1141,2816,1141,2004
22020,"Fargo, ND-MN",2720,1187,2707,1187,2005
22020,"Fargo, ND-MN",1927,605,1914,605,2006
22020,"Fargo, ND-MN",1803,611,1800,611,2007
22020,"Fargo, ND-MN",1306,436,1306,436,2008
22020,"Fargo, ND-MN",1678,873,1677,873,2009
22020,"Fargo, ND-MN",1318,545,1310,545,2010
22020,"Fargo, ND-MN",1536,883,1529,883,2011
22020,"Fargo, ND-MN",2211,1169,2203,1169,2012
22020,"Fargo, ND-MN",3093,1684,3082,1684,2013
22020,"Fargo, ND-MN",3766,2496,3762,2496,2014
22020,"Fargo, ND-MN",2719,1337,2718,1337,2015
22020,"Fargo, ND-MN",2479,1212,2475,1212,2016
22020,"Fargo, ND-MN",1891,826,1883,826,2017
22020,"Fargo, ND-MN",2313,1221,2304,1221,2018
22020,"Fargo, ND-MN",1425,478,1421,478,2019
22020,"Fargo, ND-MN",1976,768,1968,768,2020
22020,"Fargo, ND-MN",2289,1058,2279,1058,2021
22020,"Fargo, ND-MN",2315,1187,2305,1187,2022
22020,"Fargo, ND-MN",2089,1204,2086,1204,2023
22020,"Fargo, ND-MN",1492,563,1484,563,2024
22020,"Fargo, ND-MN",1498,668,1495,668,2025
22140,"Farmington, NM",95,0,86,0,1990
22140,"Farmington, NM",132,0,132,0,1991
22140,"Farmington, NM",174,0,174,0,1992
22140,"Farmington, NM",231,0,231,0,1993
22140,"Farmington, NM",285,0,285,0,1994
22140,"Farmington, NM",322,96,322,96,1995
22140,"Farmington, NM",246,0,246,0,1996
22140,"Farmington, NM",187,0,187,0,1997
22140,"Farmington, NM",249,60,249,60,1998
22140,"Farmington, NM",176,6,176,6,1999
22140,"Farmington, NM",172,0,172,0,2000
22140,"Farmington, NM",170,0,170,0,2001
22140,"Farmington, NM",280,0,275,0,2002
22140,"Farmington, NM",367,60,367,60,2003
22140,"Farmington, NM",351,0,351,0,2004
22140,"Farmington, NM",439,0,439,0,2005
22140,"Farmington, NM",443,0,443,0,2006
22140,"Farmington, NM",371,0,371,0,2007
22140,"Farmington, NM",316,0,316,0,2008
22140,"Farmington, NM",234,14,234,14,2009
22140,"Farmington, NM",273,72,273,72,2010
22140,"Farmington, NM",213,60,213,60,2011
22140,"Farmington, NM",176,0,176,0,2012
22140,"Farmington, NM",155,0,155,0,2013
22140,"Farmington, NM",173,0,173,0,2014
22140,"Farmington, NM",118,0,118,0,2015
22140,"Farmington, NM",104,0,99,0,2016
22140,"Farmington, NM",91,0,91,0,2017
22140,"Farmington, NM",71,0,68,0,2018
22140,"Farmington, NM",89,8,89,8,2019
22140,"Farmington, NM",98,8,98,8,2020
22140,"Farmington, NM",97,0,97,0,2021
22140,"Farmington, NM",143,5,143,5,2022
22140,"Farmington, NM",117,0,117,0,2023
22140,"Farmington, NM",78,8,78,8,2024
22140,"Farmington, NM",80,0,80,0,2025
22180,"Fayetteville, NC",1276,135,1275,135,1990
22180,"Fayetteville, NC",1905,228,1905,228,1991
22180,"Fayetteville, NC",3159,402,3159,402,1992
22180,"Fayetteville, NC",3799,812,3799,812,1993
22180,"Fayetteville, NC",2459,317,2459,317,1994
22180,"Fayetteville, NC",2140,174,2104,174,1995
22180,"Fayetteville, NC",1908,318,1908,318,1996
22180,"Fayetteville, NC",1916,471,1916,471,1997
22180,"Fayetteville, NC",2548,896,2548,896,1998
22180,"Fayetteville, NC",1325,172,1298,172,1999
22180,"Fayetteville, NC",1805,700,1799,700,2000
22180,"Fayetteville, NC",1614,308,1608,308,2001
22180,"Fayetteville, NC",2836,953,2829,953,2002
22180,"Fayetteville, NC",2267,405,2267,405,2003
22180,"Fayetteville, NC",3528,1202,3519,1202,2004
22180,"Fayetteville, NC",4325,1363,4315,1363,2005
22180,"Fayetteville, NC",4115,874,4115,874,2006
22180,"Fayetteville, NC",2664,565,2664,565,2007
22180,"Fayetteville, NC",2306,840,2306,840,2008
22180,"Fayetteville, NC",2664,844,2664,844,2009
22180,"Fayetteville, NC",3609,1996,3609,1996,2010
22180,"Fayetteville, NC",2807,1336,2807,1336,2011
22180,"Fayetteville, NC",3040,1638,3040,1638,2012
22180,"Fayetteville, NC",1890,621,1890,621,2013
22180,"Fayetteville, NC",1089,77,1089,77,2014
22180,"Fayetteville, NC",1386,495,1386,495,2015
22180,"Fayetteville, NC",953,112,950,112,2016
22180,"Fayetteville, NC",935,61,930,56,2017
22180,"Fayetteville, NC",819,0,819,0,2018
22180,"Fayetteville, NC",1200,282,1200,282,2019
22180,"Fayetteville, NC",1049,66,1047,66,2020
22180,"Fayetteville, NC",1275,252,1275,252,2021
22180,"Fayetteville, NC",1442,328,1442,328,2022
22180,"Fayetteville, NC",1490,30,1490,30,2023
22180,"Fayetteville, NC",1915,196,1915,196,2024
22180,"Fayetteville, NC",2105,716,2097,711,2025
22220,"Fayetteville-Springdale-Rogers, AR",1337,142,1315,142,1990
22220,"Fayetteville-Springdale-Rogers, AR",2234,670,2209,670,1991
22220,"Fayetteville-Springdale-Rogers, AR",2624,477,2621,477,1992
22220,"Fayetteville-Springdale-Rogers, AR",3490,787,3467,787,1993
22220,"Fayetteville-Springdale-Rogers, AR",4326,1345,4217,1296,1994
22220,"Fayetteville-Springdale-Rogers, AR",3819,1076,3656,1076,1995
22220,"Fayetteville-Springdale-Rogers, AR",3043,513,2913,508,1996
22220,"Fayetteville-Springdale-Rogers, AR",2699,548,2543,543,1997
22220,"Fayetteville-Springdale-Rogers, AR",2131,175,1951,140,1998
22220,"Fayetteville-Springdale-Rogers, AR",2905,620,2751,590,1999
22220,"Fayetteville-Springdale-Rogers, AR",2847,712,2700,692,2000
22220,"Fayetteville-Springdale-Rogers, AR",3966,1307,3846,1280,2001
22220,"Fayetteville-Springdale-Rogers, AR",3992,1215,3889,1215,2002
22220,"Fayetteville-Springdale-Rogers, AR",6276,2622,6276,2622,2003
22220,"Fayetteville-Springdale-Rogers, AR",6403,2136,6042,2029,2004
22220,"Fayetteville-Springdale-Rogers, AR",7568,1773,6954,1579,2005
22220,"Fayetteville-Springdale-Rogers, AR",6069,1436,4990,1002,2006
22220,"Fayetteville-Springdale-Rogers, AR",3351,731,2584,417,2007
22220,"Fayetteville-Springdale-Rogers, AR",2740,1469,2720,1469,2008
22220,"Fayetteville-Springdale-Rogers, AR",1739,622,1721,622,2009
22220,"Fayetteville-Springdale-Rogers, AR",1206,29,1192,29,2010
22220,"Fayetteville-Springdale-Rogers, AR",1202,10,1150,10,2011
22220,"Fayetteville-Springdale-Rogers, AR",1918,84,1891,84,2012
22220,"Fayetteville-Springdale-Rogers, AR",2380,53,2347,53,2013
22220,"Fayetteville-Springdale-Rogers, AR",3349,926,3323,926,2014
22220,"Fayetteville-Springdale-Rogers, AR",3792,938,3473,829,2015
22220,"Fayetteville-Springdale-Rogers, AR",4420,750,3881,624,2016
22220,"Fayetteville-Springdale-Rogers, AR",4724,992,4484,943,2017
22220,"Fayetteville-Springdale-Rogers, AR",5563,1544,4852,1278,2018
22220,"Fayetteville-Springdale-Rogers, AR",6905,2542,6082,2195,2019
22220,"Fayetteville-Springdale-Rogers, AR",6365,1317,5579,1037,2020
22220,"Fayetteville-Springdale-Rogers, AR",7120,1155,6158,808,2021
22220,"Fayetteville-Springdale-Rogers, AR",7246,1463,6249,1032,2022
22220,"Fayetteville-Springdale-Rogers, AR",6915,1055,6019,712,2023
22220,"Fayetteville-Springdale-Rogers, AR",7984,1899,7304,1672,2024
22220,"Fayetteville-Springdale-Rogers, AR",8961,2922,7833,2576,2025
22380,"Flagstaff, AZ",591,137,589,137,1990
22380,"Flagstaff, AZ",646,200,645,200,1991
22380,"Flagstaff, AZ",611,32,611,32,1992
22380,"Flagstaff, AZ",748,127,748,127,1993
22380,"Flagstaff, AZ",727,0,727,0,1994
22380,"Flagstaff, AZ",1332,564,1289,564,1995
22380,"Flagstaff, AZ",1359,654,1359,654,1996
22380,"Flagstaff, AZ",716,106,716,106,1997
22380,"Flagstaff, AZ",720,129,720,129,1998
22380,"Flagstaff, AZ",949,259,949,259,1999
22380,"Flagstaff, AZ",683,92,662,92,2000
22380,"Flagstaff, AZ",877,16,877,16,2001
22380,"Flagstaff, AZ",865,6,865,6,2002
22380,"Flagstaff, AZ",1189,252,1189,252,2003
22380,"Flagstaff, AZ",910,0,910,0,2004
22380,"Flagstaff, AZ",1080,267,1080,267,2005
22380,"Flagstaff, AZ",1080,256,1052,256,2006
22380,"Flagstaff, AZ",477,0,477,0,2007
22380,"Flagstaff, AZ",283,0,283,0,2008
22380,"Flagstaff, AZ",482,322,482,322,2009
22380,"Flagstaff, AZ",315,129,240,56,2010
22380,"Flagstaff, AZ",100,0,100,0,2011
22380,"Flagstaff, AZ",818,604,818,604,2012
22380,"Flagstaff, AZ",359,54,357,54,2013
22380,"Flagstaff, AZ",560,264,558,264,2014
22380,"Flagstaff, AZ",566,229,507,192,2015
22380,"Flagstaff, AZ",647,240,645,240,2016
22380,"Flagstaff, AZ",697,260,563,260,2017
22380,"Flagstaff, AZ",665,0,665,0,2018
22380,"Flagstaff, AZ",728,183,717,183,2019
22380,"Flagstaff, AZ",941,302,941,302,2020
22380,"Flagstaff, AZ",1051,437,1051,437,2021
22380,"Flagstaff, AZ",738,327,738,327,2022
22380,"Flagstaff, AZ",1123,672,1123,672,2023
22380,"Flagstaff, AZ",703,354,598,354,2024
22380,"Flagstaff, AZ",634,183,528,183,2025
22420,"Flint, MI",1281,355,1279,355,1990
22420,"Flint, MI",837,7,830,0,1991
22420,"Flint, MI",1135,222,1135,222,1992
22420,"Flint, MI",1223,191,1213,191,1993
22420,"Flint, MI",1719,238,1692,238,1994
22420,"Flint, MI",1912,358,1824,358,1995
22420,"Flint, MI",2120,423,1968,416,1996
22420,"Flint, MI",1954,384,1808,384,1997
22420,"Flint, MI",1946,163,1781,163,1998
22420,"Flint, MI",2806,785,2635,785,1999
22420,"Flint, MI",2324,452,2312,444,2000
22420,"Flint, MI",3453,1550,3426,1550,2001
22420,"Flint, MI",2403,456,2358,456,2002
22420,"Flint, MI",2240,172,2240,172,2003
22420,"Flint, MI",2398,216,2342,216,2004
22420,"Flint, MI",1854,88,1783,88,2005
22420,"Flint, MI",980,184,892,184,2006
22420,"Flint, MI",476,32,405,32,2007
22420,"Flint, MI",219,32,219,32,2008
22420,"Flint, MI",149,64,149,64,2009
22420,"Flint, MI",78,0,68,0,2010
22420,"Flint, MI",66,0,51,0,2011
22420,"Flint, MI",122,0,112,0,2012
22420,"Flint, MI",227,0,222,0,2013
22420,"Flint, MI",343,70,336,70,2014
22420,"Flint, MI",413,50,287,50,2015
22420,"Flint, MI",374,48,374,48,2016
22420,"Flint, MI",434,20,414,20,2017
22420,"Flint, MI",630,167,611,167,2018
22420,"Flint, MI",576,23,560,23,2019
22420,"Flint, MI",485,0,300,0,2020
22420,"Flint, MI",510,8,472,8,2021
22420,"Flint, MI",406,26,386,26,2022
22420,"Flint, MI",380,80,360,80,2023
22420,"Flint, MI",420,68,367,58,2024
22420,"Flint, MI",444,64,330,6,2025
22500,"Florence, SC",933,227,751,227,1990
22500,"Florence, SC",874,76,699,76,1991
22500,"Florence, SC",733,24,714,24,1992
22500,"Florence, SC",827,152,733,120,1993
22500,"Florence, SC",893,219,247,28,1994
22500,"Florence, SC",731,56,729,56,1995
22500,"Florence, SC",914,115,902,115,1996
22500,"Florence, SC",946,153,283,40,1997
22500,"Florence, SC",863,128,165,8,1998
22500,"Florence, SC",833,106,18,0,1999
22500,"Florence, SC",814,91,52,0,2000
22500,"Florence, SC",232,0,75,0,2001
22500,"Florence, SC",701,24,521,24,2002
22500,"Florence, SC",251,0,251,0,2003
22500,"Florence, SC",407,0,11,0,2004
22500,"Florence, SC",906,0,897,0,2005
22500,"Florence, SC",902,0,730,0,2006
22500,"Florence, SC",1049,272,944,272,2007
22500,"Florence, SC",573,143,8,0,2008
22500,"Florence, SC",349,0,306,0,2009
22500,"Florence, SC",476,89,165,74,2010
22500,"Florence, SC",389,15,79,0,2011
22500,"Florence, SC",313,0,302,0,2012
22500,"Florence, SC",412,10,78,0,2013
22500,"Florence, SC",379,40,371,40,2014
22500,"Florence, SC",424,0,149,0,2015
22500,"Florence, SC",495,24,485,24,2016
22500,"Florence, SC",1021,510,1008,510,2017
22500,"Florence, SC",562,28,549,28,2018
22500,"Florence, SC",1129,388,549,144,2019
22500,"Florence, SC",764,197,759,197,2020
22500,"Florence, SC",766,20,755,10,2021
22500,"Florence, SC",759,15,750,7,2022
22500,"Florence, SC",737,8,657,8,2023
22500,"Florence, SC",861,48,667,48,2024
22500,"Florence, SC",902,136,612,130,2025
22520,"Florence-Muscle Shoals, AL",366,146,349,146,1990
22520,"Florence-Muscle Shoals, AL",280,59,263,59,1991
22520,"Florence-Muscle Shoals, AL",551,229,549,229,1992
22520,"Florence-Muscle Shoals, AL",480,168,416,168,1993
22520,"Florence-Muscle Shoals, AL",611,196,572,196,1994
22520,"Florence-Muscle Shoals, AL",422,52,188,12,1995
22520,"Florence-Muscle Shoals, AL",481,93,481,93,1996
22520,"Florence-Muscle Shoals, AL",342,40,191,32,1997
22520,"Florence-Muscle Shoals, AL",343,77,343,77,1998
22520,"Florence-Muscle Shoals, AL",313,40,308,40,1999
22520,"Florence-Muscle Shoals, AL",324,96,324,96,2000
22520,"Florence-Muscle Shoals, AL",249,69,161,5,2001
22520,"Florence-Muscle Shoals, AL",326,106,157,54,2002
22520,"Florence-Muscle Shoals, AL",442,197,442,197,2003
22520,"Florence-Muscle Shoals, AL",305,14,288,14,2004
22520,"Florence-Muscle Shoals, AL",326,32,269,32,2005
22520,"Florence-Muscle Shoals, AL",375,8,361,8,2006
22520,"Florence-Muscle Shoals, AL",448,114,442,114,2007
22520,"Florence-Muscle Shoals, AL",345,85,345,85,2008
22520,"Florence-Muscle Shoals, AL",181,27,120,27,2009
22520,"Florence-Muscle Shoals, AL",232,53,144,48,2010
22520,"Florence-Muscle Shoals, AL",240,103,159,98,2011
22520,"Florence-Muscle Shoals, AL",456,270,355,260,2012
22520,"Florence-Muscle Shoals, AL",333,119,162,60,2013
22520,"Florence-Muscle Shoals, AL",197,23,72,11,2014
22520,"Florence-Muscle Shoals, AL",338,116,214,116,2015
22520,"Florence-Muscle Shoals, AL",315,72,181,72,2016
22520,"Florence-Muscle Shoals, AL",775,518,615,518,2017
22520,"Florence-Muscle Shoals, AL",335,63,161,63,2018
22520,"Florence-Muscle Shoals, AL",281,20,105,20,2019
22520,"Florence-Muscle Shoals, AL",296,0,84,0,2020
22520,"Florence-Muscle Shoals, AL",359,28,122,28,2021
22520,"Florence-Muscle Shoals, AL",274,26,232,26,2022
22520,"Florence-Muscle Shoals, AL",201,0,159,0,2023
22520,"Florence-Muscle Shoals, AL",261,72,217,72,2024
22520,"Florence-Muscle Shoals, AL",400,105,357,105,2025
22540,"Fond du Lac, WI",397,178,364,178,1990
22540,"Fond du Lac, WI",340,60,333,60,1991
22540,"Fond du Lac, WI",516,124,516,124,1992
22540,"Fond du Lac, WI",516,134,501,134,1993
22540,"Fond du Lac, WI",581,178,572,178,1994
22540,"Fond du Lac, WI",512,98,492,98,1995
22540,"Fond du Lac, WI",619,181,589,181,1996
22540,"Fond du Lac, WI",569,196,551,196,1997
22540,"Fond du Lac, WI",452,54,419,54,1998
22540,"Fond du Lac, WI",470,84,449,84,1999
22540,"Fond du Lac, WI",415,40,395,40,2000
22540,"Fond du Lac, WI",565,211,554,211,2001
22540,"Fond du Lac, WI",529,111,430,47,2002
22540,"Fond du Lac, WI",484,36,484,36,2003
22540,"Fond du Lac, WI",504,84,476,84,2004
22540,"Fond du Lac, WI",618,182,591,182,2005
22540,"Fond du Lac, WI",442,84,382,84,2006
22540,"Fond du Lac, WI",273,5,249,5,2007
22540,"Fond du Lac, WI",310,136,301,136,2008
22540,"Fond du Lac, WI",204,80,196,80,2009
22540,"Fond du Lac, WI",229,104,223,104,2010
22540,"Fond du Lac, WI",237,139,234,139,2011
22540,"Fond du Lac, WI",249,158,247,158,2012
22540,"Fond du Lac, WI",258,128,253,128,2013
22540,"Fond du Lac, WI",240,112,236,112,2014
22540,"Fond du Lac, WI",195,51,177,44,2015
22540,"Fond du Lac, WI",365,213,361,213,2016
22540,"Fond du Lac, WI",185,0,169,0,2017
22540,"Fond du Lac, WI",275,126,271,126,2018
22540,"Fond du Lac, WI",255,104,252,104,2019
22540,"Fond du Lac, WI",148,0,148,0,2020
22540,"Fond du Lac, WI",235,74,234,74,2021
22540,"Fond du Lac, WI",142,0,139,0,2022
22540,"Fond du Lac, WI",133,0,132,0,2023
22540,"Fond du Lac, WI",183,0,149,0,2024
22540,"Fond du Lac, WI",190,0,131,0,2025
22660,"Fort Collins-Loveland, CO",1236,172,1236,172,1990
22660,"Fort Collins-Loveland, CO",1543,216,1543,216,1991
22660,"Fort Collins-Loveland, CO",1928,141,1928,141,1992
22660,"Fort Collins-Loveland, CO",2618,226,2618,226,1993
22660,"Fort Collins-Loveland, CO",3202,510,3108,493,1994
22660,"Fort Collins-Loveland, CO",2797,421,2797,421,1995
22660,"Fort Collins-Loveland, CO",3491,808,3491,808,1996
22660,"Fort Collins-Loveland, CO",2777,305,2777,305,1997
22660,"Fort Collins-Loveland, CO",3222,443,3112,420,1998
22660,"Fort Collins-Loveland, CO",3591,862,3451,830,1999
22660,"Fort Collins-Loveland, CO",3524,696,3524,696,2000
22660,"Fort Collins-Loveland, CO",3664,943,3574,927,2001
22660,"Fort Collins-Loveland, CO",3036,396,3036,396,2002
22660,"Fort Collins-Loveland, CO",3003,477,3003,477,2003
22660,"Fort Collins-Loveland, CO",3252,377,3252,377,2004
22660,"Fort Collins-Loveland, CO",2887,490,2887,490,2005
22660,"Fort Collins-Loveland, CO",2240,637,2240,637,2006
22660,"Fort Collins-Loveland, CO",1341,197,1341,197,2007
22660,"Fort Collins-Loveland, CO",1265,558,1265,558,2008
22660,"Fort Collins-Loveland, CO",451,73,451,73,2009
22660,"Fort Collins-Loveland, CO",1153,637,1153,637,2010
22660,"Fort Collins-Loveland, CO",1192,470,1192,470,2011
22660,"Fort Collins-Loveland, CO",1868,691,1868,691,2012
22660,"Fort Collins-Loveland, CO",2377,840,2377,840,2013
22660,"Fort Collins-Loveland, CO",2498,778,2486,778,2014
22660,"Fort Collins-Loveland, CO",2434,648,2434,648,2015
22660,"Fort Collins-Loveland, CO",3532,1813,3531,1813,2016
22660,"Fort Collins-Loveland, CO",2935,873,2935,873,2017
22660,"Fort Collins-Loveland, CO",2944,1191,2944,1191,2018
22660,"Fort Collins-Loveland, CO",2490,859,2490,859,2019
22660,"Fort Collins-Loveland, CO",2565,361,2565,361,2020
22660,"Fort Collins-Loveland, CO",3221,1064,3221,1064,2021
22660,"Fort Collins-Loveland, CO",2572,1106,2572,1106,2022
22660,"Fort Collins-Loveland, CO",2686,1358,2610,1316,2023
22660,"Fort Collins-Loveland, CO",1786,402,1786,402,2024
22660,"Fort Collins-Loveland, CO",2436,1367,2409,1362,2025
22900,"Fort Smith, AR-OK",660,187,646,187,1990
22900,"Fort Smith, AR-OK",477,25,462,25,1991
22900,"Fort Smith, AR-OK",594,0,593,0,1992
22900,"Fort Smith, AR-OK",617,0,592,0,1993
22900,"Fort Smith, AR-OK",1152,455,1148,455,1994
22900,"Fort Smith, AR-OK",1101,477,1035,477,1995
22900,"Fort Smith, AR-OK",905,118,842,118,1996
22900,"Fort Smith, AR-OK",803,94,727,94,1997
22900,"Fort Smith, AR-OK",738,18,672,18,1998
22900,"Fort Smith, AR-OK",733,140,715,140,1999
22900,"Fort Smith, AR-OK",664,141,580,110,2000
22900,"Fort Smith, AR-OK",607,41,526,0,2001
22900,"Fort Smith, AR-OK",950,223,950,223,2002
22900,"Fort Smith, AR-OK",831,76,831,76,2003
22900,"Fort Smith, AR-OK",817,114,693,114,2004
22900,"Fort Smith, AR-OK",943,56,943,56,2005
22900,"Fort Smith, AR-OK",722,16,722,16,2006
22900,"Fort Smith, AR-OK",1037,171,1029,171,2007
22900,"Fort Smith, AR-OK",696,136,646,136,2008
22900,"Fort Smith, AR-OK",771,119,733,119,2009
22900,"Fort Smith, AR-OK",622,67,583,67,2010
22900,"Fort Smith, AR-OK",520,16,481,16,2011
22900,"Fort Smith, AR-OK",542,16,497,16,2012
22900,"Fort Smith, AR-OK",524,128,471,128,2013
22900,"Fort Smith, AR-OK",527,128,463,128,2014
22900,"Fort Smith, AR-OK",389,0,338,0,2015
22900,"Fort Smith, AR-OK",625,96,522,96,2016
22900,"Fort Smith, AR-OK",673,164,621,164,2017
22900,"Fort Smith, AR-OK",537,0,486,0,2018
22900,"Fort Smith, AR-OK",600,8,541,8,2019
22900,"Fort Smith, AR-OK",638,118,545,118,2020
22900,"Fort Smith, AR-OK",651,16,576,16,2021
22900,"Fort Smith, AR-OK",706,122,636,122,2022
22900,"Fort Smith, AR-OK",659,0,583,0,2023
22900,"Fort Smith, AR-OK",553,16,477,16,2024
22900,"Fort Smith, AR-OK",663,112,589,112,2025
23060,"Fort Wayne, IN",1864,214,1862,214,1990
23060,"Fort Wayne, IN",1707,74,1705,74,1991
23060,"Fort Wayne, IN",1854,41,1852,41,1992
23060,"Fort Wayne, IN",2069,192,2066,192,1993
23060,"Fort Wayne, IN",2146,133,2143,133,1994
23060,"Fort Wayne, IN",2214,158,2214,158,1995
23060,"Fort Wayne, IN",2219,115,2219,115,1996
23060,"Fort Wayne, IN",2454,613,2454,613,1997
23060,"Fort Wayne, IN",3217,712,3217,712,1998
23060,"Fort Wayne, IN",3308,692,3308,692,1999
23060,"Fort Wayne, IN",2126,82,2126,82,2000
23060,"Fort Wayne, IN",2605,420,2605,420,2001
23060,"Fort Wayne, IN",2913,604,2913,604,2002
23060,"Fort Wayne, IN",2631,317,2631,317,2003
23060,"Fort Wayne, IN",2637,394,2637,394,2004
23060,"Fort Wayne, IN",2541,430,2541,430,2005
23060,"Fort Wayne, IN",1588,124,1588,124,2006
23060,"Fort Wayne, IN",1115,39,1115,39,2007
23060,"Fort Wayne, IN",1016,233,1016,233,2008
23060,"Fort Wayne, IN",884,109,884,109,2009
23060,"Fort Wayne, IN",885,14,877,14,2010
23060,"Fort Wayne, IN",743,18,743,18,2011
23060,"Fort Wayne, IN",1230,532,1230,532,2012
23060,"Fort Wayne, IN",1035,11,1035,11,2013
23060,"Fort Wayne, IN",1245,310,1245,310,2014
23060,"Fort Wayne, IN",1355,328,1355,328,2015
23060,"Fort Wayne, IN",1536,378,1536,378,2016
23060,"Fort Wayne, IN",1722,428,1722,428,2017
23060,"Fort Wayne, IN",1884,483,1884,483,2018
23060,"Fort Wayne, IN",2009,581,2009,581,2019
23060,"Fort Wayne, IN",1843,111,1786,111,2020
23060,"Fort Wayne, IN",2034,16,2034,16,2021
23060,"Fort Wayne, IN",2456,842,2456,842,2022
23060,"Fort Wayne, IN",2543,706,2543,706,2023
23060,"Fort Wayne, IN",2034,598,2034,598,2024
23060,"Fort Wayne, IN",1641,134,1641,134,2025
23420,"Fresno, CA",6911,1126,6911,1126,1990
23420,"Fresno, CA",5496,623,5492,623,1991
23420,"Fresno, CA",6035,694,6034,694,1992
23420,"Fresno, CA",4955,332,4930,332,1993
23420,"Fresno, CA",5329,821,5308,821,1994
23420,"Fresno, CA",4916,889,4916,889,1995
23420,"Fresno, CA",3910,183,3859,174,1996
23420,"Fresno, CA",3281,188,3233,188,1997
23420,"Fresno, CA",3652,392,3650,392,1998
23420,"Fresno, CA",3578,316,3560,316,1999
23420,"Fresno, CA",3804,225,3787,225,2000
23420,"Fresno, CA",4557,40,4546,40,2001
23420,"Fresno, CA",4818,160,4795,155,2002
23420,"Fresno, CA",6980,1081,6980,1081,2003
23420,"Fresno, CA",8833,1489,8828,1489,2004
23420,"Fresno, CA",9668,1414,7347,997,2005
23420,"Fresno, CA",6654,1269,2749,170,2006
23420,"Fresno, CA",5364,835,4902,835,2007
23420,"Fresno, CA",2800,421,2089,302,2008
23420,"Fresno, CA",2348,106,2089,101,2009
23420,"Fresno, CA",2440,351,2217,351,2010
23420,"Fresno, CA",1913,421,903,258,2011
23420,"Fresno, CA",2001,322,1648,322,2012
23420,"Fresno, CA",2991,359,2560,359,2013
23420,"Fresno, CA",2106,262,1768,262,2014
23420,"Fresno, CA",2533,262,2383,262,2015
23420,"Fresno, CA",3204,276,3153,276,2016
23420,"Fresno, CA",3348,1025,3313,1025,2017
23420,"Fresno, CA",3432,633,2677,335,2018
23420,"Fresno, CA",4037,679,4011,679,2019
23420,"Fresno, CA",3982,473,2578,254,2020
23420,"Fresno, CA",4968,462,4746,445,2021
23420,"Fresno, CA",4628,714,4490,714,2022
23420,"Fresno, CA",4263,764,4132,764,2023
23420,"Fresno, CA",3782,304,3612,304,2024
23420,"Fresno, CA",3518,290,3290,273,2025
23460,"Gadsden, AL",132,16,132,16,1990
23460,"Gadsden, AL",165,0,165,0,1991
23460,"Gadsden, AL",222,37,216,37,1992
23460,"Gadsden, AL",289,81,284,81,1993
23460,"Gadsden, AL",291,52,205,29,1994
23460,"Gadsden, AL",323,87,244,66,1995
23460,"Gadsden, AL",258,40,248,40,1996
23460,"Gadsden, AL",229,53,227,53,1997
23460,"Gadsden, AL",240,22,235,22,1998
23460,"Gadsden, AL",195,40,191,40,1999
23460,"Gadsden, AL",263,83,220,56,2000
23460,"Gadsden, AL",306,107,243,72,2001
23460,"Gadsden, AL",328,74,273,45,2002
23460,"Gadsden, AL",335,79,335,79,2003
23460,"Gadsden, AL",309,26,263,0,2004
23460,"Gadsden, AL",399,22,354,0,2005
23460,"Gadsden, AL",391,43,320,24,2006
23460,"Gadsden, AL",262,24,254,24,2007
23460,"Gadsden, AL",199,8,194,8,2008
23460,"Gadsden, AL",128,0,118,0,2009
23460,"Gadsden, AL",105,0,79,0,2010
23460,"Gadsden, AL",99,13,73,13,2011
23460,"Gadsden, AL",90,0,89,0,2012
23460,"Gadsden, AL",75,0,66,0,2013
23460,"Gadsden, AL",79,0,72,0,2014
23460,"Gadsden, AL",83,0,59,0,2015
23460,"Gadsden, AL",97,0,66,0,2016
23460,"Gadsden, AL",112,0,108,0,2017
23460,"Gadsden, AL",104,0,66,0,2018
23460,"Gadsden, AL",71,0,66,0,2019
23460,"Gadsden, AL",113,0,107,0,2020
23460,"Gadsden, AL",188,46,166,46,2021
23460,"Gadsden, AL",157,0,157,0,2022
23460,"Gadsden, AL",106,0,106,0,2023
23460,"Gadsden, AL",133,0,133,0,2024
23460,"Gadsden, AL",123,0,123,0,2025
23540,"Gainesville, FL",1374,216,1374,216,1990
23540,"Gainesville, FL",1501,430,1501,430,1991
23540,"Gainesville, FL",1845,584,1845,584,1992
23540,"Gainesville, FL",1702,517,1701,517,1993
23540,"Gainesville, FL",1822,556,1821,556,1994
23540,"Gainesville, FL",2179,1042,2177,1042,1995
23540,"Gainesville, FL",2019,801,2019,801,1996
23540,"Gainesville, FL",1884,518,1880,518,1997
23540,"Gainesville, FL",2607,1291,2573,1275,1998
23540,"Gainesville, FL",2949,1525,2938,1525,1999
23540,"Gainesville, FL",2199,855,2103,855,2000
23540,"Gainesville, FL",2594,1284,2501,1284,2001
23540,"Gainesville, FL",2021,761,2013,761,2002
23540,"Gainesville, FL",1919,461,1919,461,2003
23540,"Gainesville, FL",2341,631,1787,230,2004
23540,"Gainesville, FL",2781,963,2166,536,2005
23540,"Gainesville, FL",2319,934,2014,778,2006
23540,"Gainesville, FL",1688,731,1060,270,2007
23540,"Gainesville, FL",1155,533,689,168,2008
23540,"Gainesville, FL",612,145,422,0,2009
23540,"Gainesville, FL",546,123,377,0,2010
23540,"Gainesville, FL",518,166,278,18,2011
23540,"Gainesville, FL",674,225,396,0,2012
23540,"Gainesville, FL",857,240,509,0,2013
23540,"Gainesville, FL",848,263,460,0,2014
23540,"Gainesville, FL",1263,581,803,297,2015
23540,"Gainesville, FL",1253,501,813,254,2016
23540,"Gainesville, FL",2428,1585,2083,1585,2017
23540,"Gainesville, FL",1745,811,477,0,2018
23540,"Gainesville, FL",2567,1543,967,458,2019
23540,"Gainesville, FL",2080,906,539,0,2020
23540,"Gainesville, FL",2743,1087,1028,0,2021
23540,"Gainesville, FL",3137,1780,3029,1780,2022
23540,"Gainesville, FL",1945,687,1845,687,2023
23540,"Gainesville, FL",2043,922,2037,922,2024
23540,"Gainesville, FL",3674,2629,3655,2629,2025
23580,"Gainesville, GA",631,8,630,8,1990
23580,"Gainesville, GA",626,16,621,16,1991
23580,"Gainesville, GA",833,0,832,0,1992
23580,"Gainesville, GA",1186,214,1185,214,1993
23580,"Gainesville, GA",1148,69,1146,69,1994
23580,"Gainesville, GA",1214,0,1214,0,1995
23580,"Gainesville, GA",1690,261,1688,261,1996
23580,"Gainesville, GA",1959,188,1867,188,1997
23580,"Gainesville, GA",2053,231,1997,231,1998
23580,"Gainesville, GA",2624,653,2615,653,1999
23580,"Gainesville, GA",2121,472,2121,472,2000
23580,"Gainesville, GA",1699,71,1699,71,2001
23580,"Gainesville, GA",1919,382,1919,382,2002
23580,"Gainesville, GA",1830,274,1830,274,2003
23580,"Gainesville, GA",1758,5,1752,5,2004
23580,"Gainesville, GA",2204,96,2128,96,2005
23580,"Gainesville, GA",1854,99,1854,99,2006
23580,"Gainesville, GA",1327,10,1301,10,2007
23580,"Gainesville, GA",738,312,738,312,2008
23580,"Gainesville, GA",239,0,239,0,2009
23580,"Gainesville, GA",184,0,184,0,2010
23580,"Gainesville, GA",228,0,228,0,2011
23580,"Gainesville, GA",303,0,303,0,2012
23580,"Gainesville, GA",552,0,552,0,2013
23580,"Gainesville, GA",722,0,702,0,2014
23580,"Gainesville, GA",946,24,946,24,2015
23580,"Gainesville, GA",1578,530,1563,530,2016
23580,"Gainesville, GA",1363,160,1143,160,2017
23580,"Gainesville, GA",1778,574,1484,566,2018
23580,"Gainesville, GA",1479,357,1246,357,2019
23580,"Gainesville, GA",1706,407,1177,407,2020
23580,"Gainesville, GA",2249,765,1186,765,2021
23580,"Gainesville, GA",2067,825,1148,825,2022
23580,"Gainesville, GA",1319,70,450,70,2023
23580,"Gainesville, GA",2339,620,2293,620,2024
23580,"Gainesville, GA",1996,86,1894,23,2025
23900,"Gettysburg, PA",654,0,654,0,1990
23900,"Gettysburg, PA",531,23,531,23,1991
23900,"Gettysburg, PA",538,22,538,22,1992
23900,"Gettysburg, PA",468,0,468,0,1993
23900,"Gettysburg, PA",560,0,560,0,1994
23900,"Gettysburg, PA",615,0,615,0,1995
23900,"Gettysburg, PA",608,0,608,0,1996
23900,"Gettysburg, PA",574,0,574,0,1997
23900,"Gettysburg, PA",588,0,588,0,1998
23900,"Gettysburg, PA",712,80,712,80,1999
23900,"Gettysburg, PA",639,39,639,39,2000
23900,"Gettysburg, PA",576,0,576,0,2001
23900,"Gettysburg, PA",654,0,654,0,2002
23900,"Gettysburg, PA",532,0,532,0,2003
23900,"Gettysburg, PA",675,32,675,32,2004
23900,"Gettysburg, PA",606,0,606,0,2005
23900,"Gettysburg, PA",541,0,541,0,2006
23900,"Gettysburg, PA",388,0,388,0,2007
23900,"Gettysburg, PA",278,0,278,0,2008
23900,"Gettysburg, PA",198,0,198,0,2009
23900,"Gettysburg, PA",306,22,306,22,2010
23900,"Gettysburg, PA",148,0,148,0,2011
23900,"Gettysburg, PA",167,0,167,0,2012
23900,"Gettysburg, PA",200,0,200,0,2013
23900,"Gettysburg, PA",272,40,272,40,2014
23900,"Gettysburg, PA",240,18,240,18,2015
23900,"Gettysburg, PA",347,0,347,0,2016
23900,"Gettysburg, PA",249,0,249,0,2017
23900,"Gettysburg, PA",224,0,185,0,2018
23900,"Gettysburg, PA",220,0,220,0,2019
23900,"Gettysburg, PA",226,0,226,0,2020
23900,"Gettysburg, PA",438,0,438,0,2021
23900,"Gettysburg, PA",394,0,394,0,2022
23900,"Gettysburg, PA",338,0,338,0,2023
23900,"Gettysburg, PA",403,0,403,0,2024
23900,"Gettysburg, PA",476,0,476,0,2025
24020,"Glens Falls, NY",740,10,727,10,1990
24020,"Glens Falls, NY",668,14,645,14,1991
24020,"Glens Falls, NY",589,8,589,8,1992
24020,"Glens Falls, NY",565,49,565,49,1993
24020,"Glens Falls, NY",535,6,532,6,1994
24020,"Glens Falls, NY",432,0,423,0,1995
24020,"Glens Falls, NY",441,16,432,16,1996
24020,"Glens Falls, NY",412,42,378,42,1997
24020,"Glens Falls, NY",485,45,469,45,1998
24020,"Glens Falls, NY",549,86,523,86,1999
24020,"Glens Falls, NY",550,32,538,32,2000
24020,"Glens Falls, NY",445,12,423,12,2001
24020,"Glens Falls, NY",736,72,718,72,2002
24020,"Glens Falls, NY",778,80,778,80,2003
24020,"Glens Falls, NY",809,78,777,78,2004
24020,"Glens Falls, NY",1182,437,1176,437,2005
24020,"Glens Falls, NY",709,48,660,48,2006
24020,"Glens Falls, NY",497,24,441,24,2007
24020,"Glens Falls, NY",357,24,338,24,2008
24020,"Glens Falls, NY",325,24,299,24,2009
24020,"Glens Falls, NY",279,20,257,20,2010
24020,"Glens Falls, NY",242,12,226,12,2011
24020,"Glens Falls, NY",296,58,278,58,2012
24020,"Glens Falls, NY",251,36,234,36,2013
24020,"Glens Falls, NY",368,74,343,74,2014
24020,"Glens Falls, NY",381,168,381,168,2015
24020,"Glens Falls, NY",359,132,203,54,2016
24020,"Glens Falls, NY",264,0,264,0,2017
24020,"Glens Falls, NY",227,0,145,0,2018
24020,"Glens Falls, NY",241,6,160,6,2019
24020,"Glens Falls, NY",306,72,219,72,2020
24020,"Glens Falls, NY",384,128,281,128,2021
24020,"Glens Falls, NY",292,22,291,22,2022
24020,"Glens Falls, NY",238,6,235,6,2023
24020,"Glens Falls, NY",355,102,348,102,2024
24020,"Glens Falls, NY",327,24,321,24,2025
24140,"Goldsboro, NC",366,30,366,30,1990
24140,"Goldsboro, NC",316,6,316,6,1991
24140,"Goldsboro, NC",463,20,463,20,1992
24140,"Goldsboro, NC",542,15,146,15,1993
24140,"Goldsboro, NC",576,14,169,14,1994
24140,"Goldsboro, NC",539,21,539,21,1995
24140,"Goldsboro, NC",466,6,466,6,1996
24140,"Goldsboro, NC",459,10,459,10,1997
24140,"Goldsboro, NC",378,0,378,0,1998
24140,"Goldsboro, NC",555,6,555,6,1999
24140,"Goldsboro, NC",428,0,428,0,2000
24140,"Goldsboro, NC",421,0,421,0,2001
24140,"Goldsboro, NC",433,0,433,0,2002
24140,"Goldsboro, NC",690,53,690,53,2003
24140,"Goldsboro, NC",540,5,540,5,2004
24140,"Goldsboro, NC",607,0,607,0,2005
24140,"Goldsboro, NC",522,0,522,0,2006
24140,"Goldsboro, NC",469,0,469,0,2007
24140,"Goldsboro, NC",390,40,390,40,2008
24140,"Goldsboro, NC",259,0,259,0,2009
24140,"Goldsboro, NC",279,0,279,0,2010
24140,"Goldsboro, NC",205,0,205,0,2011
24140,"Goldsboro, NC",263,0,174,0,2012
24140,"Goldsboro, NC",277,0,277,0,2013
24140,"Goldsboro, NC",257,0,257,0,2014
24140,"Goldsboro, NC",248,0,248,0,2015
24140,"Goldsboro, NC",269,5,269,5,2016
24140,"Goldsboro, NC",280,0,280,0,2017
24140,"Goldsboro, NC",275,0,274,0,2018
24140,"Goldsboro, NC",323,0,323,0,2019
24140,"Goldsboro, NC",414,0,414,0,2020
24140,"Goldsboro, NC",482,0,482,0,2021
24140,"Goldsboro, NC",418,72,418,72,2022
24140,"Goldsboro, NC",538,0,538,0,2023
24140,"Goldsboro, NC",605,0,503,0,2024
24140,"Goldsboro, NC",954,54,916,54,2025
24220,"Grand Forks, ND-MN",133,0,128,0,1990
24220,"Grand Forks, ND-MN",149,10,144,10,1991
24220,"Grand Forks, ND-MN",350,108,342,108,1992
24220,"Grand Forks, ND-MN",421,159,413,159,1993
24220,"Grand Forks, ND-MN",263,5,260,5,1994
24220,"Grand Forks, ND-MN",475,310,472,310,1995
24220,"Grand Forks, ND-MN",268,51,265,51,1996
24220,"Grand Forks, ND-MN",562,135,559,135,1997
24220,"Grand Forks, ND-MN",405,48,402,48,1998
24220,"Grand Forks, ND-MN",310,105,307,105,1999
24220,"Grand Forks, ND-MN",155,0,152,0,2000
24220,"Grand Forks, ND-MN",202,32,202,32,2001
24220,"Grand Forks, ND-MN",371,118,366,118,2002
24220,"Grand Forks, ND-MN",674,300,674,300,2003
24220,"Grand Forks, ND-MN",590,223,586,223,2004
24220,"Grand Forks, ND-MN",647,268,647,268,2005
24220,"Grand Forks, ND-MN",486,228,485,228,2006
24220,"Grand Forks, ND-MN",404,152,402,152,2007
24220,"Grand Forks, ND-MN",374,189,374,189,2008
24220,"Grand Forks, ND-MN",325,153,321,153,2009
24220,"Grand Forks, ND-MN",200,46,196,46,2010
24220,"Grand Forks, ND-MN",391,241,387,241,2011
24220,"Grand Forks, ND-MN",515,292,511,292,2012
24220,"Grand Forks, ND-MN",1108,830,1068,830,2013
24220,"Grand Forks, ND-MN",999,685,982,685,2014
24220,"Grand Forks, ND-MN",529,280,527,280,2015
24220,"Grand Forks, ND-MN",443,232,439,232,2016
24220,"Grand Forks, ND-MN",417,186,399,186,2017
24220,"Grand Forks, ND-MN",355,91,310,91,2018
24220,"Grand Forks, ND-MN",195,45,193,45,2019
24220,"Grand Forks, ND-MN",488,277,488,277,2020
24220,"Grand Forks, ND-MN",227,0,227,0,2021
24220,"Grand Forks, ND-MN",165,0,163,0,2022
24220,"Grand Forks, ND-MN",165,0,164,0,2023
24220,"Grand Forks, ND-MN",226,54,216,54,2024
24220,"Grand Forks, ND-MN",228,71,139,0,2025
24260,"Grand Island, NE",127,0,127,0,1990
24260,"Grand Island, NE",191,16,191,16,1991
24260,"Grand Island, NE",239,6,239,6,1992
24260,"Grand Island, NE",312,12,312,12,1993
24260,"Grand Island, NE",307,58,307,58,1994
24260,"Grand Island, NE",350,78,350,78,1995
24260,"Grand Island, NE",488,250,488,250,1996
24260,"Grand Island, NE",260,35,260,35,1997
24260,"Grand Island, NE",323,80,323,80,1998
24260,"Grand Island, NE",220,24,220,24,1999
24260,"Grand Island, NE",221,72,221,72,2000
24260,"Grand Island, NE",181,0,181,0,2001
24260,"Grand Island, NE",327,160,298,160,2002
24260,"Grand Island, NE",256,44,256,44,2003
24260,"Grand Island, NE",289,80,262,75,2004
24260,"Grand Island, NE",250,50,224,45,2005
24260,"Grand Island, NE",306,101,283,96,2006
24260,"Grand Island, NE",447,52,428,47,2007
24260,"Grand Island, NE",160,8,160,8,2008
24260,"Grand Island, NE",178,0,175,0,2009
24260,"Grand Island, NE",160,0,144,0,2010
24260,"Grand Island, NE",178,8,140,8,2011
24260,"Grand Island, NE",407,210,389,210,2012
24260,"Grand Island, NE",273,82,255,82,2013
24260,"Grand Island, NE",268,30,250,30,2014
24260,"Grand Island, NE",286,56,265,56,2015
24260,"Grand Island, NE",362,176,340,176,2016
24260,"Grand Island, NE",250,72,226,72,2017
24260,"Grand Island, NE",161,11,128,6,2018
24260,"Grand Island, NE",177,26,155,26,2019
24260,"Grand Island, NE",271,55,229,55,2020
24260,"Grand Island, NE",305,124,278,124,2021
24260,"Grand Island, NE",234,0,204,0,2022
24260,"Grand Island, NE",399,126,378,126,2023
24260,"Grand Island, NE",307,98,266,98,2024
24260,"Grand Island, NE",267,37,230,37,2025
24300,"Grand Junction, CO",267,0,224,0,1990
24300,"Grand Junction, CO",343,0,343,0,1991
24300,"Grand Junction, CO",563,0,528,0,1992
24300,"Grand Junction, CO",791,6,791,6,1993
24300,"Grand Junction, CO",924,0,924,0,1994
24300,"Grand Junction, CO",941,30,941,30,1995
24300,"Grand Junction, CO",1044,33,1044,33,1996
24300,"Grand Junction, CO",1114,84,1114,84,1997
24300,"Grand Junction, CO",1286,8,1185,0,1998
24300,"Grand Junction, CO",1362,24,1362,24,1999
24300,"Grand Junction, CO",1316,83,1316,83,2000
24300,"Grand Junction, CO",1253,56,1253,56,2001
24300,"Grand Junction, CO",1370,40,1370,40,2002
24300,"Grand Junction, CO",1589,8,1589,8,2003
24300,"Grand Junction, CO",1551,130,1551,130,2004
24300,"Grand Junction, CO",1505,12,1505,12,2005
24300,"Grand Junction, CO",1574,106,1574,106,2006
24300,"Grand Junction, CO",1366,24,1366,24,2007
24300,"Grand Junction, CO",784,82,784,82,2008
24300,"Grand Junction, CO",365,0,365,0,2009
24300,"Grand Junction, CO",408,48,408,48,2010
24300,"Grand Junction, CO",359,64,359,64,2011
24300,"Grand Junction, CO",355,12,355,12,2012
24300,"Grand Junction, CO",442,0,442,0,2013
24300,"Grand Junction, CO",504,40,504,40,2014
24300,"Grand Junction, CO",486,40,486,40,2015
24300,"Grand Junction, CO",597,91,597,91,2016
24300,"Grand Junction, CO",755,78,755,78,2017
24300,"Grand Junction, CO",830,0,830,0,2018
24300,"Grand Junction, CO",818,126,818,126,2019
24300,"Grand Junction, CO",1004,208,1004,208,2020
24300,"Grand Junction, CO",1231,297,1231,297,2021
24300,"Grand Junction, CO",969,293,969,293,2022
24300,"Grand Junction, CO",1246,707,1246,707,2023
24300,"Grand Junction, CO",1014,240,1004,235,2024
24300,"Grand Junction, CO",810,117,810,117,2025
24340,"Grand Rapids-Wyoming-Kentwood, MI",5565,1736,5486,1726,1990
24340,"Grand Rapids-Wyoming-Kentwood, MI",3715,400,3702,400,1991
24340,"Grand Rapids-Wyoming-Kentwood, MI",4844,811,4683,736,1992
24340,"Grand Rapids-Wyoming-Kentwood, MI",4755,434,4215,399,1993
24340,"Grand Rapids-Wyoming-Kentwood, MI",5961,926,5708,890,1994
24340,"Grand Rapids-Wyoming-Kentwood, MI",6381,1244,6151,1239,1995
24340,"Grand Rapids-Wyoming-Kentwood, MI",7210,1391,6436,1285,1996
24340,"Grand Rapids-Wyoming-Kentwood, MI",6543,1382,5927,1372,1997
24340,"Grand Rapids-Wyoming-Kentwood, MI",6944,1547,6184,1334,1998
24340,"Grand Rapids-Wyoming-Kentwood, MI",6611,921,6180,827,1999
24340,"Grand Rapids-Wyoming-Kentwood, MI",6116,767,5312,735,2000
24340,"Grand Rapids-Wyoming-Kentwood, MI",6377,917,5955,912,2001
24340,"Grand Rapids-Wyoming-Kentwood, MI",6597,955,6289,955,2002
24340,"Grand Rapids-Wyoming-Kentwood, MI",6782,729,6782,729,2003
24340,"Grand Rapids-Wyoming-Kentwood, MI",6895,877,5541,720,2004
24340,"Grand Rapids-Wyoming-Kentwood, MI",5837,512,4611,251,2005
24340,"Grand Rapids-Wyoming-Kentwood, MI",4295,564,3811,401,2006
24340,"Grand Rapids-Wyoming-Kentwood, MI",2892,427,2333,291,2007
24340,"Grand Rapids-Wyoming-Kentwood, MI",1749,241,1509,191,2008
24340,"Grand Rapids-Wyoming-Kentwood, MI",1226,58,1027,28,2009
24340,"Grand Rapids-Wyoming-Kentwood, MI",1299,31,1125,0,2010
24340,"Grand Rapids-Wyoming-Kentwood, MI",1512,170,1357,125,2011
24340,"Grand Rapids-Wyoming-Kentwood, MI",2065,301,1800,196,2012
24340,"Grand Rapids-Wyoming-Kentwood, MI",2343,169,2099,114,2013
24340,"Grand Rapids-Wyoming-Kentwood, MI",3224,823,3150,823,2014
24340,"Grand Rapids-Wyoming-Kentwood, MI",3731,1106,3096,868,2015
24340,"Grand Rapids-Wyoming-Kentwood, MI",4802,1949,4412,1934,2016
24340,"Grand Rapids-Wyoming-Kentwood, MI",4932,1824,4452,1688,2017
24340,"Grand Rapids-Wyoming-Kentwood, MI",3970,903,3795,878,2018
24340,"Grand Rapids-Wyoming-Kentwood, MI",4367,1437,3925,1395,2019
24340,"Grand Rapids-Wyoming-Kentwood, MI",3624,822,3005,633,2020
24340,"Grand Rapids-Wyoming-Kentwood, MI",3938,674,3585,512,2021
24340,"Grand Rapids-Wyoming-Kentwood, MI",4393,1441,4078,1243,2022
24340,"Grand Rapids-Wyoming-Kentwood, MI",3754,951,3301,698,2023
24340,"Grand Rapids-Wyoming-Kentwood, MI",3861,1352,3169,1148,2024
24340,"Grand Rapids-Wyoming-Kentwood, MI",4267,1571,3631,1325,2025
24420,"Grants Pass, OR",614,117,614,117,1990
24420,"Grants Pass, OR",613,129,613,129,1991
24420,"Grants Pass, OR",585,86,585,86,1992
24420,"Grants Pass, OR",640,110,640,110,1993
24420,"Grants Pass, OR",629,53,629,53,1994
24420,"Grants Pass, OR",421,0,421,0,1995
24420,"Grants Pass, OR",346,17,298,12,1996
24420,"Grants Pass, OR",335,10,140,0,1997
24420,"Grants Pass, OR",388,10,178,0,1998
24420,"Grants Pass, OR",440,22,247,22,1999
24420,"Grants Pass, OR",424,53,231,53,2000
24420,"Grants Pass, OR",411,0,217,0,2001
24420,"Grants Pass, OR",520,47,520,47,2002
24420,"Grants Pass, OR",624,60,624,60,2003
24420,"Grants Pass, OR",760,0,476,0,2004
24420,"Grants Pass, OR",849,0,522,0,2005
24420,"Grants Pass, OR",627,26,343,26,2006
24420,"Grants Pass, OR",417,8,417,8,2007
24420,"Grants Pass, OR",189,0,189,0,2008
24420,"Grants Pass, OR",105,0,105,0,2009
24420,"Grants Pass, OR",106,0,106,0,2010
24420,"Grants Pass, OR",70,0,70,0,2011
24420,"Grants Pass, OR",81,0,81,0,2012
24420,"Grants Pass, OR",132,0,132,0,2013
24420,"Grants Pass, OR",149,0,149,0,2014
24420,"Grants Pass, OR",237,50,237,50,2015
24420,"Grants Pass, OR",213,0,213,0,2016
24420,"Grants Pass, OR",250,0,250,0,2017
24420,"Grants Pass, OR",227,0,227,0,2018
24420,"Grants Pass, OR",231,0,231,0,2019
24420,"Grants Pass, OR",316,0,316,0,2020
24420,"Grants Pass, OR",333,0,333,0,2021
24420,"Grants Pass, OR",338,56,338,56,2022
24420,"Grants Pass, OR",209,16,185,16,2023
24420,"Grants Pass, OR",202,5,202,5,2024
24420,"Grants Pass, OR",293,119,202,119,2025
24500,"Great Falls, MT",55,0,55,0,1990
24500,"Great Falls, MT",90,24,90,24,1991
24500,"Great Falls, MT",134,28,134,28,1992
24500,"Great Falls, MT",111,0,109,0,1993
24500,"Great Falls, MT",138,12,118,12,1994
24500,"Great Falls, MT",127,25,75,20,1995
24500,"Great Falls, MT",134,30,10,0,1996
24500,"Great Falls, MT",165,52,62,32,1997
24500,"Great Falls, MT",276,162,148,121,1998
24500,"Great Falls, MT",101,12,101,12,1999
24500,"Great Falls, MT",99,12,99,12,2000
24500,"Great Falls, MT",167,42,167,42,2001
24500,"Great Falls, MT",120,0,120,0,2002
24500,"Great Falls, MT",201,24,201,24,2003
24500,"Great Falls, MT",224,42,224,42,2004
24500,"Great Falls, MT",316,18,316,18,2005
24500,"Great Falls, MT",320,0,320,0,2006
24500,"Great Falls, MT",316,72,316,72,2007
24500,"Great Falls, MT",205,0,205,0,2008
24500,"Great Falls, MT",187,32,187,32,2009
24500,"Great Falls, MT",150,12,150,12,2010
24500,"Great Falls, MT",144,32,144,32,2011
24500,"Great Falls, MT",129,0,129,0,2012
24500,"Great Falls, MT",147,0,147,0,2013
24500,"Great Falls, MT",463,278,463,278,2014
24500,"Great Falls, MT",226,48,226,48,2015
24500,"Great Falls, MT",242,84,242,84,2016
24500,"Great Falls, MT",205,0,205,0,2017
24500,"Great Falls, MT",144,12,144,12,2018
24500,"Great Falls, MT",134,12,134,12,2019
24500,"Great Falls, MT",151,12,151,12,2020
24500,"Great Falls, MT",272,48,272,48,2021
24500,"Great Falls, MT",543,337,543,337,2022
24500,"Great Falls, MT",151,0,151,0,2023
24500,"Great Falls, MT",223,37,223,37,2024
24500,"Great Falls, MT",253,76,221,76,2025
24540,"Greeley, CO",271,0,256,0,1990
24540,"Greeley, CO",357,5,330,5,1991
24540,"Greeley, CO",521,8,515,8,1992
24540,"Greeley, CO",965,89,953,89,1993
24540,"Greeley, CO",1164,20,1113,12,1994
24540,"Greeley, CO",1470,61,1450,61,1995
24540,"Greeley, CO",1856,95,1832,95,1996
24540,"Greeley, CO",2117,243,2002,227,1997
24540,"Greeley, CO",3069,178,3032,178,1998
24540,"Greeley, CO",3557,128,3456,123,1999
24540,"Greeley, CO",4369,343,4349,343,2000
24540,"Greeley, CO",4301,299,4213,277,2001
24540,"Greeley, CO",4411,499,4411,499,2002
24540,"Greeley, CO",3963,226,3963,226,2003
24540,"Greeley, CO",4414,363,4409,363,2004
24540,"Greeley, CO",4279,138,4222,130,2005
24540,"Greeley, CO",2922,303,2877,303,2006
24540,"Greeley, CO",1847,282,1776,271,2007
24540,"Greeley, CO",980,119,762,0,2008
24540,"Greeley, CO",761,43,668,0,2009
24540,"Greeley, CO",863,71,670,0,2010
24540,"Greeley, CO",889,92,689,0,2011
24540,"Greeley, CO",1241,49,1080,34,2012
24540,"Greeley, CO",1935,292,1716,282,2013
24540,"Greeley, CO",2708,687,2512,672,2014
24540,"Greeley, CO",3186,520,3034,520,2015
24540,"Greeley, CO",3009,483,2390,425,2016
24540,"Greeley, CO",3646,672,3416,639,2017
24540,"Greeley, CO",4107,840,3745,782,2018
24540,"Greeley, CO",4387,1008,4381,1008,2019
24540,"Greeley, CO",4185,748,3801,698,2020
24540,"Greeley, CO",5268,1050,4089,751,2021
24540,"Greeley, CO",6166,2624,6166,2624,2022
24540,"Greeley, CO",3627,1008,3322,947,2023
24540,"Greeley, CO",3468,545,3358,527,2024
24540,"Greeley, CO",2993,982,2993,982,2025
24580,"Green Bay, WI",1474,405,1286,392,1990
24580,"Green Bay, WI",1868,558,1734,551,1991
24580,"Green Bay, WI",2416,685,2415,685,1992
24580,"Green Bay, WI",2268,611,2199,590,1993
24580,"Green Bay, WI",2480,779,1884,446,1994
24580,"Green Bay, WI",2388,708,2342,688,1995
24580,"Green Bay, WI",2180,505,2011,480,1996
24580,"Green Bay, WI",2050,474,1898,426,1997
24580,"Green Bay, WI",2271,373,1888,284,1998
24580,"Green Bay, WI",2573,551,2226,495,1999
24580,"Green Bay, WI",2151,264,1737,132,2000
24580,"Green Bay, WI",2717,865,2628,865,2001
24580,"Green Bay, WI",2800,798,2287,552,2002
24580,"Green Bay, WI",3111,1019,3111,1019,2003
24580,"Green Bay, WI",3069,620,2553,449,2004
24580,"Green Bay, WI",2607,578,2150,408,2005
24580,"Green Bay, WI",2105,498,1761,335,2006
24580,"Green Bay, WI",1893,280,1630,145,2007
24580,"Green Bay, WI",884,279,711,179,2008
24580,"Green Bay, WI",837,224,835,224,2009
24580,"Green Bay, WI",1134,509,1045,489,2010
24580,"Green Bay, WI",880,367,819,332,2011
24580,"Green Bay, WI",923,269,794,226,2012
24580,"Green Bay, WI",1270,521,990,461,2013
24580,"Green Bay, WI",1004,335,797,231,2014
24580,"Green Bay, WI",1018,326,803,302,2015
24580,"Green Bay, WI",1008,170,918,170,2016
24580,"Green Bay, WI",1176,315,1123,310,2017
24580,"Green Bay, WI",1201,413,1038,348,2018
24580,"Green Bay, WI",1130,383,1130,383,2019
24580,"Green Bay, WI",1433,559,1282,496,2020
24580,"Green Bay, WI",1408,538,1220,459,2021
24580,"Green Bay, WI",1249,418,1248,418,2022
24580,"Green Bay, WI",993,193,993,193,2023
24580,"Green Bay, WI",1825,918,1656,918,2024
24580,"Green Bay, WI",1413,413,1265,413,2025
24660,"Greensboro-High Point, NC",2932,205,2927,205,1990
24660,"Greensboro-High Point, NC",3175,341,3166,341,1991
24660,"Greensboro-High Point, NC",3589,332,3589,332,1992
24660,"Greensboro-High Point, NC",4168,725,4164,725,1993
24660,"Greensboro-High Point, NC",4350,667,4347,667,1994
24660,"Greensboro-High Point, NC",4850,1132,4850,1132,1995
24660,"Greensboro-High Point, NC",5557,1602,5543,1602,1996
24660,"Greensboro-High Point, NC",5583,1329,5563,1329,1997
24660,"Greensboro-High Point, NC",5649,1223,5649,1223,1998
24660,"Greensboro-High Point, NC",5728,1517,5728,1517,1999
24660,"Greensboro-High Point, NC",4786,700,4782,700,2000
24660,"Greensboro-High Point, NC",6393,1602,6393,1602,2001
24660,"Greensboro-High Point, NC",5668,1047,5668,1047,2002
24660,"Greensboro-High Point, NC",4816,709,4816,709,2003
24660,"Greensboro-High Point, NC",6139,1151,6135,1151,2004
24660,"Greensboro-High Point, NC",6290,1000,3764,531,2005
24660,"Greensboro-High Point, NC",6417,1640,5225,1640,2006
24660,"Greensboro-High Point, NC",4966,1199,4159,1199,2007
24660,"Greensboro-High Point, NC",3296,1188,2511,1057,2008
24660,"Greensboro-High Point, NC",2075,662,1711,662,2009
24660,"Greensboro-High Point, NC",1903,573,1903,573,2010
24660,"Greensboro-High Point, NC",2047,940,2047,940,2011
24660,"Greensboro-High Point, NC",1887,649,1887,649,2012
24660,"Greensboro-High Point, NC",2032,614,2032,614,2013
24660,"Greensboro-High Point, NC",2632,1160,2632,1160,2014
24660,"Greensboro-High Point, NC",2212,554,1938,390,2015
24660,"Greensboro-High Point, NC",2735,1092,2627,1069,2016
24660,"Greensboro-High Point, NC",3055,1009,3054,1009,2017
24660,"Greensboro-High Point, NC",2224,249,2224,249,2018
24660,"Greensboro-High Point, NC",2423,409,2423,409,2019
24660,"Greensboro-High Point, NC",3147,902,3147,902,2020
24660,"Greensboro-High Point, NC",3964,1335,3964,1335,2021
24660,"Greensboro-High Point, NC",2993,814,2993,814,2022
24660,"Greensboro-High Point, NC",3507,1099,3507,1099,2023
24660,"Greensboro-High Point, NC",4976,2565,4966,2565,2024
24660,"Greensboro-High Point, NC",3830,1176,3830,1176,2025
24780,"Greenville, NC",1161,525,1161,525,1990
24780,"Greenville, NC",934,485,934,485,1991
24780,"Greenville, NC",1409,706,1409,706,1992
24780,"Greenville, NC",1746,923,1746,923,1993
24780,"Greenville, NC",1853,1038,1843,1038,1994
24780,"Greenville, NC",1558,663,1558,663,1995
24780,"Greenville, NC",1019,338,1001,338,1996
24780,"Greenville, NC",1413,546,1413,546,1997
24780,"Greenville, NC",1372,544,1342,544,1998
24780,"Greenville, NC",1189,349,1108,349,1999
24780,"Greenville, NC",1766,950,1766,950,2000
24780,"Greenville, NC",1838,863,1838,863,2001
24780,"Greenville, NC",1837,838,1591,838,2002
24780,"Greenville, NC",1709,690,1709,690,2003
24780,"Greenville, NC",2191,563,2191,563,2004
24780,"Greenville, NC",2548,977,2548,977,2005
24780,"Greenville, NC",2291,540,2291,540,2006
24780,"Greenville, NC",2513,950,2513,950,2007
24780,"Greenville, NC",1247,514,1247,514,2008
24780,"Greenville, NC",562,72,562,72,2009
24780,"Greenville, NC",669,235,669,235,2010
24780,"Greenville, NC",336,0,336,0,2011
24780,"Greenville, NC",770,360,770,360,2012
24780,"Greenville, NC",558,128,558,128,2013
24780,"Greenville, NC",905,528,858,517,2014
24780,"Greenville, NC",538,122,535,122,2015
24780,"Greenville, NC",861,339,861,339,2016
24780,"Greenville, NC",1137,448,1137,448,2017
24780,"Greenville, NC",1150,363,582,54,2018
24780,"Greenville, NC",1030,317,1030,317,2019
24780,"Greenville, NC",719,0,416,0,2020
24780,"Greenville, NC",1275,446,927,446,2021
24780,"Greenville, NC",928,192,627,192,2022
24780,"Greenville, NC",1374,384,1327,384,2023
24780,"Greenville, NC",1300,204,1049,204,2024
24780,"Greenville, NC",1285,28,942,28,2025
24860,"Greenville-Anderson-Greer, SC",4353,1356,4350,1356,1990
24860,"Greenville-Anderson-Greer, SC",3097,158,3097,158,1991
24860,"Greenville-Anderson-Greer, SC",3477,83,3474,83,1992
24860,"Greenville-Anderson-Greer, SC",3977,233,3952,233,1993
24860,"Greenville-Anderson-Greer, SC",5117,857,5116,857,1994
24860,"Greenville-Anderson-Greer, SC",4847,705,4847,705,1995
24860,"Greenville-Anderson-Greer, SC",6154,1557,5755,1557,1996
24860,"Greenville-Anderson-Greer, SC",5191,628,4775,628,1997
24860,"Greenville-Anderson-Greer, SC",5848,708,5822,708,1998
24860,"Greenville-Anderson-Greer, SC",6425,780,6425,780,1999
24860,"Greenville-Anderson-Greer, SC",5458,646,5458,646,2000
24860,"Greenville-Anderson-Greer, SC",5344,334,5096,334,2001
24860,"Greenville-Anderson-Greer, SC",5859,542,5859,542,2002
24860,"Greenville-Anderson-Greer, SC",5853,336,5853,336,2003
24860,"Greenville-Anderson-Greer, SC",6251,601,6218,601,2004
24860,"Greenville-Anderson-Greer, SC",6993,529,6952,529,2005
24860,"Greenville-Anderson-Greer, SC",7122,903,7061,903,2006
24860,"Greenville-Anderson-Greer, SC",6637,1017,6618,1017,2007
24860,"Greenville-Anderson-Greer, SC",3827,810,3696,742,2008
24860,"Greenville-Anderson-Greer, SC",1821,51,1719,51,2009
24860,"Greenville-Anderson-Greer, SC",1962,194,1884,194,2010
24860,"Greenville-Anderson-Greer, SC",2029,96,2009,96,2011
24860,"Greenville-Anderson-Greer, SC",2818,129,2802,129,2012
24860,"Greenville-Anderson-Greer, SC",3895,619,3875,619,2013
24860,"Greenville-Anderson-Greer, SC",4479,1139,4457,1139,2014
24860,"Greenville-Anderson-Greer, SC",5896,2082,5859,2082,2015
24860,"Greenville-Anderson-Greer, SC",5753,1466,5727,1466,2016
24860,"Greenville-Anderson-Greer, SC",5299,800,5282,800,2017
24860,"Greenville-Anderson-Greer, SC",6430,1153,6394,1128,2018
24860,"Greenville-Anderson-Greer, SC",6563,1090,6563,1090,2019
24860,"Greenville-Anderson-Greer, SC",8734,2056,8526,2051,2020
24860,"Greenville-Anderson-Greer, SC",10604,1504,10603,1504,2021
24860,"Greenville-Anderson-Greer, SC",8244,1415,8244,1415,2022
24860,"Greenville-Anderson-Greer, SC",7684,463,7669,463,2023
24860,"Greenville-Anderson-Greer, SC",8875,811,8826,811,2024
24860,"Greenville-Anderson-Greer, SC",8255,703,8050,698,2025
25060,"Gulfport-Biloxi, MS",778,0,767,0,1990
25060,"Gulfport-Biloxi, MS",824,0,743,0,1991
25060,"Gulfport-Biloxi, MS",1194,0,1127,0,1992
25060,"Gulfport-Biloxi, MS",1914,67,1779,67,1993
25060,"Gulfport-Biloxi, MS",2742,683,2664,683,1994
25060,"Gulfport-Biloxi, MS",2334,740,2262,740,1995
25060,"Gulfport-Biloxi, MS",2205,398,2127,398,1996
25060,"Gulfport-Biloxi, MS",1876,116,1788,116,1997
25060,"Gulfport-Biloxi, MS",3351,1408,3214,1408,1998
25060,"Gulfport-Biloxi, MS",3012,539,2973,539,1999
25060,"Gulfport-Biloxi, MS",3829,1330,3689,1330,2000
25060,"Gulfport-Biloxi, MS",2815,507,2637,507,2001
25060,"Gulfport-Biloxi, MS",2704,308,2523,308,2002
25060,"Gulfport-Biloxi, MS",2858,510,2858,510,2003
25060,"Gulfport-Biloxi, MS",3663,534,3416,534,2004
25060,"Gulfport-Biloxi, MS",2942,452,2332,332,2005
25060,"Gulfport-Biloxi, MS",5521,575,5393,555,2006
25060,"Gulfport-Biloxi, MS",6897,3027,6764,3015,2007
25060,"Gulfport-Biloxi, MS",5193,2103,4981,2054,2008
25060,"Gulfport-Biloxi, MS",3647,645,3341,404,2009
25060,"Gulfport-Biloxi, MS",2070,303,1422,153,2010
25060,"Gulfport-Biloxi, MS",1969,272,1023,0,2011
25060,"Gulfport-Biloxi, MS",1863,341,1019,89,2012
25060,"Gulfport-Biloxi, MS",1812,414,1252,293,2013
25060,"Gulfport-Biloxi, MS",1974,484,1286,328,2014
25060,"Gulfport-Biloxi, MS",1759,137,821,0,2015
25060,"Gulfport-Biloxi, MS",1828,97,1263,0,2016
25060,"Gulfport-Biloxi, MS",1984,97,1315,5,2017
25060,"Gulfport-Biloxi, MS",2202,189,1488,88,2018
25060,"Gulfport-Biloxi, MS",2256,106,1601,0,2019
25060,"Gulfport-Biloxi, MS",3021,351,1892,264,2020
25060,"Gulfport-Biloxi, MS",2769,277,1413,168,2021
25060,"Gulfport-Biloxi, MS",2903,188,2249,188,2022
25060,"Gulfport-Biloxi, MS",3049,90,2467,90,2023
25060,"Gulfport-Biloxi, MS",2930,6,1706,6,2024
25060,"Gulfport-Biloxi, MS",3312,513,2032,513,2025
25180,"Hagerstown-Martinsburg, MD-WV",770,43,764,43,1990
25180,"Hagerstown-Martinsburg, MD-WV",1174,80,1148,74,1991
25180,"Hagerstown-Martinsburg, MD-WV",1361,66,1354,66,1992
25180,"Hagerstown-Martinsburg, MD-WV",1479,72,679,0,1993
25180,"Hagerstown-Martinsburg, MD-WV",1640,162,855,60,1994
25180,"Hagerstown-Martinsburg, MD-WV",1294,41,1091,9,1995
25180,"Hagerstown-Martinsburg, MD-WV",1528,228,1514,228,1996
25180,"Hagerstown-Martinsburg, MD-WV",1577,218,1572,218,1997
25180,"Hagerstown-Martinsburg, MD-WV",1413,13,1347,0,1998
25180,"Hagerstown-Martinsburg, MD-WV",1606,104,1605,104,1999
25180,"Hagerstown-Martinsburg, MD-WV",1653,142,1652,142,2000
25180,"Hagerstown-Martinsburg, MD-WV",2213,137,2210,137,2001
25180,"Hagerstown-Martinsburg, MD-WV",2907,184,2699,141,2002
25180,"Hagerstown-Martinsburg, MD-WV",2832,77,2832,77,2003
25180,"Hagerstown-Martinsburg, MD-WV",3417,206,1742,120,2004
25180,"Hagerstown-Martinsburg, MD-WV",4137,369,4079,315,2005
25180,"Hagerstown-Martinsburg, MD-WV",2787,288,2728,241,2006
25180,"Hagerstown-Martinsburg, MD-WV",1805,168,1805,168,2007
25180,"Hagerstown-Martinsburg, MD-WV",1172,120,1172,120,2008
25180,"Hagerstown-Martinsburg, MD-WV",701,36,700,36,2009
25180,"Hagerstown-Martinsburg, MD-WV",699,60,698,60,2010
25180,"Hagerstown-Martinsburg, MD-WV",529,0,529,0,2011
25180,"Hagerstown-Martinsburg, MD-WV",723,90,723,90,2012
25180,"Hagerstown-Martinsburg, MD-WV",922,68,922,68,2013
25180,"Hagerstown-Martinsburg, MD-WV",1023,168,1023,168,2014
25180,"Hagerstown-Martinsburg, MD-WV",1018,132,1018,132,2015
25180,"Hagerstown-Martinsburg, MD-WV",1008,0,933,0,2016
25180,"Hagerstown-Martinsburg, MD-WV",1309,84,1309,84,2017
25180,"Hagerstown-Martinsburg, MD-WV",1429,24,1427,24,2018
25180,"Hagerstown-Martinsburg, MD-WV",1565,32,1524,32,2019
25180,"Hagerstown-Martinsburg, MD-WV",1742,168,1738,168,2020
25180,"Hagerstown-Martinsburg, MD-WV",1768,18,1674,18,2021
25180,"Hagerstown-Martinsburg, MD-WV",2148,268,2097,268,2022
25180,"Hagerstown-Martinsburg, MD-WV",1754,0,1700,0,2023
25180,"Hagerstown-Martinsburg, MD-WV",1795,28,1762,28,2024
25180,"Hagerstown-Martinsburg, MD-WV",1624,202,1617,202,2025
25220,"Hammond, LA",223,15,213,15,1990
25220,"Hammond, LA",273,0,264,0,1991
25220,"Hammond, LA",393,6,393,6,1992
25220,"Hammond, LA",431,0,382,0,1993
25220,"Hammond, LA",503,10,479,10,1994
25220,"Hammond, LA",552,77,552,77,1995
25220,"Hammond, LA",634,26,620,26,1996
25220,"Hammond, LA",626,68,571,63,1997
25220,"Hammond, LA",626,0,615,0,1998
25220,"Hammond, LA",648,10,604,10,1999
25220,"Hammond, LA",552,0,502,0,2000
25220,"Hammond, LA",587,0,575,0,2001
25220,"Hammond, LA",623,0,554,0,2002
25220,"Hammond, LA",848,0,848,0,2003
25220,"Hammond, LA",830,0,830,0,2004
25220,"Hammond, LA",1231,141,1231,141,2005
25220,"Hammond, LA",2124,66,2116,66,2006
25220,"Hammond, LA",1074,6,1074,6,2007
25220,"Hammond, LA",885,16,766,16,2008
25220,"Hammond, LA",815,8,774,8,2009
25220,"Hammond, LA",526,5,524,5,2010
25220,"Hammond, LA",575,70,575,70,2011
25220,"Hammond, LA",587,43,587,43,2012
25220,"Hammond, LA",689,16,689,16,2013
25220,"Hammond, LA",592,5,586,0,2014
25220,"Hammond, LA",627,0,627,0,2015
25220,"Hammond, LA",698,0,698,0,2016
25220,"Hammond, LA",983,167,983,167,2017
25220,"Hammond, LA",1322,372,1277,372,2018
25220,"Hammond, LA",988,115,988,115,2019
25220,"Hammond, LA",1577,443,1501,443,2020
25220,"Hammond, LA",1508,557,824,0,2021
25220,"Hammond, LA",1458,581,1458,581,2022
25220,"Hammond, LA",1213,483,650,0,2023
25220,"Hammond, LA",1085,378,528,0,2024
25220,"Hammond, LA",1163,461,616,0,2025
25260,"Hanford-Corcoran, CA",627,58,627,58,1990
25260,"Hanford-Corcoran, CA",594,100,594,100,1991
25260,"Hanford-Corcoran, CA",618,0,618,0,1992
25260,"Hanford-Corcoran, CA",541,0,516,0,1993
25260,"Hanford-Corcoran, CA",674,0,666,0,1994
25260,"Hanford-Corcoran, CA",681,0,681,0,1995
25260,"Hanford-Corcoran, CA",591,0,510,0,1996
25260,"Hanford-Corcoran, CA",704,144,704,144,1997
25260,"Hanford-Corcoran, CA",773,163,769,163,1998
25260,"Hanford-Corcoran, CA",539,30,443,0,1999
25260,"Hanford-Corcoran, CA",445,0,432,0,2000
25260,"Hanford-Corcoran, CA",660,0,660,0,2001
25260,"Hanford-Corcoran, CA",701,80,701,80,2002
25260,"Hanford-Corcoran, CA",1017,108,1017,108,2003
25260,"Hanford-Corcoran, CA",867,0,836,0,2004
25260,"Hanford-Corcoran, CA",1103,0,1047,0,2005
25260,"Hanford-Corcoran, CA",849,39,752,39,2006
25260,"Hanford-Corcoran, CA",497,0,462,0,2007
25260,"Hanford-Corcoran, CA",373,0,373,0,2008
25260,"Hanford-Corcoran, CA",194,0,194,0,2009
25260,"Hanford-Corcoran, CA",265,68,219,68,2010
25260,"Hanford-Corcoran, CA",222,80,184,80,2011
25260,"Hanford-Corcoran, CA",272,0,206,0,2012
25260,"Hanford-Corcoran, CA",255,5,255,5,2013
25260,"Hanford-Corcoran, CA",434,160,427,160,2014
25260,"Hanford-Corcoran, CA",591,190,349,112,2015
25260,"Hanford-Corcoran, CA",605,87,359,0,2016
25260,"Hanford-Corcoran, CA",272,0,272,0,2017
25260,"Hanford-Corcoran, CA",352,0,352,0,2018
25260,"Hanford-Corcoran, CA",409,25,327,25,2019
25260,"Hanford-Corcoran, CA",306,0,197,0,2020
25260,"Hanford-Corcoran, CA",508,24,409,24,2021
25260,"Hanford-Corcoran, CA",436,0,436,0,2022
25260,"Hanford-Corcoran, CA",747,140,638,140,2023
25260,"Hanford-Corcoran, CA",726,307,297,233,2024
25260,"Hanford-Corcoran, CA",507,90,98,0,2025
25420,"Harrisburg-Carlisle, PA",2585,443,2535,443,1990
25420,"Harrisburg-Carlisle, PA",2035,251,2013,246,1991
25420,"Harrisburg-Carlisle, PA",2273,123,2263,123,1992
25420,"Harrisburg-Carlisle, PA",2598,308,2541,308,1993
25420,"Harrisburg-Carlisle, PA",2263,158,2168,158,1994
25420,"Harrisburg-Carlisle, PA",1911,197,1817,197,1995
25420,"Harrisburg-Carlisle, PA",2406,385,2314,363,1996
25420,"Harrisburg-Carlisle, PA",2893,788,2851,788,1997
25420,"Harrisburg-Carlisle, PA",2255,225,2193,216,1998
25420,"Harrisburg-Carlisle, PA",2595,308,2545,308,1999
25420,"Harrisburg-Carlisle, PA",1953,173,1896,173,2000
25420,"Harrisburg-Carlisle, PA",2094,214,2008,214,2001
25420,"Harrisburg-Carlisle, PA",2386,149,2337,149,2002
25420,"Harrisburg-Carlisle, PA",2831,288,2831,288,2003
25420,"Harrisburg-Carlisle, PA",2398,11,2255,11,2004
25420,"Harrisburg-Carlisle, PA",2704,331,2478,317,2005
25420,"Harrisburg-Carlisle, PA",2030,120,1772,110,2006
25420,"Harrisburg-Carlisle, PA",2229,176,2060,170,2007
25420,"Harrisburg-Carlisle, PA",1864,348,1823,348,2008
25420,"Harrisburg-Carlisle, PA",1522,301,1505,301,2009
25420,"Harrisburg-Carlisle, PA",1612,277,1602,277,2010
25420,"Harrisburg-Carlisle, PA",1113,145,1105,145,2011
25420,"Harrisburg-Carlisle, PA",1916,675,1903,675,2012
25420,"Harrisburg-Carlisle, PA",1667,320,1649,320,2013
25420,"Harrisburg-Carlisle, PA",1602,397,1602,397,2014
25420,"Harrisburg-Carlisle, PA",1615,405,1597,395,2015
25420,"Harrisburg-Carlisle, PA",1627,363,1622,363,2016
25420,"Harrisburg-Carlisle, PA",1564,238,1459,238,2017
25420,"Harrisburg-Carlisle, PA",2013,602,1929,602,2018
25420,"Harrisburg-Carlisle, PA",2018,738,1940,738,2019
25420,"Harrisburg-Carlisle, PA",1460,212,1332,207,2020
25420,"Harrisburg-Carlisle, PA",1542,189,1429,189,2021
25420,"Harrisburg-Carlisle, PA",2711,872,2709,872,2022
25420,"Harrisburg-Carlisle, PA",1864,581,1775,581,2023
25420,"Harrisburg-Carlisle, PA",1643,463,1521,463,2024
25420,"Harrisburg-Carlisle, PA",1201,237,1073,237,2025
25500,"Harrisonburg, VA",839,249,839,249,1990
25500,"Harrisonburg, VA",526,56,526,56,1991
25500,"Harrisonburg, VA",602,65,602,65,1992
25500,"Harrisonburg, VA",590,16,590,16,1993
25500,"Harrisonburg, VA",618,36,618,36,1994
25500,"Harrisonburg, VA",574,23,574,23,1995
25500,"Harrisonburg, VA",891,271,891,271,1996
25500,"Harrisonburg, VA",1060,383,1060,383,1997
25500,"Harrisonburg, VA",840,80,783,42,1998
25500,"Harrisonburg, VA",1008,390,1008,390,1999
25500,"Harrisonburg, VA",631,49,488,49,2000
25500,"Harrisonburg, VA",599,30,195,20,2001
25500,"Harrisonburg, VA",793,10,793,10,2002
25500,"Harrisonburg, VA",728,41,728,41,2003
25500,"Harrisonburg, VA",1082,12,1082,12,2004
25500,"Harrisonburg, VA",1198,12,1198,12,2005
25500,"Harrisonburg, VA",908,0,908,0,2006
25500,"Harrisonburg, VA",1306,400,1306,400,2007
25500,"Harrisonburg, VA",943,449,660,449,2008
25500,"Harrisonburg, VA",620,139,577,126,2009
25500,"Harrisonburg, VA",462,68,423,60,2010
25500,"Harrisonburg, VA",248,0,248,0,2011
25500,"Harrisonburg, VA",644,321,644,321,2012
25500,"Harrisonburg, VA",478,0,478,0,2013
25500,"Harrisonburg, VA",404,60,404,60,2014
25500,"Harrisonburg, VA",406,0,400,0,2015
25500,"Harrisonburg, VA",644,24,639,24,2016
25500,"Harrisonburg, VA",452,6,452,6,2017
25500,"Harrisonburg, VA",483,33,483,33,2018
25500,"Harrisonburg, VA",361,0,361,0,2019
25500,"Harrisonburg, VA",596,21,596,21,2020
25500,"Harrisonburg, VA",655,21,655,21,2021
25500,"Harrisonburg, VA",710,39,710,39,2022
25500,"Harrisonburg, VA",595,29,590,24,2023
25500,"Harrisonburg, VA",770,71,770,71,2024
25500,"Harrisonburg, VA",847,121,847,121,2025
25540,"Hartford-West Hartford-East Hartford, CT",2058,1385,1975,1385,2023
25540,"Hartford-West Hartford-East Hartford, CT",1887,1169,1800,1144,2024
25540,"Hartford-West Hartford-East Hartford, CT",1504,891,1413,851,2025
25620,"Hattiesburg, MS",41,0,41,0,1990
25620,"Hattiesburg, MS",35,0,32,0,1991
25620,"Hattiesburg, MS",71,0,68,0,1992
25620,"Hattiesburg, MS",71,0,66,0,1993
25620,"Hattiesburg, MS",137,30,107,30,1994
25620,"Hattiesburg, MS",191,120,143,120,1995
25620,"Hattiesburg, MS",192,76,186,76,1996
25620,"Hattiesburg, MS",149,38,129,30,1997
25620,"Hattiesburg, MS",145,21,103,0,1998
25620,"Hattiesburg, MS",165,49,64,28,1999
25620,"Hattiesburg, MS",330,172,330,172,2000
25620,"Hattiesburg, MS",254,108,254,108,2001
25620,"Hattiesburg, MS",451,264,451,264,2002
25620,"Hattiesburg, MS",133,0,133,0,2003
25620,"Hattiesburg, MS",616,351,616,351,2004
25620,"Hattiesburg, MS",241,56,238,56,2005
25620,"Hattiesburg, MS",457,220,377,220,2006
25620,"Hattiesburg, MS",1131,776,1130,776,2007
25620,"Hattiesburg, MS",748,449,747,449,2008
25620,"Hattiesburg, MS",108,6,107,6,2009
25620,"Hattiesburg, MS",74,0,74,0,2010
25620,"Hattiesburg, MS",64,0,64,0,2011
25620,"Hattiesburg, MS",228,0,224,0,2012
25620,"Hattiesburg, MS",207,0,85,0,2013
25620,"Hattiesburg, MS",166,0,16,0,2014
25620,"Hattiesburg, MS",212,90,212,90,2015
25620,"Hattiesburg, MS",174,41,56,5,2016
25620,"Hattiesburg, MS",134,0,134,0,2017
25620,"Hattiesburg, MS",106,0,106,0,2018
25620,"Hattiesburg, MS",138,0,138,0,2019
25620,"Hattiesburg, MS",144,5,143,5,2020
25620,"Hattiesburg, MS",153,0,123,0,2021
25620,"Hattiesburg, MS",154,0,114,0,2022
25620,"Hattiesburg, MS",169,36,114,36,2023
25620,"Hattiesburg, MS",132,0,48,0,2024
25620,"Hattiesburg, MS",123,0,41,0,2025
25740,"Helena, MT",143,74,143,74,1990
25740,"Helena, MT",42,0,42,0,1991
25740,"Helena, MT",86,0,84,0,1992
25740,"Helena, MT",93,0,90,0,1993
25740,"Helena, MT",141,0,141,0,1994
25740,"Helena, MT",176,68,163,68,1995
25740,"Helena, MT",247,118,217,118,1996
25740,"Helena, MT",118,34,105,34,1997
25740,"Helena, MT",77,0,77,0,1998
25740,"Helena, MT",59,10,57,10,1999
25740,"Helena, MT",108,0,99,0,2000
25740,"Helena, MT",67,0,61,0,2001
25740,"Helena, MT",120,38,114,38,2002
25740,"Helena, MT",135,6,135,6,2003
25740,"Helena, MT",151,0,145,0,2004
25740,"Helena, MT",259,49,252,49,2005
25740,"Helena, MT",187,12,180,12,2006
25740,"Helena, MT",162,18,153,18,2007
25740,"Helena, MT",83,5,78,5,2008
25740,"Helena, MT",99,5,79,0,2009
25740,"Helena, MT",172,24,163,24,2010
25740,"Helena, MT",159,0,156,0,2011
25740,"Helena, MT",184,0,181,0,2012
25740,"Helena, MT",133,0,133,0,2013
25740,"Helena, MT",339,216,339,216,2014
25740,"Helena, MT",173,0,173,0,2015
25740,"Helena, MT",181,48,180,48,2016
25740,"Helena, MT",152,6,150,6,2017
25740,"Helena, MT",195,48,195,48,2018
25740,"Helena, MT",210,15,210,15,2019
25740,"Helena, MT",264,18,264,18,2020
25740,"Helena, MT",220,42,219,42,2021
25740,"Helena, MT",163,0,162,0,2022
25740,"Helena, MT",332,141,332,141,2023
25740,"Helena, MT",468,198,460,198,2024
25740,"Helena, MT",216,28,216,28,2025
25860,"Hickory-Lenoir-Morganton, NC",1419,172,1323,172,1990
25860,"Hickory-Lenoir-Morganton, NC",1309,80,1206,80,1991
25860,"Hickory-Lenoir-Morganton, NC",1433,60,1391,60,1992
25860,"Hickory-Lenoir-Morganton, NC",1598,69,1390,69,1993
25860,"Hickory-Lenoir-Morganton, NC",1547,101,1192,101,1994
25860,"Hickory-Lenoir-Morganton, NC",1519,73,1263,73,1995
25860,"Hickory-Lenoir-Morganton, NC",2038,206,2038,206,1996
25860,"Hickory-Lenoir-Morganton, NC",1871,167,1871,167,1997
25860,"Hickory-Lenoir-Morganton, NC",2309,530,2255,499,1998
25860,"Hickory-Lenoir-Morganton, NC",2159,209,2099,172,1999
25860,"Hickory-Lenoir-Morganton, NC",2190,142,2168,142,2000
25860,"Hickory-Lenoir-Morganton, NC",2432,531,2371,531,2001
25860,"Hickory-Lenoir-Morganton, NC",1875,131,1805,131,2002
25860,"Hickory-Lenoir-Morganton, NC",1619,81,1619,81,2003
25860,"Hickory-Lenoir-Morganton, NC",1885,264,1885,264,2004
25860,"Hickory-Lenoir-Morganton, NC",1626,105,1552,105,2005
25860,"Hickory-Lenoir-Morganton, NC",1553,28,1553,28,2006
25860,"Hickory-Lenoir-Morganton, NC",1668,48,1658,48,2007
25860,"Hickory-Lenoir-Morganton, NC",926,18,926,18,2008
25860,"Hickory-Lenoir-Morganton, NC",601,0,601,0,2009
25860,"Hickory-Lenoir-Morganton, NC",448,40,423,40,2010
25860,"Hickory-Lenoir-Morganton, NC",380,0,359,0,2011
25860,"Hickory-Lenoir-Morganton, NC",335,40,335,40,2012
25860,"Hickory-Lenoir-Morganton, NC",428,0,428,0,2013
25860,"Hickory-Lenoir-Morganton, NC",594,122,594,122,2014
25860,"Hickory-Lenoir-Morganton, NC",805,241,801,241,2015
25860,"Hickory-Lenoir-Morganton, NC",655,44,605,0,2016
25860,"Hickory-Lenoir-Morganton, NC",880,145,833,109,2017
25860,"Hickory-Lenoir-Morganton, NC",1336,407,1169,342,2018
25860,"Hickory-Lenoir-Morganton, NC",1308,577,1129,504,2019
25860,"Hickory-Lenoir-Morganton, NC",1567,578,1360,501,2020
25860,"Hickory-Lenoir-Morganton, NC",1880,502,1632,405,2021
25860,"Hickory-Lenoir-Morganton, NC",2637,810,2382,690,2022
25860,"Hickory-Lenoir-Morganton, NC",2379,399,2078,287,2023
25860,"Hickory-Lenoir-Morganton, NC",2775,349,2240,255,2024
25860,"Hickory-Lenoir-Morganton, NC",3136,505,2945,434,2025
25940,"Hilton Head Island-Bluffton-Port Royal, SC",1028,81,1028,81,1990
25940,"Hilton Head Island-Bluffton-Port Royal, SC",929,123,916,123,1991
25940,"Hilton Head Island-Bluffton-Port Royal, SC",1145,192,1145,192,1992
25940,"Hilton Head Island-Bluffton-Port Royal, SC",1272,221,1272,221,1993
25940,"Hilton Head Island-Bluffton-Port Royal, SC",1895,576,1656,468,1994
25940,"Hilton Head Island-Bluffton-Port Royal, SC",2141,596,1175,120,1995
25940,"Hilton Head Island-Bluffton-Port Royal, SC",2515,691,2490,691,1996
25940,"Hilton Head Island-Bluffton-Port Royal, SC",2484,622,1754,369,1997
25940,"Hilton Head Island-Bluffton-Port Royal, SC",2576,475,1816,222,1998
25940,"Hilton Head Island-Bluffton-Port Royal, SC",3029,607,2313,389,1999
25940,"Hilton Head Island-Bluffton-Port Royal, SC",2761,687,2131,518,2000
25940,"Hilton Head Island-Bluffton-Port Royal, SC",2177,253,1544,88,2001
25940,"Hilton Head Island-Bluffton-Port Royal, SC",2726,236,2725,236,2002
25940,"Hilton Head Island-Bluffton-Port Royal, SC",2870,58,2870,58,2003
25940,"Hilton Head Island-Bluffton-Port Royal, SC",3058,262,3058,262,2004
25940,"Hilton Head Island-Bluffton-Port Royal, SC",4848,602,4843,602,2005
25940,"Hilton Head Island-Bluffton-Port Royal, SC",3735,167,3735,167,2006
25940,"Hilton Head Island-Bluffton-Port Royal, SC",2735,548,2735,548,2007
25940,"Hilton Head Island-Bluffton-Port Royal, SC",2014,787,1726,613,2008
25940,"Hilton Head Island-Bluffton-Port Royal, SC",434,18,434,18,2009
25940,"Hilton Head Island-Bluffton-Port Royal, SC",412,36,412,36,2010
25940,"Hilton Head Island-Bluffton-Port Royal, SC",637,205,472,156,2011
25940,"Hilton Head Island-Bluffton-Port Royal, SC",599,73,406,0,2012
25940,"Hilton Head Island-Bluffton-Port Royal, SC",1202,46,1202,46,2013
25940,"Hilton Head Island-Bluffton-Port Royal, SC",1426,0,1426,0,2014
25940,"Hilton Head Island-Bluffton-Port Royal, SC",2102,414,2102,414,2015
25940,"Hilton Head Island-Bluffton-Port Royal, SC",1784,109,893,109,2016
25940,"Hilton Head Island-Bluffton-Port Royal, SC",2275,241,1239,241,2017
25940,"Hilton Head Island-Bluffton-Port Royal, SC",2336,24,1167,24,2018
25940,"Hilton Head Island-Bluffton-Port Royal, SC",2886,528,1694,528,2019
25940,"Hilton Head Island-Bluffton-Port Royal, SC",2977,0,1474,0,2020
25940,"Hilton Head Island-Bluffton-Port Royal, SC",3698,1002,3698,1002,2021
25940,"Hilton Head Island-Bluffton-Port Royal, SC",2951,254,2951,254,2022
25940,"Hilton Head Island-Bluffton-Port Royal, SC",2954,274,2430,264,2023
25940,"Hilton Head Island-Bluffton-Port Royal, SC",3046,608,3046,608,2024
25940,"Hilton Head Island-Bluffton-Port Royal, SC",3077,687,2966,687,2025
25980,"Hinesville, GA",266,0,198,0,1990
25980,"Hinesville, GA",457,16,457,16,1991
25980,"Hinesville, GA",511,0,511,0,1992
25980,"Hinesville, GA",542,0,542,0,1993
25980,"Hinesville, GA",642,56,642,56,1994
25980,"Hinesville, GA",880,48,880,48,1995
25980,"Hinesville, GA",650,24,650,24,1996
25980,"Hinesville, GA",453,81,453,81,1997
25980,"Hinesville, GA",339,32,339,32,1998
25980,"Hinesville, GA",316,42,316,42,1999
25980,"Hinesville, GA",221,40,221,40,2000
25980,"Hinesville, GA",333,134,333,134,2001
25980,"Hinesville, GA",406,176,406,176,2002
25980,"Hinesville, GA",336,72,336,72,2003
25980,"Hinesville, GA",321,0,321,0,2004
25980,"Hinesville, GA",337,0,337,0,2005
25980,"Hinesville, GA",271,0,271,0,2006
25980,"Hinesville, GA",475,264,475,264,2007
25980,"Hinesville, GA",222,0,222,0,2008
25980,"Hinesville, GA",387,252,387,252,2009
25980,"Hinesville, GA",111,0,111,0,2010
25980,"Hinesville, GA",201,0,201,0,2011
25980,"Hinesville, GA",219,0,219,0,2012
25980,"Hinesville, GA",192,0,130,0,2013
25980,"Hinesville, GA",242,36,242,36,2014
25980,"Hinesville, GA",545,72,545,72,2015
25980,"Hinesville, GA",417,0,417,0,2016
25980,"Hinesville, GA",505,52,495,52,2017
25980,"Hinesville, GA",398,0,398,0,2018
25980,"Hinesville, GA",959,464,959,464,2019
25980,"Hinesville, GA",721,0,721,0,2020
25980,"Hinesville, GA",837,0,837,0,2021
25980,"Hinesville, GA",844,72,543,72,2022
25980,"Hinesville, GA",711,0,426,0,2023
25980,"Hinesville, GA",769,0,471,0,2024
25980,"Hinesville, GA",630,0,355,0,2025
26140,"Homosassa Springs, FL",1359,46,1359,46,1990
26140,"Homosassa Springs, FL",1079,16,1074,16,1991
26140,"Homosassa Springs, FL",1103,5,915,0,1992
26140,"Homosassa Springs, FL",1280,33,1280,33,1993
26140,"Homosassa Springs, FL",1227,0,1227,0,1994
26140,"Homosassa Springs, FL",1061,5,1061,5,1995
26140,"Homosassa Springs, FL",967,0,897,0,1996
26140,"Homosassa Springs, FL",1055,0,492,0,1997
26140,"Homosassa Springs, FL",1088,0,33,0,1998
26140,"Homosassa Springs, FL",1086,0,1086,0,1999
26140,"Homosassa Springs, FL",1190,0,1190,0,2000
26140,"Homosassa Springs, FL",1245,30,1245,30,2001
26140,"Homosassa Springs, FL",1271,0,1250,0,2002
26140,"Homosassa Springs, FL",1850,0,1850,0,2003
26140,"Homosassa Springs, FL",2531,0,2521,0,2004
26140,"Homosassa Springs, FL",3581,0,3544,0,2005
26140,"Homosassa Springs, FL",2097,5,2097,5,2006
26140,"Homosassa Springs, FL",964,0,964,0,2007
26140,"Homosassa Springs, FL",770,5,14,0,2008
26140,"Homosassa Springs, FL",484,0,5,0,2009
26140,"Homosassa Springs, FL",199,12,197,12,2010
26140,"Homosassa Springs, FL",142,0,142,0,2011
26140,"Homosassa Springs, FL",176,5,176,5,2012
26140,"Homosassa Springs, FL",201,0,0,0,2013
26140,"Homosassa Springs, FL",233,0,233,0,2014
26140,"Homosassa Springs, FL",378,22,378,22,2015
26140,"Homosassa Springs, FL",516,119,516,119,2016
26140,"Homosassa Springs, FL",546,91,33,0,2017
26140,"Homosassa Springs, FL",884,0,884,0,2018
26140,"Homosassa Springs, FL",865,146,122,106,2019
26140,"Homosassa Springs, FL",927,35,27,0,2020
26140,"Homosassa Springs, FL",1983,0,1972,0,2021
26140,"Homosassa Springs, FL",1628,0,1622,0,2022
26140,"Homosassa Springs, FL",2202,0,2196,0,2023
26140,"Homosassa Springs, FL",2443,0,1188,0,2024
26140,"Homosassa Springs, FL",2102,6,1403,6,2025
26300,"Hot Springs, AR",70,20,70,20,1990
26300,"Hot Springs, AR",65,0,65,0,1991
26300,"Hot Springs, AR",94,0,94,0,1992
26300,"Hot Springs, AR",87,0,87,0,1993
26300,"Hot Springs, AR",118,5,108,5,1994
26300,"Hot Springs, AR",128,0,128,0,1995
26300,"Hot Springs, AR",185,15,185,15,1996
26300,"Hot Springs, AR",376,261,357,256,1997
26300,"Hot Springs, AR",111,10,111,10,1998
26300,"Hot Springs, AR",122,5,39,0,1999
26300,"Hot Springs, AR",105,0,0,0,2000
26300,"Hot Springs, AR",113,0,7,0,2001
26300,"Hot Springs, AR",125,0,0,0,2002
26300,"Hot Springs, AR",129,0,129,0,2003
26300,"Hot Springs, AR",140,0,0,0,2004
26300,"Hot Springs, AR",159,0,3,0,2005
26300,"Hot Springs, AR",135,0,0,0,2006
26300,"Hot Springs, AR",96,0,3,0,2007
26300,"Hot Springs, AR",54,0,6,0,2008
26300,"Hot Springs, AR",38,0,0,0,2009
26300,"Hot Springs, AR",38,0,0,0,2010
26300,"Hot Springs, AR",37,0,37,0,2011
26300,"Hot Springs, AR",44,0,44,0,2012
26300,"Hot Springs, AR",41,0,41,0,2013
26300,"Hot Springs, AR",43,0,43,0,2014
26300,"Hot Springs, AR",59,0,59,0,2015
26300,"Hot Springs, AR",45,0,45,0,2016
26300,"Hot Springs, AR",38,0,38,0,2017
26300,"Hot Springs, AR",91,40,91,40,2018
26300,"Hot Springs, AR",118,60,117,60,2019
26300,"Hot Springs, AR",88,7,88,7,2020
26300,"Hot Springs, AR",330,252,330,252,2021
26300,"Hot Springs, AR",99,0,99,0,2022
26300,"Hot Springs, AR",84,0,84,0,2023
26300,"Hot Springs, AR",111,24,111,24,2024
26300,"Hot Springs, AR",326,224,326,224,2025
26380,"Houma-Bayou Cane-Thibodaux, LA",455,56,455,56,1990
26380,"Houma-Bayou Cane-Thibodaux, LA",483,12,481,12,1991
26380,"Houma-Bayou Cane-Thibodaux, LA",614,0,614,0,1992
26380,"Houma-Bayou Cane-Thibodaux, LA",661,0,661,0,1993
26380,"Houma-Bayou Cane-Thibodaux, LA",687,0,679,0,1994
26380,"Houma-Bayou Cane-Thibodaux, LA",783,101,775,101,1995
26380,"Houma-Bayou Cane-Thibodaux, LA",834,64,824,64,1996
26380,"Houma-Bayou Cane-Thibodaux, LA",840,80,831,80,1997
26380,"Houma-Bayou Cane-Thibodaux, LA",793,0,793,0,1998
26380,"Houma-Bayou Cane-Thibodaux, LA",741,0,727,0,1999
26380,"Houma-Bayou Cane-Thibodaux, LA",696,0,637,0,2000
26380,"Houma-Bayou Cane-Thibodaux, LA",711,0,702,0,2001
26380,"Houma-Bayou Cane-Thibodaux, LA",794,6,735,6,2002
26380,"Houma-Bayou Cane-Thibodaux, LA",1053,185,1053,185,2003
26380,"Houma-Bayou Cane-Thibodaux, LA",895,5,848,0,2004
26380,"Houma-Bayou Cane-Thibodaux, LA",947,5,895,0,2005
26380,"Houma-Bayou Cane-Thibodaux, LA",1153,24,1150,24,2006
26380,"Houma-Bayou Cane-Thibodaux, LA",722,0,676,0,2007
26380,"Houma-Bayou Cane-Thibodaux, LA",865,264,832,264,2008
26380,"Houma-Bayou Cane-Thibodaux, LA",555,0,530,0,2009
26380,"Houma-Bayou Cane-Thibodaux, LA",365,0,338,0,2010
26380,"Houma-Bayou Cane-Thibodaux, LA",390,0,363,0,2011
26380,"Houma-Bayou Cane-Thibodaux, LA",569,0,538,0,2012
26380,"Houma-Bayou Cane-Thibodaux, LA",574,6,574,6,2013
26380,"Houma-Bayou Cane-Thibodaux, LA",664,20,664,20,2014
26380,"Houma-Bayou Cane-Thibodaux, LA",663,0,663,0,2015
26380,"Houma-Bayou Cane-Thibodaux, LA",682,217,682,217,2016
26380,"Houma-Bayou Cane-Thibodaux, LA",437,0,437,0,2017
26380,"Houma-Bayou Cane-Thibodaux, LA",505,0,505,0,2018
26380,"Houma-Bayou Cane-Thibodaux, LA",521,0,521,0,2019
26380,"Houma-Bayou Cane-Thibodaux, LA",547,0,369,0,2020
26380,"Houma-Bayou Cane-Thibodaux, LA",587,0,379,0,2021
26380,"Houma-Bayou Cane-Thibodaux, LA",872,52,872,52,2022
26380,"Houma-Bayou Cane-Thibodaux, LA",617,13,617,13,2023
26380,"Houma-Bayou Cane-Thibodaux, LA",623,0,623,0,2024
26380,"Houma-Bayou Cane-Thibodaux, LA",591,0,591,0,2025
26420,"Houston-Pasadena-The Woodlands, TX",13321,2311,13309,2311,1990
26420,"Houston-Pasadena-The Woodlands, TX",17234,3667,17193,3667,1991
26420,"Houston-Pasadena-The Woodlands, TX",18527,3341,18512,3341,1992
26420,"Houston-Pasadena-The Woodlands, TX",19678,3887,19211,3762,1993
26420,"Houston-Pasadena-The Woodlands, TX",22517,6691,22253,6616,1994
26420,"Houston-Pasadena-The Woodlands, TX",21712,4783,21303,4748,1995
26420,"Houston-Pasadena-The Woodlands, TX",24149,4499,24016,4457,1996
26420,"Houston-Pasadena-The Woodlands, TX",32366,11265,32275,11265,1997
26420,"Houston-Pasadena-The Woodlands, TX",46894,20189,46205,20189,1998
26420,"Houston-Pasadena-The Woodlands, TX",36706,10150,36048,10150,1999
26420,"Houston-Pasadena-The Woodlands, TX",36025,7631,35854,7591,2000
26420,"Houston-Pasadena-The Woodlands, TX",37613,6643,37124,6401,2001
26420,"Houston-Pasadena-The Woodlands, TX",47092,11382,46721,11201,2002
26420,"Houston-Pasadena-The Woodlands, TX",56571,16586,56571,16586,2003
26420,"Houston-Pasadena-The Woodlands, TX",56036,10602,55726,10441,2004
26420,"Houston-Pasadena-The Woodlands, TX",62125,10468,61706,10316,2005
26420,"Houston-Pasadena-The Woodlands, TX",71719,15733,71190,15578,2006
26420,"Houston-Pasadena-The Woodlands, TX",63274,20312,62177,20088,2007
26420,"Houston-Pasadena-The Woodlands, TX",42728,14165,41352,13963,2008
26420,"Houston-Pasadena-The Woodlands, TX",27326,4709,26353,4628,2009
26420,"Houston-Pasadena-The Woodlands, TX",27452,4858,27125,4777,2010
26420,"Houston-Pasadena-The Woodlands, TX",31271,8281,30074,8163,2011
26420,"Houston-Pasadena-The Woodlands, TX",43290,14525,43007,14462,2012
26420,"Houston-Pasadena-The Woodlands, TX",51333,16649,47356,16471,2013
26420,"Houston-Pasadena-The Woodlands, TX",63743,25044,56295,24759,2014
26420,"Houston-Pasadena-The Woodlands, TX",57078,19798,48607,19382,2015
26420,"Houston-Pasadena-The Woodlands, TX",44997,9054,36498,8843,2016
26420,"Houston-Pasadena-The Woodlands, TX",42763,5722,39882,5619,2017
26420,"Houston-Pasadena-The Woodlands, TX",57664,16607,49698,16465,2018
26420,"Houston-Pasadena-The Woodlands, TX",64066,23808,63537,23730,2019
26420,"Houston-Pasadena-The Woodlands, TX",70997,20284,68873,20155,2020
26420,"Houston-Pasadena-The Woodlands, TX",69838,15648,67321,15560,2021
26420,"Houston-Pasadena-The Woodlands, TX",76219,27124,75039,27010,2022
26420,"Houston-Pasadena-The Woodlands, TX",69303,16491,67435,16491,2023
26420,"Houston-Pasadena-The Woodlands, TX",65747,11505,63729,11419,2024
26420,"Houston-Pasadena-The Woodlands, TX",65075,16385,62129,15974,2025
26580,"Huntington-Ashland, WV-KY-OH",257,10,219,0,1990
26580,"Huntington-Ashland, WV-KY-OH",499,15,482,15,1991
26580,"Huntington-Ashland, WV-KY-OH",549,5,499,0,1992
26580,"Huntington-Ashland, WV-KY-OH",727,68,681,68,1993
26580,"Huntington-Ashland, WV-KY-OH",645,24,603,24,1994
26580,"Huntington-Ashland, WV-KY-OH",796,347,750,342,1995
26580,"Huntington-Ashland, WV-KY-OH",703,119,650,93,1996
26580,"Huntington-Ashland, WV-KY-OH",747,248,681,222,1997
26580,"Huntington-Ashland, WV-KY-OH",794,307,764,302,1998
26580,"Huntington-Ashland, WV-KY-OH",630,103,590,78,1999
26580,"Huntington-Ashland, WV-KY-OH",559,25,516,25,2000
26580,"Huntington-Ashland, WV-KY-OH",556,157,513,149,2001
26580,"Huntington-Ashland, WV-KY-OH",508,42,490,42,2002
26580,"Huntington-Ashland, WV-KY-OH",441,8,441,8,2003
26580,"Huntington-Ashland, WV-KY-OH",619,141,566,141,2004
26580,"Huntington-Ashland, WV-KY-OH",894,327,831,327,2005
26580,"Huntington-Ashland, WV-KY-OH",861,265,596,76,2006
26580,"Huntington-Ashland, WV-KY-OH",589,107,520,107,2007
26580,"Huntington-Ashland, WV-KY-OH",670,325,515,254,2008
26580,"Huntington-Ashland, WV-KY-OH",315,56,205,19,2009
26580,"Huntington-Ashland, WV-KY-OH",370,77,323,59,2010
26580,"Huntington-Ashland, WV-KY-OH",399,97,345,72,2011
26580,"Huntington-Ashland, WV-KY-OH",410,110,283,55,2012
26580,"Huntington-Ashland, WV-KY-OH",458,52,425,52,2013
26580,"Huntington-Ashland, WV-KY-OH",349,71,296,71,2014
26580,"Huntington-Ashland, WV-KY-OH",281,11,256,11,2015
26580,"Huntington-Ashland, WV-KY-OH",242,32,194,32,2016
26580,"Huntington-Ashland, WV-KY-OH",251,8,206,8,2017
26580,"Huntington-Ashland, WV-KY-OH",247,11,117,6,2018
26580,"Huntington-Ashland, WV-KY-OH",253,47,210,47,2019
26580,"Huntington-Ashland, WV-KY-OH",254,12,171,12,2020
26580,"Huntington-Ashland, WV-KY-OH",305,0,217,0,2021
26580,"Huntington-Ashland, WV-KY-OH",255,0,80,0,2022
26580,"Huntington-Ashland, WV-KY-OH",290,22,120,22,2023
26580,"Huntington-Ashland, WV-KY-OH",602,342,416,342,2024
26580,"Huntington-Ashland, WV-KY-OH",309,0,118,0,2025
26620,"Huntsville, AL",1964,453,1963,453,1990
26620,"Huntsville, AL",1323,160,1321,160,1991
26620,"Huntsville, AL",1921,439,1919,439,1992
26620,"Huntsville, AL",1995,602,1993,602,1993
26620,"Huntsville, AL",996,40,996,40,1994
26620,"Huntsville, AL",757,0,757,0,1995
26620,"Huntsville, AL",947,46,947,46,1996
26620,"Huntsville, AL",1615,424,1613,424,1997
26620,"Huntsville, AL",1772,560,1734,560,1998
26620,"Huntsville, AL",1188,0,1145,0,1999
26620,"Huntsville, AL",1210,144,1169,144,2000
26620,"Huntsville, AL",1629,609,1588,609,2001
26620,"Huntsville, AL",1659,424,1658,424,2002
26620,"Huntsville, AL",2397,1122,2397,1122,2003
26620,"Huntsville, AL",3689,246,3639,246,2004
26620,"Huntsville, AL",3441,6,3436,6,2005
26620,"Huntsville, AL",4470,316,4006,316,2006
26620,"Huntsville, AL",4463,1183,3262,1183,2007
26620,"Huntsville, AL",3164,739,3102,739,2008
26620,"Huntsville, AL",2988,684,2970,684,2009
26620,"Huntsville, AL",2275,0,2266,0,2010
26620,"Huntsville, AL",2019,0,2018,0,2011
26620,"Huntsville, AL",2347,420,2345,420,2012
26620,"Huntsville, AL",2250,262,2247,262,2013
26620,"Huntsville, AL",2817,983,2775,983,2014
26620,"Huntsville, AL",2607,466,2603,466,2015
26620,"Huntsville, AL",2992,672,2987,672,2016
26620,"Huntsville, AL",2959,380,2956,380,2017
26620,"Huntsville, AL",2941,35,2899,35,2018
26620,"Huntsville, AL",3566,85,3566,85,2019
26620,"Huntsville, AL",4341,90,3743,90,2020
26620,"Huntsville, AL",6172,1910,4539,1910,2021
26620,"Huntsville, AL",4035,412,2398,412,2022
26620,"Huntsville, AL",5940,1938,4391,1938,2023
26620,"Huntsville, AL",5206,1186,3744,1186,2024
26620,"Huntsville, AL",4519,1126,3031,1126,2025
26820,"Idaho Falls, ID",505,7,505,7,1990
26820,"Idaho Falls, ID",527,0,527,0,1991
26820,"Idaho Falls, ID",719,171,719,171,1992
26820,"Idaho Falls, ID",616,76,616,76,1993
26820,"Idaho Falls, ID",412,8,384,0,1994
26820,"Idaho Falls, ID",395,64,386,64,1995
26820,"Idaho Falls, ID",534,81,534,81,1996
26820,"Idaho Falls, ID",614,73,590,53,1997
26820,"Idaho Falls, ID",714,16,710,16,1998
26820,"Idaho Falls, ID",1001,277,982,277,1999
26820,"Idaho Falls, ID",665,28,660,28,2000
26820,"Idaho Falls, ID",765,76,764,76,2001
26820,"Idaho Falls, ID",947,196,947,196,2002
26820,"Idaho Falls, ID",1188,86,1188,86,2003
26820,"Idaho Falls, ID",1745,6,1740,6,2004
26820,"Idaho Falls, ID",1919,120,1911,120,2005
26820,"Idaho Falls, ID",1534,80,1525,80,2006
26820,"Idaho Falls, ID",1494,221,1490,221,2007
26820,"Idaho Falls, ID",520,47,518,47,2008
26820,"Idaho Falls, ID",332,0,332,0,2009
26820,"Idaho Falls, ID",391,80,391,80,2010
26820,"Idaho Falls, ID",276,0,276,0,2011
26820,"Idaho Falls, ID",381,0,381,0,2012
26820,"Idaho Falls, ID",535,48,533,48,2013
26820,"Idaho Falls, ID",482,0,482,0,2014
26820,"Idaho Falls, ID",862,168,852,168,2015
26820,"Idaho Falls, ID",881,36,881,36,2016
26820,"Idaho Falls, ID",1185,282,1185,282,2017
26820,"Idaho Falls, ID",1037,10,1022,10,2018
26820,"Idaho Falls, ID",1096,6,1095,6,2019
26820,"Idaho Falls, ID",1173,0,1172,0,2020
26820,"Idaho Falls, ID",1478,0,1467,0,2021
26820,"Idaho Falls, ID",1380,72,1372,72,2022
26820,"Idaho Falls, ID",1808,791,1802,791,2023
26820,"Idaho Falls, ID",2546,1051,2546,1051,2024
26820,"Idaho Falls, ID",1540,470,1540,470,2025
26900,"Indianapolis-Carmel-Greenwood, IN",8850,1721,8803,1721,1990
26900,"Indianapolis-Carmel-Greenwood, IN",7845,692,7793,692,1991
26900,"Indianapolis-Carmel-Greenwood, IN",10297,1081,10281,1081,1992
26900,"Indianapolis-Carmel-Greenwood, IN",10698,1161,10629,1161,1993
26900,"Indianapolis-Carmel-Greenwood, IN",12128,1562,11787,1562,1994
26900,"Indianapolis-Carmel-Greenwood, IN",13829,2585,13560,2585,1995
26900,"Indianapolis-Carmel-Greenwood, IN",14008,2631,12967,2518,1996
26900,"Indianapolis-Carmel-Greenwood, IN",13538,2228,12218,2037,1997
26900,"Indianapolis-Carmel-Greenwood, IN",16450,3045,16373,3045,1998
26900,"Indianapolis-Carmel-Greenwood, IN",16080,1746,15942,1732,1999
26900,"Indianapolis-Carmel-Greenwood, IN",15549,2118,15450,2118,2000
26900,"Indianapolis-Carmel-Greenwood, IN",17453,1938,16429,1901,2001
26900,"Indianapolis-Carmel-Greenwood, IN",16828,2918,15315,2771,2002
26900,"Indianapolis-Carmel-Greenwood, IN",16363,2625,16363,2625,2003
26900,"Indianapolis-Carmel-Greenwood, IN",15791,2330,14742,2097,2004
26900,"Indianapolis-Carmel-Greenwood, IN",16046,2453,15964,2453,2005
26900,"Indianapolis-Carmel-Greenwood, IN",11634,1373,11414,1349,2006
26900,"Indianapolis-Carmel-Greenwood, IN",8467,744,8299,744,2007
26900,"Indianapolis-Carmel-Greenwood, IN",7034,2421,6915,2421,2008
26900,"Indianapolis-Carmel-Greenwood, IN",5635,1868,5480,1849,2009
26900,"Indianapolis-Carmel-Greenwood, IN",5943,1725,5808,1725,2010
26900,"Indianapolis-Carmel-Greenwood, IN",5317,1482,5231,1482,2011
26900,"Indianapolis-Carmel-Greenwood, IN",4977,734,4900,734,2012
26900,"Indianapolis-Carmel-Greenwood, IN",8176,2852,8011,2852,2013
26900,"Indianapolis-Carmel-Greenwood, IN",7948,2760,7863,2760,2014
26900,"Indianapolis-Carmel-Greenwood, IN",8689,3359,8456,3338,2015
26900,"Indianapolis-Carmel-Greenwood, IN",7722,1631,7478,1531,2016
26900,"Indianapolis-Carmel-Greenwood, IN",8985,2127,8828,2127,2017
26900,"Indianapolis-Carmel-Greenwood, IN",8777,1476,8618,1476,2018
26900,"Indianapolis-Carmel-Greenwood, IN",9534,2307,9418,2307,2019
26900,"Indianapolis-Carmel-Greenwood, IN",10862,2239,10582,2239,2020
26900,"Indianapolis-Carmel-Greenwood, IN",13332,2880,13168,2880,2021
26900,"Indianapolis-Carmel-Greenwood, IN",13441,4671,13300,4671,2022
26900,"Indianapolis-Carmel-Greenwood, IN",12479,4960,12366,4949,2023
26900,"Indianapolis-Carmel-Greenwood, IN",11788,2314,11495,2245,2024
26900,"Indianapolis-Carmel-Greenwood, IN",11463,1974,11373,1974,2025
26980,"Iowa City, IA",676,196,676,196,1990
26980,"Iowa City, IA",736,197,730,197,1991
26980,"Iowa City, IA",1019,377,1019,377,1992
26980,"Iowa City, IA",1018,265,1018,265,1993
26980,"Iowa City, IA",1235,442,1226,437,1994
26980,"Iowa City, IA",880,344,880,344,1995
26980,"Iowa City, IA",938,384,938,384,1996
26980,"Iowa City, IA",776,192,768,192,1997
26980,"Iowa City, IA",865,181,864,181,1998
26980,"Iowa City, IA",1101,310,1011,264,1999
26980,"Iowa City, IA",1205,539,1115,484,2000
26980,"Iowa City, IA",1246,554,1143,477,2001
26980,"Iowa City, IA",1331,491,1318,481,2002
26980,"Iowa City, IA",1555,525,1555,525,2003
26980,"Iowa City, IA",1362,392,1343,383,2004
26980,"Iowa City, IA",1288,287,1193,261,2005
26980,"Iowa City, IA",1090,362,1080,354,2006
26980,"Iowa City, IA",819,148,806,141,2007
26980,"Iowa City, IA",834,191,829,191,2008
26980,"Iowa City, IA",729,88,697,74,2009
26980,"Iowa City, IA",553,87,524,69,2010
26980,"Iowa City, IA",762,302,723,289,2011
26980,"Iowa City, IA",795,172,768,172,2012
26980,"Iowa City, IA",1069,528,1056,528,2013
26980,"Iowa City, IA",1104,431,1075,426,2014
26980,"Iowa City, IA",1327,707,1285,707,2015
26980,"Iowa City, IA",1921,1195,1703,1155,2016
26980,"Iowa City, IA",1327,624,1280,624,2017
26980,"Iowa City, IA",1367,702,1320,702,2018
26980,"Iowa City, IA",1152,570,1107,570,2019
26980,"Iowa City, IA",1019,403,942,403,2020
26980,"Iowa City, IA",1167,451,872,347,2021
26980,"Iowa City, IA",1429,783,1377,783,2022
26980,"Iowa City, IA",1266,687,1260,687,2023
26980,"Iowa City, IA",748,170,710,160,2024
26980,"Iowa City, IA",1266,683,1070,591,2025
27060,"Ithaca, NY",291,12,262,12,1990
27060,"Ithaca, NY",360,107,345,107,1991
27060,"Ithaca, NY",265,5,225,0,1992
27060,"Ithaca, NY",243,0,206,0,1993
27060,"Ithaca, NY",659,100,593,100,1994
27060,"Ithaca, NY",216,21,180,21,1995
27060,"Ithaca, NY",225,0,209,0,1996
27060,"Ithaca, NY",168,6,144,6,1997
27060,"Ithaca, NY",311,127,266,127,1998
27060,"Ithaca, NY",399,234,187,76,1999
27060,"Ithaca, NY",556,372,504,372,2000
27060,"Ithaca, NY",299,62,260,62,2001
27060,"Ithaca, NY",399,153,384,153,2002
27060,"Ithaca, NY",336,84,336,84,2003
27060,"Ithaca, NY",241,0,179,0,2004
27060,"Ithaca, NY",340,102,260,85,2005
27060,"Ithaca, NY",307,129,232,99,2006
27060,"Ithaca, NY",273,103,240,103,2007
27060,"Ithaca, NY",231,103,190,74,2008
27060,"Ithaca, NY",127,15,81,0,2009
27060,"Ithaca, NY",153,32,107,12,2010
27060,"Ithaca, NY",153,35,79,0,2011
27060,"Ithaca, NY",269,119,186,72,2012
27060,"Ithaca, NY",220,69,88,0,2013
27060,"Ithaca, NY",301,147,211,70,2014
27060,"Ithaca, NY",279,109,206,43,2015
27060,"Ithaca, NY",575,406,304,159,2016
27060,"Ithaca, NY",468,327,136,42,2017
27060,"Ithaca, NY",805,626,389,260,2018
27060,"Ithaca, NY",823,706,115,42,2019
27060,"Ithaca, NY",329,245,176,100,2020
27060,"Ithaca, NY",644,513,542,456,2021
27060,"Ithaca, NY",239,54,198,54,2022
27060,"Ithaca, NY",343,183,227,153,2023
27060,"Ithaca, NY",337,175,205,116,2024
27060,"Ithaca, NY",471,287,354,233,2025
27100,"Jackson, MI",584,120,549,120,1990
27100,"Jackson, MI",454,28,435,28,1991
27100,"Jackson, MI",585,96,581,96,1992
27100,"Jackson, MI",584,103,488,80,1993
27100,"Jackson, MI",621,21,565,10,1994
27100,"Jackson, MI",634,77,579,64,1995
27100,"Jackson, MI",716,16,643,0,1996
27100,"Jackson, MI",695,104,605,104,1997
27100,"Jackson, MI",718,47,566,47,1998
27100,"Jackson, MI",1007,216,866,216,1999
27100,"Jackson, MI",919,217,808,217,2000
27100,"Jackson, MI",945,197,732,197,2001
27100,"Jackson, MI",928,224,780,224,2002
27100,"Jackson, MI",831,138,831,138,2003
27100,"Jackson, MI",704,16,603,16,2004
27100,"Jackson, MI",897,224,784,224,2005
27100,"Jackson, MI",587,87,480,64,2006
27100,"Jackson, MI",330,106,273,106,2007
27100,"Jackson, MI",230,118,211,118,2008
27100,"Jackson, MI",127,63,65,40,2009
27100,"Jackson, MI",63,0,44,0,2010
27100,"Jackson, MI",57,0,35,0,2011
27100,"Jackson, MI",78,0,52,0,2012
27100,"Jackson, MI",145,54,111,54,2013
27100,"Jackson, MI",89,0,54,0,2014
27100,"Jackson, MI",117,0,66,0,2015
27100,"Jackson, MI",136,0,95,0,2016
27100,"Jackson, MI",193,10,146,10,2017
27100,"Jackson, MI",172,0,126,0,2018
27100,"Jackson, MI",386,249,333,249,2019
27100,"Jackson, MI",159,0,105,0,2020
27100,"Jackson, MI",176,0,141,0,2021
27100,"Jackson, MI",141,0,94,0,2022
27100,"Jackson, MI",155,0,106,0,2023
27100,"Jackson, MI",334,103,292,103,2024
27100,"Jackson, MI",303,99,147,6,2025
27140,"Jackson, MS",1416,137,1362,96,1990
27140,"Jackson, MS",1782,180,1742,147,1991
27140,"Jackson, MS",2291,267,2281,267,1992
27140,"Jackson, MS",2848,209,2837,209,1993
27140,"Jackson, MS",3595,1113,3557,1108,1994
27140,"Jackson, MS",3207,731,3188,726,1995
27140,"Jackson, MS",2968,551,2932,546,1996
27140,"Jackson, MS",2793,329,2778,329,1997
27140,"Jackson, MS",3794,1113,3735,1108,1998
27140,"Jackson, MS",4035,1340,3971,1340,1999
27140,"Jackson, MS",2342,267,2332,267,2000
27140,"Jackson, MS",2723,344,2700,344,2001
27140,"Jackson, MS",3504,959,3448,959,2002
27140,"Jackson, MS",3600,484,3600,484,2003
27140,"Jackson, MS",4535,1092,4519,1092,2004
27140,"Jackson, MS",3557,0,3527,0,2005
27140,"Jackson, MS",3746,188,3736,188,2006
27140,"Jackson, MS",3064,47,3019,47,2007
27140,"Jackson, MS",2173,32,2163,32,2008
27140,"Jackson, MS",1215,0,1194,0,2009
27140,"Jackson, MS",1412,72,1376,72,2010
27140,"Jackson, MS",1366,153,1312,144,2011
27140,"Jackson, MS",1434,0,1423,0,2012
27140,"Jackson, MS",1849,240,1743,240,2013
27140,"Jackson, MS",1973,0,1870,0,2014
27140,"Jackson, MS",1580,0,1389,0,2015
27140,"Jackson, MS",1689,0,1493,0,2016
27140,"Jackson, MS",1757,40,1586,40,2017
27140,"Jackson, MS",1357,0,1279,0,2018
27140,"Jackson, MS",1378,320,1316,320,2019
27140,"Jackson, MS",1192,0,1041,0,2020
27140,"Jackson, MS",1423,0,1330,0,2021
27140,"Jackson, MS",1242,0,1120,0,2022
27140,"Jackson, MS",1238,88,1119,88,2023
27140,"Jackson, MS",1398,13,1288,13,2024
27140,"Jackson, MS",1568,101,1482,101,2025
27180,"Jackson, TN",622,12,591,0,1990
27180,"Jackson, TN",681,22,656,16,1991
27180,"Jackson, TN",643,0,638,0,1992
27180,"Jackson, TN",742,25,742,25,1993
27180,"Jackson, TN",1100,260,1100,260,1994
27180,"Jackson, TN",1269,380,1269,380,1995
27180,"Jackson, TN",860,96,858,96,1996
27180,"Jackson, TN",894,0,894,0,1997
27180,"Jackson, TN",1192,220,1188,220,1998
27180,"Jackson, TN",1144,40,1144,40,1999
27180,"Jackson, TN",814,0,814,0,2000
27180,"Jackson, TN",976,236,976,236,2001
27180,"Jackson, TN",860,98,859,98,2002
27180,"Jackson, TN",867,136,867,136,2003
27180,"Jackson, TN",976,0,971,0,2004
27180,"Jackson, TN",1034,0,1028,0,2005
27180,"Jackson, TN",1125,80,1119,80,2006
27180,"Jackson, TN",825,80,825,80,2007
27180,"Jackson, TN",611,28,611,28,2008
27180,"Jackson, TN",413,0,413,0,2009
27180,"Jackson, TN",382,0,382,0,2010
27180,"Jackson, TN",335,0,335,0,2011
27180,"Jackson, TN",624,279,624,279,2012
27180,"Jackson, TN",383,48,381,48,2013
27180,"Jackson, TN",313,0,313,0,2014
27180,"Jackson, TN",312,8,309,8,2015
27180,"Jackson, TN",373,0,361,0,2016
27180,"Jackson, TN",533,120,519,120,2017
27180,"Jackson, TN",389,0,371,0,2018
27180,"Jackson, TN",450,0,434,0,2019
27180,"Jackson, TN",475,0,457,0,2020
27180,"Jackson, TN",537,0,223,0,2021
27180,"Jackson, TN",456,0,190,0,2022
27180,"Jackson, TN",434,0,164,0,2023
27180,"Jackson, TN",443,0,161,0,2024
27180,"Jackson, TN",472,0,203,0,2025
27260,"Jacksonville, FL",8256,2044,8256,2044,1990
27260,"Jacksonville, FL",7421,1214,7421,1214,1991
27260,"Jacksonville, FL",7356,478,7356,478,1992
27260,"Jacksonville, FL",7580,205,7575,205,1993
27260,"Jacksonville, FL",8653,1212,8648,1212,1994
27260,"Jacksonville, FL",8672,2040,8645,2040,1995
27260,"Jacksonville, FL",11367,3746,11336,3746,1996
27260,"Jacksonville, FL",8645,1518,8645,1518,1997
27260,"Jacksonville, FL",9527,1717,9516,1710,1998
27260,"Jacksonville, FL",11701,3448,11701,3448,1999
27260,"Jacksonville, FL",10682,2566,10682,2566,2000
27260,"Jacksonville, FL",12750,2957,12734,2957,2001
27260,"Jacksonville, FL",14361,3294,14360,3294,2002
27260,"Jacksonville, FL",15821,2882,15821,2882,2003
27260,"Jacksonville, FL",19326,4481,19325,4481,2004
27260,"Jacksonville, FL",25088,6186,25088,6186,2005
27260,"Jacksonville, FL",16967,5128,16966,5128,2006
27260,"Jacksonville, FL",10928,3401,10474,3156,2007
27260,"Jacksonville, FL",6963,1703,6300,1385,2008
27260,"Jacksonville, FL",4666,1317,4631,1317,2009
27260,"Jacksonville, FL",3606,183,3604,183,2010
27260,"Jacksonville, FL",3911,625,3904,625,2011
27260,"Jacksonville, FL",7166,2534,7166,2534,2012
27260,"Jacksonville, FL",7358,1030,7300,1025,2013
27260,"Jacksonville, FL",7781,1213,7698,1203,2014
27260,"Jacksonville, FL",9671,2320,9661,2320,2015
27260,"Jacksonville, FL",11768,3020,11661,3020,2016
27260,"Jacksonville, FL",12959,3011,12782,3006,2017
27260,"Jacksonville, FL",15450,4576,15177,4561,2018
27260,"Jacksonville, FL",14687,2993,14687,2993,2019
27260,"Jacksonville, FL",17246,3928,16802,3923,2020
27260,"Jacksonville, FL",22738,5873,22730,5873,2021
27260,"Jacksonville, FL",23163,8608,23160,8608,2022
27260,"Jacksonville, FL",20326,7414,20267,7414,2023
27260,"Jacksonville, FL",15002,1753,14933,1753,2024
27260,"Jacksonville, FL",13455,3700,13029,3647,2025
27340,"Jacksonville, NC",532,44,532,44,1990
27340,"Jacksonville, NC",481,0,481,0,1991
27340,"Jacksonville, NC",611,0,611,0,1992
27340,"Jacksonville, NC",683,0,683,0,1993
27340,"Jacksonville, NC",784,0,784,0,1994
27340,"Jacksonville, NC",676,12,676,12,1995
27340,"Jacksonville, NC",832,24,752,24,1996
27340,"Jacksonville, NC",826,56,712,56,1997
27340,"Jacksonville, NC",948,18,948,18,1998
27340,"Jacksonville, NC",970,192,870,192,1999
27340,"Jacksonville, NC",915,249,872,249,2000
27340,"Jacksonville, NC",1167,358,1167,358,2001
27340,"Jacksonville, NC",1042,0,1042,0,2002
27340,"Jacksonville, NC",1048,0,1048,0,2003
27340,"Jacksonville, NC",1860,520,1127,520,2004
27340,"Jacksonville, NC",1818,88,1818,88,2005
27340,"Jacksonville, NC",2045,149,2045,149,2006
27340,"Jacksonville, NC",1636,79,1636,79,2007
27340,"Jacksonville, NC",1236,75,1236,75,2008
27340,"Jacksonville, NC",2136,593,2136,593,2009
27340,"Jacksonville, NC",2375,204,2369,204,2010
27340,"Jacksonville, NC",2031,99,2031,99,2011
27340,"Jacksonville, NC",2260,112,2260,112,2012
27340,"Jacksonville, NC",1658,301,1658,301,2013
27340,"Jacksonville, NC",1081,12,1081,12,2014
27340,"Jacksonville, NC",894,14,894,14,2015
27340,"Jacksonville, NC",803,18,803,18,2016
27340,"Jacksonville, NC",1005,62,1005,62,2017
27340,"Jacksonville, NC",1036,0,1026,0,2018
27340,"Jacksonville, NC",1331,0,1331,0,2019
27340,"Jacksonville, NC",1435,80,1435,80,2020
27340,"Jacksonville, NC",1597,24,1597,24,2021
27340,"Jacksonville, NC",1322,72,1322,72,2022
27340,"Jacksonville, NC",1419,240,1419,240,2023
27340,"Jacksonville, NC",1246,0,1246,0,2024
27340,"Jacksonville, NC",1372,20,1372,20,2025
27500,"Janesville-Beloit, WI",618,177,597,177,1990
27500,"Janesville-Beloit, WI",556,121,543,121,1991
27500,"Janesville-Beloit, WI",790,151,785,151,1992
27500,"Janesville-Beloit, WI",807,147,700,135,1993
27500,"Janesville-Beloit, WI",1103,297,1080,297,1994
27500,"Janesville-Beloit, WI",1037,286,1000,286,1995
27500,"Janesville-Beloit, WI",947,260,925,260,1996
27500,"Janesville-Beloit, WI",791,174,724,139,1997
27500,"Janesville-Beloit, WI",730,58,621,13,1998
27500,"Janesville-Beloit, WI",989,235,906,190,1999
27500,"Janesville-Beloit, WI",848,177,767,131,2000
27500,"Janesville-Beloit, WI",836,206,710,146,2001
27500,"Janesville-Beloit, WI",972,270,862,202,2002
27500,"Janesville-Beloit, WI",988,189,988,189,2003
27500,"Janesville-Beloit, WI",1096,220,986,181,2004
27500,"Janesville-Beloit, WI",996,239,916,224,2005
27500,"Janesville-Beloit, WI",758,152,711,152,2006
27500,"Janesville-Beloit, WI",477,34,444,34,2007
27500,"Janesville-Beloit, WI",255,16,229,6,2008
27500,"Janesville-Beloit, WI",213,40,187,40,2009
27500,"Janesville-Beloit, WI",111,8,95,8,2010
27500,"Janesville-Beloit, WI",99,0,83,0,2011
27500,"Janesville-Beloit, WI",125,0,110,0,2012
27500,"Janesville-Beloit, WI",142,6,123,6,2013
27500,"Janesville-Beloit, WI",143,0,125,0,2014
27500,"Janesville-Beloit, WI",216,0,167,0,2015
27500,"Janesville-Beloit, WI",257,0,214,0,2016
27500,"Janesville-Beloit, WI",378,108,357,108,2017
27500,"Janesville-Beloit, WI",340,0,340,0,2018
27500,"Janesville-Beloit, WI",644,283,644,283,2019
27500,"Janesville-Beloit, WI",671,272,663,272,2020
27500,"Janesville-Beloit, WI",617,176,617,176,2021
27500,"Janesville-Beloit, WI",396,76,396,76,2022
27500,"Janesville-Beloit, WI",313,32,313,32,2023
27500,"Janesville-Beloit, WI",628,263,584,263,2024
27500,"Janesville-Beloit, WI",388,16,347,16,2025
27620,"Jefferson City, MO",163,8,156,8,1990
27620,"Jefferson City, MO",357,24,345,24,1991
27620,"Jefferson City, MO",449,16,437,16,1992
27620,"Jefferson City, MO",463,19,450,19,1993
27620,"Jefferson City, MO",497,5,226,0,1994
27620,"Jefferson City, MO",601,0,601,0,1995
27620,"Jefferson City, MO",690,0,323,0,1996
27620,"Jefferson City, MO",1149,25,1103,25,1997
27620,"Jefferson City, MO",769,52,750,52,1998
27620,"Jefferson City, MO",751,18,751,18,1999
27620,"Jefferson City, MO",759,64,759,64,2000
27620,"Jefferson City, MO",632,66,632,66,2001
27620,"Jefferson City, MO",656,62,299,62,2002
27620,"Jefferson City, MO",496,26,496,26,2003
27620,"Jefferson City, MO",546,14,538,14,2004
27620,"Jefferson City, MO",574,37,357,37,2005
27620,"Jefferson City, MO",503,88,356,88,2006
27620,"Jefferson City, MO",251,0,145,0,2007
27620,"Jefferson City, MO",231,0,231,0,2008
27620,"Jefferson City, MO",313,84,313,84,2009
27620,"Jefferson City, MO",222,21,214,21,2010
27620,"Jefferson City, MO",211,0,84,0,2011
27620,"Jefferson City, MO",226,0,114,0,2012
27620,"Jefferson City, MO",275,0,103,0,2013
27620,"Jefferson City, MO",240,0,240,0,2014
27620,"Jefferson City, MO",270,18,90,18,2015
27620,"Jefferson City, MO",322,96,144,96,2016
27620,"Jefferson City, MO",322,51,264,0,2017
27620,"Jefferson City, MO",249,0,180,0,2018
27620,"Jefferson City, MO",270,0,200,0,2019
27620,"Jefferson City, MO",253,0,175,0,2020
27620,"Jefferson City, MO",246,0,153,0,2021
27620,"Jefferson City, MO",179,0,151,0,2022
27620,"Jefferson City, MO",192,0,177,0,2023
27620,"Jefferson City, MO",215,0,175,0,2024
27620,"Jefferson City, MO",206,0,167,0,2025
27740,"Johnson City, TN",261,58,261,58,1990
27740,"Johnson City, TN",331,86,331,86,1991
27740,"Johnson City, TN",418,83,418,83,1992
27740,"Johnson City, TN",533,145,517,145,1993
27740,"Johnson City, TN",432,73,432,73,1994
27740,"Johnson City, TN",539,84,510,77,1995
27740,"Johnson City, TN",592,112,592,112,1996
27740,"Johnson City, TN",620,163,620,163,1997
27740,"Johnson City, TN",607,222,607,222,1998
27740,"Johnson City, TN",452,118,452,118,1999
27740,"Johnson City, TN",508,240,508,240,2000
27740,"Johnson City, TN",396,103,396,103,2001
27740,"Johnson City, TN",747,72,747,72,2002
27740,"Johnson City, TN",944,152,944,152,2003
27740,"Johnson City, TN",1085,145,885,130,2004
27740,"Johnson City, TN",1265,259,835,244,2005
27740,"Johnson City, TN",1440,100,1414,90,2006
27740,"Johnson City, TN",966,60,635,60,2007
27740,"Johnson City, TN",1053,436,834,436,2008
27740,"Johnson City, TN",505,23,505,23,2009
27740,"Johnson City, TN",741,331,733,331,2010
27740,"Johnson City, TN",399,31,399,31,2011
27740,"Johnson City, TN",604,242,604,242,2012
27740,"Johnson City, TN",844,358,823,358,2013
27740,"Johnson City, TN",706,248,662,248,2014
27740,"Johnson City, TN",689,131,644,105,2015
27740,"Johnson City, TN",533,57,439,57,2016
27740,"Johnson City, TN",696,54,587,54,2017
27740,"Johnson City, TN",635,161,501,161,2018
27740,"Johnson City, TN",718,147,591,147,2019
27740,"Johnson City, TN",1051,343,894,343,2020
27740,"Johnson City, TN",819,39,639,39,2021
27740,"Johnson City, TN",1024,197,868,197,2022
27740,"Johnson City, TN",1044,214,895,214,2023
27740,"Johnson City, TN",1358,437,1200,437,2024
27740,"Johnson City, TN",915,21,903,21,2025
27780,"Johnstown, PA",253,40,225,40,1990
27780,"Johnstown, PA",271,36,242,36,1991
27780,"Johnstown, PA",198,0,182,0,1992
27780,"Johnstown, PA",197,11,187,11,1993
27780,"Johnstown, PA",238,12,214,5,1994
27780,"Johnstown, PA",189,5,158,5,1995
27780,"Johnstown, PA",184,0,147,0,1996
27780,"Johnstown, PA",165,5,121,5,1997
27780,"Johnstown, PA",201,0,169,0,1998
27780,"Johnstown, PA",214,0,146,0,1999
27780,"Johnstown, PA",220,5,170,5,2000
27780,"Johnstown, PA",205,5,178,5,2001
27780,"Johnstown, PA",213,0,166,0,2002
27780,"Johnstown, PA",237,0,237,0,2003
27780,"Johnstown, PA",320,0,257,0,2004
27780,"Johnstown, PA",246,0,118,0,2005
27780,"Johnstown, PA",232,51,215,51,2006
27780,"Johnstown, PA",174,0,153,0,2007
27780,"Johnstown, PA",264,149,260,149,2008
27780,"Johnstown, PA",94,0,91,0,2009
27780,"Johnstown, PA",117,0,103,0,2010
27780,"Johnstown, PA",62,0,62,0,2011
27780,"Johnstown, PA",71,0,71,0,2012
27780,"Johnstown, PA",70,0,70,0,2013
27780,"Johnstown, PA",61,0,61,0,2014
27780,"Johnstown, PA",47,0,40,0,2015
27780,"Johnstown, PA",164,0,164,0,2016
27780,"Johnstown, PA",83,0,75,0,2017
27780,"Johnstown, PA",66,0,66,0,2018
27780,"Johnstown, PA",54,0,54,0,2019
27780,"Johnstown, PA",59,0,59,0,2020
27780,"Johnstown, PA",62,0,62,0,2021
27780,"Johnstown, PA",94,0,89,0,2022
27780,"Johnstown, PA",47,0,43,0,2023
27780,"Johnstown, PA",62,0,57,0,2024
27780,"Johnstown, PA",61,0,56,0,2025
27860,"Jonesboro, AR",425,33,425,33,1990
27860,"Jonesboro, AR",516,182,516,182,1991
27860,"Jonesboro, AR",498,0,498,0,1992
27860,"Jonesboro, AR",629,58,629,58,1993
27860,"Jonesboro, AR",813,276,812,276,1994
27860,"Jonesboro, AR",466,0,453,0,1995
27860,"Jonesboro, AR",984,459,983,459,1996
27860,"Jonesboro, AR",769,272,768,272,1997
27860,"Jonesboro, AR",560,52,560,52,1998
27860,"Jonesboro, AR",901,368,899,368,1999
27860,"Jonesboro, AR",377,16,366,16,2000
27860,"Jonesboro, AR",486,24,478,24,2001
27860,"Jonesboro, AR",533,0,530,0,2002
27860,"Jonesboro, AR",690,78,690,78,2003
27860,"Jonesboro, AR",560,26,557,26,2004
27860,"Jonesboro, AR",610,8,508,0,2005
27860,"Jonesboro, AR",680,96,671,96,2006
27860,"Jonesboro, AR",611,0,599,0,2007
27860,"Jonesboro, AR",591,0,569,0,2008
27860,"Jonesboro, AR",446,0,440,0,2009
27860,"Jonesboro, AR",611,180,607,180,2010
27860,"Jonesboro, AR",765,328,743,328,2011
27860,"Jonesboro, AR",988,436,964,436,2012
27860,"Jonesboro, AR",657,103,631,103,2013
27860,"Jonesboro, AR",680,162,654,162,2014
27860,"Jonesboro, AR",482,0,451,0,2015
27860,"Jonesboro, AR",1028,265,827,253,2016
27860,"Jonesboro, AR",866,94,507,19,2017
27860,"Jonesboro, AR",843,99,440,48,2018
27860,"Jonesboro, AR",889,81,843,81,2019
27860,"Jonesboro, AR",1058,88,227,12,2020
27860,"Jonesboro, AR",1147,96,175,0,2021
27860,"Jonesboro, AR",1149,129,253,12,2022
27860,"Jonesboro, AR",1027,103,162,6,2023
27860,"Jonesboro, AR",1016,86,226,17,2024
27860,"Jonesboro, AR",1017,119,121,9,2025
27900,"Joplin, MO-KS",336,24,327,24,1990
27900,"Joplin, MO-KS",316,0,286,0,1991
27900,"Joplin, MO-KS",483,48,483,48,1992
27900,"Joplin, MO-KS",674,56,633,56,1993
27900,"Joplin, MO-KS",723,114,677,114,1994
27900,"Joplin, MO-KS",760,100,715,100,1995
27900,"Joplin, MO-KS",755,125,741,125,1996
27900,"Joplin, MO-KS",545,0,545,0,1997
27900,"Joplin, MO-KS",554,31,529,31,1998
27900,"Joplin, MO-KS",625,120,619,120,1999
27900,"Joplin, MO-KS",499,55,476,48,2000
27900,"Joplin, MO-KS",523,86,498,76,2001
27900,"Joplin, MO-KS",652,22,567,0,2002
27900,"Joplin, MO-KS",620,104,620,104,2003
27900,"Joplin, MO-KS",734,33,665,22,2004
27900,"Joplin, MO-KS",725,61,672,50,2005
27900,"Joplin, MO-KS",535,70,429,54,2006
27900,"Joplin, MO-KS",401,27,299,16,2007
27900,"Joplin, MO-KS",273,5,220,0,2008
27900,"Joplin, MO-KS",232,53,201,48,2009
27900,"Joplin, MO-KS",206,36,173,29,2010
27900,"Joplin, MO-KS",314,43,194,0,2011
27900,"Joplin, MO-KS",279,73,91,0,2012
27900,"Joplin, MO-KS",466,79,427,70,2013
27900,"Joplin, MO-KS",417,48,408,48,2014
27900,"Joplin, MO-KS",534,48,455,48,2015
27900,"Joplin, MO-KS",424,6,371,6,2016
27900,"Joplin, MO-KS",768,209,744,204,2017
27900,"Joplin, MO-KS",667,115,491,24,2018
27900,"Joplin, MO-KS",719,104,521,10,2019
27900,"Joplin, MO-KS",992,271,790,160,2020
27900,"Joplin, MO-KS",997,289,959,282,2021
27900,"Joplin, MO-KS",1208,494,1204,494,2022
27900,"Joplin, MO-KS",805,122,682,72,2023
27900,"Joplin, MO-KS",691,40,545,0,2024
27900,"Joplin, MO-KS",620,5,545,5,2025
27980,"Kahului-Wailuku, HI",1876,688,1876,688,1990
27980,"Kahului-Wailuku, HI",1693,987,1693,987,1991
27980,"Kahului-Wailuku, HI",994,156,994,156,1992
27980,"Kahului-Wailuku, HI",871,168,871,168,1993
27980,"Kahului-Wailuku, HI",870,308,870,308,1994
27980,"Kahului-Wailuku, HI",589,77,589,77,1995
27980,"Kahului-Wailuku, HI",754,188,754,188,1996
27980,"Kahului-Wailuku, HI",599,26,599,26,1997
27980,"Kahului-Wailuku, HI",641,25,641,25,1998
27980,"Kahului-Wailuku, HI",894,207,894,207,1999
27980,"Kahului-Wailuku, HI",1143,134,1143,134,2000
27980,"Kahului-Wailuku, HI",1055,249,1055,249,2001
27980,"Kahului-Wailuku, HI",1184,327,1184,327,2002
27980,"Kahului-Wailuku, HI",1088,186,1088,186,2003
27980,"Kahului-Wailuku, HI",1483,269,1483,269,2004
27980,"Kahului-Wailuku, HI",1559,312,1559,312,2005
27980,"Kahului-Wailuku, HI",1398,264,1398,264,2006
27980,"Kahului-Wailuku, HI",1301,214,1301,214,2007
27980,"Kahului-Wailuku, HI",754,87,754,87,2008
27980,"Kahului-Wailuku, HI",388,78,388,78,2009
27980,"Kahului-Wailuku, HI",277,48,277,48,2010
27980,"Kahului-Wailuku, HI",210,12,210,12,2011
27980,"Kahului-Wailuku, HI",506,205,506,205,2012
27980,"Kahului-Wailuku, HI",353,16,353,16,2013
27980,"Kahului-Wailuku, HI",338,0,338,0,2014
27980,"Kahului-Wailuku, HI",502,118,502,118,2015
27980,"Kahului-Wailuku, HI",567,196,567,196,2016
27980,"Kahului-Wailuku, HI",861,316,861,316,2017
27980,"Kahului-Wailuku, HI",838,410,838,410,2018
27980,"Kahului-Wailuku, HI",657,64,657,64,2019
27980,"Kahului-Wailuku, HI",526,172,526,172,2020
27980,"Kahului-Wailuku, HI",880,453,880,453,2021
27980,"Kahului-Wailuku, HI",684,338,684,338,2022
27980,"Kahului-Wailuku, HI",606,133,606,133,2023
27980,"Kahului-Wailuku, HI",1118,459,1066,452,2024
27980,"Kahului-Wailuku, HI",902,297,711,204,2025
28020,"Kalamazoo-Portage, MI",728,48,677,48,1990
28020,"Kalamazoo-Portage, MI",691,32,677,32,1991
28020,"Kalamazoo-Portage, MI",810,104,810,104,1992
28020,"Kalamazoo-Portage, MI",987,138,987,138,1993
28020,"Kalamazoo-Portage, MI",1217,266,1211,266,1994
28020,"Kalamazoo-Portage, MI",1438,404,1413,394,1995
28020,"Kalamazoo-Portage, MI",1227,189,1135,168,1996
28020,"Kalamazoo-Portage, MI",1380,403,1169,398,1997
28020,"Kalamazoo-Portage, MI",1142,165,793,119,1998
28020,"Kalamazoo-Portage, MI",1069,56,832,56,1999
28020,"Kalamazoo-Portage, MI",1487,528,1256,528,2000
28020,"Kalamazoo-Portage, MI",1226,230,998,230,2001
28020,"Kalamazoo-Portage, MI",1271,192,1018,192,2002
28020,"Kalamazoo-Portage, MI",1996,775,1996,775,2003
28020,"Kalamazoo-Portage, MI",1373,113,1116,113,2004
28020,"Kalamazoo-Portage, MI",1156,41,898,41,2005
28020,"Kalamazoo-Portage, MI",1161,266,969,266,2006
28020,"Kalamazoo-Portage, MI",779,178,647,178,2007
28020,"Kalamazoo-Portage, MI",477,125,407,125,2008
28020,"Kalamazoo-Portage, MI",320,11,261,11,2009
28020,"Kalamazoo-Portage, MI",289,0,222,0,2010
28020,"Kalamazoo-Portage, MI",282,0,215,0,2011
28020,"Kalamazoo-Portage, MI",401,6,309,6,2012
28020,"Kalamazoo-Portage, MI",495,36,398,36,2013
28020,"Kalamazoo-Portage, MI",480,36,395,36,2014
28020,"Kalamazoo-Portage, MI",491,48,485,48,2015
28020,"Kalamazoo-Portage, MI",620,129,462,76,2016
28020,"Kalamazoo-Portage, MI",888,411,728,349,2017
28020,"Kalamazoo-Portage, MI",460,74,456,74,2018
28020,"Kalamazoo-Portage, MI",642,144,642,144,2019
28020,"Kalamazoo-Portage, MI",496,0,496,0,2020
28020,"Kalamazoo-Portage, MI",419,0,346,0,2021
28020,"Kalamazoo-Portage, MI",457,40,452,40,2022
28020,"Kalamazoo-Portage, MI",718,300,712,300,2023
28020,"Kalamazoo-Portage, MI",301,0,283,0,2024
28020,"Kalamazoo-Portage, MI",487,0,465,0,2025
28100,"Kankakee, IL",449,168,443,168,1990
28100,"Kankakee, IL",380,32,379,32,1991
28100,"Kankakee, IL",402,6,398,6,1992
28100,"Kankakee, IL",524,58,516,58,1993
28100,"Kankakee, IL",657,98,654,98,1994
28100,"Kankakee, IL",533,108,526,108,1995
28100,"Kankakee, IL",534,82,519,82,1996
28100,"Kankakee, IL",507,101,497,101,1997
28100,"Kankakee, IL",450,51,426,46,1998
28100,"Kankakee, IL",376,12,341,12,1999
28100,"Kankakee, IL",389,21,371,16,2000
28100,"Kankakee, IL",453,0,427,0,2001
28100,"Kankakee, IL",468,10,445,10,2002
28100,"Kankakee, IL",671,18,671,18,2003
28100,"Kankakee, IL",651,24,622,24,2004
28100,"Kankakee, IL",827,74,794,74,2005
28100,"Kankakee, IL",630,20,609,20,2006
28100,"Kankakee, IL",408,0,390,0,2007
28100,"Kankakee, IL",194,8,186,8,2008
28100,"Kankakee, IL",96,0,96,0,2009
28100,"Kankakee, IL",71,8,71,8,2010
28100,"Kankakee, IL",62,8,59,8,2011
28100,"Kankakee, IL",72,6,72,6,2012
28100,"Kankakee, IL",112,0,112,0,2013
28100,"Kankakee, IL",127,8,127,8,2014
28100,"Kankakee, IL",89,0,88,0,2015
28100,"Kankakee, IL",86,0,84,0,2016
28100,"Kankakee, IL",198,102,196,102,2017
28100,"Kankakee, IL",157,56,75,0,2018
28100,"Kankakee, IL",85,0,82,0,2019
28100,"Kankakee, IL",93,0,93,0,2020
28100,"Kankakee, IL",140,0,140,0,2021
28100,"Kankakee, IL",116,0,112,0,2022
28100,"Kankakee, IL",86,7,86,7,2023
28100,"Kankakee, IL",139,5,111,0,2024
28100,"Kankakee, IL",113,0,85,0,2025
28140,"Kansas City, MO-KS",7516,596,7489,596,1990
28140,"Kansas City, MO-KS",7663,269,7609,269,1991
28140,"Kansas City, MO-KS",9668,463,9650,463,1992
28140,"Kansas City, MO-KS",9831,404,9663,404,1993
28140,"Kansas City, MO-KS",10884,1199,10755,1194,1994
28140,"Kansas City, MO-KS",11255,2262,10834,2252,1995
28140,"Kansas City, MO-KS",12410,1790,12069,1790,1996
28140,"Kansas City, MO-KS",13614,2927,13446,2917,1997
28140,"Kansas City, MO-KS",13871,2389,13692,2389,1998
28140,"Kansas City, MO-KS",16431,3948,16214,3943,1999
28140,"Kansas City, MO-KS",12905,2657,12737,2657,2000
28140,"Kansas City, MO-KS",14981,4020,14770,4020,2001
28140,"Kansas City, MO-KS",13870,1762,13465,1731,2002
28140,"Kansas City, MO-KS",14734,1871,14734,1871,2003
28140,"Kansas City, MO-KS",14918,1370,14490,1370,2004
28140,"Kansas City, MO-KS",14997,1775,14756,1765,2005
28140,"Kansas City, MO-KS",13075,3219,12875,3210,2006
28140,"Kansas City, MO-KS",8024,1346,7912,1338,2007
28140,"Kansas City, MO-KS",5244,2085,5084,2085,2008
28140,"Kansas City, MO-KS",3365,1403,3311,1403,2009
28140,"Kansas City, MO-KS",2681,428,2611,428,2010
28140,"Kansas City, MO-KS",3262,758,2952,728,2011
28140,"Kansas City, MO-KS",4956,1486,4493,1486,2012
28140,"Kansas City, MO-KS",7504,3107,7259,3107,2013
28140,"Kansas City, MO-KS",8201,3638,7675,3638,2014
28140,"Kansas City, MO-KS",8954,3921,8892,3921,2015
28140,"Kansas City, MO-KS",10389,4440,10209,4344,2016
28140,"Kansas City, MO-KS",9851,3204,9818,3204,2017
28140,"Kansas City, MO-KS",10268,4014,10201,4009,2018
28140,"Kansas City, MO-KS",9347,3931,9296,3931,2019
28140,"Kansas City, MO-KS",10728,3925,10446,3925,2020
28140,"Kansas City, MO-KS",11254,3495,11197,3495,2021
28140,"Kansas City, MO-KS",11213,5390,10969,5390,2022
28140,"Kansas City, MO-KS",7514,2733,7345,2733,2023
28140,"Kansas City, MO-KS",9148,3395,8931,3395,2024
28140,"Kansas City, MO-KS",9893,4278,9649,4278,2025
28420,"Kennewick-Richland, WA",478,20,478,20,1990
28420,"Kennewick-Richland, WA",494,15,485,15,1991
28420,"Kennewick-Richland, WA",1031,40,1018,40,1992
28420,"Kennewick-Richland, WA",1667,296,1641,283,1993
28420,"Kennewick-Richland, WA",2330,1001,2104,937,1994
28420,"Kennewick-Richland, WA",1030,498,1011,486,1995
28420,"Kennewick-Richland, WA",880,75,845,51,1996
28420,"Kennewick-Richland, WA",923,142,703,114,1997
28420,"Kennewick-Richland, WA",849,0,846,0,1998
28420,"Kennewick-Richland, WA",1017,31,1016,31,1999
28420,"Kennewick-Richland, WA",1018,12,969,12,2000
28420,"Kennewick-Richland, WA",1545,122,1462,122,2001
28420,"Kennewick-Richland, WA",2247,285,1671,212,2002
28420,"Kennewick-Richland, WA",2249,293,2249,293,2003
28420,"Kennewick-Richland, WA",3264,806,2859,777,2004
28420,"Kennewick-Richland, WA",2450,102,2450,102,2005
28420,"Kennewick-Richland, WA",1724,0,1720,0,2006
28420,"Kennewick-Richland, WA",1603,201,1371,184,2007
28420,"Kennewick-Richland, WA",1101,10,981,0,2008
28420,"Kennewick-Richland, WA",1091,5,911,0,2009
28420,"Kennewick-Richland, WA",2022,447,2016,447,2010
28420,"Kennewick-Richland, WA",1697,354,1496,354,2011
28420,"Kennewick-Richland, WA",1625,276,1242,276,2012
28420,"Kennewick-Richland, WA",1305,80,1258,80,2013
28420,"Kennewick-Richland, WA",1264,118,1263,118,2014
28420,"Kennewick-Richland, WA",1464,237,1464,237,2015
28420,"Kennewick-Richland, WA",1887,371,1887,371,2016
28420,"Kennewick-Richland, WA",1809,288,1809,288,2017
28420,"Kennewick-Richland, WA",1901,290,1884,290,2018
28420,"Kennewick-Richland, WA",2141,399,1637,394,2019
28420,"Kennewick-Richland, WA",1965,190,1965,190,2020
28420,"Kennewick-Richland, WA",2149,111,1574,106,2021
28420,"Kennewick-Richland, WA",1886,485,1886,485,2022
28420,"Kennewick-Richland, WA",2059,845,1639,718,2023
28420,"Kennewick-Richland, WA",2489,893,2068,665,2024
28420,"Kennewick-Richland, WA",2431,977,1749,602,2025
28450,"Kenosha, WI",1294,602,1294,602,1990
28450,"Kenosha, WI",1044,194,1044,194,1991
28450,"Kenosha, WI",1215,359,1190,359,1992
28450,"Kenosha, WI",975,282,975,282,1993
28450,"Kenosha, WI",851,170,851,170,1994
28450,"Kenosha, WI",784,192,779,192,1995
28450,"Kenosha, WI",1117,518,1105,518,1996
28450,"Kenosha, WI",776,207,770,207,1997
28450,"Kenosha, WI",1074,472,1074,472,1998
28450,"Kenosha, WI",1121,412,1121,412,1999
28450,"Kenosha, WI",1014,352,1014,352,2000
28450,"Kenosha, WI",1053,302,1050,302,2001
28450,"Kenosha, WI",1161,312,1116,287,2002
28450,"Kenosha, WI",1446,585,1446,585,2003
28450,"Kenosha, WI",1306,404,1273,404,2004
28450,"Kenosha, WI",1100,196,1010,163,2005
28450,"Kenosha, WI",908,170,889,170,2006
28450,"Kenosha, WI",517,17,515,17,2007
28450,"Kenosha, WI",289,0,289,0,2008
28450,"Kenosha, WI",175,7,175,7,2009
28450,"Kenosha, WI",248,89,247,89,2010
28450,"Kenosha, WI",227,107,222,107,2011
28450,"Kenosha, WI",228,64,226,64,2012
28450,"Kenosha, WI",203,40,200,40,2013
28450,"Kenosha, WI",267,116,267,116,2014
28450,"Kenosha, WI",288,108,286,108,2015
28450,"Kenosha, WI",528,346,528,346,2016
28450,"Kenosha, WI",200,0,198,0,2017
28450,"Kenosha, WI",311,79,299,79,2018
28450,"Kenosha, WI",684,400,684,400,2019
28450,"Kenosha, WI",226,0,209,0,2020
28450,"Kenosha, WI",972,679,953,679,2021
28450,"Kenosha, WI",280,71,275,71,2022
28450,"Kenosha, WI",227,61,227,61,2023
28450,"Kenosha, WI",260,8,257,8,2024
28450,"Kenosha, WI",892,518,880,518,2025
28660,"Killeen-Temple, TX",261,0,258,0,1990
28660,"Killeen-Temple, TX",454,0,451,0,1991
28660,"Killeen-Temple, TX",1318,0,1314,0,1992
28660,"Killeen-Temple, TX",1799,0,1795,0,1993
28660,"Killeen-Temple, TX",1608,28,1603,28,1994
28660,"Killeen-Temple, TX",2196,380,2155,380,1995
28660,"Killeen-Temple, TX",2216,369,2216,369,1996
28660,"Killeen-Temple, TX",1836,312,1785,312,1997
28660,"Killeen-Temple, TX",1678,160,1677,160,1998
28660,"Killeen-Temple, TX",1566,0,1565,0,1999
28660,"Killeen-Temple, TX",1897,30,1884,30,2000
28660,"Killeen-Temple, TX",2325,16,2325,16,2001
28660,"Killeen-Temple, TX",2984,193,2961,193,2002
28660,"Killeen-Temple, TX",2675,212,2675,212,2003
28660,"Killeen-Temple, TX",3648,272,3494,272,2004
28660,"Killeen-Temple, TX",4232,248,4048,248,2005
28660,"Killeen-Temple, TX",4573,729,4541,729,2006
28660,"Killeen-Temple, TX",3209,154,3180,154,2007
28660,"Killeen-Temple, TX",2403,256,1896,256,2008
28660,"Killeen-Temple, TX",2340,236,2318,236,2009
28660,"Killeen-Temple, TX",2241,180,2138,180,2010
28660,"Killeen-Temple, TX",2208,247,2108,247,2011
28660,"Killeen-Temple, TX",2646,296,2634,296,2012
28660,"Killeen-Temple, TX",2454,184,2454,184,2013
28660,"Killeen-Temple, TX",2371,74,1693,16,2014
28660,"Killeen-Temple, TX",2310,80,2259,80,2015
28660,"Killeen-Temple, TX",2328,290,2320,290,2016
28660,"Killeen-Temple, TX",2456,405,2427,394,2017
28660,"Killeen-Temple, TX",2460,118,2459,118,2018
28660,"Killeen-Temple, TX",2579,0,2579,0,2019
28660,"Killeen-Temple, TX",3629,152,3628,152,2020
28660,"Killeen-Temple, TX",4312,1170,4312,1170,2021
28660,"Killeen-Temple, TX",4016,837,4011,837,2022
28660,"Killeen-Temple, TX",3580,481,2137,48,2023
28660,"Killeen-Temple, TX",3646,246,3634,246,2024
28660,"Killeen-Temple, TX",3358,386,2477,386,2025
28700,"Kingsport-Bristol, TN-VA",1069,96,1056,96,1990
28700,"Kingsport-Bristol, TN-VA",1099,143,1046,143,1991
28700,"Kingsport-Bristol, TN-VA",1408,202,1388,197,1992
28700,"Kingsport-Bristol, TN-VA",1387,159,1240,106,1993
28700,"Kingsport-Bristol, TN-VA",1536,164,1337,87,1994
28700,"Kingsport-Bristol, TN-VA",1533,247,1307,158,1995
28700,"Kingsport-Bristol, TN-VA",1249,58,1076,58,1996
28700,"Kingsport-Bristol, TN-VA",1257,79,1158,68,1997
28700,"Kingsport-Bristol, TN-VA",1308,187,1294,187,1998
28700,"Kingsport-Bristol, TN-VA",1351,147,1269,147,1999
28700,"Kingsport-Bristol, TN-VA",993,12,910,12,2000
28700,"Kingsport-Bristol, TN-VA",1056,16,1033,16,2001
28700,"Kingsport-Bristol, TN-VA",1306,220,1220,220,2002
28700,"Kingsport-Bristol, TN-VA",1250,97,1250,97,2003
28700,"Kingsport-Bristol, TN-VA",1445,51,1428,51,2004
28700,"Kingsport-Bristol, TN-VA",1395,187,1278,174,2005
28700,"Kingsport-Bristol, TN-VA",1407,236,1390,229,2006
28700,"Kingsport-Bristol, TN-VA",1255,181,1044,126,2007
28700,"Kingsport-Bristol, TN-VA",699,44,693,44,2008
28700,"Kingsport-Bristol, TN-VA",554,36,551,36,2009
28700,"Kingsport-Bristol, TN-VA",464,0,461,0,2010
28700,"Kingsport-Bristol, TN-VA",385,25,383,25,2011
28700,"Kingsport-Bristol, TN-VA",439,86,434,86,2012
28700,"Kingsport-Bristol, TN-VA",417,0,412,0,2013
28700,"Kingsport-Bristol, TN-VA",340,16,335,16,2014
28700,"Kingsport-Bristol, TN-VA",705,278,694,278,2015
28700,"Kingsport-Bristol, TN-VA",992,557,908,557,2016
28700,"Kingsport-Bristol, TN-VA",788,287,698,287,2017
28700,"Kingsport-Bristol, TN-VA",556,17,382,6,2018
28700,"Kingsport-Bristol, TN-VA",597,124,494,124,2019
28700,"Kingsport-Bristol, TN-VA",734,153,578,153,2020
28700,"Kingsport-Bristol, TN-VA",679,5,438,5,2021
28700,"Kingsport-Bristol, TN-VA",939,60,739,15,2022
28700,"Kingsport-Bristol, TN-VA",798,40,602,0,2023
28700,"Kingsport-Bristol, TN-VA",739,6,595,6,2024
28700,"Kingsport-Bristol, TN-VA",1156,319,875,309,2025
28740,"Kingston, NY",644,29,573,29,1990
28740,"Kingston, NY",542,33,521,33,1991
28740,"Kingston, NY",538,34,531,34,1992
28740,"Kingston, NY",422,45,328,22,1993
28740,"Kingston, NY",346,12,289,12,1994
28740,"Kingston, NY",370,80,324,80,1995
28740,"Kingston, NY",302,0,293,0,1996
28740,"Kingston, NY",321,44,311,44,1997
28740,"Kingston, NY",465,129,458,129,1998
28740,"Kingston, NY",550,88,535,88,1999
28740,"Kingston, NY",548,19,501,19,2000
28740,"Kingston, NY",572,15,505,15,2001
28740,"Kingston, NY",848,78,775,78,2002
28740,"Kingston, NY",805,89,805,89,2003
28740,"Kingston, NY",864,34,829,34,2004
28740,"Kingston, NY",910,114,910,114,2005
28740,"Kingston, NY",602,63,601,63,2006
28740,"Kingston, NY",596,159,586,159,2007
28740,"Kingston, NY",518,230,517,230,2008
28740,"Kingston, NY",287,95,287,95,2009
28740,"Kingston, NY",334,168,334,168,2010
28740,"Kingston, NY",230,66,227,66,2011
28740,"Kingston, NY",214,55,210,55,2012
28740,"Kingston, NY",151,0,143,0,2013
28740,"Kingston, NY",289,118,279,118,2014
28740,"Kingston, NY",307,145,157,20,2015
28740,"Kingston, NY",252,96,169,36,2016
28740,"Kingston, NY",336,119,252,56,2017
28740,"Kingston, NY",252,53,180,0,2018
28740,"Kingston, NY",389,191,295,118,2019
28740,"Kingston, NY",265,37,216,0,2020
28740,"Kingston, NY",342,18,304,0,2021
28740,"Kingston, NY",446,160,397,160,2022
28740,"Kingston, NY",344,88,313,88,2023
28740,"Kingston, NY",521,217,480,217,2024
28740,"Kingston, NY",434,124,378,124,2025
28880,"Kiryas Joel-Poughkeepsie-Newburgh, NY",1722,236,1635,236,1990
28880,"Kiryas Joel-Poughkeepsie-Newburgh, NY",1741,276,1602,244,1991
28880,"Kiryas Joel-Poughkeepsie-Newburgh, NY",2135,376,2104,376,1992
28880,"Kiryas Joel-Poughkeepsie-Newburgh, NY",1589,89,1502,84,1993
28880,"Kiryas Joel-Poughkeepsie-Newburgh, NY",1694,166,1615,166,1994
28880,"Kiryas Joel-Poughkeepsie-Newburgh, NY",1987,534,1910,534,1995
28880,"Kiryas Joel-Poughkeepsie-Newburgh, NY",2679,1112,2437,972,1996
28880,"Kiryas Joel-Poughkeepsie-Newburgh, NY",1981,127,1759,74,1997
28880,"Kiryas Joel-Poughkeepsie-Newburgh, NY",2486,304,2361,304,1998
28880,"Kiryas Joel-Poughkeepsie-Newburgh, NY",3080,544,2929,544,1999
28880,"Kiryas Joel-Poughkeepsie-Newburgh, NY",3003,350,2809,315,2000
28880,"Kiryas Joel-Poughkeepsie-Newburgh, NY",3208,657,2997,640,2001
28880,"Kiryas Joel-Poughkeepsie-Newburgh, NY",3259,254,2885,195,2002
28880,"Kiryas Joel-Poughkeepsie-Newburgh, NY",2909,600,2909,600,2003
28880,"Kiryas Joel-Poughkeepsie-Newburgh, NY",2763,322,2414,297,2004
28880,"Kiryas Joel-Poughkeepsie-Newburgh, NY",2842,646,2247,536,2005
28880,"Kiryas Joel-Poughkeepsie-Newburgh, NY",2200,407,1919,362,2006
28880,"Kiryas Joel-Poughkeepsie-Newburgh, NY",2020,652,1585,427,2007
28880,"Kiryas Joel-Poughkeepsie-Newburgh, NY",1921,896,1516,603,2008
28880,"Kiryas Joel-Poughkeepsie-Newburgh, NY",905,225,817,200,2009
28880,"Kiryas Joel-Poughkeepsie-Newburgh, NY",1343,530,1213,490,2010
28880,"Kiryas Joel-Poughkeepsie-Newburgh, NY",1190,513,1054,443,2011
28880,"Kiryas Joel-Poughkeepsie-Newburgh, NY",1435,608,1042,334,2012
28880,"Kiryas Joel-Poughkeepsie-Newburgh, NY",1153,302,843,155,2013
28880,"Kiryas Joel-Poughkeepsie-Newburgh, NY",1274,529,1161,529,2014
28880,"Kiryas Joel-Poughkeepsie-Newburgh, NY",1384,787,1198,719,2015
28880,"Kiryas Joel-Poughkeepsie-Newburgh, NY",1433,677,1266,670,2016
28880,"Kiryas Joel-Poughkeepsie-Newburgh, NY",1510,658,1305,591,2017
28880,"Kiryas Joel-Poughkeepsie-Newburgh, NY",1605,845,1407,831,2018
28880,"Kiryas Joel-Poughkeepsie-Newburgh, NY",1913,1098,1672,1086,2019
28880,"Kiryas Joel-Poughkeepsie-Newburgh, NY",1696,792,1389,782,2020
28880,"Kiryas Joel-Poughkeepsie-Newburgh, NY",2282,1307,2080,1294,2021
28880,"Kiryas Joel-Poughkeepsie-Newburgh, NY",1798,852,1549,837,2022
28880,"Kiryas Joel-Poughkeepsie-Newburgh, NY",2230,1400,2028,1375,2023
28880,"Kiryas Joel-Poughkeepsie-Newburgh, NY",2805,1996,2505,1924,2024
28880,"Kiryas Joel-Poughkeepsie-Newburgh, NY",2220,1324,1956,1232,2025
28940,"Knoxville, TN",3256,119,3238,119,1990
28940,"Knoxville, TN",3090,76,3087,76,1991
28940,"Knoxville, TN",3775,97,3760,97,1992
28940,"Knoxville, TN",4243,389,4010,389,1993
28940,"Knoxville, TN",4204,261,3990,256,1994
28940,"Knoxville, TN",4252,501,4215,496,1995
28940,"Knoxville, TN",5134,1028,5092,1023,1996
28940,"Knoxville, TN",4343,976,4277,971,1997
28940,"Knoxville, TN",3704,496,3380,369,1998
28940,"Knoxville, TN",3794,520,3744,514,1999
28940,"Knoxville, TN",3603,470,2663,121,2000
28940,"Knoxville, TN",3800,484,3720,484,2001
28940,"Knoxville, TN",4305,509,4276,509,2002
28940,"Knoxville, TN",4010,84,4010,84,2003
28940,"Knoxville, TN",6057,900,5993,900,2004
28940,"Knoxville, TN",5865,397,5717,383,2005
28940,"Knoxville, TN",6631,1145,5771,1080,2006
28940,"Knoxville, TN",4986,776,4132,692,2007
28940,"Knoxville, TN",3121,733,2943,692,2008
28940,"Knoxville, TN",2131,539,1947,534,2009
28940,"Knoxville, TN",2427,812,2240,804,2010
28940,"Knoxville, TN",1326,48,1195,48,2011
28940,"Knoxville, TN",2050,465,1852,465,2012
28940,"Knoxville, TN",2381,330,2134,330,2013
28940,"Knoxville, TN",3109,1000,2903,1000,2014
28940,"Knoxville, TN",3060,464,2601,254,2015
28940,"Knoxville, TN",3637,710,3139,528,2016
28940,"Knoxville, TN",4574,1196,4064,1033,2017
28940,"Knoxville, TN",4413,671,3799,489,2018
28940,"Knoxville, TN",4004,954,3571,954,2019
28940,"Knoxville, TN",5462,1373,4727,1280,2020
28940,"Knoxville, TN",6072,1280,5255,1149,2021
28940,"Knoxville, TN",4907,987,4478,834,2022
28940,"Knoxville, TN",6469,1959,5944,1778,2023
28940,"Knoxville, TN",6946,2049,6541,1958,2024
28940,"Knoxville, TN",7855,2780,6215,1663,2025
29020,"Kokomo, IN",200,0,193,0,1990
29020,"Kokomo, IN",182,0,175,0,1991
29020,"Kokomo, IN",255,0,255,0,1992
29020,"Kokomo, IN",383,120,369,120,1993
29020,"Kokomo, IN",488,120,484,120,1994
29020,"Kokomo, IN",590,252,567,252,1995
29020,"Kokomo, IN",659,240,654,240,1996
29020,"Kokomo, IN",409,40,405,40,1997
29020,"Kokomo, IN",391,88,391,88,1998
29020,"Kokomo, IN",521,104,521,104,1999
29020,"Kokomo, IN",408,8,386,0,2000
29020,"Kokomo, IN",382,0,382,0,2001
29020,"Kokomo, IN",448,46,448,46,2002
29020,"Kokomo, IN",353,25,353,25,2003
29020,"Kokomo, IN",268,5,268,5,2004
29020,"Kokomo, IN",239,0,239,0,2005
29020,"Kokomo, IN",114,0,114,0,2006
29020,"Kokomo, IN",83,0,75,0,2007
29020,"Kokomo, IN",46,0,46,0,2008
29020,"Kokomo, IN",73,60,73,60,2009
29020,"Kokomo, IN",13,0,13,0,2010
29020,"Kokomo, IN",22,0,22,0,2011
29020,"Kokomo, IN",162,122,162,122,2012
29020,"Kokomo, IN",151,95,151,95,2013
29020,"Kokomo, IN",140,10,140,10,2014
29020,"Kokomo, IN",441,133,441,133,2015
29020,"Kokomo, IN",318,198,318,198,2016
29020,"Kokomo, IN",92,0,92,0,2017
29020,"Kokomo, IN",349,50,349,50,2018
29020,"Kokomo, IN",239,152,239,152,2019
29020,"Kokomo, IN",162,16,143,16,2020
29020,"Kokomo, IN",190,0,169,0,2021
29020,"Kokomo, IN",164,48,148,48,2022
29020,"Kokomo, IN",138,0,121,0,2023
29020,"Kokomo, IN",194,0,175,0,2024
29020,"Kokomo, IN",106,0,88,0,2025
29100,"La Crosse-Onalaska, WI-MN",561,133,535,119,1990
29100,"La Crosse-Onalaska, WI-MN",456,79,448,79,1991
29100,"La Crosse-Onalaska, WI-MN",573,69,573,69,1992
29100,"La Crosse-Onalaska, WI-MN",683,81,646,81,1993
29100,"La Crosse-Onalaska, WI-MN",717,95,683,95,1994
29100,"La Crosse-Onalaska, WI-MN",806,153,763,153,1995
29100,"La Crosse-Onalaska, WI-MN",886,186,875,186,1996
29100,"La Crosse-Onalaska, WI-MN",911,149,903,149,1997
29100,"La Crosse-Onalaska, WI-MN",874,163,865,163,1998
29100,"La Crosse-Onalaska, WI-MN",911,145,870,145,1999
29100,"La Crosse-Onalaska, WI-MN",754,68,736,68,2000
29100,"La Crosse-Onalaska, WI-MN",762,91,730,91,2001
29100,"La Crosse-Onalaska, WI-MN",698,90,566,58,2002
29100,"La Crosse-Onalaska, WI-MN",776,76,776,76,2003
29100,"La Crosse-Onalaska, WI-MN",1028,264,987,264,2004
29100,"La Crosse-Onalaska, WI-MN",743,60,685,36,2005
29100,"La Crosse-Onalaska, WI-MN",733,125,710,125,2006
29100,"La Crosse-Onalaska, WI-MN",744,196,724,196,2007
29100,"La Crosse-Onalaska, WI-MN",432,64,420,64,2008
29100,"La Crosse-Onalaska, WI-MN",415,97,319,97,2009
29100,"La Crosse-Onalaska, WI-MN",404,84,298,84,2010
29100,"La Crosse-Onalaska, WI-MN",345,32,249,32,2011
29100,"La Crosse-Onalaska, WI-MN",391,42,264,42,2012
29100,"La Crosse-Onalaska, WI-MN",538,178,516,178,2013
29100,"La Crosse-Onalaska, WI-MN",360,12,332,12,2014
29100,"La Crosse-Onalaska, WI-MN",578,225,551,225,2015
29100,"La Crosse-Onalaska, WI-MN",413,46,365,46,2016
29100,"La Crosse-Onalaska, WI-MN",533,138,480,138,2017
29100,"La Crosse-Onalaska, WI-MN",693,369,682,364,2018
29100,"La Crosse-Onalaska, WI-MN",629,251,628,251,2019
29100,"La Crosse-Onalaska, WI-MN",496,88,491,88,2020
29100,"La Crosse-Onalaska, WI-MN",777,365,761,365,2021
29100,"La Crosse-Onalaska, WI-MN",499,138,498,138,2022
29100,"La Crosse-Onalaska, WI-MN",560,195,557,195,2023
29100,"La Crosse-Onalaska, WI-MN",630,208,630,208,2024
29100,"La Crosse-Onalaska, WI-MN",476,138,471,138,2025
29180,"Lafayette, LA",567,12,536,12,1990
29180,"Lafayette, LA",787,37,774,37,1991
29180,"Lafayette, LA",968,0,960,0,1992
29180,"Lafayette, LA",1284,6,1281,6,1993
29180,"Lafayette, LA",1539,114,1424,104,1994
29180,"Lafayette, LA",1430,20,1428,20,1995
29180,"Lafayette, LA",1717,118,1673,118,1996
29180,"Lafayette, LA",1715,193,1691,193,1997
29180,"Lafayette, LA",1764,221,1754,221,1998
29180,"Lafayette, LA",1540,77,1520,77,1999
29180,"Lafayette, LA",1346,0,1338,0,2000
29180,"Lafayette, LA",1396,180,1385,180,2001
29180,"Lafayette, LA",1954,366,1923,366,2002
29180,"Lafayette, LA",2050,57,2050,57,2003
29180,"Lafayette, LA",2703,28,2691,28,2004
29180,"Lafayette, LA",2274,0,2226,0,2005
29180,"Lafayette, LA",3073,450,3014,450,2006
29180,"Lafayette, LA",2340,568,1194,250,2007
29180,"Lafayette, LA",1455,259,694,0,2008
29180,"Lafayette, LA",1147,129,732,72,2009
29180,"Lafayette, LA",1088,67,667,0,2010
29180,"Lafayette, LA",1229,88,795,0,2011
29180,"Lafayette, LA",1649,141,1061,0,2012
29180,"Lafayette, LA",1873,149,1274,12,2013
29180,"Lafayette, LA",2267,125,2258,125,2014
29180,"Lafayette, LA",2385,478,2370,478,2015
29180,"Lafayette, LA",1614,100,1514,100,2016
29180,"Lafayette, LA",1684,0,1533,0,2017
29180,"Lafayette, LA",1607,0,734,0,2018
29180,"Lafayette, LA",1580,24,1414,24,2019
29180,"Lafayette, LA",2478,13,2474,13,2020
29180,"Lafayette, LA",2977,0,2831,0,2021
29180,"Lafayette, LA",1964,20,1853,20,2022
29180,"Lafayette, LA",2264,378,2015,378,2023
29180,"Lafayette, LA",2019,10,1146,10,2024
29180,"Lafayette, LA",2063,0,1149,0,2025
29200,"Lafayette-West Lafayette, IN",853,369,853,369,1990
29200,"Lafayette-West Lafayette, IN",1011,450,988,450,1991
29200,"Lafayette-West Lafayette, IN",1014,223,1014,223,1992
29200,"Lafayette-West Lafayette, IN",1055,234,1055,234,1993
29200,"Lafayette-West Lafayette, IN",1129,244,1082,244,1994
29200,"Lafayette-West Lafayette, IN",998,138,916,138,1995
29200,"Lafayette-West Lafayette, IN",1425,363,1342,363,1996
29200,"Lafayette-West Lafayette, IN",1582,507,1478,507,1997
29200,"Lafayette-West Lafayette, IN",1450,413,1334,413,1998
29200,"Lafayette-West Lafayette, IN",1692,527,1577,527,1999
29200,"Lafayette-West Lafayette, IN",1897,797,1649,768,2000
29200,"Lafayette-West Lafayette, IN",1654,529,1564,529,2001
29200,"Lafayette-West Lafayette, IN",1485,321,1403,321,2002
29200,"Lafayette-West Lafayette, IN",1575,370,1575,370,2003
29200,"Lafayette-West Lafayette, IN",1548,127,1424,127,2004
29200,"Lafayette-West Lafayette, IN",1108,8,925,8,2005
29200,"Lafayette-West Lafayette, IN",964,162,960,162,2006
29200,"Lafayette-West Lafayette, IN",941,260,862,255,2007
29200,"Lafayette-West Lafayette, IN",681,123,681,123,2008
29200,"Lafayette-West Lafayette, IN",502,29,486,29,2009
29200,"Lafayette-West Lafayette, IN",542,0,542,0,2010
29200,"Lafayette-West Lafayette, IN",1258,381,1252,381,2011
29200,"Lafayette-West Lafayette, IN",543,32,542,32,2012
29200,"Lafayette-West Lafayette, IN",1101,614,1099,614,2013
29200,"Lafayette-West Lafayette, IN",1100,468,1098,468,2014
29200,"Lafayette-West Lafayette, IN",542,28,542,28,2015
29200,"Lafayette-West Lafayette, IN",648,106,560,106,2016
29200,"Lafayette-West Lafayette, IN",1005,383,901,378,2017
29200,"Lafayette-West Lafayette, IN",1836,1313,1741,1248,2018
29200,"Lafayette-West Lafayette, IN",1350,836,1347,836,2019
29200,"Lafayette-West Lafayette, IN",1397,916,1290,827,2020
29200,"Lafayette-West Lafayette, IN",1212,626,1160,626,2021
29200,"Lafayette-West Lafayette, IN",1538,1023,1537,1023,2022
29200,"Lafayette-West Lafayette, IN",2093,1585,1722,1225,2023
29200,"Lafayette-West Lafayette, IN",1607,1073,1513,980,2024
29200,"Lafayette-West Lafayette, IN",4058,3395,3331,2698,2025
29340,"Lake Charles, LA",646,133,584,74,1990
29340,"Lake Charles, LA",563,46,508,0,1991
29340,"Lake Charles, LA",835,182,835,182,1992
29340,"Lake Charles, LA",759,0,755,0,1993
29340,"Lake Charles, LA",906,0,885,0,1994
29340,"Lake Charles, LA",994,49,966,49,1995
29340,"Lake Charles, LA",1511,327,1508,327,1996
29340,"Lake Charles, LA",1116,255,1008,187,1997
29340,"Lake Charles, LA",1053,145,1026,145,1998
29340,"Lake Charles, LA",1582,655,1542,655,1999
29340,"Lake Charles, LA",1074,0,1037,0,2000
29340,"Lake Charles, LA",1186,185,1130,185,2001
29340,"Lake Charles, LA",1059,36,980,36,2002
29340,"Lake Charles, LA",1541,200,1541,200,2003
29340,"Lake Charles, LA",1436,78,1390,78,2004
29340,"Lake Charles, LA",994,161,944,161,2005
29340,"Lake Charles, LA",795,64,535,49,2006
29340,"Lake Charles, LA",1278,413,1114,413,2007
29340,"Lake Charles, LA",1033,79,922,66,2008
29340,"Lake Charles, LA",1220,335,1169,335,2009
29340,"Lake Charles, LA",1066,56,1064,56,2010
29340,"Lake Charles, LA",1284,437,1282,437,2011
29340,"Lake Charles, LA",666,0,666,0,2012
29340,"Lake Charles, LA",1217,324,1217,324,2013
29340,"Lake Charles, LA",1391,596,1286,596,2014
29340,"Lake Charles, LA",1135,36,1000,36,2015
29340,"Lake Charles, LA",1648,525,1531,525,2016
29340,"Lake Charles, LA",2032,757,1642,757,2017
29340,"Lake Charles, LA",1496,264,934,264,2018
29340,"Lake Charles, LA",1503,220,1435,220,2019
29340,"Lake Charles, LA",1362,72,803,72,2020
29340,"Lake Charles, LA",1203,0,644,0,2021
29340,"Lake Charles, LA",1263,232,1263,232,2022
29340,"Lake Charles, LA",1092,432,1092,432,2023
29340,"Lake Charles, LA",1457,526,1457,526,2024
29340,"Lake Charles, LA",546,0,546,0,2025
29420,"Lake Havasu City-Kingman, AZ",3187,769,3187,769,1990
29420,"Lake Havasu City-Kingman, AZ",1930,228,1882,228,1991
29420,"Lake Havasu City-Kingman, AZ",2315,420,2315,420,1992
29420,"Lake Havasu City-Kingman, AZ",1989,34,1984,34,1993
29420,"Lake Havasu City-Kingman, AZ",2190,147,2190,147,1994
29420,"Lake Havasu City-Kingman, AZ",1732,126,1731,126,1995
29420,"Lake Havasu City-Kingman, AZ",1446,80,1446,80,1996
29420,"Lake Havasu City-Kingman, AZ",1692,165,1687,165,1997
29420,"Lake Havasu City-Kingman, AZ",1961,50,1961,50,1998
29420,"Lake Havasu City-Kingman, AZ",1944,6,1938,6,1999
29420,"Lake Havasu City-Kingman, AZ",1938,0,1938,0,2000
29420,"Lake Havasu City-Kingman, AZ",2231,6,2212,6,2001
29420,"Lake Havasu City-Kingman, AZ",2795,36,2771,36,2002
29420,"Lake Havasu City-Kingman, AZ",3387,112,3387,112,2003
29420,"Lake Havasu City-Kingman, AZ",4121,83,3613,83,2004
29420,"Lake Havasu City-Kingman, AZ",4011,30,3678,30,2005
29420,"Lake Havasu City-Kingman, AZ",2692,145,2602,145,2006
29420,"Lake Havasu City-Kingman, AZ",1223,46,1179,46,2007
29420,"Lake Havasu City-Kingman, AZ",556,44,500,39,2008
29420,"Lake Havasu City-Kingman, AZ",267,0,267,0,2009
29420,"Lake Havasu City-Kingman, AZ",262,0,237,0,2010
29420,"Lake Havasu City-Kingman, AZ",196,0,196,0,2011
29420,"Lake Havasu City-Kingman, AZ",345,0,345,0,2012
29420,"Lake Havasu City-Kingman, AZ",464,0,464,0,2013
29420,"Lake Havasu City-Kingman, AZ",535,0,535,0,2014
29420,"Lake Havasu City-Kingman, AZ",636,0,636,0,2015
29420,"Lake Havasu City-Kingman, AZ",683,0,683,0,2016
29420,"Lake Havasu City-Kingman, AZ",913,0,913,0,2017
29420,"Lake Havasu City-Kingman, AZ",1018,0,1018,0,2018
29420,"Lake Havasu City-Kingman, AZ",1111,0,1111,0,2019
29420,"Lake Havasu City-Kingman, AZ",1403,0,1403,0,2020
29420,"Lake Havasu City-Kingman, AZ",1637,10,1627,10,2021
29420,"Lake Havasu City-Kingman, AZ",2079,0,2079,0,2022
29420,"Lake Havasu City-Kingman, AZ",2241,86,2241,86,2023
29420,"Lake Havasu City-Kingman, AZ",2543,33,2497,28,2024
29420,"Lake Havasu City-Kingman, AZ",1817,64,1668,64,2025
29460,"Lakeland-Winter Haven, FL",2785,695,2785,695,1990
29460,"Lakeland-Winter Haven, FL",2589,510,2589,510,1991
29460,"Lakeland-Winter Haven, FL",2349,12,2348,12,1992
29460,"Lakeland-Winter Haven, FL",2655,24,2642,24,1993
29460,"Lakeland-Winter Haven, FL",2683,20,2678,20,1994
29460,"Lakeland-Winter Haven, FL",2365,40,2364,40,1995
29460,"Lakeland-Winter Haven, FL",2626,46,2622,46,1996
29460,"Lakeland-Winter Haven, FL",3362,685,3361,685,1997
29460,"Lakeland-Winter Haven, FL",3323,369,3323,369,1998
29460,"Lakeland-Winter Haven, FL",3879,788,3871,788,1999
29460,"Lakeland-Winter Haven, FL",4746,1158,4745,1158,2000
29460,"Lakeland-Winter Haven, FL",4521,632,4521,632,2001
29460,"Lakeland-Winter Haven, FL",4972,528,4953,528,2002
29460,"Lakeland-Winter Haven, FL",6823,456,6823,456,2003
29460,"Lakeland-Winter Haven, FL",10242,1313,10234,1313,2004
29460,"Lakeland-Winter Haven, FL",13179,907,13116,887,2005
29460,"Lakeland-Winter Haven, FL",9323,1647,9273,1647,2006
29460,"Lakeland-Winter Haven, FL",4222,352,4131,327,2007
29460,"Lakeland-Winter Haven, FL",3249,942,3207,942,2008
29460,"Lakeland-Winter Haven, FL",1135,0,1085,0,2009
29460,"Lakeland-Winter Haven, FL",1200,80,1183,80,2010
29460,"Lakeland-Winter Haven, FL",1156,70,1138,70,2011
29460,"Lakeland-Winter Haven, FL",1522,138,1493,138,2012
29460,"Lakeland-Winter Haven, FL",2034,26,2011,26,2013
29460,"Lakeland-Winter Haven, FL",2559,0,2545,0,2014
29460,"Lakeland-Winter Haven, FL",3039,28,3008,28,2015
29460,"Lakeland-Winter Haven, FL",4567,1134,4556,1134,2016
29460,"Lakeland-Winter Haven, FL",4604,10,4362,10,2017
29460,"Lakeland-Winter Haven, FL",5331,0,5326,0,2018
29460,"Lakeland-Winter Haven, FL",8726,2235,8705,2235,2019
29460,"Lakeland-Winter Haven, FL",9492,1966,7954,1966,2020
29460,"Lakeland-Winter Haven, FL",13071,2417,12030,2417,2021
29460,"Lakeland-Winter Haven, FL",12211,2978,11342,2978,2022
29460,"Lakeland-Winter Haven, FL",12513,3169,11798,3169,2023
29460,"Lakeland-Winter Haven, FL",10384,1716,9272,1512,2024
29460,"Lakeland-Winter Haven, FL",8236,1336,7200,1076,2025
29540,"Lancaster, PA",2692,578,2484,558,1990
29540,"Lancaster, PA",2597,621,2226,577,1991
29540,"Lancaster, PA",2656,206,2616,206,1992
29540,"Lancaster, PA",2810,502,2452,444,1993
29540,"Lancaster, PA",2433,232,2195,232,1994
29540,"Lancaster, PA",1923,211,1645,153,1995
29540,"Lancaster, PA",2083,241,1906,241,1996
29540,"Lancaster, PA",2027,243,1918,243,1997
29540,"Lancaster, PA",2454,437,2386,437,1998
29540,"Lancaster, PA",2273,191,2139,191,1999
29540,"Lancaster, PA",2016,205,1923,205,2000
29540,"Lancaster, PA",2267,246,2127,246,2001
29540,"Lancaster, PA",2548,398,2435,398,2002
29540,"Lancaster, PA",2690,323,2690,323,2003
29540,"Lancaster, PA",2675,241,2210,174,2004
29540,"Lancaster, PA",2040,82,1874,82,2005
29540,"Lancaster, PA",1887,106,1844,106,2006
29540,"Lancaster, PA",1731,301,1561,301,2007
29540,"Lancaster, PA",1484,276,1475,276,2008
29540,"Lancaster, PA",1262,166,1261,166,2009
29540,"Lancaster, PA",1381,180,1377,180,2010
29540,"Lancaster, PA",1204,376,1112,376,2011
29540,"Lancaster, PA",1160,268,1154,268,2012
29540,"Lancaster, PA",1258,216,1220,203,2013
29540,"Lancaster, PA",1109,101,1088,96,2014
29540,"Lancaster, PA",1154,168,1147,168,2015
29540,"Lancaster, PA",1287,240,1279,240,2016
29540,"Lancaster, PA",1436,385,1332,373,2017
29540,"Lancaster, PA",1251,217,1239,217,2018
29540,"Lancaster, PA",1496,453,1249,350,2019
29540,"Lancaster, PA",1338,456,1117,373,2020
29540,"Lancaster, PA",1039,213,958,170,2021
29540,"Lancaster, PA",1429,408,1428,408,2022
29540,"Lancaster, PA",1859,609,1853,609,2023
29540,"Lancaster, PA",1184,376,1106,376,2024
29540,"Lancaster, PA",1296,429,1215,429,2025
29620,"Lansing-East Lansing, MI",1634,239,1622,229,1990
29620,"Lansing-East Lansing, MI",1839,376,1819,376,1991
29620,"Lansing-East Lansing, MI",1580,161,1560,161,1992
29620,"Lansing-East Lansing, MI",1853,411,1811,411,1993
29620,"Lansing-East Lansing, MI",1926,318,1740,179,1994
29620,"Lansing-East Lansing, MI",1935,363,1838,363,1995
29620,"Lansing-East Lansing, MI",2184,429,2160,429,1996
29620,"Lansing-East Lansing, MI",1985,498,1898,498,1997
29620,"Lansing-East Lansing, MI",1707,177,1639,177,1998
29620,"Lansing-East Lansing, MI",2040,408,1943,408,1999
29620,"Lansing-East Lansing, MI",2316,558,2234,558,2000
29620,"Lansing-East Lansing, MI",2469,746,2417,746,2001
29620,"Lansing-East Lansing, MI",2406,616,2274,588,2002
29620,"Lansing-East Lansing, MI",3156,1159,3156,1159,2003
29620,"Lansing-East Lansing, MI",2206,330,2160,330,2004
29620,"Lansing-East Lansing, MI",2121,494,2054,486,2005
29620,"Lansing-East Lansing, MI",1231,270,1215,270,2006
29620,"Lansing-East Lansing, MI",768,190,733,190,2007
29620,"Lansing-East Lansing, MI",383,119,320,104,2008
29620,"Lansing-East Lansing, MI",251,0,200,0,2009
29620,"Lansing-East Lansing, MI",677,226,588,216,2010
29620,"Lansing-East Lansing, MI",416,42,345,37,2011
29620,"Lansing-East Lansing, MI",599,187,506,182,2012
29620,"Lansing-East Lansing, MI",983,475,901,470,2013
29620,"Lansing-East Lansing, MI",755,294,685,294,2014
29620,"Lansing-East Lansing, MI",1056,540,993,540,2015
29620,"Lansing-East Lansing, MI",1225,682,539,144,2016
29620,"Lansing-East Lansing, MI",907,344,709,262,2017
29620,"Lansing-East Lansing, MI",825,360,751,360,2018
29620,"Lansing-East Lansing, MI",967,389,501,58,2019
29620,"Lansing-East Lansing, MI",1027,472,623,149,2020
29620,"Lansing-East Lansing, MI",961,381,375,49,2021
29620,"Lansing-East Lansing, MI",900,464,852,464,2022
29620,"Lansing-East Lansing, MI",886,410,617,209,2023
29620,"Lansing-East Lansing, MI",649,186,358,0,2024
29620,"Lansing-East Lansing, MI",861,286,543,67,2025
29700,"Laredo, TX",824,175,824,175,1990
29700,"Laredo, TX",1221,565,1221,565,1991
29700,"Laredo, TX",1310,388,1310,388,1992
29700,"Laredo, TX",1549,558,0,0,1993
29700,"Laredo, TX",1820,768,454,74,1994
29700,"Laredo, TX",1900,907,0,0,1995
29700,"Laredo, TX",1299,108,1299,108,1996
29700,"Laredo, TX",1452,196,1452,196,1997
29700,"Laredo, TX",1547,129,1547,129,1998
29700,"Laredo, TX",1639,293,1639,293,1999
29700,"Laredo, TX",1863,373,1863,373,2000
29700,"Laredo, TX",1759,262,1759,262,2001
29700,"Laredo, TX",1805,292,1305,222,2002
29700,"Laredo, TX",1671,65,1671,65,2003
29700,"Laredo, TX",2193,511,1762,491,2004
29700,"Laredo, TX",2176,217,1378,131,2005
29700,"Laredo, TX",2395,319,2395,319,2006
29700,"Laredo, TX",1581,250,1581,250,2007
29700,"Laredo, TX",1087,347,1087,347,2008
29700,"Laredo, TX",786,28,786,28,2009
29700,"Laredo, TX",663,12,663,12,2010
29700,"Laredo, TX",956,293,956,293,2011
29700,"Laredo, TX",1506,703,1198,590,2012
29700,"Laredo, TX",1623,675,0,0,2013
29700,"Laredo, TX",1719,735,0,0,2014
29700,"Laredo, TX",1848,789,0,0,2015
29700,"Laredo, TX",1158,167,1158,167,2016
29700,"Laredo, TX",1331,242,621,158,2017
29700,"Laredo, TX",1375,187,1375,187,2018
29700,"Laredo, TX",1602,142,1602,142,2019
29700,"Laredo, TX",1447,141,1447,141,2020
29700,"Laredo, TX",1684,152,1684,152,2021
29700,"Laredo, TX",1272,0,1272,0,2022
29700,"Laredo, TX",1542,406,1542,406,2023
29700,"Laredo, TX",1448,245,0,0,2024
29700,"Laredo, TX",1340,257,0,0,2025
29740,"Las Cruces, NM",553,104,480,104,1990
29740,"Las Cruces, NM",685,191,685,191,1991
29740,"Las Cruces, NM",875,137,875,137,1992
29740,"Las Cruces, NM",1008,88,1008,88,1993
29740,"Las Cruces, NM",1105,143,1105,143,1994
29740,"Las Cruces, NM",983,163,983,163,1995
29740,"Las Cruces, NM",890,94,890,94,1996
29740,"Las Cruces, NM",740,41,643,28,1997
29740,"Las Cruces, NM",913,89,547,48,1998
29740,"Las Cruces, NM",920,142,868,142,1999
29740,"Las Cruces, NM",982,217,958,217,2000
29740,"Las Cruces, NM",994,232,994,232,2001
29740,"Las Cruces, NM",1213,257,1173,257,2002
29740,"Las Cruces, NM",1767,528,1767,528,2003
29740,"Las Cruces, NM",1675,307,1492,251,2004
29740,"Las Cruces, NM",2511,256,2439,256,2005
29740,"Las Cruces, NM",2385,219,2364,219,2006
29740,"Las Cruces, NM",1424,0,1424,0,2007
29740,"Las Cruces, NM",985,16,985,16,2008
29740,"Las Cruces, NM",1139,285,1139,285,2009
29740,"Las Cruces, NM",974,166,974,166,2010
29740,"Las Cruces, NM",644,8,644,8,2011
29740,"Las Cruces, NM",951,240,951,240,2012
29740,"Las Cruces, NM",784,107,784,107,2013
29740,"Las Cruces, NM",617,11,617,11,2014
29740,"Las Cruces, NM",760,11,760,11,2015
29740,"Las Cruces, NM",770,11,770,11,2016
29740,"Las Cruces, NM",1126,316,1126,316,2017
29740,"Las Cruces, NM",965,120,954,120,2018
29740,"Las Cruces, NM",978,96,978,96,2019
29740,"Las Cruces, NM",1109,64,1036,64,2020
29740,"Las Cruces, NM",1338,95,336,0,2021
29740,"Las Cruces, NM",1105,0,990,0,2022
29740,"Las Cruces, NM",861,0,756,0,2023
29740,"Las Cruces, NM",964,0,810,0,2024
29740,"Las Cruces, NM",833,0,167,0,2025
29820,"Las Vegas-Henderson-North Las Vegas, NV",20703,8812,20696,8806,1990
29820,"Las Vegas-Henderson-North Las Vegas, NV",17864,4958,17864,4958,1991
29820,"Las Vegas-Henderson-North Las Vegas, NV",13429,3022,13429,3022,1992
29820,"Las Vegas-Henderson-North Las Vegas, NV",19036,2960,19036,2960,1993
29820,"Las Vegas-Henderson-North Las Vegas, NV",25570,6784,25570,6784,1994
29820,"Las Vegas-Henderson-North Las Vegas, NV",27813,8639,27813,8639,1995
29820,"Las Vegas-Henderson-North Las Vegas, NV",30935,11018,30935,11018,1996
29820,"Las Vegas-Henderson-North Las Vegas, NV",29176,9090,29176,9090,1997
29820,"Las Vegas-Henderson-North Las Vegas, NV",30644,10317,30644,10317,1998
29820,"Las Vegas-Henderson-North Las Vegas, NV",26856,6346,26583,6251,1999
29820,"Las Vegas-Henderson-North Las Vegas, NV",26224,4688,26224,4688,2000
29820,"Las Vegas-Henderson-North Las Vegas, NV",29707,7446,29707,7446,2001
29820,"Las Vegas-Henderson-North Las Vegas, NV",29156,6808,29156,6808,2002
29820,"Las Vegas-Henderson-North Las Vegas, NV",36732,8498,36732,8498,2003
29820,"Las Vegas-Henderson-North Las Vegas, NV",36395,2969,36120,2940,2004
29820,"Las Vegas-Henderson-North Las Vegas, NV",39237,7507,39237,7507,2005
29820,"Las Vegas-Henderson-North Las Vegas, NV",33728,11400,33728,11400,2006
29820,"Las Vegas-Henderson-North Las Vegas, NV",24089,10124,24084,10119,2007
29820,"Las Vegas-Henderson-North Las Vegas, NV",12537,6459,12528,6459,2008
29820,"Las Vegas-Henderson-North Las Vegas, NV",5688,1622,5681,1622,2009
29820,"Las Vegas-Henderson-North Las Vegas, NV",5474,709,5474,709,2010
29820,"Las Vegas-Henderson-North Las Vegas, NV",5147,1267,5147,1267,2011
29820,"Las Vegas-Henderson-North Las Vegas, NV",7375,1191,7375,1191,2012
29820,"Las Vegas-Henderson-North Las Vegas, NV",8573,1283,8573,1283,2013
29820,"Las Vegas-Henderson-North Las Vegas, NV",10036,3106,10036,3106,2014
29820,"Las Vegas-Henderson-North Las Vegas, NV",10605,2747,10605,2747,2015
29820,"Las Vegas-Henderson-North Las Vegas, NV",13577,4727,13577,4727,2016
29820,"Las Vegas-Henderson-North Las Vegas, NV",14073,4048,14073,4048,2017
29820,"Las Vegas-Henderson-North Las Vegas, NV",12044,2271,12044,2271,2018
29820,"Las Vegas-Henderson-North Las Vegas, NV",13903,3680,13903,3680,2019
29820,"Las Vegas-Henderson-North Las Vegas, NV",14100,2940,14100,2940,2020
29820,"Las Vegas-Henderson-North Las Vegas, NV",16307,3419,16307,3419,2021
29820,"Las Vegas-Henderson-North Las Vegas, NV",13066,3581,13066,3581,2022
29820,"Las Vegas-Henderson-North Las Vegas, NV",13073,2736,13066,2736,2023
29820,"Las Vegas-Henderson-North Las Vegas, NV",14754,2301,14754,2301,2024
29820,"Las Vegas-Henderson-North Las Vegas, NV",14466,4540,14466,4540,2025
29940,"Lawrence, KS",710,46,692,46,1990
29940,"Lawrence, KS",792,113,792,113,1991
29940,"Lawrence, KS",884,69,884,69,1992
29940,"Lawrence, KS",963,191,963,191,1993
29940,"Lawrence, KS",1189,225,1189,225,1994
29940,"Lawrence, KS",841,152,841,152,1995
29940,"Lawrence, KS",1892,904,1692,852,1996
29940,"Lawrence, KS",663,55,619,55,1997
29940,"Lawrence, KS",963,204,936,204,1998
29940,"Lawrence, KS",896,163,896,163,1999
29940,"Lawrence, KS",803,161,803,161,2000
29940,"Lawrence, KS",1037,189,990,189,2001
29940,"Lawrence, KS",948,271,942,271,2002
29940,"Lawrence, KS",1060,148,1060,148,2003
29940,"Lawrence, KS",879,102,834,102,2004
29940,"Lawrence, KS",697,104,599,104,2005
29940,"Lawrence, KS",545,72,514,72,2006
29940,"Lawrence, KS",456,128,343,118,2007
29940,"Lawrence, KS",744,548,708,548,2008
29940,"Lawrence, KS",342,156,327,156,2009
29940,"Lawrence, KS",288,96,281,96,2010
29940,"Lawrence, KS",490,355,476,355,2011
29940,"Lawrence, KS",471,306,459,306,2012
29940,"Lawrence, KS",589,374,587,374,2013
29940,"Lawrence, KS",347,161,334,161,2014
29940,"Lawrence, KS",839,458,806,458,2015
29940,"Lawrence, KS",1395,1128,1395,1128,2016
29940,"Lawrence, KS",306,8,306,8,2017
29940,"Lawrence, KS",823,392,746,392,2018
29940,"Lawrence, KS",455,185,455,185,2019
29940,"Lawrence, KS",414,99,414,99,2020
29940,"Lawrence, KS",518,248,506,248,2021
29940,"Lawrence, KS",401,206,388,206,2022
29940,"Lawrence, KS",223,12,212,12,2023
29940,"Lawrence, KS",247,38,61,0,2024
29940,"Lawrence, KS",377,131,201,96,2025
30020,"Lawton, OK",62,0,60,0,1990
30020,"Lawton, OK",133,0,133,0,1991
30020,"Lawton, OK",250,21,250,21,1992
30020,"Lawton, OK",225,0,225,0,1993
30020,"Lawton, OK",179,0,174,0,1994
30020,"Lawton, OK",271,76,265,76,1995
30020,"Lawton, OK",205,0,205,0,1996
30020,"Lawton, OK",136,5,136,5,1997
30020,"Lawton, OK",230,0,230,0,1998
30020,"Lawton, OK",142,0,114,0,1999
30020,"Lawton, OK",140,10,78,10,2000
30020,"Lawton, OK",143,10,45,0,2001
30020,"Lawton, OK",173,18,41,8,2002
30020,"Lawton, OK",165,5,165,5,2003
30020,"Lawton, OK",170,0,32,0,2004
30020,"Lawton, OK",636,306,630,306,2005
30020,"Lawton, OK",585,228,566,228,2006
30020,"Lawton, OK",876,568,865,568,2007
30020,"Lawton, OK",257,16,237,16,2008
30020,"Lawton, OK",643,280,636,280,2009
30020,"Lawton, OK",326,0,324,0,2010
30020,"Lawton, OK",284,6,221,6,2011
30020,"Lawton, OK",289,0,287,0,2012
30020,"Lawton, OK",171,0,160,0,2013
30020,"Lawton, OK",114,0,114,0,2014
30020,"Lawton, OK",100,0,98,0,2015
30020,"Lawton, OK",100,0,97,0,2016
30020,"Lawton, OK",84,0,78,0,2017
30020,"Lawton, OK",68,0,62,0,2018
30020,"Lawton, OK",67,0,64,0,2019
30020,"Lawton, OK",103,0,86,0,2020
30020,"Lawton, OK",117,0,83,0,2021
30020,"Lawton, OK",79,0,49,0,2022
30020,"Lawton, OK",153,0,112,0,2023
30020,"Lawton, OK",135,0,98,0,2024
30020,"Lawton, OK",201,46,155,46,2025
30140,"Lebanon, PA",403,16,360,0,1990
30140,"Lebanon, PA",561,81,540,81,1991
30140,"Lebanon, PA",527,0,527,0,1992
30140,"Lebanon, PA",527,0,527,0,1993
30140,"Lebanon, PA",604,0,604,0,1994
30140,"Lebanon, PA",465,0,427,0,1995
30140,"Lebanon, PA",435,0,435,0,1996
30140,"Lebanon, PA",467,0,455,0,1997
30140,"Lebanon, PA",500,0,489,0,1998
30140,"Lebanon, PA",591,6,580,6,1999
30140,"Lebanon, PA",514,0,503,0,2000
30140,"Lebanon, PA",609,11,598,11,2001
30140,"Lebanon, PA",810,0,810,0,2002
30140,"Lebanon, PA",744,0,744,0,2003
30140,"Lebanon, PA",807,90,761,90,2004
30140,"Lebanon, PA",845,135,688,0,2005
30140,"Lebanon, PA",564,0,513,0,2006
30140,"Lebanon, PA",497,0,492,0,2007
30140,"Lebanon, PA",396,0,396,0,2008
30140,"Lebanon, PA",353,0,353,0,2009
30140,"Lebanon, PA",240,0,240,0,2010
30140,"Lebanon, PA",175,12,175,12,2011
30140,"Lebanon, PA",224,12,219,12,2012
30140,"Lebanon, PA",448,77,448,77,2013
30140,"Lebanon, PA",348,57,348,57,2014
30140,"Lebanon, PA",384,37,372,37,2015
30140,"Lebanon, PA",432,18,432,18,2016
30140,"Lebanon, PA",366,71,326,71,2017
30140,"Lebanon, PA",299,6,266,6,2018
30140,"Lebanon, PA",322,0,321,0,2019
30140,"Lebanon, PA",434,172,433,172,2020
30140,"Lebanon, PA",507,171,434,105,2021
30140,"Lebanon, PA",364,139,179,129,2022
30140,"Lebanon, PA",259,39,240,34,2023
30140,"Lebanon, PA",324,36,303,36,2024
30140,"Lebanon, PA",542,231,509,231,2025
30300,"Lewiston, ID-WA",111,0,111,0,1990
30300,"Lewiston, ID-WA",145,0,145,0,1991
30300,"Lewiston, ID-WA",238,10,238,10,1992
30300,"Lewiston, ID-WA",238,0,238,0,1993
30300,"Lewiston, ID-WA",289,12,268,12,1994
30300,"Lewiston, ID-WA",406,162,406,162,1995
30300,"Lewiston, ID-WA",313,78,313,78,1996
30300,"Lewiston, ID-WA",171,6,162,6,1997
30300,"Lewiston, ID-WA",184,20,184,20,1998
30300,"Lewiston, ID-WA",161,0,161,0,1999
30300,"Lewiston, ID-WA",179,29,179,29,2000
30300,"Lewiston, ID-WA",132,11,132,11,2001
30300,"Lewiston, ID-WA",143,8,143,8,2002
30300,"Lewiston, ID-WA",155,0,155,0,2003
30300,"Lewiston, ID-WA",226,0,213,0,2004
30300,"Lewiston, ID-WA",277,0,277,0,2005
30300,"Lewiston, ID-WA",210,32,210,32,2006
30300,"Lewiston, ID-WA",172,0,172,0,2007
30300,"Lewiston, ID-WA",129,5,96,0,2008
30300,"Lewiston, ID-WA",81,0,58,0,2009
30300,"Lewiston, ID-WA",75,0,53,0,2010
30300,"Lewiston, ID-WA",65,0,65,0,2011
30300,"Lewiston, ID-WA",33,0,33,0,2012
30300,"Lewiston, ID-WA",75,0,75,0,2013
30300,"Lewiston, ID-WA",90,24,90,24,2014
30300,"Lewiston, ID-WA",139,72,139,72,2015
30300,"Lewiston, ID-WA",108,0,108,0,2016
30300,"Lewiston, ID-WA",125,24,125,24,2017
30300,"Lewiston, ID-WA",120,0,92,0,2018
30300,"Lewiston, ID-WA",181,49,153,49,2019
30300,"Lewiston, ID-WA",260,72,229,72,2020
30300,"Lewiston, ID-WA",127,0,127,0,2021
30300,"Lewiston, ID-WA",134,0,134,0,2022
30300,"Lewiston, ID-WA",138,0,138,0,2023
30300,"Lewiston, ID-WA",226,72,224,72,2024
30300,"Lewiston, ID-WA",309,144,309,144,2025
30340,"Lewiston-Auburn, ME",250,8,241,8,1990
30340,"Lewiston-Auburn, ME",187,0,159,0,1991
30340,"Lewiston-Auburn, ME",266,26,263,26,1992
30340,"Lewiston-Auburn, ME",255,0,233,0,1993
30340,"Lewiston-Auburn, ME",283,0,220,0,1994
30340,"Lewiston-Auburn, ME",296,56,250,56,1995
30340,"Lewiston-Auburn, ME",262,0,203,0,1996
30340,"Lewiston-Auburn, ME",260,0,152,0,1997
30340,"Lewiston-Auburn, ME",340,0,210,0,1998
30340,"Lewiston-Auburn, ME",329,6,211,6,1999
30340,"Lewiston-Auburn, ME",321,0,181,0,2000
30340,"Lewiston-Auburn, ME",302,0,274,0,2001
30340,"Lewiston-Auburn, ME",378,0,308,0,2002
30340,"Lewiston-Auburn, ME",508,5,508,5,2003
30340,"Lewiston-Auburn, ME",545,16,478,16,2004
30340,"Lewiston-Auburn, ME",521,8,391,8,2005
30340,"Lewiston-Auburn, ME",320,0,277,0,2006
30340,"Lewiston-Auburn, ME",252,0,229,0,2007
30340,"Lewiston-Auburn, ME",219,23,198,23,2008
30340,"Lewiston-Auburn, ME",167,0,137,0,2009
30340,"Lewiston-Auburn, ME",206,34,168,34,2010
30340,"Lewiston-Auburn, ME",148,0,139,0,2011
30340,"Lewiston-Auburn, ME",129,0,114,0,2012
30340,"Lewiston-Auburn, ME",123,0,99,0,2013
30340,"Lewiston-Auburn, ME",91,0,82,0,2014
30340,"Lewiston-Auburn, ME",74,0,59,0,2015
30340,"Lewiston-Auburn, ME",185,35,175,35,2016
30340,"Lewiston-Auburn, ME",252,77,227,77,2017
30340,"Lewiston-Auburn, ME",300,117,270,117,2018
30340,"Lewiston-Auburn, ME",228,68,171,53,2019
30340,"Lewiston-Auburn, ME",275,84,243,84,2020
30340,"Lewiston-Auburn, ME",221,35,167,35,2021
30340,"Lewiston-Auburn, ME",484,242,427,242,2022
30340,"Lewiston-Auburn, ME",347,81,281,81,2023
30340,"Lewiston-Auburn, ME",346,57,252,57,2024
30340,"Lewiston-Auburn, ME",453,164,364,164,2025
30460,"Lexington-Fayette, KY",2165,98,2165,98,1990
30460,"Lexington-Fayette, KY",2217,61,2209,61,1991
30460,"Lexington-Fayette, KY",2771,83,2743,83,1992
30460,"Lexington-Fayette, KY",3015,163,2731,158,1993
30460,"Lexington-Fayette, KY",3099,201,2781,186,1994
30460,"Lexington-Fayette, KY",3737,814,3434,799,1995
30460,"Lexington-Fayette, KY",3750,893,3420,878,1996
30460,"Lexington-Fayette, KY",3396,456,3396,456,1997
30460,"Lexington-Fayette, KY",4508,1098,4401,1088,1998
30460,"Lexington-Fayette, KY",3842,337,3585,337,1999
30460,"Lexington-Fayette, KY",3890,619,3568,614,2000
30460,"Lexington-Fayette, KY",3118,47,2918,47,2001
30460,"Lexington-Fayette, KY",3934,182,3647,177,2002
30460,"Lexington-Fayette, KY",3975,107,3975,107,2003
30460,"Lexington-Fayette, KY",5121,812,5121,812,2004
30460,"Lexington-Fayette, KY",5007,638,4942,638,2005
30460,"Lexington-Fayette, KY",3677,498,3437,498,2006
30460,"Lexington-Fayette, KY",2569,153,2569,153,2007
30460,"Lexington-Fayette, KY",2819,1280,2743,1280,2008
30460,"Lexington-Fayette, KY",1633,328,1633,328,2009
30460,"Lexington-Fayette, KY",1361,180,1329,180,2010
30460,"Lexington-Fayette, KY",1501,462,1333,462,2011
30460,"Lexington-Fayette, KY",2318,1040,2290,1040,2012
30460,"Lexington-Fayette, KY",1654,244,1284,57,2013
30460,"Lexington-Fayette, KY",1888,506,1734,506,2014
30460,"Lexington-Fayette, KY",2206,777,1237,444,2015
30460,"Lexington-Fayette, KY",2732,1200,2069,905,2016
30460,"Lexington-Fayette, KY",2326,634,894,0,2017
30460,"Lexington-Fayette, KY",2772,1280,1954,891,2018
30460,"Lexington-Fayette, KY",2246,909,2123,909,2019
30460,"Lexington-Fayette, KY",2330,772,698,21,2020
30460,"Lexington-Fayette, KY",2943,1139,1123,220,2021
30460,"Lexington-Fayette, KY",2709,1155,978,114,2022
30460,"Lexington-Fayette, KY",2442,1053,910,217,2023
30460,"Lexington-Fayette, KY",2201,710,1543,401,2024
30460,"Lexington-Fayette, KY",2327,661,1109,44,2025
30500,"Lexington Park, MD",1708,210,1697,210,1990
30500,"Lexington Park, MD",1666,219,1666,219,1991
30500,"Lexington Park, MD",1621,161,1621,161,1992
30500,"Lexington Park, MD",1540,180,1540,180,1993
30500,"Lexington Park, MD",1525,72,1521,72,1994
30500,"Lexington Park, MD",1930,442,1930,442,1995
30500,"Lexington Park, MD",1658,6,1658,6,1996
30500,"Lexington Park, MD",1687,16,1687,16,1997
30500,"Lexington Park, MD",1911,204,1911,204,1998
30500,"Lexington Park, MD",1690,31,1655,0,1999
30500,"Lexington Park, MD",2094,135,2064,110,2000
30500,"Lexington Park, MD",1435,0,1435,0,2001
30500,"Lexington Park, MD",1842,169,1828,169,2002
30500,"Lexington Park, MD",1885,221,1885,221,2003
30500,"Lexington Park, MD",1909,254,1909,254,2004
30500,"Lexington Park, MD",1481,10,1481,10,2005
30500,"Lexington Park, MD",1064,30,1064,30,2006
30500,"Lexington Park, MD",1272,10,1272,10,2007
30500,"Lexington Park, MD",807,70,791,70,2008
30500,"Lexington Park, MD",729,0,729,0,2009
30500,"Lexington Park, MD",635,0,635,0,2010
30500,"Lexington Park, MD",1007,240,1007,240,2011
30500,"Lexington Park, MD",881,0,881,0,2012
30500,"Lexington Park, MD",626,0,626,0,2013
30500,"Lexington Park, MD",670,6,670,6,2014
30500,"Lexington Park, MD",973,20,941,20,2015
30500,"Lexington Park, MD",934,5,902,5,2016
30500,"Lexington Park, MD",1427,0,1369,0,2017
30500,"Lexington Park, MD",1115,60,1095,60,2018
30500,"Lexington Park, MD",1119,306,1119,306,2019
30500,"Lexington Park, MD",894,96,894,96,2020
30500,"Lexington Park, MD",599,6,599,6,2021
30500,"Lexington Park, MD",365,0,365,0,2022
30500,"Lexington Park, MD",481,0,481,0,2023
30500,"Lexington Park, MD",366,0,366,0,2024
30500,"Lexington Park, MD",439,45,439,45,2025
30620,"Lima, OH",272,45,249,45,1990
30620,"Lima, OH",209,0,179,0,1991
30620,"Lima, OH",312,13,284,13,1992
30620,"Lima, OH",252,0,252,0,1993
30620,"Lima, OH",287,0,265,0,1994
30620,"Lima, OH",317,7,262,7,1995
30620,"Lima, OH",292,12,251,12,1996
30620,"Lima, OH",505,282,480,282,1997
30620,"Lima, OH",259,0,244,0,1998
30620,"Lima, OH",236,0,220,0,1999
30620,"Lima, OH",231,0,216,0,2000
30620,"Lima, OH",220,0,205,0,2001
30620,"Lima, OH",190,0,174,0,2002
30620,"Lima, OH",284,0,284,0,2003
30620,"Lima, OH",369,13,330,13,2004
30620,"Lima, OH",320,48,211,48,2005
30620,"Lima, OH",193,0,134,0,2006
30620,"Lima, OH",178,0,124,0,2007
30620,"Lima, OH",110,0,52,0,2008
30620,"Lima, OH",64,0,44,0,2009
30620,"Lima, OH",116,0,88,0,2010
30620,"Lima, OH",51,0,39,0,2011
30620,"Lima, OH",80,32,69,32,2012
30620,"Lima, OH",63,0,47,0,2013
30620,"Lima, OH",61,0,35,0,2014
30620,"Lima, OH",77,0,47,0,2015
30620,"Lima, OH",76,0,50,0,2016
30620,"Lima, OH",224,132,196,132,2017
30620,"Lima, OH",86,0,59,0,2018
30620,"Lima, OH",191,88,166,88,2019
30620,"Lima, OH",175,33,150,33,2020
30620,"Lima, OH",226,94,204,94,2021
30620,"Lima, OH",109,0,91,0,2022
30620,"Lima, OH",77,0,43,0,2023
30620,"Lima, OH",100,0,63,0,2024
30620,"Lima, OH",157,36,121,36,2025
30700,"Lincoln, NE",2137,1055,2135,1055,1990
30700,"Lincoln, NE",1604,454,1603,454,1991
30700,"Lincoln, NE",1532,275,1529,275,1992
30700,"Lincoln, NE",1748,565,1745,565,1993
30700,"Lincoln, NE",2041,754,2041,754,1994
30700,"Lincoln, NE",2031,903,2028,903,1995
30700,"Lincoln, NE",2377,1190,2374,1190,1996
30700,"Lincoln, NE",2296,1015,1730,713,1997
30700,"Lincoln, NE",2210,797,1821,610,1998
30700,"Lincoln, NE",1758,436,1470,344,1999
30700,"Lincoln, NE",1771,367,898,102,2000
30700,"Lincoln, NE",1794,271,1223,145,2001
30700,"Lincoln, NE",2000,296,727,81,2002
30700,"Lincoln, NE",2498,337,2498,337,2003
30700,"Lincoln, NE",2706,546,2687,546,2004
30700,"Lincoln, NE",1780,195,1623,148,2005
30700,"Lincoln, NE",1424,198,755,84,2006
30700,"Lincoln, NE",1349,238,1345,238,2007
30700,"Lincoln, NE",823,83,820,83,2008
30700,"Lincoln, NE",728,42,724,42,2009
30700,"Lincoln, NE",1032,312,1020,312,2010
30700,"Lincoln, NE",1059,373,1057,373,2011
30700,"Lincoln, NE",1249,386,434,90,2012
30700,"Lincoln, NE",1587,529,219,56,2013
30700,"Lincoln, NE",1994,934,1866,884,2014
30700,"Lincoln, NE",2548,1454,1619,991,2015
30700,"Lincoln, NE",2384,1210,273,0,2016
30700,"Lincoln, NE",2508,1203,177,0,2017
30700,"Lincoln, NE",1804,652,1775,652,2018
30700,"Lincoln, NE",2098,982,276,144,2019
30700,"Lincoln, NE",2038,771,192,26,2020
30700,"Lincoln, NE",2607,1203,2492,1203,2021
30700,"Lincoln, NE",3349,2176,3326,2176,2022
30700,"Lincoln, NE",2137,1259,2115,1259,2023
30700,"Lincoln, NE",2036,943,2010,943,2024
30700,"Lincoln, NE",2402,1364,2376,1364,2025
30780,"Little Rock-North Little Rock-Conway, AR",1599,129,1591,129,1990
30780,"Little Rock-North Little Rock-Conway, AR",1829,288,1827,288,1991
30780,"Little Rock-North Little Rock-Conway, AR",2020,56,2020,56,1992
30780,"Little Rock-North Little Rock-Conway, AR",2678,250,2656,250,1993
30780,"Little Rock-North Little Rock-Conway, AR",2781,151,2780,151,1994
30780,"Little Rock-North Little Rock-Conway, AR",3317,885,3315,885,1995
30780,"Little Rock-North Little Rock-Conway, AR",2805,597,2794,597,1996
30780,"Little Rock-North Little Rock-Conway, AR",3558,1514,3452,1432,1997
30780,"Little Rock-North Little Rock-Conway, AR",3726,1323,3632,1253,1998
30780,"Little Rock-North Little Rock-Conway, AR",3871,1090,3861,1090,1999
30780,"Little Rock-North Little Rock-Conway, AR",2746,197,2691,197,2000
30780,"Little Rock-North Little Rock-Conway, AR",3046,462,2988,462,2001
30780,"Little Rock-North Little Rock-Conway, AR",4536,1648,4471,1648,2002
30780,"Little Rock-North Little Rock-Conway, AR",4098,473,4098,473,2003
30780,"Little Rock-North Little Rock-Conway, AR",5525,1838,5449,1838,2004
30780,"Little Rock-North Little Rock-Conway, AR",5748,1479,5621,1479,2005
30780,"Little Rock-North Little Rock-Conway, AR",4175,296,3965,296,2006
30780,"Little Rock-North Little Rock-Conway, AR",3477,466,3430,466,2007
30780,"Little Rock-North Little Rock-Conway, AR",2835,853,2785,853,2008
30780,"Little Rock-North Little Rock-Conway, AR",3049,1186,2989,1186,2009
30780,"Little Rock-North Little Rock-Conway, AR",3559,1431,3409,1398,2010
30780,"Little Rock-North Little Rock-Conway, AR",3230,1609,3061,1564,2011
30780,"Little Rock-North Little Rock-Conway, AR",3313,1349,3199,1349,2012
30780,"Little Rock-North Little Rock-Conway, AR",2495,744,2374,744,2013
30780,"Little Rock-North Little Rock-Conway, AR",2082,485,1926,485,2014
30780,"Little Rock-North Little Rock-Conway, AR",2699,1142,2548,1142,2015
30780,"Little Rock-North Little Rock-Conway, AR",2327,597,2193,597,2016
30780,"Little Rock-North Little Rock-Conway, AR",3215,1067,2839,1042,2017
30780,"Little Rock-North Little Rock-Conway, AR",2174,294,1618,196,2018
30780,"Little Rock-North Little Rock-Conway, AR",3005,1030,2515,929,2019
30780,"Little Rock-North Little Rock-Conway, AR",3081,726,2814,726,2020
30780,"Little Rock-North Little Rock-Conway, AR",3635,833,3600,833,2021
30780,"Little Rock-North Little Rock-Conway, AR",3338,1416,3308,1416,2022
30780,"Little Rock-North Little Rock-Conway, AR",2664,585,2635,585,2023
30780,"Little Rock-North Little Rock-Conway, AR",2606,451,2567,451,2024
30780,"Little Rock-North Little Rock-Conway, AR",3142,397,3101,397,2025
30860,"Logan, UT-ID",295,34,294,34,1990
30860,"Logan, UT-ID",370,43,342,43,1991
30860,"Logan, UT-ID",623,95,619,95,1992
30860,"Logan, UT-ID",775,60,767,60,1993
30860,"Logan, UT-ID",1044,118,1044,118,1994
30860,"Logan, UT-ID",949,104,922,104,1995
30860,"Logan, UT-ID",993,150,957,150,1996
30860,"Logan, UT-ID",771,47,771,47,1997
30860,"Logan, UT-ID",912,144,706,144,1998
30860,"Logan, UT-ID",782,0,711,0,1999
30860,"Logan, UT-ID",725,133,661,121,2000
30860,"Logan, UT-ID",878,258,869,258,2001
30860,"Logan, UT-ID",731,40,623,15,2002
30860,"Logan, UT-ID",988,105,988,105,2003
30860,"Logan, UT-ID",1404,346,1269,316,2004
30860,"Logan, UT-ID",1104,109,975,84,2005
30860,"Logan, UT-ID",996,141,868,96,2006
30860,"Logan, UT-ID",1005,50,893,0,2007
30860,"Logan, UT-ID",593,108,513,58,2008
30860,"Logan, UT-ID",533,32,494,12,2009
30860,"Logan, UT-ID",655,277,583,227,2010
30860,"Logan, UT-ID",542,235,461,177,2011
30860,"Logan, UT-ID",841,391,651,283,2012
30860,"Logan, UT-ID",670,233,417,82,2013
30860,"Logan, UT-ID",784,316,515,156,2014
30860,"Logan, UT-ID",614,193,411,74,2015
30860,"Logan, UT-ID",897,157,656,24,2016
30860,"Logan, UT-ID",1373,442,1064,278,2017
30860,"Logan, UT-ID",1211,354,847,196,2018
30860,"Logan, UT-ID",1679,546,1630,546,2019
30860,"Logan, UT-ID",1701,586,1615,586,2020
30860,"Logan, UT-ID",1309,200,1309,200,2021
30860,"Logan, UT-ID",1108,313,1100,313,2022
30860,"Logan, UT-ID",1040,339,962,339,2023
30860,"Logan, UT-ID",1096,146,1024,146,2024
30860,"Logan, UT-ID",1176,262,1113,262,2025
30980,"Longview, TX",142,0,140,0,1990
30980,"Longview, TX",182,0,157,0,1991
30980,"Longview, TX",241,6,225,6,1992
30980,"Longview, TX",291,0,291,0,1993
30980,"Longview, TX",382,0,366,0,1994
30980,"Longview, TX",462,145,438,145,1995
30980,"Longview, TX",467,161,442,161,1996
30980,"Longview, TX",495,208,471,208,1997
30980,"Longview, TX",373,82,334,82,1998
30980,"Longview, TX",434,186,431,186,1999
30980,"Longview, TX",214,0,207,0,2000
30980,"Longview, TX",328,0,326,0,2001
30980,"Longview, TX",367,0,353,0,2002
30980,"Longview, TX",369,0,369,0,2003
30980,"Longview, TX",532,80,504,80,2004
30980,"Longview, TX",436,0,394,0,2005
30980,"Longview, TX",689,269,646,269,2006
30980,"Longview, TX",421,17,377,0,2007
30980,"Longview, TX",354,53,167,0,2008
30980,"Longview, TX",278,56,140,36,2009
30980,"Longview, TX",578,267,363,108,2010
30980,"Longview, TX",604,244,435,88,2011
30980,"Longview, TX",737,414,486,180,2012
30980,"Longview, TX",832,489,287,142,2013
30980,"Longview, TX",369,54,315,26,2014
30980,"Longview, TX",302,33,302,33,2015
30980,"Longview, TX",232,24,219,24,2016
30980,"Longview, TX",247,0,223,0,2017
30980,"Longview, TX",289,74,265,74,2018
30980,"Longview, TX",276,12,248,12,2019
30980,"Longview, TX",387,0,357,0,2020
30980,"Longview, TX",579,152,496,152,2021
30980,"Longview, TX",745,292,745,292,2022
30980,"Longview, TX",364,16,351,16,2023
30980,"Longview, TX",288,0,283,0,2024
30980,"Longview, TX",288,0,276,0,2025
31020,"Longview-Kelso, WA",197,0,197,0,1990
31020,"Longview-Kelso, WA",390,125,364,125,1991
31020,"Longview-Kelso, WA",397,81,397,81,1992
31020,"Longview-Kelso, WA",401,47,390,47,1993
31020,"Longview-Kelso, WA",424,44,401,44,1994
31020,"Longview-Kelso, WA",541,17,541,17,1995
31020,"Longview-Kelso, WA",538,78,538,78,1996
31020,"Longview-Kelso, WA",368,32,368,32,1997
31020,"Longview-Kelso, WA",660,163,660,163,1998
31020,"Longview-Kelso, WA",589,130,589,130,1999
31020,"Longview-Kelso, WA",514,152,481,152,2000
31020,"Longview-Kelso, WA",411,115,190,0,2001
31020,"Longview-Kelso, WA",481,102,265,5,2002
31020,"Longview-Kelso, WA",436,55,436,55,2003
31020,"Longview-Kelso, WA",409,10,384,0,2004
31020,"Longview-Kelso, WA",515,14,485,14,2005
31020,"Longview-Kelso, WA",703,64,699,64,2006
31020,"Longview-Kelso, WA",578,83,573,83,2007
31020,"Longview-Kelso, WA",276,0,276,0,2008
31020,"Longview-Kelso, WA",147,0,137,0,2009
31020,"Longview-Kelso, WA",131,0,131,0,2010
31020,"Longview-Kelso, WA",113,0,113,0,2011
31020,"Longview-Kelso, WA",132,0,132,0,2012
31020,"Longview-Kelso, WA",195,36,195,36,2013
31020,"Longview-Kelso, WA",178,6,178,6,2014
31020,"Longview-Kelso, WA",178,0,178,0,2015
31020,"Longview-Kelso, WA",308,0,276,0,2016
31020,"Longview-Kelso, WA",484,0,484,0,2017
31020,"Longview-Kelso, WA",318,0,304,0,2018
31020,"Longview-Kelso, WA",351,30,351,30,2019
31020,"Longview-Kelso, WA",346,0,297,0,2020
31020,"Longview-Kelso, WA",348,54,348,54,2021
31020,"Longview-Kelso, WA",585,198,585,198,2022
31020,"Longview-Kelso, WA",308,0,299,0,2023
31020,"Longview-Kelso, WA",353,40,353,40,2024
31020,"Longview-Kelso, WA",308,0,308,0,2025
31080,"Los Angeles-Long Beach-Anaheim, CA",37108,20262,36678,20071,1990
31080,"Los Angeles-Long Beach-Anaheim, CA",22469,9624,22379,9604,1991
31080,"Los Angeles-Long Beach-Anaheim, CA",17786,5880,17490,5778,1992
31080,"Los Angeles-Long Beach-Anaheim, CA",13776,3922,13483,3825,1993
31080,"Los Angeles-Long Beach-Anaheim, CA",20394,6940,19821,6780,1994
31080,"Los Angeles-Long Beach-Anaheim, CA",15956,4403,15316,4145,1995
31080,"Los Angeles-Long Beach-Anaheim, CA",17904,5542,17051,5177,1996
31080,"Los Angeles-Long Beach-Anaheim, CA",22090,6635,21355,6331,1997
31080,"Los Angeles-Long Beach-Anaheim, CA",20930,6274,20497,6099,1998
31080,"Los Angeles-Long Beach-Anaheim, CA",26299,9538,25403,9186,1999
31080,"Los Angeles-Long Beach-Anaheim, CA",29488,12883,28934,12614,2000
31080,"Los Angeles-Long Beach-Anaheim, CA",26905,11296,26134,11008,2001
31080,"Los Angeles-Long Beach-Anaheim, CA",28250,12291,27269,11930,2002
31080,"Los Angeles-Long Beach-Anaheim, CA",30151,12381,30151,12381,2003
31080,"Los Angeles-Long Beach-Anaheim, CA",35785,16929,34540,16447,2004
31080,"Los Angeles-Long Beach-Anaheim, CA",30641,12292,28943,11532,2005
31080,"Los Angeles-Long Beach-Anaheim, CA",33505,18343,32197,17709,2006
31080,"Los Angeles-Long Beach-Anaheim, CA",26616,15960,25266,15438,2007
31080,"Los Angeles-Long Beach-Anaheim, CA",15045,9645,14528,9369,2008
31080,"Los Angeles-Long Beach-Anaheim, CA",7281,3042,7087,2972,2009
31080,"Los Angeles-Long Beach-Anaheim, CA",10394,5715,10086,5650,2010
31080,"Los Angeles-Long Beach-Anaheim, CA",14247,9628,13925,9527,2011
31080,"Los Angeles-Long Beach-Anaheim, CA",17447,11685,17145,11558,2012
31080,"Los Angeles-Long Beach-Anaheim, CA",25198,16693,24459,16175,2013
31080,"Los Angeles-Long Beach-Anaheim, CA",26950,17756,26368,17463,2014
31080,"Los Angeles-Long Beach-Anaheim, CA",34034,24271,33471,24028,2015
31080,"Los Angeles-Long Beach-Anaheim, CA",32114,21213,31139,20652,2016
31080,"Los Angeles-Long Beach-Anaheim, CA",31084,18728,30356,18533,2017
31080,"Los Angeles-Long Beach-Anaheim, CA",29524,17432,28273,16865,2018
31080,"Los Angeles-Long Beach-Anaheim, CA",30554,19196,29812,18819,2019
31080,"Los Angeles-Long Beach-Anaheim, CA",26930,15521,25840,15149,2020
31080,"Los Angeles-Long Beach-Anaheim, CA",31151,18267,30067,17932,2021
31080,"Los Angeles-Long Beach-Anaheim, CA",32873,19634,31866,19178,2022
31080,"Los Angeles-Long Beach-Anaheim, CA",30767,16654,29147,16047,2023
31080,"Los Angeles-Long Beach-Anaheim, CA",26781,13269,24506,12283,2024
31080,"Los Angeles-Long Beach-Anaheim, CA",27242,12525,24815,11149,2025
31140,"Louisville/Jefferson County, KY-IN",5147,953,5068,948,1990
31140,"Louisville/Jefferson County, KY-IN",5101,751,5047,751,1991
31140,"Louisville/Jefferson County, KY-IN",6326,684,6296,684,1992
31140,"Louisville/Jefferson County, KY-IN",6525,564,6502,564,1993
31140,"Louisville/Jefferson County, KY-IN",7144,1135,7127,1135,1994
31140,"Louisville/Jefferson County, KY-IN",6363,756,6325,756,1995
31140,"Louisville/Jefferson County, KY-IN",7407,1215,7399,1215,1996
31140,"Louisville/Jefferson County, KY-IN",6830,767,6321,701,1997
31140,"Louisville/Jefferson County, KY-IN",8838,1486,8505,1457,1998
31140,"Louisville/Jefferson County, KY-IN",8943,1718,8214,1670,1999
31140,"Louisville/Jefferson County, KY-IN",7942,1309,7187,1274,2000
31140,"Louisville/Jefferson County, KY-IN",7895,1031,7140,997,2001
31140,"Louisville/Jefferson County, KY-IN",7847,1191,7847,1191,2002
31140,"Louisville/Jefferson County, KY-IN",8632,1212,8632,1212,2003
31140,"Louisville/Jefferson County, KY-IN",8689,879,8686,879,2004
31140,"Louisville/Jefferson County, KY-IN",7134,501,4884,145,2005
31140,"Louisville/Jefferson County, KY-IN",5665,747,4645,468,2006
31140,"Louisville/Jefferson County, KY-IN",6062,1463,6005,1463,2007
31140,"Louisville/Jefferson County, KY-IN",3691,1058,3622,1058,2008
31140,"Louisville/Jefferson County, KY-IN",2410,165,2341,165,2009
31140,"Louisville/Jefferson County, KY-IN",2525,460,2469,460,2010
31140,"Louisville/Jefferson County, KY-IN",2397,591,2314,576,2011
31140,"Louisville/Jefferson County, KY-IN",3671,1214,3439,1214,2012
31140,"Louisville/Jefferson County, KY-IN",4017,1387,3705,1382,2013
31140,"Louisville/Jefferson County, KY-IN",4263,1531,4167,1531,2014
31140,"Louisville/Jefferson County, KY-IN",4159,1103,3860,957,2015
31140,"Louisville/Jefferson County, KY-IN",5367,1982,5282,1982,2016
31140,"Louisville/Jefferson County, KY-IN",6031,2265,5911,2265,2017
31140,"Louisville/Jefferson County, KY-IN",5767,2369,5598,2369,2018
31140,"Louisville/Jefferson County, KY-IN",6169,2574,6085,2574,2019
31140,"Louisville/Jefferson County, KY-IN",4963,800,4840,800,2020
31140,"Louisville/Jefferson County, KY-IN",5934,1302,5877,1302,2021
31140,"Louisville/Jefferson County, KY-IN",5820,1975,5768,1975,2022
31140,"Louisville/Jefferson County, KY-IN",7129,3696,6803,3581,2023
31140,"Louisville/Jefferson County, KY-IN",5796,1894,5672,1889,2024
31140,"Louisville/Jefferson County, KY-IN",6103,2436,5976,2431,2025
31180,"Lubbock, TX",466,27,466,27,1990
31180,"Lubbock, TX",512,0,506,0,1991
31180,"Lubbock, TX",653,0,653,0,1992
31180,"Lubbock, TX",799,0,799,0,1993
31180,"Lubbock, TX",861,0,853,0,1994
31180,"Lubbock, TX",809,96,791,96,1995
31180,"Lubbock, TX",1162,288,1162,288,1996
31180,"Lubbock, TX",1299,295,1037,230,1997
31180,"Lubbock, TX",913,120,913,120,1998
31180,"Lubbock, TX",1063,174,1063,174,1999
31180,"Lubbock, TX",948,20,823,5,2000
31180,"Lubbock, TX",1757,393,1757,393,2001
31180,"Lubbock, TX",1890,366,1890,366,2002
31180,"Lubbock, TX",2970,1069,2970,1069,2003
31180,"Lubbock, TX",3792,1938,3792,1938,2004
31180,"Lubbock, TX",1804,160,1803,160,2005
31180,"Lubbock, TX",1553,218,1553,218,2006
31180,"Lubbock, TX",1305,328,1305,328,2007
31180,"Lubbock, TX",1541,491,1541,491,2008
31180,"Lubbock, TX",1040,226,962,214,2009
31180,"Lubbock, TX",1461,545,1461,545,2010
31180,"Lubbock, TX",1518,801,1439,779,2011
31180,"Lubbock, TX",1480,655,1467,655,2012
31180,"Lubbock, TX",2061,987,1716,818,2013
31180,"Lubbock, TX",2152,1101,1262,614,2014
31180,"Lubbock, TX",1860,826,1846,826,2015
31180,"Lubbock, TX",2659,1227,2642,1227,2016
31180,"Lubbock, TX",2395,766,2214,700,2017
31180,"Lubbock, TX",1499,69,1490,69,2018
31180,"Lubbock, TX",2265,589,2255,589,2019
31180,"Lubbock, TX",3871,1576,3846,1561,2020
31180,"Lubbock, TX",3464,241,3441,241,2021
31180,"Lubbock, TX",3290,680,3279,680,2022
31180,"Lubbock, TX",2524,536,2507,536,2023
31180,"Lubbock, TX",2223,252,2210,252,2024
31180,"Lubbock, TX",2869,789,2862,789,2025
31340,"Lynchburg, VA",869,21,468,21,1990
31340,"Lynchburg, VA",863,40,776,40,1991
31340,"Lynchburg, VA",1034,6,1034,6,1992
31340,"Lynchburg, VA",1169,30,1099,30,1993
31340,"Lynchburg, VA",1111,42,983,42,1994
31340,"Lynchburg, VA",1157,60,1043,60,1995
31340,"Lynchburg, VA",1205,0,1205,0,1996
31340,"Lynchburg, VA",1183,16,1036,16,1997
31340,"Lynchburg, VA",1209,71,1209,71,1998
31340,"Lynchburg, VA",1195,36,1195,36,1999
31340,"Lynchburg, VA",1190,198,1190,198,2000
31340,"Lynchburg, VA",1225,72,1225,72,2001
31340,"Lynchburg, VA",1435,173,1435,173,2002
31340,"Lynchburg, VA",1402,0,1402,0,2003
31340,"Lynchburg, VA",1450,12,1450,12,2004
31340,"Lynchburg, VA",1836,41,1836,41,2005
31340,"Lynchburg, VA",1820,0,1688,0,2006
31340,"Lynchburg, VA",1706,276,1706,276,2007
31340,"Lynchburg, VA",895,0,895,0,2008
31340,"Lynchburg, VA",672,24,672,24,2009
31340,"Lynchburg, VA",699,96,699,96,2010
31340,"Lynchburg, VA",528,104,528,104,2011
31340,"Lynchburg, VA",893,333,893,333,2012
31340,"Lynchburg, VA",989,298,989,298,2013
31340,"Lynchburg, VA",921,338,921,338,2014
31340,"Lynchburg, VA",797,201,797,201,2015
31340,"Lynchburg, VA",663,99,663,99,2016
31340,"Lynchburg, VA",770,263,724,263,2017
31340,"Lynchburg, VA",430,143,419,143,2018
31340,"Lynchburg, VA",582,303,508,290,2019
31340,"Lynchburg, VA",920,317,916,317,2020
31340,"Lynchburg, VA",692,138,551,40,2021
31340,"Lynchburg, VA",805,286,637,158,2022
31340,"Lynchburg, VA",1092,108,1092,108,2023
31340,"Lynchburg, VA",1404,399,1404,399,2024
31340,"Lynchburg, VA",1115,122,1115,122,2025
31420,"Macon-Bibb County, GA",947,200,944,200,1990
31420,"Macon-Bibb County, GA",732,192,730,192,1991
31420,"Macon-Bibb County, GA",986,152,983,152,1992
31420,"Macon-Bibb County, GA",1111,96,1108,96,1993
31420,"Macon-Bibb County, GA",1173,219,1042,188,1994
31420,"Macon-Bibb County, GA",1502,323,1088,220,1995
31420,"Macon-Bibb County, GA",1593,386,1367,386,1996
31420,"Macon-Bibb County, GA",1116,173,1116,173,1997
31420,"Macon-Bibb County, GA",973,96,968,96,1998
31420,"Macon-Bibb County, GA",1265,41,1016,32,1999
31420,"Macon-Bibb County, GA",1298,281,1298,281,2000
31420,"Macon-Bibb County, GA",1086,140,951,140,2001
31420,"Macon-Bibb County, GA",1040,46,874,46,2002
31420,"Macon-Bibb County, GA",1871,596,1871,596,2003
31420,"Macon-Bibb County, GA",1555,84,1517,84,2004
31420,"Macon-Bibb County, GA",1259,0,1132,0,2005
31420,"Macon-Bibb County, GA",1577,0,1207,0,2006
31420,"Macon-Bibb County, GA",1613,347,1372,347,2007
31420,"Macon-Bibb County, GA",894,304,832,304,2008
31420,"Macon-Bibb County, GA",304,0,302,0,2009
31420,"Macon-Bibb County, GA",368,0,366,0,2010
31420,"Macon-Bibb County, GA",396,220,396,220,2011
31420,"Macon-Bibb County, GA",505,318,505,318,2012
31420,"Macon-Bibb County, GA",448,251,436,251,2013
31420,"Macon-Bibb County, GA",218,0,210,0,2014
31420,"Macon-Bibb County, GA",317,0,316,0,2015
31420,"Macon-Bibb County, GA",236,0,235,0,2016
31420,"Macon-Bibb County, GA",320,0,285,0,2017
31420,"Macon-Bibb County, GA",397,6,278,6,2018
31420,"Macon-Bibb County, GA",420,0,419,0,2019
31420,"Macon-Bibb County, GA",522,14,288,14,2020
31420,"Macon-Bibb County, GA",563,0,146,0,2021
31420,"Macon-Bibb County, GA",622,0,458,0,2022
31420,"Macon-Bibb County, GA",567,20,157,20,2023
31420,"Macon-Bibb County, GA",591,6,156,6,2024
31420,"Macon-Bibb County, GA",511,0,110,0,2025
31540,"Madison, WI",3194,919,3160,919,1990
31540,"Madison, WI",3333,968,3227,963,1991
31540,"Madison, WI",4024,904,4007,904,1992
31540,"Madison, WI",4579,1104,4509,1104,1993
31540,"Madison, WI",4617,1475,4415,1475,1994
31540,"Madison, WI",4195,1557,4107,1544,1995
31540,"Madison, WI",3815,872,3730,863,1996
31540,"Madison, WI",3716,1027,3655,1027,1997
31540,"Madison, WI",4317,1384,3945,1290,1998
31540,"Madison, WI",4472,1266,4067,1178,1999
31540,"Madison, WI",4776,1435,4258,1312,2000
31540,"Madison, WI",5696,2119,5171,1922,2001
31540,"Madison, WI",5201,1483,4730,1276,2002
31540,"Madison, WI",6430,2293,6430,2293,2003
31540,"Madison, WI",5576,1452,4746,1263,2004
31540,"Madison, WI",5391,1772,4617,1588,2005
31540,"Madison, WI",3909,1483,3665,1365,2006
31540,"Madison, WI",2747,916,2613,853,2007
31540,"Madison, WI",1968,952,1859,906,2008
31540,"Madison, WI",1474,606,1416,581,2009
31540,"Madison, WI",1252,347,788,37,2010
31540,"Madison, WI",1460,673,781,218,2011
31540,"Madison, WI",2472,1514,2316,1436,2012
31540,"Madison, WI",3007,1662,2053,845,2013
31540,"Madison, WI",3805,2469,2143,1117,2014
31540,"Madison, WI",3498,1952,3135,1654,2015
31540,"Madison, WI",4953,3130,4217,2606,2016
31540,"Madison, WI",4632,2838,3993,2389,2017
31540,"Madison, WI",3652,1845,3213,1503,2018
31540,"Madison, WI",3343,1669,3343,1669,2019
31540,"Madison, WI",5268,3360,5146,3332,2020
31540,"Madison, WI",7194,5235,7194,5235,2021
31540,"Madison, WI",5579,3836,5578,3836,2022
31540,"Madison, WI",5361,3528,5331,3517,2023
31540,"Madison, WI",5838,3962,5323,3637,2024
31540,"Madison, WI",6947,5008,6424,4673,2025
31700,"Manchester-Nashua, NH",1202,261,1134,261,1990
31700,"Manchester-Nashua, NH",1087,0,1034,0,1991
31700,"Manchester-Nashua, NH",1143,0,1140,0,1992
31700,"Manchester-Nashua, NH",1208,0,1127,0,1993
31700,"Manchester-Nashua, NH",1427,49,1376,49,1994
31700,"Manchester-Nashua, NH",1330,126,1261,126,1995
31700,"Manchester-Nashua, NH",1708,395,1464,315,1996
31700,"Manchester-Nashua, NH",1752,378,1620,368,1997
31700,"Manchester-Nashua, NH",1674,63,1073,0,1998
31700,"Manchester-Nashua, NH",1798,193,1418,136,1999
31700,"Manchester-Nashua, NH",1843,220,1648,190,2000
31700,"Manchester-Nashua, NH",1878,354,1589,314,2001
31700,"Manchester-Nashua, NH",2426,706,2063,651,2002
31700,"Manchester-Nashua, NH",2051,384,2051,384,2003
31700,"Manchester-Nashua, NH",2160,461,1935,423,2004
31700,"Manchester-Nashua, NH",1862,274,1595,183,2005
31700,"Manchester-Nashua, NH",1346,186,1230,178,2006
31700,"Manchester-Nashua, NH",971,208,845,151,2007
31700,"Manchester-Nashua, NH",690,259,658,244,2008
31700,"Manchester-Nashua, NH",513,96,459,75,2009
31700,"Manchester-Nashua, NH",682,175,513,120,2010
31700,"Manchester-Nashua, NH",702,344,699,344,2011
31700,"Manchester-Nashua, NH",620,222,617,222,2012
31700,"Manchester-Nashua, NH",567,66,548,66,2013
31700,"Manchester-Nashua, NH",968,480,931,480,2014
31700,"Manchester-Nashua, NH",921,340,885,340,2015
31700,"Manchester-Nashua, NH",1097,358,1032,358,2016
31700,"Manchester-Nashua, NH",1033,264,808,191,2017
31700,"Manchester-Nashua, NH",1406,613,962,413,2018
31700,"Manchester-Nashua, NH",1252,486,1150,486,2019
31700,"Manchester-Nashua, NH",868,141,660,141,2020
31700,"Manchester-Nashua, NH",1342,569,1241,569,2021
31700,"Manchester-Nashua, NH",844,174,784,174,2022
31700,"Manchester-Nashua, NH",1382,786,1217,786,2023
31700,"Manchester-Nashua, NH",872,349,725,344,2024
31700,"Manchester-Nashua, NH",632,188,315,0,2025
31740,"Manhattan, KS",394,160,394,160,1990
31740,"Manhattan, KS",269,0,269,0,1991
31740,"Manhattan, KS",358,24,358,24,1992
31740,"Manhattan, KS",629,292,629,292,1993
31740,"Manhattan, KS",371,16,371,16,1994
31740,"Manhattan, KS",313,16,313,16,1995
31740,"Manhattan, KS",602,285,602,285,1996
31740,"Manhattan, KS",325,108,324,108,1997
31740,"Manhattan, KS",338,72,337,72,1998
31740,"Manhattan, KS",295,0,294,0,1999
31740,"Manhattan, KS",307,22,302,22,2000
31740,"Manhattan, KS",355,16,339,16,2001
31740,"Manhattan, KS",394,43,389,43,2002
31740,"Manhattan, KS",763,385,763,385,2003
31740,"Manhattan, KS",645,193,633,193,2004
31740,"Manhattan, KS",734,108,663,108,2005
31740,"Manhattan, KS",2808,755,2808,755,2006
31740,"Manhattan, KS",1634,588,1634,588,2007
31740,"Manhattan, KS",1031,376,1031,376,2008
31740,"Manhattan, KS",1001,446,1001,446,2009
31740,"Manhattan, KS",830,340,829,340,2010
31740,"Manhattan, KS",767,304,766,304,2011
31740,"Manhattan, KS",675,222,663,215,2012
31740,"Manhattan, KS",567,61,424,61,2013
31740,"Manhattan, KS",655,79,494,79,2014
31740,"Manhattan, KS",528,146,521,146,2015
31740,"Manhattan, KS",979,657,977,657,2016
31740,"Manhattan, KS",393,71,387,71,2017
31740,"Manhattan, KS",253,0,250,0,2018
31740,"Manhattan, KS",336,67,333,67,2019
31740,"Manhattan, KS",405,122,385,122,2020
31740,"Manhattan, KS",278,0,257,0,2021
31740,"Manhattan, KS",301,49,173,49,2022
31740,"Manhattan, KS",257,32,226,32,2023
31740,"Manhattan, KS",336,35,202,35,2024
31740,"Manhattan, KS",495,191,458,191,2025
31860,"Mankato, MN",406,207,404,207,1990
31860,"Mankato, MN",299,96,296,96,1991
31860,"Mankato, MN",347,56,344,56,1992
31860,"Mankato, MN",401,141,391,141,1993
31860,"Mankato, MN",247,0,235,0,1994
31860,"Mankato, MN",322,42,315,42,1995
31860,"Mankato, MN",366,20,358,20,1996
31860,"Mankato, MN",283,26,270,26,1997
31860,"Mankato, MN",341,52,305,52,1998
31860,"Mankato, MN",593,168,593,168,1999
31860,"Mankato, MN",470,53,470,53,2000
31860,"Mankato, MN",608,72,608,72,2001
31860,"Mankato, MN",1003,456,1001,456,2002
31860,"Mankato, MN",1179,281,1179,281,2003
31860,"Mankato, MN",716,61,714,61,2004
31860,"Mankato, MN",708,68,706,68,2005
31860,"Mankato, MN",606,136,604,136,2006
31860,"Mankato, MN",389,0,384,0,2007
31860,"Mankato, MN",245,12,244,12,2008
31860,"Mankato, MN",263,12,262,12,2009
31860,"Mankato, MN",331,121,330,121,2010
31860,"Mankato, MN",281,68,280,68,2011
31860,"Mankato, MN",529,295,528,295,2012
31860,"Mankato, MN",506,173,495,173,2013
31860,"Mankato, MN",430,180,382,175,2014
31860,"Mankato, MN",808,421,792,421,2015
31860,"Mankato, MN",404,151,404,151,2016
31860,"Mankato, MN",516,162,512,162,2017
31860,"Mankato, MN",487,200,487,200,2018
31860,"Mankato, MN",237,45,235,45,2019
31860,"Mankato, MN",450,162,449,162,2020
31860,"Mankato, MN",480,187,479,187,2021
31860,"Mankato, MN",609,367,608,367,2022
31860,"Mankato, MN",561,403,540,403,2023
31860,"Mankato, MN",377,179,354,179,2024
31860,"Mankato, MN",356,78,356,78,2025
31900,"Mansfield, OH",299,58,299,58,1990
31900,"Mansfield, OH",265,26,265,26,1991
31900,"Mansfield, OH",286,9,286,9,1992
31900,"Mansfield, OH",312,17,312,17,1993
31900,"Mansfield, OH",375,6,375,6,1994
31900,"Mansfield, OH",389,23,389,23,1995
31900,"Mansfield, OH",375,5,375,5,1996
31900,"Mansfield, OH",581,78,581,78,1997
31900,"Mansfield, OH",602,108,568,108,1998
31900,"Mansfield, OH",504,147,504,147,1999
31900,"Mansfield, OH",538,103,485,62,2000
31900,"Mansfield, OH",490,69,481,62,2001
31900,"Mansfield, OH",446,0,446,0,2002
31900,"Mansfield, OH",490,60,490,60,2003
31900,"Mansfield, OH",446,6,446,6,2004
31900,"Mansfield, OH",430,69,430,69,2005
31900,"Mansfield, OH",231,0,231,0,2006
31900,"Mansfield, OH",202,0,202,0,2007
31900,"Mansfield, OH",110,0,110,0,2008
31900,"Mansfield, OH",73,22,73,22,2009
31900,"Mansfield, OH",45,0,45,0,2010
31900,"Mansfield, OH",42,0,42,0,2011
31900,"Mansfield, OH",53,0,53,0,2012
31900,"Mansfield, OH",70,0,70,0,2013
31900,"Mansfield, OH",61,0,61,0,2014
31900,"Mansfield, OH",62,0,62,0,2015
31900,"Mansfield, OH",69,8,15,8,2016
31900,"Mansfield, OH",77,0,18,0,2017
31900,"Mansfield, OH",80,0,22,0,2018
31900,"Mansfield, OH",61,0,0,0,2019
31900,"Mansfield, OH",205,39,205,39,2020
31900,"Mansfield, OH",115,0,115,0,2021
31900,"Mansfield, OH",247,63,247,63,2022
31900,"Mansfield, OH",132,0,89,0,2023
31900,"Mansfield, OH",143,0,104,0,2024
31900,"Mansfield, OH",114,0,99,0,2025
32580,"McAllen-Edinburg-Mission, TX",1402,82,1274,42,1990
32580,"McAllen-Edinburg-Mission, TX",3578,81,3179,31,1991
32580,"McAllen-Edinburg-Mission, TX",3588,202,3449,173,1992
32580,"McAllen-Edinburg-Mission, TX",6187,311,1607,146,1993
32580,"McAllen-Edinburg-Mission, TX",4640,392,2263,161,1994
32580,"McAllen-Edinburg-Mission, TX",4510,403,1494,84,1995
32580,"McAllen-Edinburg-Mission, TX",5339,449,2097,119,1996
32580,"McAllen-Edinburg-Mission, TX",5276,471,1554,41,1997
32580,"McAllen-Edinburg-Mission, TX",6216,415,2982,138,1998
32580,"McAllen-Edinburg-Mission, TX",5700,203,4658,109,1999
32580,"McAllen-Edinburg-Mission, TX",5659,247,3854,106,2000
32580,"McAllen-Edinburg-Mission, TX",6905,848,4394,764,2001
32580,"McAllen-Edinburg-Mission, TX",7477,375,6891,335,2002
32580,"McAllen-Edinburg-Mission, TX",8060,950,8060,950,2003
32580,"McAllen-Edinburg-Mission, TX",9314,1094,6530,590,2004
32580,"McAllen-Edinburg-Mission, TX",8889,958,8740,953,2005
32580,"McAllen-Edinburg-Mission, TX",8046,552,7550,532,2006
32580,"McAllen-Edinburg-Mission, TX",6458,732,6196,707,2007
32580,"McAllen-Edinburg-Mission, TX",3694,138,3409,133,2008
32580,"McAllen-Edinburg-Mission, TX",3156,178,3042,178,2009
32580,"McAllen-Edinburg-Mission, TX",3552,297,3364,297,2010
32580,"McAllen-Edinburg-Mission, TX",3105,25,2937,20,2011
32580,"McAllen-Edinburg-Mission, TX",3492,254,3317,254,2012
32580,"McAllen-Edinburg-Mission, TX",3294,173,3265,173,2013
32580,"McAllen-Edinburg-Mission, TX",3473,210,3395,210,2014
32580,"McAllen-Edinburg-Mission, TX",4306,992,4207,992,2015
32580,"McAllen-Edinburg-Mission, TX",4568,1055,4290,1047,2016
32580,"McAllen-Edinburg-Mission, TX",4297,753,4130,753,2017
32580,"McAllen-Edinburg-Mission, TX",4642,729,4174,653,2018
32580,"McAllen-Edinburg-Mission, TX",5370,913,5153,913,2019
32580,"McAllen-Edinburg-Mission, TX",4894,472,4490,460,2020
32580,"McAllen-Edinburg-Mission, TX",6055,219,5812,219,2021
32580,"McAllen-Edinburg-Mission, TX",5951,523,5835,523,2022
32580,"McAllen-Edinburg-Mission, TX",6899,627,6542,609,2023
32580,"McAllen-Edinburg-Mission, TX",7292,653,6532,653,2024
32580,"McAllen-Edinburg-Mission, TX",7301,570,6891,560,2025
32780,"Medford, OR",1511,500,1511,500,1990
32780,"Medford, OR",1161,175,1161,175,1991
32780,"Medford, OR",999,25,976,20,1992
32780,"Medford, OR",1411,140,1393,135,1993
32780,"Medford, OR",1878,266,1863,266,1994
32780,"Medford, OR",1301,124,1297,124,1995
32780,"Medford, OR",1276,112,1273,112,1996
32780,"Medford, OR",1171,87,1122,87,1997
32780,"Medford, OR",1353,56,1307,56,1998
32780,"Medford, OR",1757,339,1724,339,1999
32780,"Medford, OR",1351,127,1351,127,2000
32780,"Medford, OR",1602,214,1364,155,2001
32780,"Medford, OR",1548,24,1548,24,2002
32780,"Medford, OR",2138,175,2138,175,2003
32780,"Medford, OR",2099,56,1911,31,2004
32780,"Medford, OR",2036,242,1853,222,2005
32780,"Medford, OR",1333,135,1219,120,2006
32780,"Medford, OR",1138,55,1074,50,2007
32780,"Medford, OR",449,59,449,59,2008
32780,"Medford, OR",321,0,321,0,2009
32780,"Medford, OR",373,66,362,66,2010
32780,"Medford, OR",362,96,346,96,2011
32780,"Medford, OR",549,167,549,167,2012
32780,"Medford, OR",644,87,640,87,2013
32780,"Medford, OR",747,132,744,132,2014
32780,"Medford, OR",717,82,717,82,2015
32780,"Medford, OR",912,158,912,158,2016
32780,"Medford, OR",805,47,805,47,2017
32780,"Medford, OR",933,238,833,238,2018
32780,"Medford, OR",921,215,900,215,2019
32780,"Medford, OR",886,175,796,175,2020
32780,"Medford, OR",1142,299,1047,234,2021
32780,"Medford, OR",1080,261,1074,261,2022
32780,"Medford, OR",1384,668,1282,623,2023
32780,"Medford, OR",896,212,885,207,2024
32780,"Medford, OR",944,310,927,293,2025
32820,"Memphis, TN-MS-AR",6307,1203,6263,1198,1990
32820,"Memphis, TN-MS-AR",5877,434,5860,429,1991
32820,"Memphis, TN-MS-AR",7241,299,7225,299,1992
32820,"Memphis, TN-MS-AR",7960,352,7685,352,1993
32820,"Memphis, TN-MS-AR",7668,565,7513,565,1994
32820,"Memphis, TN-MS-AR",9465,1465,9033,1465,1995
32820,"Memphis, TN-MS-AR",10150,3685,9223,3487,1996
32820,"Memphis, TN-MS-AR",8264,1536,7614,1477,1997
32820,"Memphis, TN-MS-AR",8878,939,8703,939,1998
32820,"Memphis, TN-MS-AR",11052,2714,10831,2714,1999
32820,"Memphis, TN-MS-AR",10739,4176,10322,3979,2000
32820,"Memphis, TN-MS-AR",8060,1294,7775,1294,2001
32820,"Memphis, TN-MS-AR",9085,1502,8936,1502,2002
32820,"Memphis, TN-MS-AR",9606,1006,9606,1006,2003
32820,"Memphis, TN-MS-AR",10131,1138,9667,1138,2004
32820,"Memphis, TN-MS-AR",10794,1058,10454,1058,2005
32820,"Memphis, TN-MS-AR",10251,1425,9983,1425,2006
32820,"Memphis, TN-MS-AR",8078,2325,7764,2325,2007
32820,"Memphis, TN-MS-AR",3106,645,2744,645,2008
32820,"Memphis, TN-MS-AR",2034,464,1808,464,2009
32820,"Memphis, TN-MS-AR",2429,649,2240,649,2010
32820,"Memphis, TN-MS-AR",2210,551,2030,551,2011
32820,"Memphis, TN-MS-AR",3507,924,3216,924,2012
32820,"Memphis, TN-MS-AR",3652,1023,3351,1023,2013
32820,"Memphis, TN-MS-AR",3154,607,2909,607,2014
32820,"Memphis, TN-MS-AR",3951,1370,3816,1370,2015
32820,"Memphis, TN-MS-AR",4354,1316,3956,1316,2016
32820,"Memphis, TN-MS-AR",3860,577,3690,577,2017
32820,"Memphis, TN-MS-AR",4492,1305,4304,1300,2018
32820,"Memphis, TN-MS-AR",3674,343,3527,343,2019
32820,"Memphis, TN-MS-AR",4797,872,4390,849,2020
32820,"Memphis, TN-MS-AR",5205,895,4971,895,2021
32820,"Memphis, TN-MS-AR",4301,814,3963,814,2022
32820,"Memphis, TN-MS-AR",4058,980,3857,980,2023
32820,"Memphis, TN-MS-AR",4240,1443,4022,1443,2024
32820,"Memphis, TN-MS-AR",3298,195,3123,195,2025
32900,"Merced, CA",1178,92,1178,92,1990
32900,"Merced, CA",989,118,989,118,1991
32900,"Merced, CA",1455,41,1455,41,1992
32900,"Merced, CA",1118,0,1087,0,1993
32900,"Merced, CA",1066,6,1066,6,1994
32900,"Merced, CA",782,0,753,0,1995
32900,"Merced, CA",875,32,875,32,1996
32900,"Merced, CA",1081,180,1081,180,1997
32900,"Merced, CA",994,15,953,0,1998
32900,"Merced, CA",1001,0,949,0,1999
32900,"Merced, CA",1380,0,1318,0,2000
32900,"Merced, CA",1092,0,1039,0,2001
32900,"Merced, CA",1753,0,1748,0,2002
32900,"Merced, CA",2742,270,2742,270,2003
32900,"Merced, CA",2598,42,2575,42,2004
32900,"Merced, CA",3665,168,3503,168,2005
32900,"Merced, CA",2216,29,2079,29,2006
32900,"Merced, CA",794,0,794,0,2007
32900,"Merced, CA",349,105,349,105,2008
32900,"Merced, CA",99,5,82,0,2009
32900,"Merced, CA",106,0,96,0,2010
32900,"Merced, CA",157,70,154,70,2011
32900,"Merced, CA",137,54,137,54,2012
32900,"Merced, CA",154,55,148,49,2013
32900,"Merced, CA",169,0,165,0,2014
32900,"Merced, CA",232,0,130,0,2015
32900,"Merced, CA",720,109,647,109,2016
32900,"Merced, CA",550,0,470,0,2017
32900,"Merced, CA",630,0,266,0,2018
32900,"Merced, CA",948,0,945,0,2019
32900,"Merced, CA",1019,21,899,21,2020
32900,"Merced, CA",1017,0,903,0,2021
32900,"Merced, CA",730,352,677,352,2022
32900,"Merced, CA",406,0,287,0,2023
32900,"Merced, CA",520,0,429,0,2024
32900,"Merced, CA",780,80,728,80,2025
33100,"Miami-Fort Lauderdale-West Palm Beach, FL",20610,8928,20610,8928,1990
33100,"Miami-Fort Lauderdale-West Palm Beach, FL",14031,3630,14031,3630,1991
33100,"Miami-Fort Lauderdale-West Palm Beach, FL",17035,3471,17006,3471,1992
33100,"Miami-Fort Lauderdale-West Palm Beach, FL",21871,4360,21809,4350,1993
33100,"Miami-Fort Lauderdale-West Palm Beach, FL",27371,7585,27366,7585,1994
33100,"Miami-Fort Lauderdale-West Palm Beach, FL",23155,7054,23141,7054,1995
33100,"Miami-Fort Lauderdale-West Palm Beach, FL",24390,5932,24383,5932,1996
33100,"Miami-Fort Lauderdale-West Palm Beach, FL",21965,7621,21883,7567,1997
33100,"Miami-Fort Lauderdale-West Palm Beach, FL",22218,6494,22084,6395,1998
33100,"Miami-Fort Lauderdale-West Palm Beach, FL",36088,13179,35931,13142,1999
33100,"Miami-Fort Lauderdale-West Palm Beach, FL",34949,11756,34918,11756,2000
33100,"Miami-Fort Lauderdale-West Palm Beach, FL",35532,11699,35447,11657,2001
33100,"Miami-Fort Lauderdale-West Palm Beach, FL",39594,17325,38855,17064,2002
33100,"Miami-Fort Lauderdale-West Palm Beach, FL",39595,14887,39595,14887,2003
33100,"Miami-Fort Lauderdale-West Palm Beach, FL",46084,20527,45829,20414,2004
33100,"Miami-Fort Lauderdale-West Palm Beach, FL",45562,22213,44039,21752,2005
33100,"Miami-Fort Lauderdale-West Palm Beach, FL",35110,19366,33219,18633,2006
33100,"Miami-Fort Lauderdale-West Palm Beach, FL",15145,7455,13568,6820,2007
33100,"Miami-Fort Lauderdale-West Palm Beach, FL",7821,4196,6807,3691,2008
33100,"Miami-Fort Lauderdale-West Palm Beach, FL",3875,1368,3574,1318,2009
33100,"Miami-Fort Lauderdale-West Palm Beach, FL",5877,2520,5584,2470,2010
33100,"Miami-Fort Lauderdale-West Palm Beach, FL",7532,3101,7330,3031,2011
33100,"Miami-Fort Lauderdale-West Palm Beach, FL",13261,8032,13065,8032,2012
33100,"Miami-Fort Lauderdale-West Palm Beach, FL",19921,13364,19439,12999,2013
33100,"Miami-Fort Lauderdale-West Palm Beach, FL",15259,9272,14339,8551,2014
33100,"Miami-Fort Lauderdale-West Palm Beach, FL",23450,16059,22479,15437,2015
33100,"Miami-Fort Lauderdale-West Palm Beach, FL",18742,11734,17854,11306,2016
33100,"Miami-Fort Lauderdale-West Palm Beach, FL",19723,12797,18681,12243,2017
33100,"Miami-Fort Lauderdale-West Palm Beach, FL",19553,11903,18686,11645,2018
33100,"Miami-Fort Lauderdale-West Palm Beach, FL",20688,12964,20116,12757,2019
33100,"Miami-Fort Lauderdale-West Palm Beach, FL",21758,13247,20453,12840,2020
33100,"Miami-Fort Lauderdale-West Palm Beach, FL",25313,16549,23981,16050,2021
33100,"Miami-Fort Lauderdale-West Palm Beach, FL",19721,12327,18464,11648,2022
33100,"Miami-Fort Lauderdale-West Palm Beach, FL",21320,15227,20348,14777,2023
33100,"Miami-Fort Lauderdale-West Palm Beach, FL",16352,10005,15321,9554,2024
33100,"Miami-Fort Lauderdale-West Palm Beach, FL",23453,16699,22187,16006,2025
33140,"Michigan City-La Porte, IN",344,40,341,40,1990
33140,"Michigan City-La Porte, IN",397,29,388,29,1991
33140,"Michigan City-La Porte, IN",407,9,407,9,1992
33140,"Michigan City-La Porte, IN",464,30,455,30,1993
33140,"Michigan City-La Porte, IN",563,80,563,80,1994
33140,"Michigan City-La Porte, IN",595,103,595,103,1995
33140,"Michigan City-La Porte, IN",537,6,537,6,1996
33140,"Michigan City-La Porte, IN",451,13,448,13,1997
33140,"Michigan City-La Porte, IN",514,0,480,0,1998
33140,"Michigan City-La Porte, IN",544,6,535,6,1999
33140,"Michigan City-La Porte, IN",440,0,421,0,2000
33140,"Michigan City-La Porte, IN",442,0,401,0,2001
33140,"Michigan City-La Porte, IN",413,0,373,0,2002
33140,"Michigan City-La Porte, IN",417,0,417,0,2003
33140,"Michigan City-La Porte, IN",512,80,416,80,2004
33140,"Michigan City-La Porte, IN",577,126,488,126,2005
33140,"Michigan City-La Porte, IN",382,0,316,0,2006
33140,"Michigan City-La Porte, IN",330,20,279,20,2007
33140,"Michigan City-La Porte, IN",180,0,148,0,2008
33140,"Michigan City-La Porte, IN",138,24,138,24,2009
33140,"Michigan City-La Porte, IN",228,72,211,72,2010
33140,"Michigan City-La Porte, IN",143,24,128,24,2011
33140,"Michigan City-La Porte, IN",306,184,291,184,2012
33140,"Michigan City-La Porte, IN",113,0,96,0,2013
33140,"Michigan City-La Porte, IN",125,24,108,24,2014
33140,"Michigan City-La Porte, IN",159,50,158,50,2015
33140,"Michigan City-La Porte, IN",108,0,99,0,2016
33140,"Michigan City-La Porte, IN",157,6,155,6,2017
33140,"Michigan City-La Porte, IN",140,0,138,0,2018
33140,"Michigan City-La Porte, IN",115,0,111,0,2019
33140,"Michigan City-La Porte, IN",120,0,109,0,2020
33140,"Michigan City-La Porte, IN",138,0,130,0,2021
33140,"Michigan City-La Porte, IN",322,195,294,195,2022
33140,"Michigan City-La Porte, IN",233,72,127,0,2023
33140,"Michigan City-La Porte, IN",296,75,180,0,2024
33140,"Michigan City-La Porte, IN",291,87,165,0,2025
33220,"Midland, MI",457,62,317,62,1990
33220,"Midland, MI",473,50,307,50,1991
33220,"Midland, MI",395,16,375,16,1992
33220,"Midland, MI",502,91,301,91,1993
33220,"Midland, MI",492,104,287,104,1994
33220,"Midland, MI",263,8,192,8,1995
33220,"Midland, MI",324,9,194,9,1996
33220,"Midland, MI",287,0,212,0,1997
33220,"Midland, MI",288,28,171,28,1998
33220,"Midland, MI",300,40,113,5,1999
33220,"Midland, MI",299,40,107,0,2000
33220,"Midland, MI",347,55,115,0,2001
33220,"Midland, MI",238,0,174,0,2002
33220,"Midland, MI",255,5,255,5,2003
33220,"Midland, MI",224,10,78,0,2004
33220,"Midland, MI",198,0,101,0,2005
33220,"Midland, MI",179,0,91,0,2006
33220,"Midland, MI",137,10,89,10,2007
33220,"Midland, MI",97,0,69,0,2008
33220,"Midland, MI",72,0,37,0,2009
33220,"Midland, MI",123,0,106,0,2010
33220,"Midland, MI",145,0,129,0,2011
33220,"Midland, MI",196,0,180,0,2012
33220,"Midland, MI",200,0,181,0,2013
33220,"Midland, MI",262,137,242,137,2014
33220,"Midland, MI",130,0,103,0,2015
33220,"Midland, MI",201,0,189,0,2016
33220,"Midland, MI",142,0,126,0,2017
33220,"Midland, MI",88,0,73,0,2018
33220,"Midland, MI",114,0,101,0,2019
33220,"Midland, MI",123,0,118,0,2020
33220,"Midland, MI",159,0,147,0,2021
33220,"Midland, MI",130,0,117,0,2022
33220,"Midland, MI",156,50,151,50,2023
33220,"Midland, MI",314,204,313,204,2024
33220,"Midland, MI",128,0,128,0,2025
33260,"Midland, TX",220,0,220,0,1990
33260,"Midland, TX",225,0,225,0,1991
33260,"Midland, TX",177,0,177,0,1992
33260,"Midland, TX",274,0,274,0,1993
33260,"Midland, TX",227,0,227,0,1994
33260,"Midland, TX",249,0,249,0,1995
33260,"Midland, TX",292,0,292,0,1996
33260,"Midland, TX",270,0,270,0,1997
33260,"Midland, TX",246,0,246,0,1998
33260,"Midland, TX",128,0,128,0,1999
33260,"Midland, TX",159,0,150,0,2000
33260,"Midland, TX",162,0,162,0,2001
33260,"Midland, TX",228,0,228,0,2002
33260,"Midland, TX",260,0,260,0,2003
33260,"Midland, TX",292,0,292,0,2004
33260,"Midland, TX",400,0,400,0,2005
33260,"Midland, TX",470,0,470,0,2006
33260,"Midland, TX",514,0,514,0,2007
33260,"Midland, TX",483,0,483,0,2008
33260,"Midland, TX",331,0,331,0,2009
33260,"Midland, TX",403,0,403,0,2010
33260,"Midland, TX",541,0,541,0,2011
33260,"Midland, TX",1013,410,1013,410,2012
33260,"Midland, TX",1825,1092,1825,1092,2013
33260,"Midland, TX",1556,636,1556,636,2014
33260,"Midland, TX",1030,264,1030,264,2015
33260,"Midland, TX",676,0,676,0,2016
33260,"Midland, TX",766,0,766,0,2017
33260,"Midland, TX",1227,0,1227,0,2018
33260,"Midland, TX",1306,0,1306,0,2019
33260,"Midland, TX",1292,0,1292,0,2020
33260,"Midland, TX",872,0,872,0,2021
33260,"Midland, TX",594,0,594,0,2022
33260,"Midland, TX",818,0,818,0,2023
33260,"Midland, TX",1509,0,1509,0,2024
33260,"Midland, TX",1322,0,1322,0,2025
33340,"Milwaukee-Waukesha, WI",8166,3832,8038,3832,1990
33340,"Milwaukee-Waukesha, WI",5988,1984,5963,1984,1991
33340,"Milwaukee-Waukesha, WI",7519,2469,7456,2462,1992
33340,"Milwaukee-Waukesha, WI",7201,2163,7014,2147,1993
33340,"Milwaukee-Waukesha, WI",6945,1963,6725,1867,1994
33340,"Milwaukee-Waukesha, WI",6176,2092,5953,1986,1995
33340,"Milwaukee-Waukesha, WI",6446,2207,6269,2162,1996
33340,"Milwaukee-Waukesha, WI",6429,2411,6396,2411,1997
33340,"Milwaukee-Waukesha, WI",7141,2664,7057,2646,1998
33340,"Milwaukee-Waukesha, WI",7173,2382,6964,2382,1999
33340,"Milwaukee-Waukesha, WI",5631,1512,5473,1507,2000
33340,"Milwaukee-Waukesha, WI",5879,1810,5761,1810,2001
33340,"Milwaukee-Waukesha, WI",5936,1908,5804,1887,2002
33340,"Milwaukee-Waukesha, WI",6467,2029,6467,2029,2003
33340,"Milwaukee-Waukesha, WI",5902,1595,5735,1570,2004
33340,"Milwaukee-Waukesha, WI",5444,1581,5252,1556,2005
33340,"Milwaukee-Waukesha, WI",4290,1328,4256,1323,2006
33340,"Milwaukee-Waukesha, WI",3266,981,3217,970,2007
33340,"Milwaukee-Waukesha, WI",2444,1101,2410,1096,2008
33340,"Milwaukee-Waukesha, WI",1443,478,1426,473,2009
33340,"Milwaukee-Waukesha, WI",1941,903,1923,903,2010
33340,"Milwaukee-Waukesha, WI",1593,594,1571,594,2011
33340,"Milwaukee-Waukesha, WI",1793,664,1721,664,2012
33340,"Milwaukee-Waukesha, WI",2000,604,1945,604,2013
33340,"Milwaukee-Waukesha, WI",2416,1018,2326,1018,2014
33340,"Milwaukee-Waukesha, WI",3048,1588,3021,1588,2015
33340,"Milwaukee-Waukesha, WI",4055,2328,3918,2242,2016
33340,"Milwaukee-Waukesha, WI",3693,1995,3516,1914,2017
33340,"Milwaukee-Waukesha, WI",3791,1906,3680,1853,2018
33340,"Milwaukee-Waukesha, WI",2440,706,2440,706,2019
33340,"Milwaukee-Waukesha, WI",2753,805,2665,795,2020
33340,"Milwaukee-Waukesha, WI",2981,787,2930,787,2021
33340,"Milwaukee-Waukesha, WI",3201,1249,3201,1249,2022
33340,"Milwaukee-Waukesha, WI",2864,1154,2832,1154,2023
33340,"Milwaukee-Waukesha, WI",4058,2016,3808,1784,2024
33340,"Milwaukee-Waukesha, WI",3105,1132,2717,805,2025
33460,"Minneapolis-St. Paul-Bloomington, MN-WI",15837,3316,15737,3310,1990
33460,"Minneapolis-St. Paul-Bloomington, MN-WI",14419,1417,14162,1402,1991
33460,"Minneapolis-St. Paul-Bloomington, MN-WI",18712,1969,18673,1969,1992
33460,"Minneapolis-St. Paul-Bloomington, MN-WI",19551,2346,19335,2336,1993
33460,"Minneapolis-St. Paul-Bloomington, MN-WI",17885,2297,17567,2272,1994
33460,"Minneapolis-St. Paul-Bloomington, MN-WI",18054,3127,17523,3059,1995
33460,"Minneapolis-St. Paul-Bloomington, MN-WI",18565,2346,18040,2296,1996
33460,"Minneapolis-St. Paul-Bloomington, MN-WI",16920,2082,16531,2026,1997
33460,"Minneapolis-St. Paul-Bloomington, MN-WI",21192,2933,20629,2855,1998
33460,"Minneapolis-St. Paul-Bloomington, MN-WI",23467,3759,22738,3637,1999
33460,"Minneapolis-St. Paul-Bloomington, MN-WI",22703,4597,22173,4528,2000
33460,"Minneapolis-St. Paul-Bloomington, MN-WI",23444,4727,22703,4546,2001
33460,"Minneapolis-St. Paul-Bloomington, MN-WI",26199,7136,25709,7040,2002
33460,"Minneapolis-St. Paul-Bloomington, MN-WI",28123,6026,28123,6026,2003
33460,"Minneapolis-St. Paul-Bloomington, MN-WI",28314,6613,27667,6442,2004
33460,"Minneapolis-St. Paul-Bloomington, MN-WI",22562,4448,22129,4350,2005
33460,"Minneapolis-St. Paul-Bloomington, MN-WI",16029,3566,15821,3566,2006
33460,"Minneapolis-St. Paul-Bloomington, MN-WI",10206,2211,9997,2206,2007
33460,"Minneapolis-St. Paul-Bloomington, MN-WI",5871,1497,5679,1468,2008
33460,"Minneapolis-St. Paul-Bloomington, MN-WI",4733,972,4645,972,2009
33460,"Minneapolis-St. Paul-Bloomington, MN-WI",5779,1758,5700,1758,2010
33460,"Minneapolis-St. Paul-Bloomington, MN-WI",5217,1368,5155,1363,2011
33460,"Minneapolis-St. Paul-Bloomington, MN-WI",11562,5619,11493,5619,2012
33460,"Minneapolis-St. Paul-Bloomington, MN-WI",12119,4766,11951,4722,2013
33460,"Minneapolis-St. Paul-Bloomington, MN-WI",11408,4609,11282,4609,2014
33460,"Minneapolis-St. Paul-Bloomington, MN-WI",11651,4776,11500,4769,2015
33460,"Minneapolis-St. Paul-Bloomington, MN-WI",14143,6106,13946,6057,2016
33460,"Minneapolis-St. Paul-Bloomington, MN-WI",15075,6082,14761,6019,2017
33460,"Minneapolis-St. Paul-Bloomington, MN-WI",18176,8996,17936,8996,2018
33460,"Minneapolis-St. Paul-Bloomington, MN-WI",22414,12567,22354,12567,2019
33460,"Minneapolis-St. Paul-Bloomington, MN-WI",22341,11778,22044,11642,2020
33460,"Minneapolis-St. Paul-Bloomington, MN-WI",26077,13892,25581,13722,2021
33460,"Minneapolis-St. Paul-Bloomington, MN-WI",23725,14225,23443,14030,2022
33460,"Minneapolis-St. Paul-Bloomington, MN-WI",18633,10040,18427,9935,2023
33460,"Minneapolis-St. Paul-Bloomington, MN-WI",14022,4333,13864,4265,2024
33460,"Minneapolis-St. Paul-Bloomington, MN-WI",14516,5342,14293,5260,2025
33500,"Minot, ND",44,0,36,0,1990
33500,"Minot, ND",58,0,55,0,1991
33500,"Minot, ND",144,42,138,42,1992
33500,"Minot, ND",156,20,151,20,1993
33500,"Minot, ND",366,208,362,208,1994
33500,"Minot, ND",297,128,268,112,1995
33500,"Minot, ND",219,75,184,56,1996
33500,"Minot, ND",276,145,247,128,1997
33500,"Minot, ND",220,51,169,20,1998
33500,"Minot, ND",229,103,196,79,1999
33500,"Minot, ND",158,52,131,34,2000
33500,"Minot, ND",139,52,105,27,2001
33500,"Minot, ND",155,63,154,63,2002
33500,"Minot, ND",161,42,161,42,2003
33500,"Minot, ND",206,83,106,46,2004
33500,"Minot, ND",241,51,236,51,2005
33500,"Minot, ND",264,85,262,85,2006
33500,"Minot, ND",191,28,185,28,2007
33500,"Minot, ND",313,89,310,89,2008
33500,"Minot, ND",440,220,437,220,2009
33500,"Minot, ND",720,464,717,464,2010
33500,"Minot, ND",1225,592,1201,592,2011
33500,"Minot, ND",1558,775,1520,765,2012
33500,"Minot, ND",1418,1037,1389,1037,2013
33500,"Minot, ND",889,576,885,576,2014
33500,"Minot, ND",322,131,310,131,2015
33500,"Minot, ND",93,0,76,0,2016
33500,"Minot, ND",136,12,129,12,2017
33500,"Minot, ND",96,0,90,0,2018
33500,"Minot, ND",82,0,77,0,2019
33500,"Minot, ND",166,0,165,0,2020
33500,"Minot, ND",195,54,195,54,2021
33500,"Minot, ND",169,67,169,67,2022
33500,"Minot, ND",128,0,122,0,2023
33500,"Minot, ND",141,0,133,0,2024
33500,"Minot, ND",141,41,132,41,2025
33540,"Missoula, MT",316,108,316,108,1990
33540,"Missoula, MT",498,145,498,145,1991
33540,"Missoula, MT",489,6,489,6,1992
33540,"Missoula, MT",743,235,743,235,1993
33540,"Missoula, MT",578,91,578,91,1994
33540,"Missoula, MT",814,329,814,329,1995
33540,"Missoula, MT",592,210,592,210,1996
33540,"Missoula, MT",419,97,419,97,1997
33540,"Missoula, MT",553,205,553,205,1998
33540,"Missoula, MT",427,78,427,78,1999
33540,"Missoula, MT",576,220,571,220,2000
33540,"Missoula, MT",523,195,523,195,2001
33540,"Missoula, MT",1132,570,1132,570,2002
33540,"Missoula, MT",953,345,953,345,2003
33540,"Missoula, MT",592,141,592,141,2004
33540,"Missoula, MT",644,102,644,102,2005
33540,"Missoula, MT",520,71,520,71,2006
33540,"Missoula, MT",667,109,667,109,2007
33540,"Missoula, MT",440,91,440,91,2008
33540,"Missoula, MT",225,0,225,0,2009
33540,"Missoula, MT",368,138,368,138,2010
33540,"Missoula, MT",565,396,565,396,2011
33540,"Missoula, MT",337,118,337,118,2012
33540,"Missoula, MT",569,277,563,277,2013
33540,"Missoula, MT",581,247,573,247,2014
33540,"Missoula, MT",574,257,574,257,2015
33540,"Missoula, MT",931,530,931,530,2016
33540,"Missoula, MT",972,515,972,515,2017
33540,"Missoula, MT",691,160,691,160,2018
33540,"Missoula, MT",665,190,665,190,2019
33540,"Missoula, MT",800,361,800,361,2020
33540,"Missoula, MT",1798,1316,1798,1316,2021
33540,"Missoula, MT",1078,696,1078,696,2022
33540,"Missoula, MT",660,323,660,323,2023
33540,"Missoula, MT",777,354,773,354,2024
33540,"Missoula, MT",889,387,886,387,2025
33660,"Mobile, AL",496,0,496,0,1990
33660,"Mobile, AL",1182,64,1182,64,1991
33660,"Mobile, AL",1948,320,1948,320,1992
33660,"Mobile, AL",1947,140,1947,140,1993
33660,"Mobile, AL",1806,313,698,204,1994
33660,"Mobile, AL",1758,347,705,216,1995
33660,"Mobile, AL",1678,174,1677,174,1996
33660,"Mobile, AL",2352,544,2335,544,1997
33660,"Mobile, AL",2064,195,2061,195,1998
33660,"Mobile, AL",2111,219,2111,219,1999
33660,"Mobile, AL",2158,410,2158,410,2000
33660,"Mobile, AL",2359,476,2316,476,2001
33660,"Mobile, AL",1728,74,1723,74,2002
33660,"Mobile, AL",1684,13,1684,13,2003
33660,"Mobile, AL",2370,587,2306,587,2004
33660,"Mobile, AL",2183,322,2118,322,2005
33660,"Mobile, AL",2777,409,2602,369,2006
33660,"Mobile, AL",2484,651,2436,651,2007
33660,"Mobile, AL",2416,972,2348,957,2008
33660,"Mobile, AL",2635,1371,2607,1366,2009
33660,"Mobile, AL",1026,128,1004,128,2010
33660,"Mobile, AL",1541,796,1520,796,2011
33660,"Mobile, AL",896,156,876,156,2012
33660,"Mobile, AL",872,234,849,234,2013
33660,"Mobile, AL",746,0,722,0,2014
33660,"Mobile, AL",907,249,879,249,2015
33660,"Mobile, AL",1195,408,1165,408,2016
33660,"Mobile, AL",998,332,965,332,2017
33660,"Mobile, AL",783,20,742,20,2018
33660,"Mobile, AL",742,0,707,0,2019
33660,"Mobile, AL",934,0,768,0,2020
33660,"Mobile, AL",1022,52,972,52,2021
33660,"Mobile, AL",750,0,717,0,2022
33660,"Mobile, AL",917,56,881,56,2023
33660,"Mobile, AL",1715,264,1707,264,2024
33660,"Mobile, AL",1102,102,1089,102,2025
33700,"Modesto, CA",3957,206,3957,206,1990
33700,"Modesto, CA",1638,72,1638,72,1991
33700,"Modesto, CA",2055,6,2055,6,1992
33700,"Modesto, CA",1977,32,1966,32,1993
33700,"Modesto, CA",1483,0,1483,0,1994
33700,"Modesto, CA",1310,0,1304,0,1995
33700,"Modesto, CA",1401,40,1401,40,1996
33700,"Modesto, CA",1442,66,1432,56,1997
33700,"Modesto, CA",1951,84,1903,64,1998
33700,"Modesto, CA",2183,20,2047,0,1999
33700,"Modesto, CA",3023,195,2955,190,2000
33700,"Modesto, CA",3215,143,3125,143,2001
33700,"Modesto, CA",3173,59,3002,54,2002
33700,"Modesto, CA",4119,84,4119,84,2003
33700,"Modesto, CA",4521,417,4290,417,2004
33700,"Modesto, CA",4525,393,3681,179,2005
33700,"Modesto, CA",2644,293,2095,26,2006
33700,"Modesto, CA",1865,461,1865,461,2007
33700,"Modesto, CA",481,16,481,16,2008
33700,"Modesto, CA",364,85,360,85,2009
33700,"Modesto, CA",292,133,278,133,2010
33700,"Modesto, CA",164,51,151,51,2011
33700,"Modesto, CA",285,100,268,100,2012
33700,"Modesto, CA",319,39,311,39,2013
33700,"Modesto, CA",454,50,425,50,2014
33700,"Modesto, CA",413,0,286,0,2015
33700,"Modesto, CA",573,0,529,0,2016
33700,"Modesto, CA",719,67,672,67,2017
33700,"Modesto, CA",759,65,411,0,2018
33700,"Modesto, CA",699,81,396,81,2019
33700,"Modesto, CA",552,36,259,36,2020
33700,"Modesto, CA",811,140,752,140,2021
33700,"Modesto, CA",674,29,627,29,2022
33700,"Modesto, CA",810,84,759,84,2023
33700,"Modesto, CA",902,63,847,63,2024
33700,"Modesto, CA",1205,300,1201,300,2025
33740,"Monroe, LA",274,0,269,0,1990
33740,"Monroe, LA",300,0,295,0,1991
33740,"Monroe, LA",411,0,407,0,1992
33740,"Monroe, LA",517,38,476,38,1993
33740,"Monroe, LA",690,136,650,136,1994
33740,"Monroe, LA",642,0,639,0,1995
33740,"Monroe, LA",604,5,599,5,1996
33740,"Monroe, LA",626,68,515,68,1997
33740,"Monroe, LA",655,77,271,77,1998
33740,"Monroe, LA",760,176,756,176,1999
33740,"Monroe, LA",475,49,427,37,2000
33740,"Monroe, LA",535,15,453,5,2001
33740,"Monroe, LA",720,6,684,6,2002
33740,"Monroe, LA",631,79,631,79,2003
33740,"Monroe, LA",815,73,562,68,2004
33740,"Monroe, LA",1261,207,928,207,2005
33740,"Monroe, LA",1046,139,539,37,2006
33740,"Monroe, LA",649,85,280,13,2007
33740,"Monroe, LA",500,10,443,10,2008
33740,"Monroe, LA",337,10,124,0,2009
33740,"Monroe, LA",582,52,564,52,2010
33740,"Monroe, LA",463,67,177,12,2011
33740,"Monroe, LA",670,96,172,0,2012
33740,"Monroe, LA",752,25,418,0,2013
33740,"Monroe, LA",775,51,267,16,2014
33740,"Monroe, LA",630,25,289,0,2015
33740,"Monroe, LA",730,52,106,12,2016
33740,"Monroe, LA",786,45,543,0,2017
33740,"Monroe, LA",554,32,273,0,2018
33740,"Monroe, LA",544,110,540,110,2019
33740,"Monroe, LA",496,57,277,6,2020
33740,"Monroe, LA",645,127,424,64,2021
33740,"Monroe, LA",525,31,523,31,2022
33740,"Monroe, LA",428,78,263,78,2023
33740,"Monroe, LA",416,0,217,0,2024
33740,"Monroe, LA",530,11,295,11,2025
33780,"Monroe, MI",677,203,557,114,1990
33780,"Monroe, MI",549,105,442,40,1991
33780,"Monroe, MI",760,232,738,215,1992
33780,"Monroe, MI",611,85,494,29,1993
33780,"Monroe, MI",798,84,657,8,1994
33780,"Monroe, MI",846,170,712,106,1995
33780,"Monroe, MI",740,94,575,13,1996
33780,"Monroe, MI",860,149,686,39,1997
33780,"Monroe, MI",843,153,635,32,1998
33780,"Monroe, MI",896,120,693,0,1999
33780,"Monroe, MI",1202,470,995,348,2000
33780,"Monroe, MI",821,131,605,0,2001
33780,"Monroe, MI",954,139,803,56,2002
33780,"Monroe, MI",1160,165,1160,165,2003
33780,"Monroe, MI",1182,99,1070,50,2004
33780,"Monroe, MI",934,62,696,12,2005
33780,"Monroe, MI",672,101,554,51,2006
33780,"Monroe, MI",400,89,335,44,2007
33780,"Monroe, MI",114,0,113,0,2008
33780,"Monroe, MI",80,0,61,0,2009
33780,"Monroe, MI",117,0,100,0,2010
33780,"Monroe, MI",110,0,82,0,2011
33780,"Monroe, MI",136,0,108,0,2012
33780,"Monroe, MI",200,0,175,0,2013
33780,"Monroe, MI",239,0,218,0,2014
33780,"Monroe, MI",291,44,251,44,2015
33780,"Monroe, MI",511,222,471,222,2016
33780,"Monroe, MI",450,144,434,144,2017
33780,"Monroe, MI",492,221,473,221,2018
33780,"Monroe, MI",323,16,272,16,2019
33780,"Monroe, MI",367,84,302,84,2020
33780,"Monroe, MI",265,36,201,36,2021
33780,"Monroe, MI",266,59,211,59,2022
33780,"Monroe, MI",258,52,168,12,2023
33780,"Monroe, MI",237,6,194,6,2024
33780,"Monroe, MI",191,0,133,0,2025
33860,"Montgomery, AL",960,112,960,112,1990
33860,"Montgomery, AL",1260,166,1258,166,1991
33860,"Montgomery, AL",1663,58,1661,58,1992
33860,"Montgomery, AL",1937,112,1937,112,1993
33860,"Montgomery, AL",2606,823,2433,802,1994
33860,"Montgomery, AL",2252,673,2213,665,1995
33860,"Montgomery, AL",1894,408,1894,408,1996
33860,"Montgomery, AL",1217,8,1217,8,1997
33860,"Montgomery, AL",2027,596,2027,596,1998
33860,"Montgomery, AL",1848,422,1796,412,1999
33860,"Montgomery, AL",1273,20,1273,20,2000
33860,"Montgomery, AL",1524,272,1524,272,2001
33860,"Montgomery, AL",1616,40,1616,40,2002
33860,"Montgomery, AL",1772,305,1772,305,2003
33860,"Montgomery, AL",2060,209,2047,209,2004
33860,"Montgomery, AL",2396,692,2386,692,2005
33860,"Montgomery, AL",1590,0,1552,0,2006
33860,"Montgomery, AL",1894,702,1882,702,2007
33860,"Montgomery, AL",649,8,630,8,2008
33860,"Montgomery, AL",467,30,396,30,2009
33860,"Montgomery, AL",993,465,873,423,2010
33860,"Montgomery, AL",972,302,865,240,2011
33860,"Montgomery, AL",1250,474,1105,384,2012
33860,"Montgomery, AL",854,110,685,0,2013
33860,"Montgomery, AL",1129,390,919,272,2014
33860,"Montgomery, AL",1099,319,994,252,2015
33860,"Montgomery, AL",805,89,791,80,2016
33860,"Montgomery, AL",761,0,759,0,2017
33860,"Montgomery, AL",654,0,654,0,2018
33860,"Montgomery, AL",775,0,774,0,2019
33860,"Montgomery, AL",979,5,979,5,2020
33860,"Montgomery, AL",1014,0,1004,0,2021
33860,"Montgomery, AL",797,0,794,0,2022
33860,"Montgomery, AL",844,104,844,104,2023
33860,"Montgomery, AL",790,37,710,18,2024
33860,"Montgomery, AL",1073,264,1055,264,2025
34060,"Morgantown, WV",85,20,82,20,1990
34060,"Morgantown, WV",157,90,157,90,1991
34060,"Morgantown, WV",108,38,108,38,1992
34060,"Morgantown, WV",114,42,114,42,1993
34060,"Morgantown, WV",148,87,114,67,1994
34060,"Morgantown, WV",141,89,16,0,1995
34060,"Morgantown, WV",42,0,42,0,1996
34060,"Morgantown, WV",65,24,65,24,1997
34060,"Morgantown, WV",112,72,112,72,1998
34060,"Morgantown, WV",96,57,96,57,1999
34060,"Morgantown, WV",84,60,84,60,2000
34060,"Morgantown, WV",95,45,94,45,2001
34060,"Morgantown, WV",71,39,60,39,2002
34060,"Morgantown, WV",90,52,90,52,2003
34060,"Morgantown, WV",122,85,115,85,2004
34060,"Morgantown, WV",118,61,111,61,2005
34060,"Morgantown, WV",165,0,158,0,2006
34060,"Morgantown, WV",103,70,94,70,2007
34060,"Morgantown, WV",264,227,264,227,2008
34060,"Morgantown, WV",48,12,42,12,2009
34060,"Morgantown, WV",301,278,301,278,2010
34060,"Morgantown, WV",399,359,395,359,2011
34060,"Morgantown, WV",623,598,118,96,2012
34060,"Morgantown, WV",137,110,134,110,2013
34060,"Morgantown, WV",101,75,98,75,2014
34060,"Morgantown, WV",166,137,163,137,2015
34060,"Morgantown, WV",21,0,18,0,2016
34060,"Morgantown, WV",77,52,73,52,2017
34060,"Morgantown, WV",266,245,262,245,2018
34060,"Morgantown, WV",34,8,27,8,2019
34060,"Morgantown, WV",25,0,16,0,2020
34060,"Morgantown, WV",21,0,11,0,2021
34060,"Morgantown, WV",11,0,1,0,2022
34060,"Morgantown, WV",17,0,7,0,2023
34060,"Morgantown, WV",16,0,15,0,2024
34060,"Morgantown, WV",30,0,19,0,2025
34100,"Morristown, TN",138,74,138,74,1990
34100,"Morristown, TN",114,28,114,28,1991
34100,"Morristown, TN",147,10,147,10,1992
34100,"Morristown, TN",534,24,534,24,1993
34100,"Morristown, TN",602,25,602,25,1994
34100,"Morristown, TN",765,102,765,102,1995
34100,"Morristown, TN",701,59,701,59,1996
34100,"Morristown, TN",646,43,643,43,1997
34100,"Morristown, TN",726,120,723,120,1998
34100,"Morristown, TN",703,26,699,26,1999
34100,"Morristown, TN",628,85,624,85,2000
34100,"Morristown, TN",592,72,588,72,2001
34100,"Morristown, TN",524,41,524,41,2002
34100,"Morristown, TN",598,20,598,20,2003
34100,"Morristown, TN",706,54,703,54,2004
34100,"Morristown, TN",747,12,747,12,2005
34100,"Morristown, TN",684,0,684,0,2006
34100,"Morristown, TN",726,6,726,6,2007
34100,"Morristown, TN",339,0,321,0,2008
34100,"Morristown, TN",217,0,193,0,2009
34100,"Morristown, TN",204,0,157,0,2010
34100,"Morristown, TN",134,8,95,8,2011
34100,"Morristown, TN",167,0,148,0,2012
34100,"Morristown, TN",171,0,171,0,2013
34100,"Morristown, TN",151,0,145,0,2014
34100,"Morristown, TN",188,0,72,0,2015
34100,"Morristown, TN",236,14,146,14,2016
34100,"Morristown, TN",268,0,164,0,2017
34100,"Morristown, TN",302,0,158,0,2018
34100,"Morristown, TN",397,0,278,0,2019
34100,"Morristown, TN",482,68,315,68,2020
34100,"Morristown, TN",911,72,888,72,2021
34100,"Morristown, TN",900,0,896,0,2022
34100,"Morristown, TN",764,32,745,32,2023
34100,"Morristown, TN",552,48,546,48,2024
34100,"Morristown, TN",589,0,587,0,2025
34580,"Mount Vernon-Anacortes, WA",1146,249,1146,249,1990
34580,"Mount Vernon-Anacortes, WA",889,158,827,101,1991
34580,"Mount Vernon-Anacortes, WA",904,127,904,127,1992
34580,"Mount Vernon-Anacortes, WA",859,98,859,98,1993
34580,"Mount Vernon-Anacortes, WA",854,14,794,14,1994
34580,"Mount Vernon-Anacortes, WA",902,293,902,293,1995
34580,"Mount Vernon-Anacortes, WA",599,30,462,0,1996
34580,"Mount Vernon-Anacortes, WA",524,13,521,13,1997
34580,"Mount Vernon-Anacortes, WA",642,113,485,89,1998
34580,"Mount Vernon-Anacortes, WA",652,45,643,45,1999
34580,"Mount Vernon-Anacortes, WA",677,85,656,80,2000
34580,"Mount Vernon-Anacortes, WA",719,115,719,115,2001
34580,"Mount Vernon-Anacortes, WA",887,107,810,107,2002
34580,"Mount Vernon-Anacortes, WA",904,159,904,159,2003
34580,"Mount Vernon-Anacortes, WA",851,30,719,30,2004
34580,"Mount Vernon-Anacortes, WA",1018,35,926,30,2005
34580,"Mount Vernon-Anacortes, WA",1009,73,1009,73,2006
34580,"Mount Vernon-Anacortes, WA",807,0,668,0,2007
34580,"Mount Vernon-Anacortes, WA",438,25,424,25,2008
34580,"Mount Vernon-Anacortes, WA",290,35,290,35,2009
34580,"Mount Vernon-Anacortes, WA",207,0,191,0,2010
34580,"Mount Vernon-Anacortes, WA",179,0,146,0,2011
34580,"Mount Vernon-Anacortes, WA",229,0,106,0,2012
34580,"Mount Vernon-Anacortes, WA",283,0,130,0,2013
34580,"Mount Vernon-Anacortes, WA",274,0,142,0,2014
34580,"Mount Vernon-Anacortes, WA",438,0,267,0,2015
34580,"Mount Vernon-Anacortes, WA",505,53,343,53,2016
34580,"Mount Vernon-Anacortes, WA",663,92,504,92,2017
34580,"Mount Vernon-Anacortes, WA",585,20,413,20,2018
34580,"Mount Vernon-Anacortes, WA",518,72,518,72,2019
34580,"Mount Vernon-Anacortes, WA",561,233,521,233,2020
34580,"Mount Vernon-Anacortes, WA",914,534,650,278,2021
34580,"Mount Vernon-Anacortes, WA",579,267,317,10,2022
34580,"Mount Vernon-Anacortes, WA",486,304,256,79,2023
34580,"Mount Vernon-Anacortes, WA",547,259,393,105,2024
34580,"Mount Vernon-Anacortes, WA",373,186,219,35,2025
34620,"Muncie, IN",258,56,252,56,1990
34620,"Muncie, IN",401,76,398,76,1991
34620,"Muncie, IN",420,82,420,82,1992
34620,"Muncie, IN",343,20,287,20,1993
34620,"Muncie, IN",329,18,269,18,1994
34620,"Muncie, IN",345,24,284,24,1995
34620,"Muncie, IN",273,0,210,0,1996
34620,"Muncie, IN",289,0,225,0,1997
34620,"Muncie, IN",287,37,171,37,1998
34620,"Muncie, IN",365,68,365,68,1999
34620,"Muncie, IN",402,112,356,112,2000
34620,"Muncie, IN",336,32,124,32,2001
34620,"Muncie, IN",313,8,82,8,2002
34620,"Muncie, IN",563,240,563,240,2003
34620,"Muncie, IN",359,24,119,24,2004
34620,"Muncie, IN",267,0,179,0,2005
34620,"Muncie, IN",208,15,174,15,2006
34620,"Muncie, IN",134,0,108,0,2007
34620,"Muncie, IN",75,0,74,0,2008
34620,"Muncie, IN",44,0,20,0,2009
34620,"Muncie, IN",50,0,49,0,2010
34620,"Muncie, IN",82,0,80,0,2011
34620,"Muncie, IN",260,216,259,216,2012
34620,"Muncie, IN",284,226,282,226,2013
34620,"Muncie, IN",98,44,96,44,2014
34620,"Muncie, IN",46,0,23,0,2015
34620,"Muncie, IN",124,22,124,22,2016
34620,"Muncie, IN",72,0,72,0,2017
34620,"Muncie, IN",52,0,51,0,2018
34620,"Muncie, IN",58,0,57,0,2019
34620,"Muncie, IN",171,55,170,55,2020
34620,"Muncie, IN",113,13,112,13,2021
34620,"Muncie, IN",201,0,172,0,2022
34620,"Muncie, IN",82,0,59,0,2023
34620,"Muncie, IN",173,57,131,57,2024
34620,"Muncie, IN",328,234,306,234,2025
34740,"Muskegon-Norton Shores, MI",691,40,574,22,1990
34740,"Muskegon-Norton Shores, MI",555,33,521,33,1991
34740,"Muskegon-Norton Shores, MI",541,0,541,0,1992
34740,"Muskegon-Norton Shores, MI",738,130,711,120,1993
34740,"Muskegon-Norton Shores, MI",780,154,586,14,1994
34740,"Muskegon-Norton Shores, MI",969,74,875,46,1995
34740,"Muskegon-Norton Shores, MI",945,105,715,100,1996
34740,"Muskegon-Norton Shores, MI",838,11,637,6,1997
34740,"Muskegon-Norton Shores, MI",957,110,751,100,1998
34740,"Muskegon-Norton Shores, MI",919,57,657,42,1999
34740,"Muskegon-Norton Shores, MI",836,15,769,0,2000
34740,"Muskegon-Norton Shores, MI",898,76,803,56,2001
34740,"Muskegon-Norton Shores, MI",992,286,946,271,2002
34740,"Muskegon-Norton Shores, MI",969,205,969,205,2003
34740,"Muskegon-Norton Shores, MI",766,15,707,0,2004
34740,"Muskegon-Norton Shores, MI",657,15,582,0,2005
34740,"Muskegon-Norton Shores, MI",480,15,424,0,2006
34740,"Muskegon-Norton Shores, MI",346,44,302,30,2007
34740,"Muskegon-Norton Shores, MI",208,9,182,0,2008
34740,"Muskegon-Norton Shores, MI",93,14,70,6,2009
34740,"Muskegon-Norton Shores, MI",106,16,77,6,2010
34740,"Muskegon-Norton Shores, MI",95,0,76,0,2011
34740,"Muskegon-Norton Shores, MI",138,0,116,0,2012
34740,"Muskegon-Norton Shores, MI",184,0,154,0,2013
34740,"Muskegon-Norton Shores, MI",181,0,149,0,2014
34740,"Muskegon-Norton Shores, MI",241,0,236,0,2015
34740,"Muskegon-Norton Shores, MI",233,0,225,0,2016
34740,"Muskegon-Norton Shores, MI",257,0,240,0,2017
34740,"Muskegon-Norton Shores, MI",233,12,209,12,2018
34740,"Muskegon-Norton Shores, MI",339,0,301,0,2019
34740,"Muskegon-Norton Shores, MI",268,0,207,0,2020
34740,"Muskegon-Norton Shores, MI",328,0,296,0,2021
34740,"Muskegon-Norton Shores, MI",548,217,523,217,2022
34740,"Muskegon-Norton Shores, MI",312,0,291,0,2023
34740,"Muskegon-Norton Shores, MI",423,115,392,115,2024
34740,"Muskegon-Norton Shores, MI",451,0,354,0,2025
34820,"Myrtle Beach-Conway-North Myrtle Beach, SC",1394,266,1394,266,1990
34820,"Myrtle Beach-Conway-North Myrtle Beach, SC",1304,240,1302,240,1991
34820,"Myrtle Beach-Conway-North Myrtle Beach, SC",1510,482,1472,482,1992
34820,"Myrtle Beach-Conway-North Myrtle Beach, SC",1620,411,1617,411,1993
34820,"Myrtle Beach-Conway-North Myrtle Beach, SC",2362,734,2359,734,1994
34820,"Myrtle Beach-Conway-North Myrtle Beach, SC",3203,1210,3199,1210,1995
34820,"Myrtle Beach-Conway-North Myrtle Beach, SC",4054,1908,4054,1908,1996
34820,"Myrtle Beach-Conway-North Myrtle Beach, SC",4520,2187,4520,2187,1997
34820,"Myrtle Beach-Conway-North Myrtle Beach, SC",5228,2876,5218,2876,1998
34820,"Myrtle Beach-Conway-North Myrtle Beach, SC",4773,2369,4761,2369,1999
34820,"Myrtle Beach-Conway-North Myrtle Beach, SC",4492,2394,4492,2394,2000
34820,"Myrtle Beach-Conway-North Myrtle Beach, SC",4268,2141,4268,2141,2001
34820,"Myrtle Beach-Conway-North Myrtle Beach, SC",4017,1499,4017,1499,2002
34820,"Myrtle Beach-Conway-North Myrtle Beach, SC",5130,1667,5130,1667,2003
34820,"Myrtle Beach-Conway-North Myrtle Beach, SC",7068,2692,7068,2692,2004
34820,"Myrtle Beach-Conway-North Myrtle Beach, SC",11828,5132,11828,5132,2005
34820,"Myrtle Beach-Conway-North Myrtle Beach, SC",10335,3723,10315,3723,2006
34820,"Myrtle Beach-Conway-North Myrtle Beach, SC",5268,1446,4689,998,2007
34820,"Myrtle Beach-Conway-North Myrtle Beach, SC",2997,1128,2355,668,2008
34820,"Myrtle Beach-Conway-North Myrtle Beach, SC",1711,254,1435,88,2009
34820,"Myrtle Beach-Conway-North Myrtle Beach, SC",1508,108,1399,50,2010
34820,"Myrtle Beach-Conway-North Myrtle Beach, SC",1776,295,1775,295,2011
34820,"Myrtle Beach-Conway-North Myrtle Beach, SC",2308,225,2286,225,2012
34820,"Myrtle Beach-Conway-North Myrtle Beach, SC",3173,418,3173,418,2013
34820,"Myrtle Beach-Conway-North Myrtle Beach, SC",3473,340,3430,325,2014
34820,"Myrtle Beach-Conway-North Myrtle Beach, SC",3829,166,3637,146,2015
34820,"Myrtle Beach-Conway-North Myrtle Beach, SC",4097,122,3806,97,2016
34820,"Myrtle Beach-Conway-North Myrtle Beach, SC",5245,511,4945,481,2017
34820,"Myrtle Beach-Conway-North Myrtle Beach, SC",4520,379,4176,354,2018
34820,"Myrtle Beach-Conway-North Myrtle Beach, SC",4488,30,4458,0,2019
34820,"Myrtle Beach-Conway-North Myrtle Beach, SC",5419,318,5360,283,2020
34820,"Myrtle Beach-Conway-North Myrtle Beach, SC",6970,81,6910,21,2021
34820,"Myrtle Beach-Conway-North Myrtle Beach, SC",7071,87,6962,6,2022
34820,"Myrtle Beach-Conway-North Myrtle Beach, SC",6513,129,6438,58,2023
34820,"Myrtle Beach-Conway-North Myrtle Beach, SC",7331,60,7248,0,2024
34820,"Myrtle Beach-Conway-North Myrtle Beach, SC",6511,77,6328,12,2025
34900,"Napa, CA",707,38,707,38,1990
34900,"Napa, CA",756,323,756,323,1991
34900,"Napa, CA",417,80,417,80,1992
34900,"Napa, CA",415,105,415,105,1993
34900,"Napa, CA",394,10,394,10,1994
34900,"Napa, CA",316,17,316,17,1995
34900,"Napa, CA",232,0,232,0,1996
34900,"Napa, CA",370,0,370,0,1997
34900,"Napa, CA",490,11,490,11,1998
34900,"Napa, CA",713,115,713,115,1999
34900,"Napa, CA",542,0,542,0,2000
34900,"Napa, CA",911,127,911,127,2001
34900,"Napa, CA",1003,369,1003,369,2002
34900,"Napa, CA",607,30,607,30,2003
34900,"Napa, CA",917,233,917,233,2004
34900,"Napa, CA",687,51,660,51,2005
34900,"Napa, CA",507,236,479,236,2006
34900,"Napa, CA",330,56,303,50,2007
34900,"Napa, CA",230,7,220,7,2008
34900,"Napa, CA",131,0,129,0,2009
34900,"Napa, CA",110,0,108,0,2010
34900,"Napa, CA",154,24,154,24,2011
34900,"Napa, CA",112,0,111,0,2012
34900,"Napa, CA",215,134,214,134,2013
34900,"Napa, CA",147,39,147,39,2014
34900,"Napa, CA",172,0,127,0,2015
34900,"Napa, CA",212,0,5,0,2016
34900,"Napa, CA",183,42,183,42,2017
34900,"Napa, CA",269,159,220,159,2018
34900,"Napa, CA",749,608,35,0,2019
34900,"Napa, CA",770,627,28,0,2020
34900,"Napa, CA",1204,1039,207,186,2021
34900,"Napa, CA",1100,872,127,15,2022
34900,"Napa, CA",331,50,331,50,2023
34900,"Napa, CA",439,189,435,189,2024
34900,"Napa, CA",364,92,364,92,2025
34940,"Naples-Marco Island, FL",5846,3352,5844,3352,1990
34940,"Naples-Marco Island, FL",3252,1482,3252,1482,1991
34940,"Naples-Marco Island, FL",4345,2172,4345,2172,1992
34940,"Naples-Marco Island, FL",3659,1719,3658,1719,1993
34940,"Naples-Marco Island, FL",4322,1956,4322,1956,1994
34940,"Naples-Marco Island, FL",4257,1752,4137,1653,1995
34940,"Naples-Marco Island, FL",5449,2408,5449,2408,1996
34940,"Naples-Marco Island, FL",6164,2836,6164,2836,1997
34940,"Naples-Marco Island, FL",6844,3246,6844,3246,1998
34940,"Naples-Marco Island, FL",7542,2737,7542,2737,1999
34940,"Naples-Marco Island, FL",7970,3107,7970,3107,2000
34940,"Naples-Marco Island, FL",8158,3029,8158,3029,2001
34940,"Naples-Marco Island, FL",7282,2082,7282,2082,2002
34940,"Naples-Marco Island, FL",5820,1907,5820,1907,2003
34940,"Naples-Marco Island, FL",6921,2001,6921,2001,2004
34940,"Naples-Marco Island, FL",6622,1919,6622,1919,2005
34940,"Naples-Marco Island, FL",4788,1023,4788,1023,2006
34940,"Naples-Marco Island, FL",2095,829,2094,829,2007
34940,"Naples-Marco Island, FL",951,185,951,185,2008
34940,"Naples-Marco Island, FL",944,202,944,202,2009
34940,"Naples-Marco Island, FL",1259,415,1107,371,2010
34940,"Naples-Marco Island, FL",1320,320,1203,259,2011
34940,"Naples-Marco Island, FL",1612,214,1612,214,2012
34940,"Naples-Marco Island, FL",2678,774,2678,774,2013
34940,"Naples-Marco Island, FL",3610,961,3610,961,2014
34940,"Naples-Marco Island, FL",4060,723,4060,723,2015
34940,"Naples-Marco Island, FL",3829,703,3829,703,2016
34940,"Naples-Marco Island, FL",4194,1140,4194,1140,2017
34940,"Naples-Marco Island, FL",4386,1047,4386,1047,2018
34940,"Naples-Marco Island, FL",3991,577,3865,568,2019
34940,"Naples-Marco Island, FL",4473,1078,4473,1078,2020
34940,"Naples-Marco Island, FL",6766,2203,6766,2203,2021
34940,"Naples-Marco Island, FL",5517,1799,5517,1799,2022
34940,"Naples-Marco Island, FL",3618,589,3600,583,2023
34940,"Naples-Marco Island, FL",3524,981,3396,941,2024
34940,"Naples-Marco Island, FL",2736,724,2557,664,2025
34980,"Nashville-Davidson--Murfreesboro--Franklin, TN",7207,1061,7166,1026,1990
34980,"Nashville-Davidson--Murfreesboro--Franklin, TN",6526,387,5834,337,1991
34980,"Nashville-Davidson--Murfreesboro--Franklin, TN",7557,140,7275,125,1992
34980,"Nashville-Davidson--Murfreesboro--Franklin, TN",9460,413,9081,383,1993
34980,"Nashville-Davidson--Murfreesboro--Franklin, TN",11068,1598,9802,1383,1994
34980,"Nashville-Davidson--Murfreesboro--Franklin, TN",12311,2251,9405,1391,1995
34980,"Nashville-Davidson--Murfreesboro--Franklin, TN",16712,5454,16503,5424,1996
34980,"Nashville-Davidson--Murfreesboro--Franklin, TN",13643,3103,10899,1675,1997
34980,"Nashville-Davidson--Murfreesboro--Franklin, TN",13265,1654,12878,1624,1998
34980,"Nashville-Davidson--Murfreesboro--Franklin, TN",14542,2428,12624,1993,1999
34980,"Nashville-Davidson--Murfreesboro--Franklin, TN",11494,1681,10974,1646,2000
34980,"Nashville-Davidson--Murfreesboro--Franklin, TN",13001,1443,12541,1333,2001
34980,"Nashville-Davidson--Murfreesboro--Franklin, TN",13028,841,12665,771,2002
34980,"Nashville-Davidson--Murfreesboro--Franklin, TN",14936,1771,14936,1771,2003
34980,"Nashville-Davidson--Murfreesboro--Franklin, TN",17983,2945,17884,2945,2004
34980,"Nashville-Davidson--Murfreesboro--Franklin, TN",18590,2183,18510,2183,2005
34980,"Nashville-Davidson--Murfreesboro--Franklin, TN",17283,1323,16375,1323,2006
34980,"Nashville-Davidson--Murfreesboro--Franklin, TN",14860,2628,14459,2628,2007
34980,"Nashville-Davidson--Murfreesboro--Franklin, TN",8816,2459,8527,2459,2008
34980,"Nashville-Davidson--Murfreesboro--Franklin, TN",5300,932,5172,932,2009
34980,"Nashville-Davidson--Murfreesboro--Franklin, TN",5433,1089,5274,1089,2010
34980,"Nashville-Davidson--Murfreesboro--Franklin, TN",5796,1218,5761,1218,2011
34980,"Nashville-Davidson--Murfreesboro--Franklin, TN",8789,2851,8456,2846,2012
34980,"Nashville-Davidson--Murfreesboro--Franklin, TN",11578,3618,11473,3618,2013
34980,"Nashville-Davidson--Murfreesboro--Franklin, TN",14944,5775,14864,5775,2014
34980,"Nashville-Davidson--Murfreesboro--Franklin, TN",18291,6746,17863,6727,2015
34980,"Nashville-Davidson--Murfreesboro--Franklin, TN",20182,7199,19792,7193,2016
34980,"Nashville-Davidson--Murfreesboro--Franklin, TN",20631,6799,20388,6799,2017
34980,"Nashville-Davidson--Murfreesboro--Franklin, TN",19159,5590,18650,5590,2018
34980,"Nashville-Davidson--Murfreesboro--Franklin, TN",22812,8135,22360,8135,2019
34980,"Nashville-Davidson--Murfreesboro--Franklin, TN",27242,11256,26572,11251,2020
34980,"Nashville-Davidson--Murfreesboro--Franklin, TN",32322,14478,31624,14478,2021
34980,"Nashville-Davidson--Murfreesboro--Franklin, TN",28438,12594,27888,12594,2022
34980,"Nashville-Davidson--Murfreesboro--Franklin, TN",23676,9577,23329,9532,2023
34980,"Nashville-Davidson--Murfreesboro--Franklin, TN",20038,5410,19382,5346,2024
34980,"Nashville-Davidson--Murfreesboro--Franklin, TN",19203,5827,17947,5727,2025
35300,"New Haven, CT",1427,1140,1283,1044,2023
35300,"New Haven, CT",1014,722,860,621,2024
35300,"New Haven, CT",1020,762,860,658,2025
35380,"New Orleans-Metairie, LA",1352,268,1349,268,1990
35380,"New Orleans-Metairie, LA",1295,82,1295,82,1991
35380,"New Orleans-Metairie, LA",1576,144,1573,144,1992
35380,"New Orleans-Metairie, LA",1541,156,1532,156,1993
35380,"New Orleans-Metairie, LA",1934,252,1934,252,1994
35380,"New Orleans-Metairie, LA",1801,322,1801,322,1995
35380,"New Orleans-Metairie, LA",2573,812,2571,812,1996
35380,"New Orleans-Metairie, LA",1851,102,1690,102,1997
35380,"New Orleans-Metairie, LA",2151,276,1773,276,1998
35380,"New Orleans-Metairie, LA",2870,824,2460,824,1999
35380,"New Orleans-Metairie, LA",2164,335,2164,335,2000
35380,"New Orleans-Metairie, LA",2616,715,2361,715,2001
35380,"New Orleans-Metairie, LA",2687,394,2372,394,2002
35380,"New Orleans-Metairie, LA",3035,9,3035,9,2003
35380,"New Orleans-Metairie, LA",3054,151,3007,151,2004
35380,"New Orleans-Metairie, LA",2444,66,1827,20,2005
35380,"New Orleans-Metairie, LA",2892,191,2878,191,2006
35380,"New Orleans-Metairie, LA",4739,1939,4738,1939,2007
35380,"New Orleans-Metairie, LA",3772,1292,3755,1292,2008
35380,"New Orleans-Metairie, LA",2281,305,2277,305,2009
35380,"New Orleans-Metairie, LA",1633,83,1551,83,2010
35380,"New Orleans-Metairie, LA",1667,104,1164,43,2011
35380,"New Orleans-Metairie, LA",1398,48,1174,18,2012
35380,"New Orleans-Metairie, LA",1476,26,1107,5,2013
35380,"New Orleans-Metairie, LA",1676,273,1540,273,2014
35380,"New Orleans-Metairie, LA",1240,342,1206,342,2015
35380,"New Orleans-Metairie, LA",1575,371,1352,274,2016
35380,"New Orleans-Metairie, LA",1528,98,1119,0,2017
35380,"New Orleans-Metairie, LA",2434,622,1999,566,2018
35380,"New Orleans-Metairie, LA",2391,522,2391,522,2019
35380,"New Orleans-Metairie, LA",2683,480,1947,247,2020
35380,"New Orleans-Metairie, LA",3322,924,1664,360,2021
35380,"New Orleans-Metairie, LA",1951,100,1931,100,2022
35380,"New Orleans-Metairie, LA",2246,696,2145,696,2023
35380,"New Orleans-Metairie, LA",1611,268,1375,218,2024
35380,"New Orleans-Metairie, LA",1694,318,1600,318,2025
35620,"New York-Newark-Jersey City, NY-NJ",24351,6804,24231,6792,1990
35620,"New York-Newark-Jersey City, NY-NJ",19941,2788,19511,2685,1991
35620,"New York-Newark-Jersey City, NY-NJ",22499,2693,22414,2693,1992
35620,"New York-Newark-Jersey City, NY-NJ",27804,4060,27025,3918,1993
35620,"New York-Newark-Jersey City, NY-NJ",27888,3910,26160,3796,1994
35620,"New York-Newark-Jersey City, NY-NJ",26432,4256,24846,4113,1995
35620,"New York-Newark-Jersey City, NY-NJ",33144,8257,31680,8137,1996
35620,"New York-Newark-Jersey City, NY-NJ",36144,9285,34783,9035,1997
35620,"New York-Newark-Jersey City, NY-NJ",40840,10828,38530,10537,1998
35620,"New York-Newark-Jersey City, NY-NJ",43303,11743,40431,11054,1999
35620,"New York-Newark-Jersey City, NY-NJ",48735,16425,46164,15866,2000
35620,"New York-Newark-Jersey City, NY-NJ",43502,14644,39537,13858,2001
35620,"New York-Newark-Jersey City, NY-NJ",45793,16530,42422,15993,2002
35620,"New York-Newark-Jersey City, NY-NJ",48924,18379,48924,18379,2003
35620,"New York-Newark-Jersey City, NY-NJ",55821,22456,51595,21482,2004
35620,"New York-Newark-Jersey City, NY-NJ",66174,32313,63012,31329,2005
35620,"New York-Newark-Jersey City, NY-NJ",59982,31232,56910,30061,2006
35620,"New York-Newark-Jersey City, NY-NJ",55694,34338,52381,32910,2007
35620,"New York-Newark-Jersey City, NY-NJ",51174,39192,47701,37238,2008
35620,"New York-Newark-Jersey City, NY-NJ",16477,8459,14635,7859,2009
35620,"New York-Newark-Jersey City, NY-NJ",18479,9409,16115,8655,2010
35620,"New York-Newark-Jersey City, NY-NJ",21431,13640,18727,12213,2011
35620,"New York-Newark-Jersey City, NY-NJ",26820,18038,22886,15714,2012
35620,"New York-Newark-Jersey City, NY-NJ",39748,27341,34358,23715,2013
35620,"New York-Newark-Jersey City, NY-NJ",46625,33247,40426,28817,2014
35620,"New York-Newark-Jersey City, NY-NJ",84964,72100,74634,63590,2015
35620,"New York-Newark-Jersey City, NY-NJ",41723,29686,37081,26911,2016
35620,"New York-Newark-Jersey City, NY-NJ",48982,35738,45014,33169,2017
35620,"New York-Newark-Jersey City, NY-NJ",47990,35027,43926,32382,2018
35620,"New York-Newark-Jersey City, NY-NJ",61055,47021,60516,46772,2019
35620,"New York-Newark-Jersey City, NY-NJ",54716,41340,48996,37327,2020
35620,"New York-Newark-Jersey City, NY-NJ",56284,41047,53500,39076,2021
35620,"New York-Newark-Jersey City, NY-NJ",69429,55025,67906,54023,2022
35620,"New York-Newark-Jersey City, NY-NJ",62837,48561,54886,43227,2023
35620,"New York-Newark-Jersey City, NY-NJ",57929,42553,46454,34761,2024
35620,"New York-Newark-Jersey City, NY-NJ",44444,31550,36446,26407,2025
35660,"Niles, MI",554,26,527,26,1990
35660,"Niles, MI",472,28,350,18,1991
35660,"Niles, MI",496,0,493,0,1992
35660,"Niles, MI",539,7,407,7,1993
35660,"Niles, MI",604,21,411,21,1994
35660,"Niles, MI",547,0,350,0,1995
35660,"Niles, MI",698,88,511,88,1996
35660,"Niles, MI",547,80,454,80,1997
35660,"Niles, MI",669,214,537,136,1998
35660,"Niles, MI",658,161,456,45,1999
35660,"Niles, MI",507,12,466,12,2000
35660,"Niles, MI",544,16,417,0,2001
35660,"Niles, MI",614,0,534,0,2002
35660,"Niles, MI",608,0,608,0,2003
35660,"Niles, MI",731,34,661,34,2004
35660,"Niles, MI",816,123,700,102,2005
35660,"Niles, MI",625,48,614,48,2006
35660,"Niles, MI",467,26,427,21,2007
35660,"Niles, MI",281,48,268,43,2008
35660,"Niles, MI",120,16,120,16,2009
35660,"Niles, MI",133,0,132,0,2010
35660,"Niles, MI",136,0,128,0,2011
35660,"Niles, MI",151,0,127,0,2012
35660,"Niles, MI",191,43,191,43,2013
35660,"Niles, MI",184,0,181,0,2014
35660,"Niles, MI",208,28,185,28,2015
35660,"Niles, MI",312,64,287,64,2016
35660,"Niles, MI",237,13,217,13,2017
35660,"Niles, MI",302,63,250,63,2018
35660,"Niles, MI",206,0,161,0,2019
35660,"Niles, MI",260,0,227,0,2020
35660,"Niles, MI",331,6,300,6,2021
35660,"Niles, MI",286,5,256,5,2022
35660,"Niles, MI",355,48,328,48,2023
35660,"Niles, MI",354,0,350,0,2024
35660,"Niles, MI",372,73,352,73,2025
35840,"North Port-Bradenton-Sarasota, FL",5868,1704,5868,1704,1990
35840,"North Port-Bradenton-Sarasota, FL",3854,982,3854,982,1991
35840,"North Port-Bradenton-Sarasota, FL",4016,514,4016,514,1992
35840,"North Port-Bradenton-Sarasota, FL",4618,661,4618,661,1993
35840,"North Port-Bradenton-Sarasota, FL",5155,832,4969,811,1994
35840,"North Port-Bradenton-Sarasota, FL",5011,1194,4982,1194,1995
35840,"North Port-Bradenton-Sarasota, FL",6192,1942,6155,1937,1996
35840,"North Port-Bradenton-Sarasota, FL",6279,1675,6079,1675,1997
35840,"North Port-Bradenton-Sarasota, FL",7432,2070,6841,1942,1998
35840,"North Port-Bradenton-Sarasota, FL",7008,1201,5622,599,1999
35840,"North Port-Bradenton-Sarasota, FL",7110,1120,6893,1010,2000
35840,"North Port-Bradenton-Sarasota, FL",9648,2322,9648,2322,2001
35840,"North Port-Bradenton-Sarasota, FL",10186,2982,10186,2982,2002
35840,"North Port-Bradenton-Sarasota, FL",9025,726,9025,726,2003
35840,"North Port-Bradenton-Sarasota, FL",14496,2854,14485,2854,2004
35840,"North Port-Bradenton-Sarasota, FL",14045,2324,14033,2324,2005
35840,"North Port-Bradenton-Sarasota, FL",7671,1521,7645,1506,2006
35840,"North Port-Bradenton-Sarasota, FL",2681,373,2658,358,2007
35840,"North Port-Bradenton-Sarasota, FL",2072,385,2045,360,2008
35840,"North Port-Bradenton-Sarasota, FL",1763,394,1763,394,2009
35840,"North Port-Bradenton-Sarasota, FL",1955,182,1950,177,2010
35840,"North Port-Bradenton-Sarasota, FL",2385,481,2376,476,2011
35840,"North Port-Bradenton-Sarasota, FL",3102,324,3095,319,2012
35840,"North Port-Bradenton-Sarasota, FL",5423,1468,5288,1453,2013
35840,"North Port-Bradenton-Sarasota, FL",5658,1194,5388,1110,2014
35840,"North Port-Bradenton-Sarasota, FL",7141,1886,7106,1869,2015
35840,"North Port-Bradenton-Sarasota, FL",8104,1972,7814,1923,2016
35840,"North Port-Bradenton-Sarasota, FL",8179,1953,7885,1912,2017
35840,"North Port-Bradenton-Sarasota, FL",10289,3777,7581,3325,2018
35840,"North Port-Bradenton-Sarasota, FL",10009,3251,10009,3251,2019
35840,"North Port-Bradenton-Sarasota, FL",9489,780,9489,780,2020
35840,"North Port-Bradenton-Sarasota, FL",15924,3504,15924,3504,2021
35840,"North Port-Bradenton-Sarasota, FL",15780,4362,15780,4362,2022
35840,"North Port-Bradenton-Sarasota, FL",15928,5238,15928,5238,2023
35840,"North Port-Bradenton-Sarasota, FL",14938,3920,14938,3920,2024
35840,"North Port-Bradenton-Sarasota, FL",17642,5857,17642,5857,2025
35980,"Norwich-New London-Willimantic, CT",335,123,286,123,2023
35980,"Norwich-New London-Willimantic, CT",509,242,464,242,2024
35980,"Norwich-New London-Willimantic, CT",440,112,426,112,2025
36100,"Ocala, FL",1988,32,1988,32,1990
36100,"Ocala, FL",2053,17,2053,17,1991
36100,"Ocala, FL",2136,72,2136,72,1992
36100,"Ocala, FL",2373,72,2373,72,1993
36100,"Ocala, FL",2317,0,2316,0,1994
36100,"Ocala, FL",2115,161,2114,161,1995
36100,"Ocala, FL",2434,96,2434,96,1996
36100,"Ocala, FL",3198,751,3198,751,1997
36100,"Ocala, FL",2687,5,2499,5,1998
36100,"Ocala, FL",2759,134,2759,134,1999
36100,"Ocala, FL",2354,0,2354,0,2000
36100,"Ocala, FL",3171,0,3171,0,2001
36100,"Ocala, FL",6161,720,6161,720,2002
36100,"Ocala, FL",6475,492,6475,492,2003
36100,"Ocala, FL",5426,11,5426,11,2004
36100,"Ocala, FL",7453,740,7453,740,2005
36100,"Ocala, FL",7063,205,7063,205,2006
36100,"Ocala, FL",3035,402,3022,402,2007
36100,"Ocala, FL",1139,0,1139,0,2008
36100,"Ocala, FL",394,6,394,6,2009
36100,"Ocala, FL",481,0,481,0,2010
36100,"Ocala, FL",361,0,361,0,2011
36100,"Ocala, FL",401,0,401,0,2012
36100,"Ocala, FL",630,5,630,5,2013
36100,"Ocala, FL",754,36,754,36,2014
36100,"Ocala, FL",1055,0,1055,0,2015
36100,"Ocala, FL",1428,0,1428,0,2016
36100,"Ocala, FL",2246,304,2246,304,2017
36100,"Ocala, FL",2817,0,2817,0,2018
36100,"Ocala, FL",2367,0,2367,0,2019
36100,"Ocala, FL",3827,27,3827,27,2020
36100,"Ocala, FL",6229,576,6213,576,2021
36100,"Ocala, FL",6489,1167,6489,1167,2022
36100,"Ocala, FL",5197,96,5197,96,2023
36100,"Ocala, FL",6729,534,6729,534,2024
36100,"Ocala, FL",5985,379,5983,379,2025
36220,"Odessa, TX",45,0,45,0,1990
36220,"Odessa, TX",61,0,61,0,1991
36220,"Odessa, TX",113,0,113,0,1992
36220,"Odessa, TX",105,0,105,0,1993
36220,"Odessa, TX",106,0,97,0,1994
36220,"Odessa, TX",103,0,34,0,1995
36220,"Odessa, TX",71,0,65,0,1996
36220,"Odessa, TX",126,0,126,0,1997
36220,"Odessa, TX",147,0,147,0,1998
36220,"Odessa, TX",101,0,101,0,1999
36220,"Odessa, TX",238,134,238,134,2000
36220,"Odessa, TX",101,0,101,0,2001
36220,"Odessa, TX",200,68,200,68,2002
36220,"Odessa, TX",173,0,173,0,2003
36220,"Odessa, TX",194,0,194,0,2004
36220,"Odessa, TX",255,106,255,106,2005
36220,"Odessa, TX",261,0,261,0,2006
36220,"Odessa, TX",439,224,439,224,2007
36220,"Odessa, TX",716,460,716,460,2008
36220,"Odessa, TX",220,0,220,0,2009
36220,"Odessa, TX",708,440,708,440,2010
36220,"Odessa, TX",740,402,740,402,2011
36220,"Odessa, TX",1009,422,1009,422,2012
36220,"Odessa, TX",1290,556,1290,556,2013
36220,"Odessa, TX",556,120,556,120,2014
36220,"Odessa, TX",612,144,612,144,2015
36220,"Odessa, TX",448,0,448,0,2016
36220,"Odessa, TX",492,0,421,0,2017
36220,"Odessa, TX",740,0,740,0,2018
36220,"Odessa, TX",1782,1035,1782,1035,2019
36220,"Odessa, TX",1188,288,1188,288,2020
36220,"Odessa, TX",1406,31,1406,31,2021
36220,"Odessa, TX",888,0,888,0,2022
36220,"Odessa, TX",690,0,690,0,2023
36220,"Odessa, TX",1004,0,1004,0,2024
36220,"Odessa, TX",921,0,921,0,2025
36260,"Ogden, UT",1440,43,1380,43,1990
36260,"Ogden, UT",1571,30,1527,30,1991
36260,"Ogden, UT",2337,81,2337,81,1992
36260,"Ogden, UT",2799,108,2608,108,1993
36260,"Ogden, UT",3155,290,2938,290,1994
36260,"Ogden, UT",3427,442,2985,333,1995
36260,"Ogden, UT",4278,390,4009,390,1996
36260,"Ogden, UT",5137,1057,4860,1057,1997
36260,"Ogden, UT",4512,679,4246,679,1998
36260,"Ogden, UT",4359,384,3361,154,1999
36260,"Ogden, UT",3630,221,2656,12,2000
36260,"Ogden, UT",4115,592,3702,587,2001
36260,"Ogden, UT",4034,226,3745,226,2002
36260,"Ogden, UT",4422,137,4422,137,2003
36260,"Ogden, UT",4675,128,4311,123,2004
36260,"Ogden, UT",4918,22,4339,12,2005
36260,"Ogden, UT",4922,210,4506,205,2006
36260,"Ogden, UT",3434,295,3338,295,2007
36260,"Ogden, UT",1980,453,1974,453,2008
36260,"Ogden, UT",1591,30,1589,30,2009
36260,"Ogden, UT",1509,75,1503,75,2010
36260,"Ogden, UT",1849,610,1845,610,2011
36260,"Ogden, UT",2714,741,2698,731,2012
36260,"Ogden, UT",2692,416,2495,379,2013
36260,"Ogden, UT",2514,540,2394,525,2014
36260,"Ogden, UT",2884,656,2620,616,2015
36260,"Ogden, UT",3424,1058,3232,1038,2016
36260,"Ogden, UT",3231,638,3038,618,2017
36260,"Ogden, UT",3378,620,3359,620,2018
36260,"Ogden, UT",3575,810,3575,810,2019
36260,"Ogden, UT",4929,892,4859,855,2020
36260,"Ogden, UT",6601,2757,6350,2701,2021
36260,"Ogden, UT",4549,1766,4113,1694,2022
36260,"Ogden, UT",3130,1343,2202,876,2023
36260,"Ogden, UT",3294,1058,2548,719,2024
36260,"Ogden, UT",3599,1656,2954,1314,2025
36420,"Oklahoma City, OK",2022,0,2017,0,1990
36420,"Oklahoma City, OK",2673,24,2670,24,1991
36420,"Oklahoma City, OK",3726,206,3724,206,1992
36420,"Oklahoma City, OK",3959,8,3956,8,1993
36420,"Oklahoma City, OK",4267,263,4267,263,1994
36420,"Oklahoma City, OK",4315,482,4292,482,1995
36420,"Oklahoma City, OK",5030,667,4972,662,1996
36420,"Oklahoma City, OK",5527,1467,5447,1467,1997
36420,"Oklahoma City, OK",6761,1895,6649,1895,1998
36420,"Oklahoma City, OK",6664,853,6597,853,1999
36420,"Oklahoma City, OK",5390,1148,5283,1143,2000
36420,"Oklahoma City, OK",5968,1148,5816,1148,2001
36420,"Oklahoma City, OK",6352,409,6309,409,2002
36420,"Oklahoma City, OK",8082,985,8082,985,2003
36420,"Oklahoma City, OK",9331,1316,9205,1316,2004
36420,"Oklahoma City, OK",9049,736,4858,561,2005
36420,"Oklahoma City, OK",7433,395,3587,228,2006
36420,"Oklahoma City, OK",6275,596,3995,465,2007
36420,"Oklahoma City, OK",4099,221,2362,32,2008
36420,"Oklahoma City, OK",3452,234,2359,174,2009
36420,"Oklahoma City, OK",3635,495,2167,426,2010
36420,"Oklahoma City, OK",3261,150,1801,57,2011
36420,"Oklahoma City, OK",6577,978,6467,978,2012
36420,"Oklahoma City, OK",7505,1014,7396,1014,2013
36420,"Oklahoma City, OK",7870,1689,7671,1689,2014
36420,"Oklahoma City, OK",6004,286,5756,286,2015
36420,"Oklahoma City, OK",6740,1493,6036,1412,2016
36420,"Oklahoma City, OK",5419,54,5105,54,2017
36420,"Oklahoma City, OK",5730,31,4984,0,2018
36420,"Oklahoma City, OK",6557,265,6555,265,2019
36420,"Oklahoma City, OK",7431,246,7249,246,2020
36420,"Oklahoma City, OK",8080,171,7806,171,2021
36420,"Oklahoma City, OK",7048,437,6885,437,2022
36420,"Oklahoma City, OK",6736,407,6572,407,2023
36420,"Oklahoma City, OK",7707,1260,7483,1260,2024
36420,"Oklahoma City, OK",8576,1334,8220,1334,2025
36500,"Olympia-Lacey-Tumwater, WA",2622,762,2622,762,1990
36500,"Olympia-Lacey-Tumwater, WA",1731,152,1731,152,1991
36500,"Olympia-Lacey-Tumwater, WA",1964,156,1962,156,1992
36500,"Olympia-Lacey-Tumwater, WA",2032,239,1945,239,1993
36500,"Olympia-Lacey-Tumwater, WA",2092,359,1997,359,1994
36500,"Olympia-Lacey-Tumwater, WA",2228,103,1718,26,1995
36500,"Olympia-Lacey-Tumwater, WA",1996,235,1992,235,1996
36500,"Olympia-Lacey-Tumwater, WA",1390,12,1390,12,1997
36500,"Olympia-Lacey-Tumwater, WA",1661,136,1661,136,1998
36500,"Olympia-Lacey-Tumwater, WA",1963,395,1963,395,1999
36500,"Olympia-Lacey-Tumwater, WA",1299,114,1270,105,2000
36500,"Olympia-Lacey-Tumwater, WA",1479,0,1479,0,2001
36500,"Olympia-Lacey-Tumwater, WA",1835,58,1835,58,2002
36500,"Olympia-Lacey-Tumwater, WA",2014,244,2014,244,2003
36500,"Olympia-Lacey-Tumwater, WA",2253,113,2246,113,2004
36500,"Olympia-Lacey-Tumwater, WA",2570,12,2475,12,2005
36500,"Olympia-Lacey-Tumwater, WA",3204,491,3197,491,2006
36500,"Olympia-Lacey-Tumwater, WA",2603,532,2602,532,2007
36500,"Olympia-Lacey-Tumwater, WA",1361,119,1347,119,2008
36500,"Olympia-Lacey-Tumwater, WA",1317,68,1315,68,2009
36500,"Olympia-Lacey-Tumwater, WA",1156,93,1156,93,2010
36500,"Olympia-Lacey-Tumwater, WA",1028,161,1028,161,2011
36500,"Olympia-Lacey-Tumwater, WA",1012,40,1012,40,2012
36500,"Olympia-Lacey-Tumwater, WA",1289,357,1289,357,2013
36500,"Olympia-Lacey-Tumwater, WA",1003,59,996,52,2014
36500,"Olympia-Lacey-Tumwater, WA",1020,125,1020,125,2015
36500,"Olympia-Lacey-Tumwater, WA",2081,936,2081,936,2016
36500,"Olympia-Lacey-Tumwater, WA",1067,102,1067,102,2017
36500,"Olympia-Lacey-Tumwater, WA",1750,793,1750,793,2018
36500,"Olympia-Lacey-Tumwater, WA",1713,846,1713,846,2019
36500,"Olympia-Lacey-Tumwater, WA",1161,411,1056,365,2020
36500,"Olympia-Lacey-Tumwater, WA",2054,1220,1853,1152,2021
36500,"Olympia-Lacey-Tumwater, WA",1538,913,1355,843,2022
36500,"Olympia-Lacey-Tumwater, WA",1512,667,1512,667,2023
36500,"Olympia-Lacey-Tumwater, WA",1222,508,1155,473,2024
36500,"Olympia-Lacey-Tumwater, WA",1669,908,1419,762,2025
36540,"Omaha, NE-IA",3521,1152,3510,1152,1990
36540,"Omaha, NE-IA",3151,442,3150,442,1991
36540,"Omaha, NE-IA",3685,815,3670,810,1992
36540,"Omaha, NE-IA",4089,926,4081,926,1993
36540,"Omaha, NE-IA",3474,524,3452,524,1994
36540,"Omaha, NE-IA",4211,1205,4107,1200,1995
36540,"Omaha, NE-IA",5767,2185,5620,2185,1996
36540,"Omaha, NE-IA",5679,2205,5425,2187,1997
36540,"Omaha, NE-IA",5748,2055,5660,2049,1998
36540,"Omaha, NE-IA",5400,1033,5325,1033,1999
36540,"Omaha, NE-IA",5925,1718,5908,1718,2000
36540,"Omaha, NE-IA",5100,978,5080,968,2001
36540,"Omaha, NE-IA",5919,1245,5862,1245,2002
36540,"Omaha, NE-IA",6370,872,6370,872,2003
36540,"Omaha, NE-IA",6400,748,6318,748,2004
36540,"Omaha, NE-IA",6631,626,6558,626,2005
36540,"Omaha, NE-IA",5466,1094,5411,1094,2006
36540,"Omaha, NE-IA",5048,1125,5031,1125,2007
36540,"Omaha, NE-IA",4521,1311,4517,1311,2008
36540,"Omaha, NE-IA",3464,358,3456,353,2009
36540,"Omaha, NE-IA",3223,870,3208,870,2010
36540,"Omaha, NE-IA",3133,963,2851,710,2011
36540,"Omaha, NE-IA",3462,948,3395,948,2012
36540,"Omaha, NE-IA",4464,1370,4459,1370,2013
36540,"Omaha, NE-IA",4192,1533,4184,1533,2014
36540,"Omaha, NE-IA",4157,1165,4151,1165,2015
36540,"Omaha, NE-IA",4240,1279,4234,1279,2016
36540,"Omaha, NE-IA",4955,1772,4949,1772,2017
36540,"Omaha, NE-IA",4788,1932,4762,1932,2018
36540,"Omaha, NE-IA",4100,1431,4099,1431,2019
36540,"Omaha, NE-IA",5473,1956,5408,1956,2020
36540,"Omaha, NE-IA",6382,2588,6382,2588,2021
36540,"Omaha, NE-IA",6120,3122,5880,3087,2022
36540,"Omaha, NE-IA",4719,1892,4680,1887,2023
36540,"Omaha, NE-IA",7197,3543,6989,3538,2024
36540,"Omaha, NE-IA",6377,2816,6306,2816,2025
36740,"Orlando-Kissimmee-Sanford, FL",21036,7326,21034,7326,1990
36740,"Orlando-Kissimmee-Sanford, FL",15304,4207,15303,4207,1991
36740,"Orlando-Kissimmee-Sanford, FL",14342,2276,14342,2276,1992
36740,"Orlando-Kissimmee-Sanford, FL",16637,3986,16637,3986,1993
36740,"Orlando-Kissimmee-Sanford, FL",16654,4004,16654,4004,1994
36740,"Orlando-Kissimmee-Sanford, FL",16014,4948,15980,4927,1995
36740,"Orlando-Kissimmee-Sanford, FL",16084,3591,16083,3591,1996
36740,"Orlando-Kissimmee-Sanford, FL",21391,7431,21391,7431,1997
36740,"Orlando-Kissimmee-Sanford, FL",25758,10588,25730,10588,1998
36740,"Orlando-Kissimmee-Sanford, FL",29593,12892,29260,12823,1999
36740,"Orlando-Kissimmee-Sanford, FL",24924,9183,24633,9164,2000
36740,"Orlando-Kissimmee-Sanford, FL",23319,6369,23036,6369,2001
36740,"Orlando-Kissimmee-Sanford, FL",26208,8612,25846,8612,2002
36740,"Orlando-Kissimmee-Sanford, FL",28233,5632,28233,5632,2003
36740,"Orlando-Kissimmee-Sanford, FL",33992,6126,31807,6051,2004
36740,"Orlando-Kissimmee-Sanford, FL",36137,8999,31422,8834,2005
36740,"Orlando-Kissimmee-Sanford, FL",30984,6821,27029,6668,2006
36740,"Orlando-Kissimmee-Sanford, FL",18638,6649,15959,6509,2007
36740,"Orlando-Kissimmee-Sanford, FL",10233,4844,10226,4844,2008
36740,"Orlando-Kissimmee-Sanford, FL",4487,719,4472,709,2009
36740,"Orlando-Kissimmee-Sanford, FL",5254,966,5248,966,2010
36740,"Orlando-Kissimmee-Sanford, FL",6505,1900,6501,1900,2011
36740,"Orlando-Kissimmee-Sanford, FL",12006,4590,11994,4590,2012
36740,"Orlando-Kissimmee-Sanford, FL",15563,5760,15392,5755,2013
36740,"Orlando-Kissimmee-Sanford, FL",16115,6106,16057,6106,2014
36740,"Orlando-Kissimmee-Sanford, FL",20474,8218,20169,8186,2015
36740,"Orlando-Kissimmee-Sanford, FL",23254,8609,22110,8558,2016
36740,"Orlando-Kissimmee-Sanford, FL",19065,4278,17875,4053,2017
36740,"Orlando-Kissimmee-Sanford, FL",28882,12122,28793,12112,2018
36740,"Orlando-Kissimmee-Sanford, FL",24470,9068,24456,9068,2019
36740,"Orlando-Kissimmee-Sanford, FL",24499,8693,22700,8364,2020
36740,"Orlando-Kissimmee-Sanford, FL",30618,12454,29923,12042,2021
36740,"Orlando-Kissimmee-Sanford, FL",28683,12114,26546,11615,2022
36740,"Orlando-Kissimmee-Sanford, FL",25415,8220,22885,7575,2023
36740,"Orlando-Kissimmee-Sanford, FL",24135,8512,22353,8198,2024
36740,"Orlando-Kissimmee-Sanford, FL",27845,13463,26848,13165,2025
36780,"Oshkosh-Neenah, WI",1041,443,1041,443,1990
36780,"Oshkosh-Neenah, WI",884,222,884,222,1991
36780,"Oshkosh-Neenah, WI",1338,455,1206,388,1992
36780,"Oshkosh-Neenah, WI",1196,391,1157,371,1993
36780,"Oshkosh-Neenah, WI",1216,397,1216,397,1994
36780,"Oshkosh-Neenah, WI",917,208,865,197,1995
36780,"Oshkosh-Neenah, WI",1156,304,889,287,1996
36780,"Oshkosh-Neenah, WI",1062,406,1050,406,1997
36780,"Oshkosh-Neenah, WI",1101,366,1074,366,1998
36780,"Oshkosh-Neenah, WI",1008,296,935,277,1999
36780,"Oshkosh-Neenah, WI",811,201,518,140,2000
36780,"Oshkosh-Neenah, WI",1301,507,1255,507,2001
36780,"Oshkosh-Neenah, WI",1375,539,1356,539,2002
36780,"Oshkosh-Neenah, WI",1460,423,1460,423,2003
36780,"Oshkosh-Neenah, WI",1114,169,1023,139,2004
36780,"Oshkosh-Neenah, WI",777,74,765,74,2005
36780,"Oshkosh-Neenah, WI",816,258,808,258,2006
36780,"Oshkosh-Neenah, WI",559,72,541,72,2007
36780,"Oshkosh-Neenah, WI",638,188,630,188,2008
36780,"Oshkosh-Neenah, WI",401,118,378,118,2009
36780,"Oshkosh-Neenah, WI",359,90,359,90,2010
36780,"Oshkosh-Neenah, WI",385,181,380,181,2011
36780,"Oshkosh-Neenah, WI",273,22,264,22,2012
36780,"Oshkosh-Neenah, WI",387,74,382,74,2013
36780,"Oshkosh-Neenah, WI",511,228,511,228,2014
36780,"Oshkosh-Neenah, WI",710,378,710,378,2015
36780,"Oshkosh-Neenah, WI",411,71,411,71,2016
36780,"Oshkosh-Neenah, WI",549,210,538,210,2017
36780,"Oshkosh-Neenah, WI",378,97,350,97,2018
36780,"Oshkosh-Neenah, WI",334,72,334,72,2019
36780,"Oshkosh-Neenah, WI",554,265,554,265,2020
36780,"Oshkosh-Neenah, WI",948,555,948,555,2021
36780,"Oshkosh-Neenah, WI",459,102,459,102,2022
36780,"Oshkosh-Neenah, WI",432,186,430,186,2023
36780,"Oshkosh-Neenah, WI",656,333,656,333,2024
36780,"Oshkosh-Neenah, WI",682,387,682,387,2025
36980,"Owensboro, KY",316,32,316,32,1990
36980,"Owensboro, KY",313,44,234,44,1991
36980,"Owensboro, KY",354,18,327,18,1992
36980,"Owensboro, KY",385,16,185,16,1993
36980,"Owensboro, KY",430,28,227,28,1994
36980,"Owensboro, KY",528,132,336,132,1995
36980,"Owensboro, KY",414,22,203,22,1996
36980,"Owensboro, KY",493,48,283,48,1997
36980,"Owensboro, KY",544,134,304,134,1998
36980,"Owensboro, KY",687,100,437,100,1999
36980,"Owensboro, KY",839,80,598,80,2000
36980,"Owensboro, KY",749,8,496,8,2001
36980,"Owensboro, KY",1079,0,1079,0,2002
36980,"Owensboro, KY",585,0,585,0,2003
36980,"Owensboro, KY",415,0,414,0,2004
36980,"Owensboro, KY",446,20,444,20,2005
36980,"Owensboro, KY",342,0,342,0,2006
36980,"Owensboro, KY",421,56,421,56,2007
36980,"Owensboro, KY",304,66,303,66,2008
36980,"Owensboro, KY",244,0,243,0,2009
36980,"Owensboro, KY",333,35,332,35,2010
36980,"Owensboro, KY",270,56,269,56,2011
36980,"Owensboro, KY",259,0,258,0,2012
36980,"Owensboro, KY",517,240,516,240,2013
36980,"Owensboro, KY",320,24,320,24,2014
36980,"Owensboro, KY",241,0,241,0,2015
36980,"Owensboro, KY",372,134,372,134,2016
36980,"Owensboro, KY",262,0,262,0,2017
36980,"Owensboro, KY",247,25,247,25,2018
36980,"Owensboro, KY",322,31,322,31,2019
36980,"Owensboro, KY",338,0,338,0,2020
36980,"Owensboro, KY",388,0,388,0,2021
36980,"Owensboro, KY",238,5,238,5,2022
36980,"Owensboro, KY",283,97,283,97,2023
36980,"Owensboro, KY",230,6,230,6,2024
36980,"Owensboro, KY",255,64,253,64,2025
37100,"Oxnard-Thousand Oaks-Ventura, CA",2620,1090,2612,1090,1990
37100,"Oxnard-Thousand Oaks-Ventura, CA",2194,915,2194,915,1991
37100,"Oxnard-Thousand Oaks-Ventura, CA",1720,305,1717,305,1992
37100,"Oxnard-Thousand Oaks-Ventura, CA",1372,67,1372,67,1993
37100,"Oxnard-Thousand Oaks-Ventura, CA",2456,608,2456,608,1994
37100,"Oxnard-Thousand Oaks-Ventura, CA",2142,76,2142,76,1995
37100,"Oxnard-Thousand Oaks-Ventura, CA",2321,106,2192,106,1996
37100,"Oxnard-Thousand Oaks-Ventura, CA",2329,25,2240,25,1997
37100,"Oxnard-Thousand Oaks-Ventura, CA",3298,325,3281,325,1998
37100,"Oxnard-Thousand Oaks-Ventura, CA",4418,746,4043,713,1999
37100,"Oxnard-Thousand Oaks-Ventura, CA",3960,908,3960,908,2000
37100,"Oxnard-Thousand Oaks-Ventura, CA",3453,268,3442,268,2001
37100,"Oxnard-Thousand Oaks-Ventura, CA",2525,232,2449,222,2002
37100,"Oxnard-Thousand Oaks-Ventura, CA",3567,1264,3567,1264,2003
37100,"Oxnard-Thousand Oaks-Ventura, CA",2617,780,2592,757,2004
37100,"Oxnard-Thousand Oaks-Ventura, CA",4511,1689,4023,1602,2005
37100,"Oxnard-Thousand Oaks-Ventura, CA",2244,636,1575,324,2006
37100,"Oxnard-Thousand Oaks-Ventura, CA",1595,591,1066,302,2007
37100,"Oxnard-Thousand Oaks-Ventura, CA",893,396,710,285,2008
37100,"Oxnard-Thousand Oaks-Ventura, CA",352,83,195,5,2009
37100,"Oxnard-Thousand Oaks-Ventura, CA",590,359,410,249,2010
37100,"Oxnard-Thousand Oaks-Ventura, CA",568,257,354,108,2011
37100,"Oxnard-Thousand Oaks-Ventura, CA",566,268,264,60,2012
37100,"Oxnard-Thousand Oaks-Ventura, CA",1001,510,624,249,2013
37100,"Oxnard-Thousand Oaks-Ventura, CA",1314,687,1036,502,2014
37100,"Oxnard-Thousand Oaks-Ventura, CA",1433,664,758,261,2015
37100,"Oxnard-Thousand Oaks-Ventura, CA",1609,854,911,402,2016
37100,"Oxnard-Thousand Oaks-Ventura, CA",2565,1375,1956,923,2017
37100,"Oxnard-Thousand Oaks-Ventura, CA",1204,522,955,424,2018
37100,"Oxnard-Thousand Oaks-Ventura, CA",1146,472,1095,472,2019
37100,"Oxnard-Thousand Oaks-Ventura, CA",1501,762,1023,762,2020
37100,"Oxnard-Thousand Oaks-Ventura, CA",1477,709,1251,702,2021
37100,"Oxnard-Thousand Oaks-Ventura, CA",1368,847,1319,847,2022
37100,"Oxnard-Thousand Oaks-Ventura, CA",1163,672,939,563,2023
37100,"Oxnard-Thousand Oaks-Ventura, CA",1648,1119,1600,1119,2024
37100,"Oxnard-Thousand Oaks-Ventura, CA",1609,1042,1234,762,2025
37140,"Paducah, KY-IL",52,0,52,0,1990
37140,"Paducah, KY-IL",126,0,126,0,1991
37140,"Paducah, KY-IL",345,0,345,0,1992
37140,"Paducah, KY-IL",416,30,416,30,1993
37140,"Paducah, KY-IL",472,65,462,60,1994
37140,"Paducah, KY-IL",445,87,415,78,1995
37140,"Paducah, KY-IL",451,86,451,86,1996
37140,"Paducah, KY-IL",290,0,290,0,1997
37140,"Paducah, KY-IL",395,99,395,99,1998
37140,"Paducah, KY-IL",276,33,276,33,1999
37140,"Paducah, KY-IL",176,0,176,0,2000
37140,"Paducah, KY-IL",172,6,167,6,2001
37140,"Paducah, KY-IL",219,0,219,0,2002
37140,"Paducah, KY-IL",220,0,220,0,2003
37140,"Paducah, KY-IL",459,0,459,0,2004
37140,"Paducah, KY-IL",368,0,330,0,2005
37140,"Paducah, KY-IL",264,6,264,6,2006
37140,"Paducah, KY-IL",327,40,327,40,2007
37140,"Paducah, KY-IL",131,22,131,22,2008
37140,"Paducah, KY-IL",91,0,91,0,2009
37140,"Paducah, KY-IL",146,0,146,0,2010
37140,"Paducah, KY-IL",158,48,158,48,2011
37140,"Paducah, KY-IL",183,68,183,68,2012
37140,"Paducah, KY-IL",113,24,113,24,2013
37140,"Paducah, KY-IL",225,76,223,76,2014
37140,"Paducah, KY-IL",491,281,491,281,2015
37140,"Paducah, KY-IL",240,30,239,30,2016
37140,"Paducah, KY-IL",150,16,150,16,2017
37140,"Paducah, KY-IL",113,12,111,12,2018
37140,"Paducah, KY-IL",135,20,135,20,2019
37140,"Paducah, KY-IL",147,25,40,0,2020
37140,"Paducah, KY-IL",149,30,149,30,2021
37140,"Paducah, KY-IL",157,48,157,48,2022
37140,"Paducah, KY-IL",159,67,145,62,2023
37140,"Paducah, KY-IL",195,104,195,104,2024
37140,"Paducah, KY-IL",178,44,177,44,2025
37340,"Palm Bay-Melbourne-Titusville, FL",4759,789,4759,789,1990
37340,"Palm Bay-Melbourne-Titusville, FL",3194,247,3194,247,1991
37340,"Palm Bay-Melbourne-Titusville, FL",3710,96,3710,96,1992
37340,"Palm Bay-Melbourne-Titusville, FL",3949,229,3943,224,1993
37340,"Palm Bay-Melbourne-Titusville, FL",4007,367,4007,367,1994
37340,"Palm Bay-Melbourne-Titusville, FL",2764,221,2764,221,1995
37340,"Palm Bay-Melbourne-Titusville, FL",3301,357,3298,357,1996
37340,"Palm Bay-Melbourne-Titusville, FL",3364,298,3123,298,1997
37340,"Palm Bay-Melbourne-Titusville, FL",3822,513,3818,513,1998
37340,"Palm Bay-Melbourne-Titusville, FL",4659,1232,4494,1232,1999
37340,"Palm Bay-Melbourne-Titusville, FL",4284,809,4284,809,2000
37340,"Palm Bay-Melbourne-Titusville, FL",5044,632,5043,632,2001
37340,"Palm Bay-Melbourne-Titusville, FL",6622,1609,6619,1609,2002
37340,"Palm Bay-Melbourne-Titusville, FL",6169,539,6169,539,2003
37340,"Palm Bay-Melbourne-Titusville, FL",8925,2344,8743,2344,2004
37340,"Palm Bay-Melbourne-Titusville, FL",8787,1403,8787,1403,2005
37340,"Palm Bay-Melbourne-Titusville, FL",5044,1045,4968,1017,2006
37340,"Palm Bay-Melbourne-Titusville, FL",2927,869,2927,869,2007
37340,"Palm Bay-Melbourne-Titusville, FL",1625,356,1625,356,2008
37340,"Palm Bay-Melbourne-Titusville, FL",995,108,986,108,2009
37340,"Palm Bay-Melbourne-Titusville, FL",1144,218,1144,218,2010
37340,"Palm Bay-Melbourne-Titusville, FL",882,27,870,27,2011
37340,"Palm Bay-Melbourne-Titusville, FL",1128,8,1125,8,2012
37340,"Palm Bay-Melbourne-Titusville, FL",1373,24,1373,24,2013
37340,"Palm Bay-Melbourne-Titusville, FL",1286,43,1270,43,2014
37340,"Palm Bay-Melbourne-Titusville, FL",1918,299,1903,299,2015
37340,"Palm Bay-Melbourne-Titusville, FL",2915,729,2886,724,2016
37340,"Palm Bay-Melbourne-Titusville, FL",2753,582,2727,582,2017
37340,"Palm Bay-Melbourne-Titusville, FL",2958,586,2928,586,2018
37340,"Palm Bay-Melbourne-Titusville, FL",4202,1740,4069,1740,2019
37340,"Palm Bay-Melbourne-Titusville, FL",4739,1344,4580,1344,2020
37340,"Palm Bay-Melbourne-Titusville, FL",5174,693,5025,693,2021
37340,"Palm Bay-Melbourne-Titusville, FL",5258,965,5128,965,2022
37340,"Palm Bay-Melbourne-Titusville, FL",6537,1551,6416,1551,2023
37340,"Palm Bay-Melbourne-Titusville, FL",4603,702,4468,702,2024
37340,"Palm Bay-Melbourne-Titusville, FL",4624,1230,4512,1230,2025
37460,"Panama City-Panama City Beach, FL",833,36,833,36,1990
37460,"Panama City-Panama City Beach, FL",969,16,969,16,1991
37460,"Panama City-Panama City Beach, FL",1327,40,1327,40,1992
37460,"Panama City-Panama City Beach, FL",1488,232,1488,232,1993
37460,"Panama City-Panama City Beach, FL",1143,0,1051,0,1994
37460,"Panama City-Panama City Beach, FL",1134,184,1134,184,1995
37460,"Panama City-Panama City Beach, FL",1133,0,1133,0,1996
37460,"Panama City-Panama City Beach, FL",1657,568,1657,568,1997
37460,"Panama City-Panama City Beach, FL",1707,442,1707,442,1998
37460,"Panama City-Panama City Beach, FL",1138,132,1138,132,1999
37460,"Panama City-Panama City Beach, FL",1531,621,1531,621,2000
37460,"Panama City-Panama City Beach, FL",1164,103,1164,103,2001
37460,"Panama City-Panama City Beach, FL",1692,461,1692,461,2002
37460,"Panama City-Panama City Beach, FL",3790,2316,3790,2316,2003
37460,"Panama City-Panama City Beach, FL",3970,2270,3970,2270,2004
37460,"Panama City-Panama City Beach, FL",5562,3633,5562,3633,2005
37460,"Panama City-Panama City Beach, FL",3201,1952,3132,1952,2006
37460,"Panama City-Panama City Beach, FL",1148,360,1148,360,2007
37460,"Panama City-Panama City Beach, FL",981,480,979,480,2008
37460,"Panama City-Panama City Beach, FL",390,72,390,72,2009
37460,"Panama City-Panama City Beach, FL",332,104,332,104,2010
37460,"Panama City-Panama City Beach, FL",366,39,324,18,2011
37460,"Panama City-Panama City Beach, FL",462,38,414,18,2012
37460,"Panama City-Panama City Beach, FL",617,86,614,86,2013
37460,"Panama City-Panama City Beach, FL",622,0,592,0,2014
37460,"Panama City-Panama City Beach, FL",910,168,910,168,2015
37460,"Panama City-Panama City Beach, FL",943,92,940,92,2016
37460,"Panama City-Panama City Beach, FL",1695,747,1476,643,2017
37460,"Panama City-Panama City Beach, FL",1564,451,666,47,2018
37460,"Panama City-Panama City Beach, FL",1865,511,1544,408,2019
37460,"Panama City-Panama City Beach, FL",2906,1499,2754,1499,2020
37460,"Panama City-Panama City Beach, FL",2700,1065,2525,1065,2021
37460,"Panama City-Panama City Beach, FL",2394,159,2246,159,2022
37460,"Panama City-Panama City Beach, FL",2497,477,752,338,2023
37460,"Panama City-Panama City Beach, FL",2690,559,745,321,2024
37460,"Panama City-Panama City Beach, FL",2295,344,467,6,2025
37620,"Parkersburg-Vienna, WV",68,0,68,0,1990
37620,"Parkersburg-Vienna, WV",210,33,210,33,1991
37620,"Parkersburg-Vienna, WV",292,54,292,54,1992
37620,"Parkersburg-Vienna, WV",302,26,302,26,1993
37620,"Parkersburg-Vienna, WV",252,47,179,6,1994
37620,"Parkersburg-Vienna, WV",277,81,197,34,1995
37620,"Parkersburg-Vienna, WV",359,138,289,97,1996
37620,"Parkersburg-Vienna, WV",390,184,284,128,1997
37620,"Parkersburg-Vienna, WV",267,92,266,92,1998
37620,"Parkersburg-Vienna, WV",223,0,222,0,1999
37620,"Parkersburg-Vienna, WV",237,20,237,20,2000
37620,"Parkersburg-Vienna, WV",277,60,277,60,2001
37620,"Parkersburg-Vienna, WV",203,0,203,0,2002
37620,"Parkersburg-Vienna, WV",168,0,168,0,2003
37620,"Parkersburg-Vienna, WV",186,0,173,0,2004
37620,"Parkersburg-Vienna, WV",260,0,260,0,2005
37620,"Parkersburg-Vienna, WV",257,0,253,0,2006
37620,"Parkersburg-Vienna, WV",187,0,187,0,2007
37620,"Parkersburg-Vienna, WV",190,53,190,53,2008
37620,"Parkersburg-Vienna, WV",130,6,130,6,2009
37620,"Parkersburg-Vienna, WV",137,41,137,41,2010
37620,"Parkersburg-Vienna, WV",81,0,77,0,2011
37620,"Parkersburg-Vienna, WV",118,0,118,0,2012
37620,"Parkersburg-Vienna, WV",82,0,70,0,2013
37620,"Parkersburg-Vienna, WV",124,0,122,0,2014
37620,"Parkersburg-Vienna, WV",177,30,173,30,2015
37620,"Parkersburg-Vienna, WV",132,0,128,0,2016
37620,"Parkersburg-Vienna, WV",133,0,121,0,2017
37620,"Parkersburg-Vienna, WV",125,0,108,0,2018
37620,"Parkersburg-Vienna, WV",142,0,133,0,2019
37620,"Parkersburg-Vienna, WV",83,0,72,0,2020
37620,"Parkersburg-Vienna, WV",109,0,96,0,2021
37620,"Parkersburg-Vienna, WV",66,0,55,0,2022
37620,"Parkersburg-Vienna, WV",96,0,84,0,2023
37620,"Parkersburg-Vienna, WV",138,33,124,33,2024
37620,"Parkersburg-Vienna, WV",99,0,87,0,2025
37860,"Pensacola-Ferry Pass-Brent, FL",1997,16,1997,16,1990
37860,"Pensacola-Ferry Pass-Brent, FL",2050,70,2050,70,1991
37860,"Pensacola-Ferry Pass-Brent, FL",3145,87,3145,87,1992
37860,"Pensacola-Ferry Pass-Brent, FL",2974,42,2974,42,1993
37860,"Pensacola-Ferry Pass-Brent, FL",3273,116,3273,116,1994
37860,"Pensacola-Ferry Pass-Brent, FL",2844,442,2844,442,1995
37860,"Pensacola-Ferry Pass-Brent, FL",4565,1172,4565,1172,1996
37860,"Pensacola-Ferry Pass-Brent, FL",3695,476,3695,476,1997
37860,"Pensacola-Ferry Pass-Brent, FL",3224,280,3224,280,1998
37860,"Pensacola-Ferry Pass-Brent, FL",2914,183,2914,183,1999
37860,"Pensacola-Ferry Pass-Brent, FL",2511,34,2511,34,2000
37860,"Pensacola-Ferry Pass-Brent, FL",3182,226,3182,226,2001
37860,"Pensacola-Ferry Pass-Brent, FL",3213,344,3213,344,2002
37860,"Pensacola-Ferry Pass-Brent, FL",4801,1141,4801,1141,2003
37860,"Pensacola-Ferry Pass-Brent, FL",4635,796,4471,796,2004
37860,"Pensacola-Ferry Pass-Brent, FL",3956,473,3956,473,2005
37860,"Pensacola-Ferry Pass-Brent, FL",2811,598,2811,598,2006
37860,"Pensacola-Ferry Pass-Brent, FL",2622,740,2400,649,2007
37860,"Pensacola-Ferry Pass-Brent, FL",1290,154,1290,154,2008
37860,"Pensacola-Ferry Pass-Brent, FL",1042,74,1042,74,2009
37860,"Pensacola-Ferry Pass-Brent, FL",1754,410,1697,405,2010
37860,"Pensacola-Ferry Pass-Brent, FL",1205,0,1205,0,2011
37860,"Pensacola-Ferry Pass-Brent, FL",1494,28,1494,28,2012
37860,"Pensacola-Ferry Pass-Brent, FL",2131,256,2131,256,2013
37860,"Pensacola-Ferry Pass-Brent, FL",1825,176,1825,176,2014
37860,"Pensacola-Ferry Pass-Brent, FL",2634,599,2634,599,2015
37860,"Pensacola-Ferry Pass-Brent, FL",2873,486,2873,486,2016
37860,"Pensacola-Ferry Pass-Brent, FL",2609,5,2609,5,2017
37860,"Pensacola-Ferry Pass-Brent, FL",2568,36,2568,36,2018
37860,"Pensacola-Ferry Pass-Brent, FL",3222,397,3222,397,2019
37860,"Pensacola-Ferry Pass-Brent, FL",4391,260,4391,260,2020
37860,"Pensacola-Ferry Pass-Brent, FL",4051,247,4051,247,2021
37860,"Pensacola-Ferry Pass-Brent, FL",3519,162,3519,162,2022
37860,"Pensacola-Ferry Pass-Brent, FL",2823,5,2823,5,2023
37860,"Pensacola-Ferry Pass-Brent, FL",3445,128,3445,128,2024
37860,"Pensacola-Ferry Pass-Brent, FL",3327,32,3327,32,2025
37900,"Peoria, IL",857,32,854,32,1990
37900,"Peoria, IL",781,13,768,13,1991
37900,"Peoria, IL",936,22,935,22,1992
37900,"Peoria, IL",1285,284,1242,284,1993
37900,"Peoria, IL",1061,15,1049,15,1994
37900,"Peoria, IL",1339,325,1289,325,1995
37900,"Peoria, IL",1489,205,1479,205,1996
37900,"Peoria, IL",1295,218,1264,218,1997
37900,"Peoria, IL",1364,159,1312,159,1998
37900,"Peoria, IL",1531,168,1503,168,1999
37900,"Peoria, IL",1598,316,1579,316,2000
37900,"Peoria, IL",1169,41,1149,41,2001
37900,"Peoria, IL",1411,25,1407,25,2002
37900,"Peoria, IL",1757,220,1757,220,2003
37900,"Peoria, IL",1820,174,1749,174,2004
37900,"Peoria, IL",1937,355,1908,355,2005
37900,"Peoria, IL",1622,227,1610,227,2006
37900,"Peoria, IL",1352,167,1334,161,2007
37900,"Peoria, IL",994,173,984,173,2008
37900,"Peoria, IL",578,7,554,0,2009
37900,"Peoria, IL",793,191,783,191,2010
37900,"Peoria, IL",470,16,421,0,2011
37900,"Peoria, IL",727,56,699,56,2012
37900,"Peoria, IL",618,58,600,58,2013
37900,"Peoria, IL",890,53,834,53,2014
37900,"Peoria, IL",502,58,493,58,2015
37900,"Peoria, IL",350,0,234,0,2016
37900,"Peoria, IL",257,0,243,0,2017
37900,"Peoria, IL",334,98,315,98,2018
37900,"Peoria, IL",275,54,261,54,2019
37900,"Peoria, IL",234,44,197,44,2020
37900,"Peoria, IL",345,150,335,150,2021
37900,"Peoria, IL",275,120,264,120,2022
37900,"Peoria, IL",184,22,138,22,2023
37900,"Peoria, IL",230,27,177,27,2024
37900,"Peoria, IL",234,17,191,17,2025
37980,"Philadelphia-Camden-Wilmington, PA-NJ-DE-MD",15817,2253,15733,2253,1990
37980,"Philadelphia-Camden-Wilmington, PA-NJ-DE-MD",14137,1206,13613,1181,1991
37980,"Philadelphia-Camden-Wilmington, PA-NJ-DE-MD",16598,993,16260,993,1992
37980,"Philadelphia-Camden-Wilmington, PA-NJ-DE-MD",18712,1186,17997,1176,1993
37980,"Philadelphia-Camden-Wilmington, PA-NJ-DE-MD",18042,884,16872,829,1994
37980,"Philadelphia-Camden-Wilmington, PA-NJ-DE-MD",16107,1158,14805,1092,1995
37980,"Philadelphia-Camden-Wilmington, PA-NJ-DE-MD",17509,2018,16498,1973,1996
37980,"Philadelphia-Camden-Wilmington, PA-NJ-DE-MD",19659,3449,18913,3409,1997
37980,"Philadelphia-Camden-Wilmington, PA-NJ-DE-MD",20905,3119,19160,2866,1998
37980,"Philadelphia-Camden-Wilmington, PA-NJ-DE-MD",19983,2606,18118,2225,1999
37980,"Philadelphia-Camden-Wilmington, PA-NJ-DE-MD",19520,3226,17582,2827,2000
37980,"Philadelphia-Camden-Wilmington, PA-NJ-DE-MD",17846,2779,16080,2407,2001
37980,"Philadelphia-Camden-Wilmington, PA-NJ-DE-MD",18975,2246,17066,1930,2002
37980,"Philadelphia-Camden-Wilmington, PA-NJ-DE-MD",21080,5279,21080,5279,2003
37980,"Philadelphia-Camden-Wilmington, PA-NJ-DE-MD",21010,5014,19552,4825,2004
37980,"Philadelphia-Camden-Wilmington, PA-NJ-DE-MD",20242,4668,18643,4356,2005
37980,"Philadelphia-Camden-Wilmington, PA-NJ-DE-MD",17212,4958,15387,4566,2006
37980,"Philadelphia-Camden-Wilmington, PA-NJ-DE-MD",13477,3564,11886,3061,2007
37980,"Philadelphia-Camden-Wilmington, PA-NJ-DE-MD",10570,3025,9899,2721,2008
37980,"Philadelphia-Camden-Wilmington, PA-NJ-DE-MD",7093,1823,6472,1657,2009
37980,"Philadelphia-Camden-Wilmington, PA-NJ-DE-MD",7053,1338,6309,1076,2010
37980,"Philadelphia-Camden-Wilmington, PA-NJ-DE-MD",6979,2067,6229,1819,2011
37980,"Philadelphia-Camden-Wilmington, PA-NJ-DE-MD",9270,3537,8441,3114,2012
37980,"Philadelphia-Camden-Wilmington, PA-NJ-DE-MD",11217,4230,10278,3756,2013
37980,"Philadelphia-Camden-Wilmington, PA-NJ-DE-MD",13631,6523,12595,5948,2014
37980,"Philadelphia-Camden-Wilmington, PA-NJ-DE-MD",12317,5060,11237,4405,2015
37980,"Philadelphia-Camden-Wilmington, PA-NJ-DE-MD",12245,4463,10850,3823,2016
37980,"Philadelphia-Camden-Wilmington, PA-NJ-DE-MD",13544,5540,11452,4786,2017
37980,"Philadelphia-Camden-Wilmington, PA-NJ-DE-MD",13156,5375,11016,4507,2018
37980,"Philadelphia-Camden-Wilmington, PA-NJ-DE-MD",15607,7540,15146,7466,2019
37980,"Philadelphia-Camden-Wilmington, PA-NJ-DE-MD",16201,6951,11571,5052,2020
37980,"Philadelphia-Camden-Wilmington, PA-NJ-DE-MD",36307,25427,35338,24988,2021
37980,"Philadelphia-Camden-Wilmington, PA-NJ-DE-MD",14371,4891,14112,4886,2022
37980,"Philadelphia-Camden-Wilmington, PA-NJ-DE-MD",12019,5126,10904,4759,2023
37980,"Philadelphia-Camden-Wilmington, PA-NJ-DE-MD",14214,5044,11795,4444,2024
37980,"Philadelphia-Camden-Wilmington, PA-NJ-DE-MD",12900,4935,10536,4371,2025
38060,"Phoenix-Mesa-Chandler, AZ",13378,1987,13357,1987,1990
38060,"Phoenix-Mesa-Chandler, AZ",15428,990,15405,973,1991
38060,"Phoenix-Mesa-Chandler, AZ",21016,1297,21016,1297,1992
38060,"Phoenix-Mesa-Chandler, AZ",25472,1917,25472,1917,1993
38060,"Phoenix-Mesa-Chandler, AZ",34775,5991,34775,5991,1994
38060,"Phoenix-Mesa-Chandler, AZ",37536,8392,37528,8392,1995
38060,"Phoenix-Mesa-Chandler, AZ",39646,9754,39619,9754,1996
38060,"Phoenix-Mesa-Chandler, AZ",43224,10620,43170,10620,1997
38060,"Phoenix-Mesa-Chandler, AZ",47802,10825,47698,10805,1998
38060,"Phoenix-Mesa-Chandler, AZ",47713,8674,47539,8617,1999
38060,"Phoenix-Mesa-Chandler, AZ",45310,10291,45024,10286,2000
38060,"Phoenix-Mesa-Chandler, AZ",46100,8243,46056,8243,2001
38060,"Phoenix-Mesa-Chandler, AZ",47899,7343,47487,7343,2002
38060,"Phoenix-Mesa-Chandler, AZ",54860,6823,54860,6823,2003
38060,"Phoenix-Mesa-Chandler, AZ",65259,6293,64340,6252,2004
38060,"Phoenix-Mesa-Chandler, AZ",62617,7476,61947,7406,2005
38060,"Phoenix-Mesa-Chandler, AZ",44280,6502,43383,6497,2006
38060,"Phoenix-Mesa-Chandler, AZ",37272,9756,37008,9721,2007
38060,"Phoenix-Mesa-Chandler, AZ",18533,5413,18527,5413,2008
38060,"Phoenix-Mesa-Chandler, AZ",9272,614,9272,614,2009
38060,"Phoenix-Mesa-Chandler, AZ",8300,1004,8026,759,2010
38060,"Phoenix-Mesa-Chandler, AZ",9081,1686,9081,1686,2011
38060,"Phoenix-Mesa-Chandler, AZ",15967,3699,15514,3699,2012
38060,"Phoenix-Mesa-Chandler, AZ",18737,5449,18737,5449,2013
38060,"Phoenix-Mesa-Chandler, AZ",20341,8503,20267,8497,2014
38060,"Phoenix-Mesa-Chandler, AZ",22402,5427,22138,5427,2015
38060,"Phoenix-Mesa-Chandler, AZ",28583,9579,28290,9469,2016
38060,"Phoenix-Mesa-Chandler, AZ",29312,8327,29312,8327,2017
38060,"Phoenix-Mesa-Chandler, AZ",31343,7148,29936,6822,2018
38060,"Phoenix-Mesa-Chandler, AZ",35873,10009,34345,8722,2019
38060,"Phoenix-Mesa-Chandler, AZ",48219,15673,46738,14468,2020
38060,"Phoenix-Mesa-Chandler, AZ",50581,14884,48822,13271,2021
38060,"Phoenix-Mesa-Chandler, AZ",47804,19242,46059,17615,2022
38060,"Phoenix-Mesa-Chandler, AZ",45616,19036,42875,17603,2023
38060,"Phoenix-Mesa-Chandler, AZ",45884,13835,43529,12873,2024
38060,"Phoenix-Mesa-Chandler, AZ",39699,14800,38092,13611,2025
38240,"Pinehurst-Southern Pines, NC",485,6,485,6,1990
38240,"Pinehurst-Southern Pines, NC",377,0,377,0,1991
38240,"Pinehurst-Southern Pines, NC",632,0,632,0,1992
38240,"Pinehurst-Southern Pines, NC",625,0,621,0,1993
38240,"Pinehurst-Southern Pines, NC",735,24,714,24,1994
38240,"Pinehurst-Southern Pines, NC",679,0,679,0,1995
38240,"Pinehurst-Southern Pines, NC",741,21,701,21,1996
38240,"Pinehurst-Southern Pines, NC",708,15,708,15,1997
38240,"Pinehurst-Southern Pines, NC",940,101,940,101,1998
38240,"Pinehurst-Southern Pines, NC",909,180,909,180,1999
38240,"Pinehurst-Southern Pines, NC",672,71,672,71,2000
38240,"Pinehurst-Southern Pines, NC",637,32,637,32,2001
38240,"Pinehurst-Southern Pines, NC",665,60,665,60,2002
38240,"Pinehurst-Southern Pines, NC",869,240,869,240,2003
38240,"Pinehurst-Southern Pines, NC",857,63,857,63,2004
38240,"Pinehurst-Southern Pines, NC",1075,86,1075,86,2005
38240,"Pinehurst-Southern Pines, NC",1031,54,862,54,2006
38240,"Pinehurst-Southern Pines, NC",832,6,832,6,2007
38240,"Pinehurst-Southern Pines, NC",440,0,440,0,2008
38240,"Pinehurst-Southern Pines, NC",334,22,334,22,2009
38240,"Pinehurst-Southern Pines, NC",366,0,366,0,2010
38240,"Pinehurst-Southern Pines, NC",396,0,396,0,2011
38240,"Pinehurst-Southern Pines, NC",426,0,426,0,2012
38240,"Pinehurst-Southern Pines, NC",540,48,431,48,2013
38240,"Pinehurst-Southern Pines, NC",608,0,608,0,2014
38240,"Pinehurst-Southern Pines, NC",562,0,562,0,2015
38240,"Pinehurst-Southern Pines, NC",731,0,731,0,2016
38240,"Pinehurst-Southern Pines, NC",720,0,720,0,2017
38240,"Pinehurst-Southern Pines, NC",762,0,600,0,2018
38240,"Pinehurst-Southern Pines, NC",836,0,660,0,2019
38240,"Pinehurst-Southern Pines, NC",1021,0,828,0,2020
38240,"Pinehurst-Southern Pines, NC",919,0,684,0,2021
38240,"Pinehurst-Southern Pines, NC",982,0,982,0,2022
38240,"Pinehurst-Southern Pines, NC",872,0,747,0,2023
38240,"Pinehurst-Southern Pines, NC",942,0,798,0,2024
38240,"Pinehurst-Southern Pines, NC",1077,0,922,0,2025
38300,"Pittsburgh, PA",6232,951,6085,941,1990
38300,"Pittsburgh, PA",5982,958,5760,948,1991
38300,"Pittsburgh, PA",6362,547,6265,547,1992
38300,"Pittsburgh, PA",6747,513,6285,473,1993
38300,"Pittsburgh, PA",7046,599,6308,482,1994
38300,"Pittsburgh, PA",5754,530,4991,412,1995
38300,"Pittsburgh, PA",5984,716,5193,533,1996
38300,"Pittsburgh, PA",6399,1328,5426,1133,1997
38300,"Pittsburgh, PA",6895,1338,5741,1150,1998
38300,"Pittsburgh, PA",7323,1499,6076,1281,1999
38300,"Pittsburgh, PA",6851,1026,5753,808,2000
38300,"Pittsburgh, PA",7115,1614,6377,1425,2001
38300,"Pittsburgh, PA",7262,1344,6286,1253,2002
38300,"Pittsburgh, PA",6714,759,6714,759,2003
38300,"Pittsburgh, PA",7084,872,5911,530,2004
38300,"Pittsburgh, PA",5770,623,4789,249,2005
38300,"Pittsburgh, PA",5752,1025,5055,747,2006
38300,"Pittsburgh, PA",4777,551,4249,442,2007
38300,"Pittsburgh, PA",3879,280,3706,224,2008
38300,"Pittsburgh, PA",3135,281,2998,281,2009
38300,"Pittsburgh, PA",3720,37,3518,37,2010
38300,"Pittsburgh, PA",2949,165,2796,160,2011
38300,"Pittsburgh, PA",3507,359,3350,349,2012
38300,"Pittsburgh, PA",4606,1209,4339,1209,2013
38300,"Pittsburgh, PA",4231,957,4089,957,2014
38300,"Pittsburgh, PA",5317,1743,5022,1629,2015
38300,"Pittsburgh, PA",4501,1186,3885,817,2016
38300,"Pittsburgh, PA",4438,1124,3425,722,2017
38300,"Pittsburgh, PA",4083,917,3580,697,2018
38300,"Pittsburgh, PA",4062,1004,2860,430,2019
38300,"Pittsburgh, PA",4888,1047,3380,477,2020
38300,"Pittsburgh, PA",5290,1046,3313,244,2021
38300,"Pittsburgh, PA",5919,2564,5634,2534,2022
38300,"Pittsburgh, PA",6342,2831,6018,2781,2023
38300,"Pittsburgh, PA",5412,1749,4617,1626,2024
38300,"Pittsburgh, PA",5797,2218,4933,2052,2025
38340,"Pittsfield, MA",377,66,296,56,1990
38340,"Pittsfield, MA",318,25,185,0,1991
38340,"Pittsfield, MA",336,0,315,0,1992
38340,"Pittsfield, MA",295,11,228,6,1993
38340,"Pittsfield, MA",311,0,192,0,1994
38340,"Pittsfield, MA",281,0,171,0,1995
38340,"Pittsfield, MA",400,128,293,128,1996
38340,"Pittsfield, MA",352,120,293,120,1997
38340,"Pittsfield, MA",270,0,201,0,1998
38340,"Pittsfield, MA",327,53,240,53,1999
38340,"Pittsfield, MA",314,44,230,44,2000
38340,"Pittsfield, MA",357,64,292,64,2001
38340,"Pittsfield, MA",459,116,338,116,2002
38340,"Pittsfield, MA",417,40,417,40,2003
38340,"Pittsfield, MA",480,24,379,24,2004
38340,"Pittsfield, MA",486,33,357,33,2005
38340,"Pittsfield, MA",352,0,275,0,2006
38340,"Pittsfield, MA",298,32,171,32,2007
38340,"Pittsfield, MA",315,155,277,155,2008
38340,"Pittsfield, MA",173,39,142,39,2009
38340,"Pittsfield, MA",139,0,111,0,2010
38340,"Pittsfield, MA",122,21,91,21,2011
38340,"Pittsfield, MA",89,0,56,0,2012
38340,"Pittsfield, MA",99,0,66,0,2013
38340,"Pittsfield, MA",177,40,121,40,2014
38340,"Pittsfield, MA",214,108,158,108,2015
38340,"Pittsfield, MA",191,96,39,0,2016
38340,"Pittsfield, MA",194,93,45,0,2017
38340,"Pittsfield, MA",262,175,90,53,2018
38340,"Pittsfield, MA",276,199,77,42,2019
38340,"Pittsfield, MA",211,126,39,0,2020
38340,"Pittsfield, MA",193,57,156,57,2021
38340,"Pittsfield, MA",126,0,65,0,2022
38340,"Pittsfield, MA",145,30,101,30,2023
38340,"Pittsfield, MA",127,10,54,0,2024
38340,"Pittsfield, MA",149,50,101,50,2025
38540,"Pocatello, ID",125,0,125,0,1990
38540,"Pocatello, ID",172,0,172,0,1991
38540,"Pocatello, ID",248,0,248,0,1992
38540,"Pocatello, ID",387,40,387,40,1993
38540,"Pocatello, ID",357,0,352,0,1994
38540,"Pocatello, ID",330,38,330,38,1995
38540,"Pocatello, ID",425,30,425,30,1996
38540,"Pocatello, ID",373,14,373,14,1997
38540,"Pocatello, ID",292,25,285,25,1998
38540,"Pocatello, ID",308,0,308,0,1999
38540,"Pocatello, ID",235,0,229,0,2000
38540,"Pocatello, ID",285,0,279,0,2001
38540,"Pocatello, ID",346,25,340,25,2002
38540,"Pocatello, ID",401,0,401,0,2003
38540,"Pocatello, ID",560,114,552,114,2004
38540,"Pocatello, ID",649,70,611,60,2005
38540,"Pocatello, ID",679,10,679,10,2006
38540,"Pocatello, ID",316,0,316,0,2007
38540,"Pocatello, ID",219,0,215,0,2008
38540,"Pocatello, ID",152,0,148,0,2009
38540,"Pocatello, ID",140,0,140,0,2010
38540,"Pocatello, ID",75,0,72,0,2011
38540,"Pocatello, ID",136,0,135,0,2012
38540,"Pocatello, ID",162,0,108,0,2013
38540,"Pocatello, ID",162,0,161,0,2014
38540,"Pocatello, ID",190,0,190,0,2015
38540,"Pocatello, ID",202,0,192,0,2016
38540,"Pocatello, ID",223,0,214,0,2017
38540,"Pocatello, ID",404,0,403,0,2018
38540,"Pocatello, ID",307,6,307,6,2019
38540,"Pocatello, ID",763,394,679,394,2020
38540,"Pocatello, ID",489,0,489,0,2021
38540,"Pocatello, ID",526,121,420,121,2022
38540,"Pocatello, ID",343,23,189,0,2023
38540,"Pocatello, ID",323,6,222,6,2024
38540,"Pocatello, ID",592,96,592,96,2025
38860,"Portland-South Portland, ME",2281,259,2092,259,1990
38860,"Portland-South Portland, ME",1776,60,1656,55,1991
38860,"Portland-South Portland, ME",2307,101,2248,101,1992
38860,"Portland-South Portland, ME",2012,67,1909,67,1993
38860,"Portland-South Portland, ME",2122,24,1989,24,1994
38860,"Portland-South Portland, ME",1981,109,1816,104,1995
38860,"Portland-South Portland, ME",2172,105,2101,100,1996
38860,"Portland-South Portland, ME",2222,103,2124,103,1997
38860,"Portland-South Portland, ME",3124,318,2953,318,1998
38860,"Portland-South Portland, ME",2939,38,2649,38,1999
38860,"Portland-South Portland, ME",3139,63,2857,63,2000
38860,"Portland-South Portland, ME",3152,164,2877,164,2001
38860,"Portland-South Portland, ME",3550,276,3289,271,2002
38860,"Portland-South Portland, ME",3505,98,3505,98,2003
38860,"Portland-South Portland, ME",3677,238,3075,212,2004
38860,"Portland-South Portland, ME",3780,344,3116,309,2005
38860,"Portland-South Portland, ME",3202,226,2745,196,2006
38860,"Portland-South Portland, ME",2672,418,1936,363,2007
38860,"Portland-South Portland, ME",1259,84,1160,84,2008
38860,"Portland-South Portland, ME",1207,11,1049,11,2009
38860,"Portland-South Portland, ME",1260,11,1093,11,2010
38860,"Portland-South Portland, ME",1112,135,919,135,2011
38860,"Portland-South Portland, ME",1390,95,1139,95,2012
38860,"Portland-South Portland, ME",1818,261,1668,251,2013
38860,"Portland-South Portland, ME",1696,207,1484,207,2014
38860,"Portland-South Portland, ME",1980,299,1583,188,2015
38860,"Portland-South Portland, ME",2397,431,2136,431,2016
38860,"Portland-South Portland, ME",2517,462,2138,425,2017
38860,"Portland-South Portland, ME",2624,559,2211,510,2018
38860,"Portland-South Portland, ME",2875,916,2458,853,2019
38860,"Portland-South Portland, ME",2855,651,1791,540,2020
38860,"Portland-South Portland, ME",3712,856,2658,740,2021
38860,"Portland-South Portland, ME",3762,1482,3017,1383,2022
38860,"Portland-South Portland, ME",3072,949,2211,700,2023
38860,"Portland-South Portland, ME",2978,814,1867,554,2024
38860,"Portland-South Portland, ME",3487,1383,2476,1135,2025
38900,"Portland-Vancouver-Hillsboro, OR-WA",16138,6035,16102,6035,1990
38900,"Portland-Vancouver-Hillsboro, OR-WA",10482,2482,10225,2379,1991
38900,"Portland-Vancouver-Hillsboro, OR-WA",11893,2449,11877,2444,1992
38900,"Portland-Vancouver-Hillsboro, OR-WA",13811,2815,13790,2815,1993
38900,"Portland-Vancouver-Hillsboro, OR-WA",17100,5000,16904,4968,1994
38900,"Portland-Vancouver-Hillsboro, OR-WA",18108,5869,18012,5800,1995
38900,"Portland-Vancouver-Hillsboro, OR-WA",18315,5962,18133,5898,1996
38900,"Portland-Vancouver-Hillsboro, OR-WA",19780,7100,19413,6952,1997
38900,"Portland-Vancouver-Hillsboro, OR-WA",17957,5547,17652,5424,1998
38900,"Portland-Vancouver-Hillsboro, OR-WA",15122,3389,14735,3251,1999
38900,"Portland-Vancouver-Hillsboro, OR-WA",12998,2666,12686,2549,2000
38900,"Portland-Vancouver-Hillsboro, OR-WA",13874,2635,12791,2371,2001
38900,"Portland-Vancouver-Hillsboro, OR-WA",14378,3160,13378,2883,2002
38900,"Portland-Vancouver-Hillsboro, OR-WA",16003,4768,16003,4768,2003
38900,"Portland-Vancouver-Hillsboro, OR-WA",15859,3918,15523,3918,2004
38900,"Portland-Vancouver-Hillsboro, OR-WA",17251,3758,16736,3745,2005
38900,"Portland-Vancouver-Hillsboro, OR-WA",15376,4666,14895,4661,2006
38900,"Portland-Vancouver-Hillsboro, OR-WA",13115,4242,11924,4212,2007
38900,"Portland-Vancouver-Hillsboro, OR-WA",7408,2932,7341,2932,2008
38900,"Portland-Vancouver-Hillsboro, OR-WA",4020,925,3998,925,2009
38900,"Portland-Vancouver-Hillsboro, OR-WA",4476,991,4456,991,2010
38900,"Portland-Vancouver-Hillsboro, OR-WA",5213,1994,5188,1994,2011
38900,"Portland-Vancouver-Hillsboro, OR-WA",7785,3107,7763,3107,2012
38900,"Portland-Vancouver-Hillsboro, OR-WA",11730,5862,11702,5862,2013
38900,"Portland-Vancouver-Hillsboro, OR-WA",12356,6681,12333,6681,2014
38900,"Portland-Vancouver-Hillsboro, OR-WA",13967,6554,13960,6554,2015
38900,"Portland-Vancouver-Hillsboro, OR-WA",14729,7098,14692,7098,2016
38900,"Portland-Vancouver-Hillsboro, OR-WA",15983,9504,15709,9383,2017
38900,"Portland-Vancouver-Hillsboro, OR-WA",14180,7048,13824,6938,2018
38900,"Portland-Vancouver-Hillsboro, OR-WA",16815,8719,16815,8719,2019
38900,"Portland-Vancouver-Hillsboro, OR-WA",13446,5681,12607,4987,2020
38900,"Portland-Vancouver-Hillsboro, OR-WA",15023,6547,15023,6547,2021
38900,"Portland-Vancouver-Hillsboro, OR-WA",12978,6754,12976,6754,2022
38900,"Portland-Vancouver-Hillsboro, OR-WA",11382,4804,10290,4500,2023
38900,"Portland-Vancouver-Hillsboro, OR-WA",9453,2913,8008,2619,2024
38900,"Portland-Vancouver-Hillsboro, OR-WA",8318,1995,7108,1790,2025
38940,"Port St. Lucie, FL",3778,330,3778,330,1990
38940,"Port St. Lucie, FL",2580,298,2580,298,1991
38940,"Port St. Lucie, FL",2785,424,2785,424,1992
38940,"Port St. Lucie, FL",3106,418,3106,418,1993
38940,"Port St. Lucie, FL",3250,630,3250,630,1994
38940,"Port St. Lucie, FL",2791,471,2791,471,1995
38940,"Port St. Lucie, FL",3260,564,3260,564,1996
38940,"Port St. Lucie, FL",3076,612,2983,598,1997
38940,"Port St. Lucie, FL",3466,897,3459,897,1998
38940,"Port St. Lucie, FL",3347,589,3347,589,1999
38940,"Port St. Lucie, FL",3477,642,3477,642,2000
38940,"Port St. Lucie, FL",4076,880,4062,880,2001
38940,"Port St. Lucie, FL",6032,1171,5846,1140,2002
38940,"Port St. Lucie, FL",9690,1344,9690,1344,2003
38940,"Port St. Lucie, FL",10556,1454,10423,1350,2004
38940,"Port St. Lucie, FL",10782,1410,10355,1075,2005
38940,"Port St. Lucie, FL",6328,643,6127,518,2006
38940,"Port St. Lucie, FL",2409,341,2131,190,2007
38940,"Port St. Lucie, FL",1253,355,1073,255,2008
38940,"Port St. Lucie, FL",384,14,384,14,2009
38940,"Port St. Lucie, FL",492,52,492,52,2010
38940,"Port St. Lucie, FL",539,51,539,51,2011
38940,"Port St. Lucie, FL",635,33,635,33,2012
38940,"Port St. Lucie, FL",1117,26,1101,11,2013
38940,"Port St. Lucie, FL",1394,321,1388,316,2014
38940,"Port St. Lucie, FL",1601,296,1575,289,2015
38940,"Port St. Lucie, FL",1937,121,1937,121,2016
38940,"Port St. Lucie, FL",2287,48,2287,48,2017
38940,"Port St. Lucie, FL",3970,824,3955,824,2018
38940,"Port St. Lucie, FL",4277,558,4262,558,2019
38940,"Port St. Lucie, FL",5238,223,5219,223,2020
38940,"Port St. Lucie, FL",8403,1703,8344,1703,2021
38940,"Port St. Lucie, FL",7804,2312,7799,2312,2022
38940,"Port St. Lucie, FL",6137,506,6088,471,2023
38940,"Port St. Lucie, FL",5515,378,5515,378,2024
38940,"Port St. Lucie, FL",4853,442,4853,442,2025
39150,"Prescott Valley-Prescott, AZ",1286,67,1286,67,1990
39150,"Prescott Valley-Prescott, AZ",1269,24,1269,24,1991
39150,"Prescott Valley-Prescott, AZ",1558,77,1513,77,1992
39150,"Prescott Valley-Prescott, AZ",2167,28,2167,28,1993
39150,"Prescott Valley-Prescott, AZ",2827,118,2824,118,1994
39150,"Prescott Valley-Prescott, AZ",2191,252,2191,252,1995
39150,"Prescott Valley-Prescott, AZ",2269,182,2244,164,1996
39150,"Prescott Valley-Prescott, AZ",2015,268,2015,268,1997
39150,"Prescott Valley-Prescott, AZ",2568,199,2568,199,1998
39150,"Prescott Valley-Prescott, AZ",2484,324,2484,324,1999
39150,"Prescott Valley-Prescott, AZ",2227,64,2227,64,2000
39150,"Prescott Valley-Prescott, AZ",2312,85,2312,85,2001
39150,"Prescott Valley-Prescott, AZ",3264,524,3264,524,2002
39150,"Prescott Valley-Prescott, AZ",2984,149,2984,149,2003
39150,"Prescott Valley-Prescott, AZ",4003,206,4002,206,2004
39150,"Prescott Valley-Prescott, AZ",4439,19,4439,19,2005
39150,"Prescott Valley-Prescott, AZ",2987,64,2983,64,2006
39150,"Prescott Valley-Prescott, AZ",1461,0,1458,0,2007
39150,"Prescott Valley-Prescott, AZ",787,176,787,176,2008
39150,"Prescott Valley-Prescott, AZ",488,140,488,140,2009
39150,"Prescott Valley-Prescott, AZ",339,96,339,96,2010
39150,"Prescott Valley-Prescott, AZ",302,8,296,8,2011
39150,"Prescott Valley-Prescott, AZ",452,0,446,0,2012
39150,"Prescott Valley-Prescott, AZ",861,0,861,0,2013
39150,"Prescott Valley-Prescott, AZ",968,8,968,8,2014
39150,"Prescott Valley-Prescott, AZ",1377,228,1267,228,2015
39150,"Prescott Valley-Prescott, AZ",1602,214,1532,214,2016
39150,"Prescott Valley-Prescott, AZ",1976,417,1900,417,2017
39150,"Prescott Valley-Prescott, AZ",2079,309,2079,309,2018
39150,"Prescott Valley-Prescott, AZ",2180,516,2125,516,2019
39150,"Prescott Valley-Prescott, AZ",1891,22,1808,22,2020
39150,"Prescott Valley-Prescott, AZ",2481,466,2398,466,2021
39150,"Prescott Valley-Prescott, AZ",2366,481,2366,481,2022
39150,"Prescott Valley-Prescott, AZ",1567,277,1567,277,2023
39150,"Prescott Valley-Prescott, AZ",2068,98,2068,98,2024
39150,"Prescott Valley-Prescott, AZ",1718,304,1718,304,2025
39300,"Providence-Warwick, RI-MA",4570,462,4560,462,1990
39300,"Providence-Warwick, RI-MA",3773,217,3572,196,1991
39300,"Providence-Warwick, RI-MA",4299,131,4293,131,1992
39300,"Providence-Warwick, RI-MA",4460,102,4271,102,1993
39300,"Providence-Warwick, RI-MA",4484,135,4245,135,1994
39300,"Providence-Warwick, RI-MA",3829,179,3523,179,1995
39300,"Providence-Warwick, RI-MA",4137,298,3792,298,1996
39300,"Providence-Warwick, RI-MA",4244,271,3900,266,1997
39300,"Providence-Warwick, RI-MA",4513,149,3903,144,1998
39300,"Providence-Warwick, RI-MA",5206,575,4471,555,1999
39300,"Providence-Warwick, RI-MA",4246,221,3606,168,2000
39300,"Providence-Warwick, RI-MA",3902,146,3305,111,2001
39300,"Providence-Warwick, RI-MA",4551,549,4089,549,2002
39300,"Providence-Warwick, RI-MA",4035,548,4035,548,2003
39300,"Providence-Warwick, RI-MA",4410,805,3977,795,2004
39300,"Providence-Warwick, RI-MA",4653,1082,4342,1033,2005
39300,"Providence-Warwick, RI-MA",3685,341,3532,341,2006
39300,"Providence-Warwick, RI-MA",3085,498,2950,498,2007
39300,"Providence-Warwick, RI-MA",1598,88,1489,88,2008
39300,"Providence-Warwick, RI-MA",1437,133,1353,133,2009
39300,"Providence-Warwick, RI-MA",1439,137,1293,137,2010
39300,"Providence-Warwick, RI-MA",1178,57,1047,57,2011
39300,"Providence-Warwick, RI-MA",1361,149,1243,149,2012
39300,"Providence-Warwick, RI-MA",1974,385,1892,385,2013
39300,"Providence-Warwick, RI-MA",1775,209,1745,209,2014
39300,"Providence-Warwick, RI-MA",1818,192,1723,192,2015
39300,"Providence-Warwick, RI-MA",2564,683,2444,683,2016
39300,"Providence-Warwick, RI-MA",2010,160,1858,160,2017
39300,"Providence-Warwick, RI-MA",1963,209,1715,204,2018
39300,"Providence-Warwick, RI-MA",2048,175,1899,175,2019
39300,"Providence-Warwick, RI-MA",2068,129,1825,129,2020
39300,"Providence-Warwick, RI-MA",2258,192,1868,192,2021
39300,"Providence-Warwick, RI-MA",2123,257,1583,210,2022
39300,"Providence-Warwick, RI-MA",1930,438,1497,433,2023
39300,"Providence-Warwick, RI-MA",2620,818,2179,818,2024
39300,"Providence-Warwick, RI-MA",2894,1180,2619,1180,2025
39340,"Provo-Orem-Lehi, UT",1309,240,1298,240,1990
39340,"Provo-Orem-Lehi, UT",1663,226,1589,226,1991
39340,"Provo-Orem-Lehi, UT",2691,476,2687,476,1992
39340,"Provo-Orem-Lehi, UT",3451,407,3140,402,1993
39340,"Provo-Orem-Lehi, UT",3815,577,3585,577,1994
39340,"Provo-Orem-Lehi, UT",4454,951,4232,951,1995
39340,"Provo-Orem-Lehi, UT",4020,1026,3728,1026,1996
39340,"Provo-Orem-Lehi, UT",3320,632,3205,632,1997
39340,"Provo-Orem-Lehi, UT",4181,875,4009,875,1998
39340,"Provo-Orem-Lehi, UT",4214,474,3870,474,1999
39340,"Provo-Orem-Lehi, UT",3816,307,3480,307,2000
39340,"Provo-Orem-Lehi, UT",3913,413,3678,413,2001
39340,"Provo-Orem-Lehi, UT",3803,637,3798,637,2002
39340,"Provo-Orem-Lehi, UT",4341,825,4341,825,2003
39340,"Provo-Orem-Lehi, UT",4561,718,4554,718,2004
39340,"Provo-Orem-Lehi, UT",5396,492,5349,492,2005
39340,"Provo-Orem-Lehi, UT",6486,801,6431,801,2006
39340,"Provo-Orem-Lehi, UT",4498,425,4485,425,2007
39340,"Provo-Orem-Lehi, UT",1325,206,1320,206,2008
39340,"Provo-Orem-Lehi, UT",1524,144,1519,144,2009
39340,"Provo-Orem-Lehi, UT",1985,342,1980,342,2010
39340,"Provo-Orem-Lehi, UT",1932,434,1928,434,2011
39340,"Provo-Orem-Lehi, UT",2439,134,2434,134,2012
39340,"Provo-Orem-Lehi, UT",3423,659,3417,659,2013
39340,"Provo-Orem-Lehi, UT",5295,2421,5286,2421,2014
39340,"Provo-Orem-Lehi, UT",4549,1303,4529,1303,2015
39340,"Provo-Orem-Lehi, UT",5317,756,5303,756,2016
39340,"Provo-Orem-Lehi, UT",7245,1679,7228,1679,2017
39340,"Provo-Orem-Lehi, UT",6841,1254,6798,1248,2018
39340,"Provo-Orem-Lehi, UT",6947,1435,6935,1435,2019
39340,"Provo-Orem-Lehi, UT",7967,724,7832,724,2020
39340,"Provo-Orem-Lehi, UT",11175,3265,11144,3265,2021
39340,"Provo-Orem-Lehi, UT",8287,2824,8276,2824,2022
39340,"Provo-Orem-Lehi, UT",6181,1346,6133,1346,2023
39340,"Provo-Orem-Lehi, UT",6428,1047,6267,1047,2024
39340,"Provo-Orem-Lehi, UT",7304,1695,7265,1695,2025
39380,"Pueblo, CO",224,30,224,30,1990
39380,"Pueblo, CO",190,0,190,0,1991
39380,"Pueblo, CO",246,0,246,0,1992
39380,"Pueblo, CO",393,0,393,0,1993
39380,"Pueblo, CO",657,5,657,5,1994
39380,"Pueblo, CO",938,44,938,44,1995
39380,"Pueblo, CO",1193,112,1193,112,1996
39380,"Pueblo, CO",1139,0,1139,0,1997
39380,"Pueblo, CO",1351,0,1351,0,1998
39380,"Pueblo, CO",1437,96,1437,96,1999
39380,"Pueblo, CO",1098,10,1098,10,2000
39380,"Pueblo, CO",1390,164,1390,164,2001
39380,"Pueblo, CO",1303,0,1303,0,2002
39380,"Pueblo, CO",1282,8,1282,8,2003
39380,"Pueblo, CO",1220,80,1220,80,2004
39380,"Pueblo, CO",1179,0,1179,0,2005
39380,"Pueblo, CO",1304,0,1304,0,2006
39380,"Pueblo, CO",677,0,677,0,2007
39380,"Pueblo, CO",416,25,416,25,2008
39380,"Pueblo, CO",377,179,377,179,2009
39380,"Pueblo, CO",234,17,234,17,2010
39380,"Pueblo, CO",118,0,118,0,2011
39380,"Pueblo, CO",266,92,266,92,2012
39380,"Pueblo, CO",158,0,158,0,2013
39380,"Pueblo, CO",157,0,157,0,2014
39380,"Pueblo, CO",282,62,262,62,2015
39380,"Pueblo, CO",282,13,230,0,2016
39380,"Pueblo, CO",368,10,279,0,2017
39380,"Pueblo, CO",479,0,479,0,2018
39380,"Pueblo, CO",488,0,488,0,2019
39380,"Pueblo, CO",579,0,579,0,2020
39380,"Pueblo, CO",742,0,742,0,2021
39380,"Pueblo, CO",497,0,497,0,2022
39380,"Pueblo, CO",297,0,297,0,2023
39380,"Pueblo, CO",269,0,269,0,2024
39380,"Pueblo, CO",226,0,226,0,2025
39460,"Punta Gorda, FL",2717,498,2717,498,1990
39460,"Punta Gorda, FL",1424,32,1424,32,1991
39460,"Punta Gorda, FL",1558,43,1558,43,1992
39460,"Punta Gorda, FL",1475,50,1475,50,1993
39460,"Punta Gorda, FL",1586,181,1586,181,1994
39460,"Punta Gorda, FL",973,10,973,10,1995
39460,"Punta Gorda, FL",1065,75,1065,75,1996
39460,"Punta Gorda, FL",1155,40,1155,40,1997
39460,"Punta Gorda, FL",1494,265,1339,260,1998
39460,"Punta Gorda, FL",1418,105,1153,47,1999
39460,"Punta Gorda, FL",1670,372,1312,328,2000
39460,"Punta Gorda, FL",2126,383,2126,383,2001
39460,"Punta Gorda, FL",1992,124,1992,124,2002
39460,"Punta Gorda, FL",2522,266,2522,266,2003
39460,"Punta Gorda, FL",3652,1111,3652,1111,2004
39460,"Punta Gorda, FL",4694,1330,4082,1166,2005
39460,"Punta Gorda, FL",4335,852,4335,852,2006
39460,"Punta Gorda, FL",1370,232,1370,232,2007
39460,"Punta Gorda, FL",433,31,433,31,2008
39460,"Punta Gorda, FL",296,0,296,0,2009
39460,"Punta Gorda, FL",425,0,425,0,2010
39460,"Punta Gorda, FL",312,0,312,0,2011
39460,"Punta Gorda, FL",329,0,305,0,2012
39460,"Punta Gorda, FL",553,0,553,0,2013
39460,"Punta Gorda, FL",610,0,542,0,2014
39460,"Punta Gorda, FL",1129,172,1129,172,2015
39460,"Punta Gorda, FL",665,0,665,0,2016
39460,"Punta Gorda, FL",1297,0,1297,0,2017
39460,"Punta Gorda, FL",2068,39,2068,39,2018
39460,"Punta Gorda, FL",2329,114,2329,114,2019
39460,"Punta Gorda, FL",2933,374,2933,374,2020
39460,"Punta Gorda, FL",4830,1017,4830,1017,2021
39460,"Punta Gorda, FL",5676,596,5676,596,2022
39460,"Punta Gorda, FL",4429,230,4429,230,2023
39460,"Punta Gorda, FL",4585,703,4450,658,2024
39460,"Punta Gorda, FL",3015,214,2966,194,2025
39540,"Racine-Mount Pleasant, WI",866,330,866,330,1990
39540,"Racine-Mount Pleasant, WI",707,182,698,182,1991
39540,"Racine-Mount Pleasant, WI",951,322,950,322,1992
39540,"Racine-Mount Pleasant, WI",1164,463,1091,412,1993
39540,"Racine-Mount Pleasant, WI",882,226,788,162,1994
39540,"Racine-Mount Pleasant, WI",831,262,741,196,1995
39540,"Racine-Mount Pleasant, WI",930,241,829,159,1996
39540,"Racine-Mount Pleasant, WI",964,178,851,86,1997
39540,"Racine-Mount Pleasant, WI",1042,287,923,190,1998
39540,"Racine-Mount Pleasant, WI",910,167,738,65,1999
39540,"Racine-Mount Pleasant, WI",867,245,740,141,2000
39540,"Racine-Mount Pleasant, WI",798,143,605,36,2001
39540,"Racine-Mount Pleasant, WI",951,240,883,240,2002
39540,"Racine-Mount Pleasant, WI",1188,257,1188,257,2003
39540,"Racine-Mount Pleasant, WI",1278,244,1207,191,2004
39540,"Racine-Mount Pleasant, WI",1006,98,1006,98,2005
39540,"Racine-Mount Pleasant, WI",806,234,789,234,2006
39540,"Racine-Mount Pleasant, WI",632,80,632,80,2007
39540,"Racine-Mount Pleasant, WI",277,0,277,0,2008
39540,"Racine-Mount Pleasant, WI",343,149,343,149,2009
39540,"Racine-Mount Pleasant, WI",240,78,240,78,2010
39540,"Racine-Mount Pleasant, WI",107,6,104,6,2011
39540,"Racine-Mount Pleasant, WI",163,8,163,8,2012
39540,"Racine-Mount Pleasant, WI",210,0,210,0,2013
39540,"Racine-Mount Pleasant, WI",207,24,207,24,2014
39540,"Racine-Mount Pleasant, WI",217,0,217,0,2015
39540,"Racine-Mount Pleasant, WI",358,120,358,120,2016
39540,"Racine-Mount Pleasant, WI",278,0,143,0,2017
39540,"Racine-Mount Pleasant, WI",379,73,379,73,2018
39540,"Racine-Mount Pleasant, WI",322,84,322,84,2019
39540,"Racine-Mount Pleasant, WI",224,36,223,36,2020
39540,"Racine-Mount Pleasant, WI",245,60,245,60,2021
39540,"Racine-Mount Pleasant, WI",163,0,163,0,2022
39540,"Racine-Mount Pleasant, WI",524,362,517,362,2023
39540,"Racine-Mount Pleasant, WI",277,60,272,60,2024
39540,"Racine-Mount Pleasant, WI",667,363,583,292,2025
39580,"Raleigh-Cary, NC",5091,919,5091,919,1990
39580,"Raleigh-Cary, NC",5570,728,5568,728,1991
39580,"Raleigh-Cary, NC",7027,560,7027,560,1992
39580,"Raleigh-Cary, NC",8179,806,8085,786,1993
39580,"Raleigh-Cary, NC",11428,3362,11320,3322,1994
39580,"Raleigh-Cary, NC",10356,2758,10127,2706,1995
39580,"Raleigh-Cary, NC",10729,2089,10558,2024,1996
39580,"Raleigh-Cary, NC",11917,2350,10814,1908,1997
39580,"Raleigh-Cary, NC",14401,3336,14261,3336,1998
39580,"Raleigh-Cary, NC",16092,4533,15720,4448,1999
39580,"Raleigh-Cary, NC",14202,4543,13796,4381,2000
39580,"Raleigh-Cary, NC",13782,2910,13754,2910,2001
39580,"Raleigh-Cary, NC",11678,708,11678,708,2002
39580,"Raleigh-Cary, NC",12660,1999,12660,1999,2003
39580,"Raleigh-Cary, NC",14404,2198,14404,2198,2004
39580,"Raleigh-Cary, NC",14614,478,14565,478,2005
39580,"Raleigh-Cary, NC",17712,4008,17709,4008,2006
39580,"Raleigh-Cary, NC",16614,3658,16584,3658,2007
39580,"Raleigh-Cary, NC",11397,4792,11387,4792,2008
39580,"Raleigh-Cary, NC",4894,501,4888,501,2009
39580,"Raleigh-Cary, NC",5213,543,5213,543,2010
39580,"Raleigh-Cary, NC",6366,1591,6366,1591,2011
39580,"Raleigh-Cary, NC",12926,6396,12926,6396,2012
39580,"Raleigh-Cary, NC",11431,3387,11418,3387,2013
39580,"Raleigh-Cary, NC",11647,3963,11628,3963,2014
39580,"Raleigh-Cary, NC",11987,3267,11871,3267,2015
39580,"Raleigh-Cary, NC",13514,4037,13490,4037,2016
39580,"Raleigh-Cary, NC",14180,3396,13978,3396,2017
39580,"Raleigh-Cary, NC",15950,4689,15861,4689,2018
39580,"Raleigh-Cary, NC",13320,2117,13320,2117,2019
39580,"Raleigh-Cary, NC",16958,4229,16800,4204,2020
39580,"Raleigh-Cary, NC",21649,7368,21649,7368,2021
39580,"Raleigh-Cary, NC",22390,9846,22390,9846,2022
39580,"Raleigh-Cary, NC",20619,8387,20582,8387,2023
39580,"Raleigh-Cary, NC",18979,5574,18817,5574,2024
39580,"Raleigh-Cary, NC",17543,5542,17463,5542,2025
39660,"Rapid City, SD",1177,50,1175,50,1990
39660,"Rapid City, SD",319,41,317,41,1991
39660,"Rapid City, SD",519,71,513,71,1992
39660,"Rapid City, SD",640,120,635,120,1993
39660,"Rapid City, SD",809,313,805,313,1994
39660,"Rapid City, SD",775,337,737,314,1995
39660,"Rapid City, SD",502,78,493,78,1996
39660,"Rapid City, SD",541,107,535,107,1997
39660,"Rapid City, SD",701,274,675,267,1998
39660,"Rapid City, SD",608,89,589,84,1999
39660,"Rapid City, SD",598,8,571,8,2000
39660,"Rapid City, SD",742,16,730,16,2001
39660,"Rapid City, SD",1080,226,1072,226,2002
39660,"Rapid City, SD",973,37,973,37,2003
39660,"Rapid City, SD",1518,241,1449,241,2004
39660,"Rapid City, SD",1290,53,1281,53,2005
39660,"Rapid City, SD",1062,232,1062,232,2006
39660,"Rapid City, SD",1029,302,1001,302,2007
39660,"Rapid City, SD",575,12,575,12,2008
39660,"Rapid City, SD",496,6,496,6,2009
39660,"Rapid City, SD",676,190,657,190,2010
39660,"Rapid City, SD",464,60,448,60,2011
39660,"Rapid City, SD",756,168,686,168,2012
39660,"Rapid City, SD",1072,425,1072,425,2013
39660,"Rapid City, SD",671,134,671,134,2014
39660,"Rapid City, SD",798,226,798,226,2015
39660,"Rapid City, SD",971,427,971,427,2016
39660,"Rapid City, SD",779,177,773,177,2017
39660,"Rapid City, SD",834,258,805,258,2018
39660,"Rapid City, SD",870,189,870,189,2019
39660,"Rapid City, SD",1537,679,1537,679,2020
39660,"Rapid City, SD",1802,838,1770,838,2021
39660,"Rapid City, SD",1933,997,1933,997,2022
39660,"Rapid City, SD",1878,977,1878,977,2023
39660,"Rapid City, SD",1553,735,1553,735,2024
39660,"Rapid City, SD",958,80,953,80,2025
39740,"Reading, PA",1401,179,1279,169,1990
39740,"Reading, PA",1482,41,1376,35,1991
39740,"Reading, PA",1779,270,1772,270,1992
39740,"Reading, PA",1722,83,1601,77,1993
39740,"Reading, PA",1766,24,1683,24,1994
39740,"Reading, PA",1378,18,1315,18,1995
39740,"Reading, PA",1553,70,1435,70,1996
39740,"Reading, PA",1707,129,1631,124,1997
39740,"Reading, PA",1778,144,1629,144,1998
39740,"Reading, PA",1789,212,1767,212,1999
39740,"Reading, PA",1809,192,1730,168,2000
39740,"Reading, PA",2031,284,1869,269,2001
39740,"Reading, PA",2121,308,2012,308,2002
39740,"Reading, PA",1991,352,1991,352,2003
39740,"Reading, PA",1640,120,1403,101,2004
39740,"Reading, PA",1368,75,1251,65,2005
39740,"Reading, PA",1173,36,1108,36,2006
39740,"Reading, PA",1288,243,1050,243,2007
39740,"Reading, PA",659,39,659,39,2008
39740,"Reading, PA",400,28,400,28,2009
39740,"Reading, PA",415,65,415,65,2010
39740,"Reading, PA",306,35,297,35,2011
39740,"Reading, PA",289,24,284,24,2012
39740,"Reading, PA",500,116,500,116,2013
39740,"Reading, PA",458,112,458,112,2014
39740,"Reading, PA",416,71,416,71,2015
39740,"Reading, PA",436,63,436,63,2016
39740,"Reading, PA",411,0,312,0,2017
39740,"Reading, PA",600,216,599,216,2018
39740,"Reading, PA",628,276,525,276,2019
39740,"Reading, PA",515,45,368,5,2020
39740,"Reading, PA",493,108,365,56,2021
39740,"Reading, PA",386,8,386,8,2022
39740,"Reading, PA",352,105,346,105,2023
39740,"Reading, PA",397,165,354,165,2024
39740,"Reading, PA",582,179,529,173,2025
39820,"Redding, CA",2368,282,2368,282,1990
39820,"Redding, CA",1228,68,1178,68,1991
39820,"Redding, CA",1091,0,1091,0,1992
39820,"Redding, CA",1243,19,1243,19,1993
39820,"Redding, CA",968,7,965,7,1994
39820,"Redding, CA",773,18,773,18,1995
39820,"Redding, CA",710,61,710,61,1996
39820,"Redding, CA",664,0,664,0,1997
39820,"Redding, CA",694,25,694,25,1998
39820,"Redding, CA",804,0,804,0,1999
39820,"Redding, CA",970,0,970,0,2000
39820,"Redding, CA",1024,0,1023,0,2001
39820,"Redding, CA",1341,91,1333,91,2002
39820,"Redding, CA",1358,242,1358,242,2003
39820,"Redding, CA",1038,136,1038,136,2004
39820,"Redding, CA",1566,148,1539,148,2005
39820,"Redding, CA",952,108,913,108,2006
39820,"Redding, CA",712,140,682,140,2007
39820,"Redding, CA",530,156,530,156,2008
39820,"Redding, CA",243,0,243,0,2009
39820,"Redding, CA",253,21,243,21,2010
39820,"Redding, CA",138,26,138,26,2011
39820,"Redding, CA",205,0,205,0,2012
39820,"Redding, CA",204,0,204,0,2013
39820,"Redding, CA",242,0,242,0,2014
39820,"Redding, CA",375,50,375,50,2015
39820,"Redding, CA",400,47,400,47,2016
39820,"Redding, CA",382,0,382,0,2017
39820,"Redding, CA",306,0,168,0,2018
39820,"Redding, CA",544,97,405,97,2019
39820,"Redding, CA",393,0,350,0,2020
39820,"Redding, CA",368,48,368,48,2021
39820,"Redding, CA",375,0,265,0,2022
39820,"Redding, CA",208,0,106,0,2023
39820,"Redding, CA",246,0,134,0,2024
39820,"Redding, CA",254,5,250,5,2025
39900,"Reno, NV",2698,642,2629,642,1990
39900,"Reno, NV",1777,39,1708,39,1991
39900,"Reno, NV",2282,72,2249,72,1992
39900,"Reno, NV",2783,214,2544,214,1993
39900,"Reno, NV",3670,580,3347,547,1994
39900,"Reno, NV",3473,686,3100,666,1995
39900,"Reno, NV",4624,1431,4450,1426,1996
39900,"Reno, NV",3863,784,3630,754,1997
39900,"Reno, NV",5148,1663,4935,1617,1998
39900,"Reno, NV",4656,1324,4459,1293,1999
39900,"Reno, NV",4801,1392,4568,1337,2000
39900,"Reno, NV",5182,1096,4931,1037,2001
39900,"Reno, NV",5254,856,5254,856,2002
39900,"Reno, NV",5520,731,5520,731,2003
39900,"Reno, NV",6674,698,6674,698,2004
39900,"Reno, NV",7062,1149,6931,1103,2005
39900,"Reno, NV",4294,295,4241,295,2006
39900,"Reno, NV",2467,49,2432,44,2007
39900,"Reno, NV",2025,970,1998,965,2008
39900,"Reno, NV",812,272,812,272,2009
39900,"Reno, NV",659,134,653,134,2010
39900,"Reno, NV",604,22,598,22,2011
39900,"Reno, NV",897,66,891,66,2012
39900,"Reno, NV",1825,463,1816,463,2013
39900,"Reno, NV",2356,686,2356,686,2014
39900,"Reno, NV",2966,773,2966,773,2015
39900,"Reno, NV",3824,1610,3801,1610,2016
39900,"Reno, NV",4910,2416,4906,2416,2017
39900,"Reno, NV",4781,2155,4781,2155,2018
39900,"Reno, NV",5558,3002,5558,3002,2019
39900,"Reno, NV",4833,1779,1000,0,2020
39900,"Reno, NV",6152,2706,1516,285,2021
39900,"Reno, NV",6053,3443,1802,1012,2022
39900,"Reno, NV",4650,2144,795,63,2023
39900,"Reno, NV",4391,1714,1459,508,2024
39900,"Reno, NV",2951,965,1517,512,2025
40060,"Richmond, VA",7083,659,7083,659,1990
40060,"Richmond, VA",5520,68,5480,68,1991
40060,"Richmond, VA",6093,227,6068,227,1992
40060,"Richmond, VA",6758,335,6708,335,1993
40060,"Richmond, VA",6820,294,6820,294,1994
40060,"Richmond, VA",6195,363,6155,363,1995
40060,"Richmond, VA",6434,693,6344,693,1996
40060,"Richmond, VA",7694,1705,7691,1705,1997
40060,"Richmond, VA",7586,979,7398,979,1998
40060,"Richmond, VA",8069,1260,7854,1189,1999
40060,"Richmond, VA",6110,75,6104,75,2000
40060,"Richmond, VA",8368,1478,8358,1478,2001
40060,"Richmond, VA",8912,1714,8834,1714,2002
40060,"Richmond, VA",8253,1316,8253,1316,2003
40060,"Richmond, VA",8072,1086,7844,1086,2004
40060,"Richmond, VA",8395,871,8386,871,2005
40060,"Richmond, VA",6889,315,6711,315,2006
40060,"Richmond, VA",6267,912,6267,912,2007
40060,"Richmond, VA",4458,958,4458,958,2008
40060,"Richmond, VA",2987,534,2987,534,2009
40060,"Richmond, VA",3177,891,3177,891,2010
40060,"Richmond, VA",2520,320,2520,320,2011
40060,"Richmond, VA",3992,1250,3992,1250,2012
40060,"Richmond, VA",4747,1366,4736,1366,2013
40060,"Richmond, VA",4252,1006,4252,1006,2014
40060,"Richmond, VA",4811,1154,4810,1154,2015
40060,"Richmond, VA",4834,777,4834,777,2016
40060,"Richmond, VA",7070,2350,7059,2350,2017
40060,"Richmond, VA",5972,1184,5925,1184,2018
40060,"Richmond, VA",8340,3489,8340,3489,2019
40060,"Richmond, VA",8190,2259,8097,2219,2020
40060,"Richmond, VA",9547,3154,9507,3154,2021
40060,"Richmond, VA",10414,5766,10191,5668,2022
40060,"Richmond, VA",9973,5151,9855,5151,2023
40060,"Richmond, VA",8642,3408,8544,3408,2024
40060,"Richmond, VA",9091,4372,9083,4372,2025
40140,"Riverside-San Bernardino-Ontario, CA",28612,4829,28559,4829,1990
40140,"Riverside-San Bernardino-Ontario, CA",16092,2478,16072,2478,1991
40140,"Riverside-San Bernardino-Ontario, CA",15471,992,15440,986,1992
40140,"Riverside-San Bernardino-Ontario, CA",13052,507,13011,507,1993
40140,"Riverside-San Bernardino-Ontario, CA",12824,193,12701,193,1994
40140,"Riverside-San Bernardino-Ontario, CA",10698,147,10615,147,1995
40140,"Riverside-San Bernardino-Ontario, CA",12362,578,12145,578,1996
40140,"Riverside-San Bernardino-Ontario, CA",15195,1217,14958,1207,1997
40140,"Riverside-San Bernardino-Ontario, CA",18654,2285,18239,2285,1998
40140,"Riverside-San Bernardino-Ontario, CA",20921,1730,20660,1730,1999
40140,"Riverside-San Bernardino-Ontario, CA",21496,2198,21191,2198,2000
40140,"Riverside-San Bernardino-Ontario, CA",27417,3486,27409,3486,2001
40140,"Riverside-San Bernardino-Ontario, CA",32474,2113,32302,2103,2002
40140,"Riverside-San Bernardino-Ontario, CA",42252,5568,42252,5568,2003
40140,"Riverside-San Bernardino-Ontario, CA",51463,7236,51320,7206,2004
40140,"Riverside-San Bernardino-Ontario, CA",51008,4452,48769,3887,2005
40140,"Riverside-San Bernardino-Ontario, CA",38089,3628,37553,3609,2006
40140,"Riverside-San Bernardino-Ontario, CA",20086,3346,19870,3346,2007
40140,"Riverside-San Bernardino-Ontario, CA",8946,2933,8921,2933,2008
40140,"Riverside-San Bernardino-Ontario, CA",6335,1380,6259,1355,2009
40140,"Riverside-San Bernardino-Ontario, CA",6336,875,6256,875,2010
40140,"Riverside-San Bernardino-Ontario, CA",4736,1287,4663,1282,2011
40140,"Riverside-San Bernardino-Ontario, CA",5949,1332,5879,1332,2012
40140,"Riverside-San Bernardino-Ontario, CA",9348,2568,9151,2568,2013
40140,"Riverside-San Bernardino-Ontario, CA",10166,2649,9525,2446,2014
40140,"Riverside-San Bernardino-Ontario, CA",9926,1880,9150,1741,2015
40140,"Riverside-San Bernardino-Ontario, CA",10921,1934,10042,1818,2016
40140,"Riverside-San Bernardino-Ontario, CA",14676,3274,13856,3147,2017
40140,"Riverside-San Bernardino-Ontario, CA",14809,2773,14554,2689,2018
40140,"Riverside-San Bernardino-Ontario, CA",14599,3171,14034,3040,2019
40140,"Riverside-San Bernardino-Ontario, CA",15232,1800,14494,1709,2020
40140,"Riverside-San Bernardino-Ontario, CA",15606,3058,15227,2926,2021
40140,"Riverside-San Bernardino-Ontario, CA",16747,3657,16258,3591,2022
40140,"Riverside-San Bernardino-Ontario, CA",20268,7348,19515,7309,2023
40140,"Riverside-San Bernardino-Ontario, CA",15824,3728,15117,3703,2024
40140,"Riverside-San Bernardino-Ontario, CA",15937,5415,15399,5395,2025
40220,"Roanoke, VA",1242,51,1070,39,1990
40220,"Roanoke, VA",1192,11,1037,6,1991
40220,"Roanoke, VA",1319,22,1319,22,1992
40220,"Roanoke, VA",1398,71,1040,66,1993
40220,"Roanoke, VA",1568,159,1300,139,1994
40220,"Roanoke, VA",1465,40,1465,40,1995
40220,"Roanoke, VA",1415,119,1415,119,1996
40220,"Roanoke, VA",1593,400,1454,340,1997
40220,"Roanoke, VA",1254,81,1116,24,1998
40220,"Roanoke, VA",1489,88,1482,88,1999
40220,"Roanoke, VA",1600,238,1600,238,2000
40220,"Roanoke, VA",1673,230,1673,230,2001
40220,"Roanoke, VA",1613,80,1580,80,2002
40220,"Roanoke, VA",1627,42,1627,42,2003
40220,"Roanoke, VA",1758,133,1737,133,2004
40220,"Roanoke, VA",1604,167,1486,167,2005
40220,"Roanoke, VA",1228,26,784,16,2006
40220,"Roanoke, VA",1006,5,972,5,2007
40220,"Roanoke, VA",858,62,849,62,2008
40220,"Roanoke, VA",449,0,431,0,2009
40220,"Roanoke, VA",436,12,436,12,2010
40220,"Roanoke, VA",510,32,510,32,2011
40220,"Roanoke, VA",428,36,428,36,2012
40220,"Roanoke, VA",685,205,685,205,2013
40220,"Roanoke, VA",511,72,511,72,2014
40220,"Roanoke, VA",763,349,763,349,2015
40220,"Roanoke, VA",542,154,389,18,2016
40220,"Roanoke, VA",592,166,375,12,2017
40220,"Roanoke, VA",515,81,400,0,2018
40220,"Roanoke, VA",702,238,262,0,2019
40220,"Roanoke, VA",769,285,173,18,2020
40220,"Roanoke, VA",869,360,307,24,2021
40220,"Roanoke, VA",771,315,771,315,2022
40220,"Roanoke, VA",621,119,621,119,2023
40220,"Roanoke, VA",1053,486,886,476,2024
40220,"Roanoke, VA",877,316,734,316,2025
40340,"Rochester, MN",1303,247,1303,247,1990
40340,"Rochester, MN",1296,248,1289,248,1991
40340,"Rochester, MN",1242,235,1242,235,1992
40340,"Rochester, MN",867,14,832,14,1993
40340,"Rochester, MN",774,84,727,84,1994
40340,"Rochester, MN",652,5,652,5,1995
40340,"Rochester, MN",1037,128,1033,128,1996
40340,"Rochester, MN",1177,0,1118,0,1997
40340,"Rochester, MN",1537,304,1535,304,1998
40340,"Rochester, MN",1811,292,1810,292,1999
40340,"Rochester, MN",1982,476,1661,412,2000
40340,"Rochester, MN",2171,398,2076,359,2001
40340,"Rochester, MN",2093,289,2090,289,2002
40340,"Rochester, MN",2163,296,2163,296,2003
40340,"Rochester, MN",1815,43,1744,43,2004
40340,"Rochester, MN",1689,425,1555,425,2005
40340,"Rochester, MN",1199,250,1094,250,2006
40340,"Rochester, MN",862,132,796,132,2007
40340,"Rochester, MN",707,152,668,152,2008
40340,"Rochester, MN",615,142,608,142,2009
40340,"Rochester, MN",532,138,515,138,2010
40340,"Rochester, MN",384,30,333,30,2011
40340,"Rochester, MN",595,62,542,62,2012
40340,"Rochester, MN",689,40,669,40,2013
40340,"Rochester, MN",832,189,830,189,2014
40340,"Rochester, MN",1776,1107,1724,1107,2015
40340,"Rochester, MN",1737,977,1735,977,2016
40340,"Rochester, MN",1449,625,1437,625,2017
40340,"Rochester, MN",1816,1110,1765,1110,2018
40340,"Rochester, MN",1111,484,1061,484,2019
40340,"Rochester, MN",906,245,852,245,2020
40340,"Rochester, MN",1135,402,1047,402,2021
40340,"Rochester, MN",1723,1019,1651,1019,2022
40340,"Rochester, MN",1174,559,1091,559,2023
40340,"Rochester, MN",1484,973,1411,963,2024
40340,"Rochester, MN",734,241,635,208,2025
40380,"Rochester, NY",3516,314,3502,314,1990
40380,"Rochester, NY",2996,171,2953,171,1991
40380,"Rochester, NY",3660,475,3635,475,1992
40380,"Rochester, NY",3218,447,3085,428,1993
40380,"Rochester, NY",3353,775,3219,750,1994
40380,"Rochester, NY",2725,435,2501,366,1995
40380,"Rochester, NY",2986,519,2832,498,1996
40380,"Rochester, NY",2890,679,2562,547,1997
40380,"Rochester, NY",3138,701,2825,597,1998
40380,"Rochester, NY",4105,1415,3807,1257,1999
40380,"Rochester, NY",3285,804,2855,619,2000
40380,"Rochester, NY",3004,433,2812,331,2001
40380,"Rochester, NY",2991,403,2868,331,2002
40380,"Rochester, NY",3422,615,3422,615,2003
40380,"Rochester, NY",3045,517,2950,517,2004
40380,"Rochester, NY",2730,419,2656,419,2005
40380,"Rochester, NY",2288,234,2167,199,2006
40380,"Rochester, NY",1906,221,1790,174,2007
40380,"Rochester, NY",1898,320,1806,268,2008
40380,"Rochester, NY",1625,375,1519,328,2009
40380,"Rochester, NY",1449,193,1415,188,2010
40380,"Rochester, NY",1523,253,1478,238,2011
40380,"Rochester, NY",1600,350,1488,300,2012
40380,"Rochester, NY",1292,151,1175,136,2013
40380,"Rochester, NY",1721,428,1669,418,2014
40380,"Rochester, NY",2602,1072,2536,1057,2015
40380,"Rochester, NY",2016,609,1976,604,2016
40380,"Rochester, NY",1718,543,1611,503,2017
40380,"Rochester, NY",2134,968,2021,938,2018
40380,"Rochester, NY",1894,743,1869,738,2019
40380,"Rochester, NY",2164,964,2123,964,2020
40380,"Rochester, NY",1706,453,1662,453,2021
40380,"Rochester, NY",2577,1272,2441,1252,2022
40380,"Rochester, NY",1656,642,1444,537,2023
40380,"Rochester, NY",1801,724,1539,630,2024
40380,"Rochester, NY",1750,404,1534,340,2025
40420,"Rockford, IL",1472,245,978,240,1990
40420,"Rockford, IL",1450,69,946,64,1991
40420,"Rockford, IL",2060,232,2060,232,1992
40420,"Rockford, IL",1975,64,1968,64,1993
40420,"Rockford, IL",1729,109,1725,109,1994
40420,"Rockford, IL",2033,526,2033,526,1995
40420,"Rockford, IL",2138,262,2105,262,1996
40420,"Rockford, IL",1833,342,1750,332,1997
40420,"Rockford, IL",1738,195,1738,195,1998
40420,"Rockford, IL",1808,168,1750,163,1999
40420,"Rockford, IL",1628,61,1628,61,2000
40420,"Rockford, IL",1921,229,1895,229,2001
40420,"Rockford, IL",1980,53,1846,48,2002
40420,"Rockford, IL",2625,14,2625,14,2003
40420,"Rockford, IL",2573,22,2393,22,2004
40420,"Rockford, IL",2566,23,2385,23,2005
40420,"Rockford, IL",2163,19,2002,19,2006
40420,"Rockford, IL",1335,120,1238,120,2007
40420,"Rockford, IL",465,5,409,5,2008
40420,"Rockford, IL",222,0,187,0,2009
40420,"Rockford, IL",299,0,283,0,2010
40420,"Rockford, IL",168,41,151,41,2011
40420,"Rockford, IL",135,8,114,8,2012
40420,"Rockford, IL",96,0,72,0,2013
40420,"Rockford, IL",150,0,150,0,2014
40420,"Rockford, IL",134,0,134,0,2015
40420,"Rockford, IL",213,0,213,0,2016
40420,"Rockford, IL",235,0,235,0,2017
40420,"Rockford, IL",265,0,263,0,2018
40420,"Rockford, IL",300,0,300,0,2019
40420,"Rockford, IL",192,0,190,0,2020
40420,"Rockford, IL",280,8,280,8,2021
40420,"Rockford, IL",318,0,318,0,2022
40420,"Rockford, IL",200,0,185,0,2023
40420,"Rockford, IL",336,0,324,0,2024
40420,"Rockford, IL",377,0,364,0,2025
40580,"Rocky Mount, NC",592,39,592,39,1990
40580,"Rocky Mount, NC",475,8,468,8,1991
40580,"Rocky Mount, NC",516,6,516,6,1992
40580,"Rocky Mount, NC",520,0,520,0,1993
40580,"Rocky Mount, NC",693,204,690,204,1994
40580,"Rocky Mount, NC",478,7,470,7,1995
40580,"Rocky Mount, NC",464,0,454,0,1996
40580,"Rocky Mount, NC",722,202,712,202,1997
40580,"Rocky Mount, NC",639,56,629,56,1998
40580,"Rocky Mount, NC",790,184,716,184,1999
40580,"Rocky Mount, NC",790,136,779,136,2000
40580,"Rocky Mount, NC",807,47,796,47,2001
40580,"Rocky Mount, NC",912,38,899,38,2002
40580,"Rocky Mount, NC",762,0,762,0,2003
40580,"Rocky Mount, NC",755,24,755,24,2004
40580,"Rocky Mount, NC",766,0,766,0,2005
40580,"Rocky Mount, NC",702,0,702,0,2006
40580,"Rocky Mount, NC",845,0,845,0,2007
40580,"Rocky Mount, NC",367,0,367,0,2008
40580,"Rocky Mount, NC",271,0,266,0,2009
40580,"Rocky Mount, NC",212,0,212,0,2010
40580,"Rocky Mount, NC",192,0,173,0,2011
40580,"Rocky Mount, NC",145,0,145,0,2012
40580,"Rocky Mount, NC",250,56,250,56,2013
40580,"Rocky Mount, NC",216,0,216,0,2014
40580,"Rocky Mount, NC",263,0,34,0,2015
40580,"Rocky Mount, NC",316,64,98,64,2016
40580,"Rocky Mount, NC",215,0,50,0,2017
40580,"Rocky Mount, NC",235,0,49,0,2018
40580,"Rocky Mount, NC",232,0,32,0,2019
40580,"Rocky Mount, NC",339,0,99,0,2020
40580,"Rocky Mount, NC",640,0,364,0,2021
40580,"Rocky Mount, NC",427,0,191,0,2022
40580,"Rocky Mount, NC",614,30,561,30,2023
40580,"Rocky Mount, NC",550,5,150,5,2024
40580,"Rocky Mount, NC",536,0,152,0,2025
40660,"Rome, GA",306,0,306,0,1990
40660,"Rome, GA",274,24,274,24,1991
40660,"Rome, GA",354,5,324,0,1992
40660,"Rome, GA",420,0,384,0,1993
40660,"Rome, GA",443,6,443,6,1994
40660,"Rome, GA",429,40,429,40,1995
40660,"Rome, GA",608,193,608,193,1996
40660,"Rome, GA",577,96,577,96,1997
40660,"Rome, GA",582,73,538,63,1998
40660,"Rome, GA",479,0,479,0,1999
40660,"Rome, GA",382,0,382,0,2000
40660,"Rome, GA",451,0,451,0,2001
40660,"Rome, GA",722,0,722,0,2002
40660,"Rome, GA",502,0,502,0,2003
40660,"Rome, GA",573,79,573,79,2004
40660,"Rome, GA",613,91,328,54,2005
40660,"Rome, GA",465,0,465,0,2006
40660,"Rome, GA",308,0,308,0,2007
40660,"Rome, GA",224,30,224,30,2008
40660,"Rome, GA",111,32,111,32,2009
40660,"Rome, GA",55,0,55,0,2010
40660,"Rome, GA",109,77,101,77,2011
40660,"Rome, GA",43,11,29,0,2012
40660,"Rome, GA",62,9,50,0,2013
40660,"Rome, GA",75,5,65,0,2014
40660,"Rome, GA",93,0,87,0,2015
40660,"Rome, GA",226,124,226,124,2016
40660,"Rome, GA",157,0,157,0,2017
40660,"Rome, GA",210,0,210,0,2018
40660,"Rome, GA",263,0,263,0,2019
40660,"Rome, GA",282,0,282,0,2020
40660,"Rome, GA",204,0,204,0,2021
40660,"Rome, GA",310,0,310,0,2022
40660,"Rome, GA",327,0,327,0,2023
40660,"Rome, GA",355,0,355,0,2024
40660,"Rome, GA",330,0,330,0,2025
40900,"Sacramento-Roseville-Folsom, CA",16345,2620,16345,2620,1990
40900,"Sacramento-Roseville-Folsom, CA",9825,1798,9825,1798,1991
40900,"Sacramento-Roseville-Folsom, CA",9023,962,8983,962,1992
40900,"Sacramento-Roseville-Folsom, CA",8635,561,8602,561,1993
40900,"Sacramento-Roseville-Folsom, CA",9343,378,9322,378,1994
40900,"Sacramento-Roseville-Folsom, CA",8043,402,8009,402,1995
40900,"Sacramento-Roseville-Folsom, CA",8974,816,8974,816,1996
40900,"Sacramento-Roseville-Folsom, CA",9804,1204,9804,1204,1997
40900,"Sacramento-Roseville-Folsom, CA",14336,3421,14336,3421,1998
40900,"Sacramento-Roseville-Folsom, CA",14475,3316,14363,3277,1999
40900,"Sacramento-Roseville-Folsom, CA",16793,3189,16789,3189,2000
40900,"Sacramento-Roseville-Folsom, CA",18434,3452,18317,3452,2001
40900,"Sacramento-Roseville-Folsom, CA",22099,4182,21933,4182,2002
40900,"Sacramento-Roseville-Folsom, CA",22832,4446,22832,4446,2003
40900,"Sacramento-Roseville-Folsom, CA",21999,3170,21995,3170,2004
40900,"Sacramento-Roseville-Folsom, CA",20182,3493,20116,3493,2005
40900,"Sacramento-Roseville-Folsom, CA",11877,2858,11876,2858,2006
40900,"Sacramento-Roseville-Folsom, CA",8050,923,8048,923,2007
40900,"Sacramento-Roseville-Folsom, CA",5511,1525,5402,1520,2008
40900,"Sacramento-Roseville-Folsom, CA",2710,259,2691,259,2009
40900,"Sacramento-Roseville-Folsom, CA",2702,506,2691,506,2010
40900,"Sacramento-Roseville-Folsom, CA",2491,610,2465,610,2011
40900,"Sacramento-Roseville-Folsom, CA",3408,518,3382,518,2012
40900,"Sacramento-Roseville-Folsom, CA",4189,598,4168,598,2013
40900,"Sacramento-Roseville-Folsom, CA",4159,423,4131,423,2014
40900,"Sacramento-Roseville-Folsom, CA",6184,905,6149,905,2015
40900,"Sacramento-Roseville-Folsom, CA",7204,939,7175,939,2016
40900,"Sacramento-Roseville-Folsom, CA",9503,2596,9487,2596,2017
40900,"Sacramento-Roseville-Folsom, CA",7873,1425,7858,1425,2018
40900,"Sacramento-Roseville-Folsom, CA",9431,2037,9431,2037,2019
40900,"Sacramento-Roseville-Folsom, CA",11164,3684,11134,3671,2020
40900,"Sacramento-Roseville-Folsom, CA",12434,2856,12434,2856,2021
40900,"Sacramento-Roseville-Folsom, CA",10800,2327,10800,2327,2022
40900,"Sacramento-Roseville-Folsom, CA",11941,3809,11864,3809,2023
40900,"Sacramento-Roseville-Folsom, CA",11613,2701,11563,2701,2024
40900,"Sacramento-Roseville-Folsom, CA",10689,2550,10651,2550,2025
40980,"Saginaw, MI",404,29,387,24,1990
40980,"Saginaw, MI",492,39,437,28,1991
40980,"Saginaw, MI",553,68,545,68,1992
40980,"Saginaw, MI",712,122,704,122,1993
40980,"Saginaw, MI",599,27,495,12,1994
40980,"Saginaw, MI",597,55,493,30,1995
40980,"Saginaw, MI",730,155,627,128,1996
40980,"Saginaw, MI",668,97,633,97,1997
40980,"Saginaw, MI",808,169,732,169,1998
40980,"Saginaw, MI",609,0,548,0,1999
40980,"Saginaw, MI",972,298,915,298,2000
40980,"Saginaw, MI",530,7,501,7,2001
40980,"Saginaw, MI",630,7,478,0,2002
40980,"Saginaw, MI",699,23,699,23,2003
40980,"Saginaw, MI",618,0,577,0,2004
40980,"Saginaw, MI",582,36,553,36,2005
40980,"Saginaw, MI",270,0,204,0,2006
40980,"Saginaw, MI",240,53,225,53,2007
40980,"Saginaw, MI",144,0,135,0,2008
40980,"Saginaw, MI",116,20,115,20,2009
40980,"Saginaw, MI",137,16,134,16,2010
40980,"Saginaw, MI",177,86,172,86,2011
40980,"Saginaw, MI",212,41,204,41,2012
40980,"Saginaw, MI",211,51,168,51,2013
40980,"Saginaw, MI",214,60,106,5,2014
40980,"Saginaw, MI",382,161,236,90,2015
40980,"Saginaw, MI",281,79,135,0,2016
40980,"Saginaw, MI",335,92,175,0,2017
40980,"Saginaw, MI",333,74,177,0,2018
40980,"Saginaw, MI",248,77,142,0,2019
40980,"Saginaw, MI",245,91,124,0,2020
40980,"Saginaw, MI",195,0,175,0,2021
40980,"Saginaw, MI",175,20,161,20,2022
40980,"Saginaw, MI",190,0,171,0,2023
40980,"Saginaw, MI",141,0,115,0,2024
40980,"Saginaw, MI",210,41,164,41,2025
41060,"St. Cloud, MN",1370,713,1284,713,1990
41060,"St. Cloud, MN",788,58,644,58,1991
41060,"St. Cloud, MN",962,186,853,186,1992
41060,"St. Cloud, MN",1221,288,857,212,1993
41060,"St. Cloud, MN",1363,455,640,127,1994
41060,"St. Cloud, MN",1268,323,641,86,1995
41060,"St. Cloud, MN",1347,413,747,150,1996
41060,"St. Cloud, MN",1174,347,748,116,1997
41060,"St. Cloud, MN",1170,212,1073,212,1998
41060,"St. Cloud, MN",1217,125,1117,125,1999
41060,"St. Cloud, MN",1354,186,1033,146,2000
41060,"St. Cloud, MN",1488,127,1107,84,2001
41060,"St. Cloud, MN",1850,288,1435,228,2002
41060,"St. Cloud, MN",2015,322,2015,322,2003
41060,"St. Cloud, MN",1706,136,1292,81,2004
41060,"St. Cloud, MN",1714,143,1310,82,2005
41060,"St. Cloud, MN",1267,147,869,73,2006
41060,"St. Cloud, MN",780,63,505,0,2007
41060,"St. Cloud, MN",629,214,570,214,2008
41060,"St. Cloud, MN",537,240,492,240,2009
41060,"St. Cloud, MN",314,0,272,0,2010
41060,"St. Cloud, MN",368,100,319,100,2011
41060,"St. Cloud, MN",572,256,371,134,2012
41060,"St. Cloud, MN",597,217,364,63,2013
41060,"St. Cloud, MN",577,174,345,0,2014
41060,"St. Cloud, MN",858,470,576,249,2015
41060,"St. Cloud, MN",1107,622,801,378,2016
41060,"St. Cloud, MN",819,301,782,301,2017
41060,"St. Cloud, MN",770,238,586,238,2018
41060,"St. Cloud, MN",718,207,580,153,2019
41060,"St. Cloud, MN",615,42,563,42,2020
41060,"St. Cloud, MN",624,49,436,49,2021
41060,"St. Cloud, MN",696,265,647,265,2022
41060,"St. Cloud, MN",681,244,634,244,2023
41060,"St. Cloud, MN",654,210,636,210,2024
41060,"St. Cloud, MN",787,329,758,329,2025
41100,"St. George, UT",799,7,798,7,1990
41100,"St. George, UT",978,0,978,0,1991
41100,"St. George, UT",1166,7,1161,7,1992
41100,"St. George, UT",2043,109,2043,109,1993
41100,"St. George, UT",2302,228,2220,217,1994
41100,"St. George, UT",1903,70,1903,70,1995
41100,"St. George, UT",1829,160,1829,160,1996
41100,"St. George, UT",1445,68,1445,68,1997
41100,"St. George, UT",1605,187,1605,187,1998
41100,"St. George, UT",1528,77,1528,77,1999
41100,"St. George, UT",1551,88,1551,88,2000
41100,"St. George, UT",1822,111,1646,111,2001
41100,"St. George, UT",2083,96,1871,96,2002
41100,"St. George, UT",2729,284,2729,284,2003
41100,"St. George, UT",3792,338,3792,338,2004
41100,"St. George, UT",3848,234,3848,234,2005
41100,"St. George, UT",2253,148,2214,148,2006
41100,"St. George, UT",1949,136,1927,136,2007
41100,"St. George, UT",728,39,622,24,2008
41100,"St. George, UT",598,7,575,7,2009
41100,"St. George, UT",893,10,880,10,2010
41100,"St. George, UT",893,16,893,16,2011
41100,"St. George, UT",1392,56,1389,56,2012
41100,"St. George, UT",1885,30,1882,30,2013
41100,"St. George, UT",1628,51,1627,51,2014
41100,"St. George, UT",1658,25,1393,17,2015
41100,"St. George, UT",2196,213,2190,213,2016
41100,"St. George, UT",3209,709,3022,702,2017
41100,"St. George, UT",2889,282,2692,275,2018
41100,"St. George, UT",3557,863,3557,863,2019
41100,"St. George, UT",3314,310,2834,293,2020
41100,"St. George, UT",3484,194,3030,194,2021
41100,"St. George, UT",3196,670,3180,670,2022
41100,"St. George, UT",2820,638,2791,638,2023
41100,"St. George, UT",3152,650,3065,650,2024
41100,"St. George, UT",2857,326,2835,326,2025
41140,"St. Joseph, MO-KS",257,28,249,28,1990
41140,"St. Joseph, MO-KS",174,0,174,0,1991
41140,"St. Joseph, MO-KS",283,14,283,14,1992
41140,"St. Joseph, MO-KS",239,8,239,8,1993
41140,"St. Joseph, MO-KS",297,32,296,32,1994
41140,"St. Joseph, MO-KS",397,64,394,64,1995
41140,"St. Joseph, MO-KS",384,64,345,64,1996
41140,"St. Joseph, MO-KS",280,46,215,30,1997
41140,"St. Joseph, MO-KS",335,50,314,50,1998
41140,"St. Joseph, MO-KS",398,60,330,48,1999
41140,"St. Joseph, MO-KS",301,52,301,52,2000
41140,"St. Joseph, MO-KS",241,6,241,6,2001
41140,"St. Joseph, MO-KS",289,0,289,0,2002
41140,"St. Joseph, MO-KS",304,40,304,40,2003
41140,"St. Joseph, MO-KS",339,107,333,107,2004
41140,"St. Joseph, MO-KS",297,40,291,40,2005
41140,"St. Joseph, MO-KS",228,15,228,15,2006
41140,"St. Joseph, MO-KS",177,8,177,8,2007
41140,"St. Joseph, MO-KS",103,0,103,0,2008
41140,"St. Joseph, MO-KS",152,12,152,12,2009
41140,"St. Joseph, MO-KS",131,15,130,15,2010
41140,"St. Joseph, MO-KS",118,0,118,0,2011
41140,"St. Joseph, MO-KS",113,0,110,0,2012
41140,"St. Joseph, MO-KS",123,0,121,0,2013
41140,"St. Joseph, MO-KS",104,0,104,0,2014
41140,"St. Joseph, MO-KS",211,109,208,109,2015
41140,"St. Joseph, MO-KS",101,0,98,0,2016
41140,"St. Joseph, MO-KS",109,6,79,6,2017
41140,"St. Joseph, MO-KS",93,0,64,0,2018
41140,"St. Joseph, MO-KS",220,94,217,94,2019
41140,"St. Joseph, MO-KS",256,147,207,147,2020
41140,"St. Joseph, MO-KS",108,0,56,0,2021
41140,"St. Joseph, MO-KS",95,0,54,0,2022
41140,"St. Joseph, MO-KS",97,20,59,20,2023
41140,"St. Joseph, MO-KS",81,0,38,0,2024
41140,"St. Joseph, MO-KS",59,0,17,0,2025
41180,"St. Louis, MO-IL",8512,734,8484,707,1990
41180,"St. Louis, MO-IL",8584,596,8490,596,1991
41180,"St. Louis, MO-IL",10748,346,10621,341,1992
41180,"St. Louis, MO-IL",11866,519,11622,509,1993
41180,"St. Louis, MO-IL",13295,730,12983,705,1994
41180,"St. Louis, MO-IL",11636,937,11388,912,1995
41180,"St. Louis, MO-IL",12774,1044,12579,1044,1996
41180,"St. Louis, MO-IL",11175,1095,10978,1075,1997
41180,"St. Louis, MO-IL",12413,1254,11937,1194,1998
41180,"St. Louis, MO-IL",12739,1427,12446,1327,1999
41180,"St. Louis, MO-IL",12307,2046,12022,1957,2000
41180,"St. Louis, MO-IL",12077,1397,11635,1173,2001
41180,"St. Louis, MO-IL",14340,1989,14170,1984,2002
41180,"St. Louis, MO-IL",14753,1757,14753,1757,2003
41180,"St. Louis, MO-IL",15713,1613,15446,1588,2004
41180,"St. Louis, MO-IL",15502,1461,14636,1260,2005
41180,"St. Louis, MO-IL",11807,1224,11449,1204,2006
41180,"St. Louis, MO-IL",10311,1624,9677,1512,2007
41180,"St. Louis, MO-IL",5734,737,5464,727,2008
41180,"St. Louis, MO-IL",5160,860,4538,792,2009
41180,"St. Louis, MO-IL",5654,1043,5067,875,2010
41180,"St. Louis, MO-IL",4403,728,3766,605,2011
41180,"St. Louis, MO-IL",5489,1299,4965,1064,2012
41180,"St. Louis, MO-IL",5548,729,5141,565,2013
41180,"St. Louis, MO-IL",6992,2276,6526,2055,2014
41180,"St. Louis, MO-IL",7698,2495,7344,2301,2015
41180,"St. Louis, MO-IL",7711,2205,7486,2155,2016
41180,"St. Louis, MO-IL",7295,1572,6244,1354,2017
41180,"St. Louis, MO-IL",7338,1954,7074,1924,2018
41180,"St. Louis, MO-IL",7054,1630,6935,1630,2019
41180,"St. Louis, MO-IL",7863,1977,7456,1785,2020
41180,"St. Louis, MO-IL",8326,2435,8214,2435,2021
41180,"St. Louis, MO-IL",9130,4202,8832,4071,2022
41180,"St. Louis, MO-IL",7107,2282,6821,2164,2023
41180,"St. Louis, MO-IL",7017,2017,6622,1892,2024
41180,"St. Louis, MO-IL",6066,1523,5255,927,2025
41420,"Salem, OR",2156,940,2156,940,1990
41420,"Salem, OR",2182,830,2180,830,1991
41420,"Salem, OR",2160,562,2117,557,1992
41420,"Salem, OR",2412,859,2399,859,1993
41420,"Salem, OR",1875,229,1850,229,1994
41420,"Salem, OR",2411,756,2380,748,1995
41420,"Salem, OR",3373,1348,3066,1308,1996
41420,"Salem, OR",2571,561,2557,561,1997
41420,"Salem, OR",2357,543,2289,523,1998
41420,"Salem, OR",2018,271,1957,261,1999
41420,"Salem, OR",1684,235,1678,235,2000
41420,"Salem, OR",1790,426,1756,426,2001
41420,"Salem, OR",1960,294,1897,294,2002
41420,"Salem, OR",1979,263,1979,263,2003
41420,"Salem, OR",2560,426,2379,390,2004
41420,"Salem, OR",2438,219,1854,97,2005
41420,"Salem, OR",2353,480,1160,224,2006
41420,"Salem, OR",1791,398,1731,393,2007
41420,"Salem, OR",1055,364,999,364,2008
41420,"Salem, OR",835,297,789,292,2009
41420,"Salem, OR",699,211,687,211,2010
41420,"Salem, OR",431,108,396,108,2011
41420,"Salem, OR",721,293,679,293,2012
41420,"Salem, OR",950,292,929,292,2013
41420,"Salem, OR",944,208,942,208,2014
41420,"Salem, OR",1297,480,1297,480,2015
41420,"Salem, OR",1478,610,1351,530,2016
41420,"Salem, OR",1555,695,1555,695,2017
41420,"Salem, OR",1684,400,1634,400,2018
41420,"Salem, OR",2036,901,2036,901,2019
41420,"Salem, OR",2008,814,2007,814,2020
41420,"Salem, OR",2154,759,2089,759,2021
41420,"Salem, OR",2817,1873,2817,1873,2022
41420,"Salem, OR",1966,1054,1929,1054,2023
41420,"Salem, OR",1859,797,1822,797,2024
41420,"Salem, OR",1426,496,1338,469,2025
41500,"Salinas, CA",1183,43,1183,43,1990
41500,"Salinas, CA",931,86,931,86,1991
41500,"Salinas, CA",736,68,736,68,1992
41500,"Salinas, CA",869,27,869,27,1993
41500,"Salinas, CA",1478,73,1478,73,1994
41500,"Salinas, CA",1326,180,1320,180,1995
41500,"Salinas, CA",1502,297,1491,297,1996
41500,"Salinas, CA",1685,299,1672,299,1997
41500,"Salinas, CA",1189,0,1175,0,1998
41500,"Salinas, CA",2058,536,2057,536,1999
41500,"Salinas, CA",1714,67,1714,67,2000
41500,"Salinas, CA",1056,160,1056,160,2001
41500,"Salinas, CA",1222,128,1222,128,2002
41500,"Salinas, CA",1355,290,1355,290,2003
41500,"Salinas, CA",1198,94,1196,94,2004
41500,"Salinas, CA",1430,106,1069,106,2005
41500,"Salinas, CA",865,93,859,93,2006
41500,"Salinas, CA",1107,526,1107,526,2007
41500,"Salinas, CA",456,147,394,91,2008
41500,"Salinas, CA",194,32,192,32,2009
41500,"Salinas, CA",279,146,279,146,2010
41500,"Salinas, CA",156,15,156,15,2011
41500,"Salinas, CA",246,86,244,86,2012
41500,"Salinas, CA",436,236,425,236,2013
41500,"Salinas, CA",361,123,300,68,2014
41500,"Salinas, CA",587,270,587,270,2015
41500,"Salinas, CA",627,129,615,119,2016
41500,"Salinas, CA",776,227,776,227,2017
41500,"Salinas, CA",732,141,639,134,2018
41500,"Salinas, CA",480,72,408,72,2019
41500,"Salinas, CA",753,322,726,312,2020
41500,"Salinas, CA",882,353,864,339,2021
41500,"Salinas, CA",1086,394,1086,394,2022
41500,"Salinas, CA",617,150,587,150,2023
41500,"Salinas, CA",677,159,677,159,2024
41500,"Salinas, CA",775,96,775,96,2025
41540,"Salisbury, MD",772,119,686,119,1990
41540,"Salisbury, MD",664,135,664,135,1991
41540,"Salisbury, MD",588,30,588,30,1992
41540,"Salisbury, MD",540,50,530,50,1993
41540,"Salisbury, MD",796,239,781,239,1994
41540,"Salisbury, MD",509,38,498,38,1995
41540,"Salisbury, MD",467,7,449,7,1996
41540,"Salisbury, MD",440,36,428,36,1997
41540,"Salisbury, MD",787,268,775,268,1998
41540,"Salisbury, MD",589,106,512,106,1999
41540,"Salisbury, MD",507,45,500,45,2000
41540,"Salisbury, MD",916,314,912,314,2001
41540,"Salisbury, MD",915,245,914,245,2002
41540,"Salisbury, MD",1298,261,1298,261,2003
41540,"Salisbury, MD",1185,313,1158,303,2004
41540,"Salisbury, MD",1212,182,1175,172,2005
41540,"Salisbury, MD",1217,381,1169,381,2006
41540,"Salisbury, MD",677,303,590,253,2007
41540,"Salisbury, MD",392,136,207,0,2008
41540,"Salisbury, MD",325,139,235,84,2009
41540,"Salisbury, MD",194,0,194,0,2010
41540,"Salisbury, MD",169,0,169,0,2011
41540,"Salisbury, MD",342,240,342,240,2012
41540,"Salisbury, MD",734,594,734,594,2013
41540,"Salisbury, MD",308,140,306,140,2014
41540,"Salisbury, MD",318,186,314,186,2015
41540,"Salisbury, MD",196,74,195,74,2016
41540,"Salisbury, MD",145,0,144,0,2017
41540,"Salisbury, MD",223,12,223,12,2018
41540,"Salisbury, MD",291,40,291,40,2019
41540,"Salisbury, MD",320,48,294,48,2020
41540,"Salisbury, MD",285,0,283,0,2021
41540,"Salisbury, MD",445,174,441,174,2022
41540,"Salisbury, MD",252,45,249,45,2023
41540,"Salisbury, MD",326,44,326,44,2024
41540,"Salisbury, MD",205,33,205,33,2025
41620,"Salt Lake City-Murray, UT",2503,209,2497,209,1990
41620,"Salt Lake City-Murray, UT",3335,89,3282,89,1991
41620,"Salt Lake City-Murray, UT",4220,167,4220,167,1992
41620,"Salt Lake City-Murray, UT",6286,1468,6286,1468,1993
41620,"Salt Lake City-Murray, UT",5885,1077,5802,1060,1994
41620,"Salt Lake City-Murray, UT",7599,2058,7495,2058,1995
41620,"Salt Lake City-Murray, UT",9223,2881,9217,2881,1996
41620,"Salt Lake City-Murray, UT",6070,1108,5754,1108,1997
41620,"Salt Lake City-Murray, UT",6979,1279,6955,1273,1998
41620,"Salt Lake City-Murray, UT",6193,1114,6124,1114,1999
41620,"Salt Lake City-Murray, UT",5284,725,5278,725,2000
41620,"Salt Lake City-Murray, UT",6014,1394,5949,1394,2001
41620,"Salt Lake City-Murray, UT",6212,1278,5722,1117,2002
41620,"Salt Lake City-Murray, UT",7517,1485,7517,1485,2003
41620,"Salt Lake City-Murray, UT",6960,1036,6075,875,2004
41620,"Salt Lake City-Murray, UT",8335,1560,7478,1428,2005
41620,"Salt Lake City-Murray, UT",6874,757,6177,619,2006
41620,"Salt Lake City-Murray, UT",5093,1335,4600,1223,2007
41620,"Salt Lake City-Murray, UT",3836,2118,3403,1876,2008
41620,"Salt Lake City-Murray, UT",4310,2737,3998,2588,2009
41620,"Salt Lake City-Murray, UT",2746,867,2468,738,2010
41620,"Salt Lake City-Murray, UT",3349,1231,2901,978,2011
41620,"Salt Lake City-Murray, UT",3764,1004,3178,707,2012
41620,"Salt Lake City-Murray, UT",5302,1799,4924,1698,2013
41620,"Salt Lake City-Murray, UT",5318,2010,4907,1894,2014
41620,"Salt Lake City-Murray, UT",6755,2807,6466,2732,2015
41620,"Salt Lake City-Murray, UT",8731,4217,8105,4042,2016
41620,"Salt Lake City-Murray, UT",7367,2225,6494,2123,2017
41620,"Salt Lake City-Murray, UT",8750,2862,7920,2685,2018
41620,"Salt Lake City-Murray, UT",10680,5572,10179,5572,2019
41620,"Salt Lake City-Murray, UT",11033,5290,9824,4861,2020
41620,"Salt Lake City-Murray, UT",11642,5851,7668,2320,2021
41620,"Salt Lake City-Murray, UT",10102,5932,6197,2258,2022
41620,"Salt Lake City-Murray, UT",9235,5682,6278,3014,2023
41620,"Salt Lake City-Murray, UT",5447,1666,5419,1666,2024
41620,"Salt Lake City-Murray, UT",7702,4471,7671,4471,2025
41660,"San Angelo, TX",131,0,131,0,1990
41660,"San Angelo, TX",161,24,161,24,1991
41660,"San Angelo, TX",199,0,199,0,1992
41660,"San Angelo, TX",311,0,311,0,1993
41660,"San Angelo, TX",262,0,262,0,1994
41660,"San Angelo, TX",225,0,225,0,1995
41660,"San Angelo, TX",476,216,476,216,1996
41660,"San Angelo, TX",328,100,328,100,1997
41660,"San Angelo, TX",500,148,500,148,1998
41660,"San Angelo, TX",267,0,267,0,1999
41660,"San Angelo, TX",247,0,247,0,2000
41660,"San Angelo, TX",249,0,249,0,2001
41660,"San Angelo, TX",251,0,251,0,2002
41660,"San Angelo, TX",265,0,265,0,2003
41660,"San Angelo, TX",235,0,235,0,2004
41660,"San Angelo, TX",270,0,270,0,2005
41660,"San Angelo, TX",489,120,489,120,2006
41660,"San Angelo, TX",356,0,356,0,2007
41660,"San Angelo, TX",259,0,259,0,2008
41660,"San Angelo, TX",516,335,516,335,2009
41660,"San Angelo, TX",177,0,177,0,2010
41660,"San Angelo, TX",145,0,145,0,2011
41660,"San Angelo, TX",405,176,405,176,2012
41660,"San Angelo, TX",526,200,526,200,2013
41660,"San Angelo, TX",629,400,629,400,2014
41660,"San Angelo, TX",236,0,236,0,2015
41660,"San Angelo, TX",172,0,172,0,2016
41660,"San Angelo, TX",197,0,197,0,2017
41660,"San Angelo, TX",262,0,262,0,2018
41660,"San Angelo, TX",283,0,283,0,2019
41660,"San Angelo, TX",686,0,686,0,2020
41660,"San Angelo, TX",333,0,333,0,2021
41660,"San Angelo, TX",322,0,322,0,2022
41660,"San Angelo, TX",252,0,252,0,2023
41660,"San Angelo, TX",233,0,233,0,2024
41660,"San Angelo, TX",335,0,335,0,2025
41700,"San Antonio-New Braunfels, TX",1889,70,1880,70,1990
41700,"San Antonio-New Braunfels, TX",2256,31,2251,31,1991
41700,"San Antonio-New Braunfels, TX",4191,365,4190,365,1992
41700,"San Antonio-New Braunfels, TX",6418,1258,6416,1258,1993
41700,"San Antonio-New Braunfels, TX",9721,3121,9559,3121,1994
41700,"San Antonio-New Braunfels, TX",8555,1697,8377,1697,1995
41700,"San Antonio-New Braunfels, TX",9992,2688,9832,2688,1996
41700,"San Antonio-New Braunfels, TX",9381,2133,9329,2133,1997
41700,"San Antonio-New Braunfels, TX",10022,1064,9987,1064,1998
41700,"San Antonio-New Braunfels, TX",14216,4982,14167,4982,1999
41700,"San Antonio-New Braunfels, TX",10976,2063,10770,2063,2000
41700,"San Antonio-New Braunfels, TX",13136,3412,12832,3412,2001
41700,"San Antonio-New Braunfels, TX",13253,2535,12840,2506,2002
41700,"San Antonio-New Braunfels, TX",13375,2236,13375,2236,2003
41700,"San Antonio-New Braunfels, TX",17539,4538,17108,4538,2004
41700,"San Antonio-New Braunfels, TX",22305,7294,20908,7018,2005
41700,"San Antonio-New Braunfels, TX",19761,5382,18556,5186,2006
41700,"San Antonio-New Braunfels, TX",13295,3637,12281,3408,2007
41700,"San Antonio-New Braunfels, TX",10574,4377,10168,4331,2008
41700,"San Antonio-New Braunfels, TX",5924,358,5267,338,2009
41700,"San Antonio-New Braunfels, TX",6865,1645,6172,1620,2010
41700,"San Antonio-New Braunfels, TX",7127,2684,6703,2644,2011
41700,"San Antonio-New Braunfels, TX",8004,2760,7143,2667,2012
41700,"San Antonio-New Braunfels, TX",6128,177,5440,116,2013
41700,"San Antonio-New Braunfels, TX",10332,3878,9637,3818,2014
41700,"San Antonio-New Braunfels, TX",7824,1186,7300,1114,2015
41700,"San Antonio-New Braunfels, TX",12241,5430,11727,5365,2016
41700,"San Antonio-New Braunfels, TX",12516,4596,11888,4534,2017
41700,"San Antonio-New Braunfels, TX",11497,3360,10351,2961,2018
41700,"San Antonio-New Braunfels, TX",15895,6550,15332,6516,2019
41700,"San Antonio-New Braunfels, TX",16697,5836,15653,5454,2020
41700,"San Antonio-New Braunfels, TX",22264,8076,21785,8016,2021
41700,"San Antonio-New Braunfels, TX",24336,13738,23665,13738,2022
41700,"San Antonio-New Braunfels, TX",16485,7248,15395,7089,2023
41700,"San Antonio-New Braunfels, TX",14857,3803,13871,3660,2024
41700,"San Antonio-New Braunfels, TX",10546,1846,9658,1713,2025
41740,"San Diego-Chula Vista-Carlsbad, CA",15732,7953,15732,7953,1990
41740,"San Diego-Chula Vista-Carlsbad, CA",7891,1689,7891,1689,1991
41740,"San Diego-Chula Vista-Carlsbad, CA",6071,1745,6056,1745,1992
41740,"San Diego-Chula Vista-Carlsbad, CA",5750,1142,5750,1142,1993
41740,"San Diego-Chula Vista-Carlsbad, CA",6943,1107,6943,1107,1994
41740,"San Diego-Chula Vista-Carlsbad, CA",6633,1346,6633,1346,1995
41740,"San Diego-Chula Vista-Carlsbad, CA",6848,479,6848,479,1996
41740,"San Diego-Chula Vista-Carlsbad, CA",11139,2385,11139,2385,1997
41740,"San Diego-Chula Vista-Carlsbad, CA",11891,2291,11891,2291,1998
41740,"San Diego-Chula Vista-Carlsbad, CA",16295,5888,16061,5888,1999
41740,"San Diego-Chula Vista-Carlsbad, CA",15592,5679,15270,5635,2000
41740,"San Diego-Chula Vista-Carlsbad, CA",15405,5513,14992,5256,2001
41740,"San Diego-Chula Vista-Carlsbad, CA",13684,4166,13147,3822,2002
41740,"San Diego-Chula Vista-Carlsbad, CA",18031,6995,18031,6995,2003
41740,"San Diego-Chula Vista-Carlsbad, CA",15587,5218,15526,5169,2004
41740,"San Diego-Chula Vista-Carlsbad, CA",14306,5652,14258,5652,2005
41740,"San Diego-Chula Vista-Carlsbad, CA",9191,3947,9080,3942,2006
41740,"San Diego-Chula Vista-Carlsbad, CA",7435,3543,7372,3518,2007
41740,"San Diego-Chula Vista-Carlsbad, CA",5357,2828,5357,2828,2008
41740,"San Diego-Chula Vista-Carlsbad, CA",2946,1057,2946,1057,2009
41740,"San Diego-Chula Vista-Carlsbad, CA",3494,1033,3494,1033,2010
41740,"San Diego-Chula Vista-Carlsbad, CA",5370,2958,5367,2958,2011
41740,"San Diego-Chula Vista-Carlsbad, CA",5666,3020,5666,3020,2012
41740,"San Diego-Chula Vista-Carlsbad, CA",8264,5365,8264,5365,2013
41740,"San Diego-Chula Vista-Carlsbad, CA",6875,4097,6874,4097,2014
41740,"San Diego-Chula Vista-Carlsbad, CA",9883,6378,9772,6287,2015
41740,"San Diego-Chula Vista-Carlsbad, CA",10791,7989,10744,7989,2016
41740,"San Diego-Chula Vista-Carlsbad, CA",10441,5687,10391,5643,2017
41740,"San Diego-Chula Vista-Carlsbad, CA",9834,5667,9798,5657,2018
41740,"San Diego-Chula Vista-Carlsbad, CA",8216,4681,8216,4681,2019
41740,"San Diego-Chula Vista-Carlsbad, CA",9472,6106,9472,6106,2020
41740,"San Diego-Chula Vista-Carlsbad, CA",10048,6399,10048,6399,2021
41740,"San Diego-Chula Vista-Carlsbad, CA",9346,5341,9346,5341,2022
41740,"San Diego-Chula Vista-Carlsbad, CA",11469,7952,10822,7424,2023
41740,"San Diego-Chula Vista-Carlsbad, CA",11572,7248,11193,6939,2024
41740,"San Diego-Chula Vista-Carlsbad, CA",11707,7311,11285,7057,2025
41780,"Sandusky, OH",719,216,554,204,1990
41780,"Sandusky, OH",566,43,379,43,1991
41780,"Sandusky, OH",616,66,616,66,1992
41780,"Sandusky, OH",511,5,301,0,1993
41780,"Sandusky, OH",646,56,415,56,1994
41780,"Sandusky, OH",581,27,306,22,1995
41780,"Sandusky, OH",596,30,314,0,1996
41780,"Sandusky, OH",523,41,244,6,1997
41780,"Sandusky, OH",526,30,247,0,1998
41780,"Sandusky, OH",732,178,461,158,1999
41780,"Sandusky, OH",552,0,310,0,2000
41780,"Sandusky, OH",493,21,262,21,2001
41780,"Sandusky, OH",462,20,188,0,2002
41780,"Sandusky, OH",593,120,593,120,2003
41780,"Sandusky, OH",611,91,355,91,2004
41780,"Sandusky, OH",759,188,734,188,2005
41780,"Sandusky, OH",496,9,488,9,2006
41780,"Sandusky, OH",403,69,387,69,2007
41780,"Sandusky, OH",188,0,188,0,2008
41780,"Sandusky, OH",171,37,166,37,2009
41780,"Sandusky, OH",183,16,174,16,2010
41780,"Sandusky, OH",127,0,126,0,2011
41780,"Sandusky, OH",158,0,155,0,2012
41780,"Sandusky, OH",197,6,182,6,2013
41780,"Sandusky, OH",151,0,144,0,2014
41780,"Sandusky, OH",223,58,209,58,2015
41780,"Sandusky, OH",267,28,261,28,2016
41780,"Sandusky, OH",210,0,203,0,2017
41780,"Sandusky, OH",239,26,231,26,2018
41780,"Sandusky, OH",237,18,216,18,2019
41780,"Sandusky, OH",267,23,241,23,2020
41780,"Sandusky, OH",461,140,446,140,2021
41780,"Sandusky, OH",498,186,329,82,2022
41780,"Sandusky, OH",284,53,215,36,2023
41780,"Sandusky, OH",239,0,187,0,2024
41780,"Sandusky, OH",325,13,305,13,2025
41860,"San Francisco-Oakland-Fremont, CA",9702,3117,9654,3102,1990
41860,"San Francisco-Oakland-Fremont, CA",9044,3517,8960,3502,1991
41860,"San Francisco-Oakland-Fremont, CA",8826,2051,8762,2029,1992
41860,"San Francisco-Oakland-Fremont, CA",7484,1847,7407,1823,1993
41860,"San Francisco-Oakland-Fremont, CA",9161,1882,9006,1837,1994
41860,"San Francisco-Oakland-Fremont, CA",8596,1519,8491,1514,1995
41860,"San Francisco-Oakland-Fremont, CA",10049,2531,9926,2478,1996
41860,"San Francisco-Oakland-Fremont, CA",13637,4281,13540,4263,1997
41860,"San Francisco-Oakland-Fremont, CA",15235,5845,15169,5839,1998
41860,"San Francisco-Oakland-Fremont, CA",15202,4196,14946,4196,1999
41860,"San Francisco-Oakland-Fremont, CA",15113,5782,14931,5777,2000
41860,"San Francisco-Oakland-Fremont, CA",11101,3736,11069,3736,2001
41860,"San Francisco-Oakland-Fremont, CA",12541,3570,12309,3507,2002
41860,"San Francisco-Oakland-Fremont, CA",14828,5741,14828,5741,2003
41860,"San Francisco-Oakland-Fremont, CA",15239,6795,14519,6595,2004
41860,"San Francisco-Oakland-Fremont, CA",14883,6409,13903,6054,2005
41860,"San Francisco-Oakland-Fremont, CA",14483,8213,13510,7769,2006
41860,"San Francisco-Oakland-Fremont, CA",10560,5201,9713,4737,2007
41860,"San Francisco-Oakland-Fremont, CA",7555,5020,7112,4772,2008
41860,"San Francisco-Oakland-Fremont, CA",3550,1130,3310,1028,2009
41860,"San Francisco-Oakland-Fremont, CA",4621,2346,4298,2163,2010
41860,"San Francisco-Oakland-Fremont, CA",5783,3735,5485,3581,2011
41860,"San Francisco-Oakland-Fremont, CA",9163,5842,8799,5684,2012
41860,"San Francisco-Oakland-Fremont, CA",10922,7058,10420,6742,2013
41860,"San Francisco-Oakland-Fremont, CA",10001,6126,9544,5833,2014
41860,"San Francisco-Oakland-Fremont, CA",13386,8337,12912,8008,2015
41860,"San Francisco-Oakland-Fremont, CA",14787,9585,13900,8879,2016
41860,"San Francisco-Oakland-Fremont, CA",16952,11873,16034,11215,2017
41860,"San Francisco-Oakland-Fremont, CA",17421,12960,16299,12317,2018
41860,"San Francisco-Oakland-Fremont, CA",13881,9528,13438,9373,2019
41860,"San Francisco-Oakland-Fremont, CA",10156,6586,8940,6092,2020
41860,"San Francisco-Oakland-Fremont, CA",13606,8964,13003,8655,2021
41860,"San Francisco-Oakland-Fremont, CA",11180,7566,10540,7292,2022
41860,"San Francisco-Oakland-Fremont, CA",7530,4352,7265,4204,2023
41860,"San Francisco-Oakland-Fremont, CA",5914,2990,5478,2767,2024
41860,"San Francisco-Oakland-Fremont, CA",7750,4884,7306,4586,2025
41940,"San Jose-Sunnyvale-Santa Clara, CA",5265,3020,5265,3020,1990
41940,"San Jose-Sunnyvale-Santa Clara, CA",4010,1960,3914,1960,1991
41940,"San Jose-Sunnyvale-Santa Clara, CA",3416,1351,3414,1351,1992
41940,"San Jose-Sunnyvale-Santa Clara, CA",3866,1494,3769,1494,1993
41940,"San Jose-Sunnyvale-Santa Clara, CA",4457,1567,4349,1567,1994
41940,"San Jose-Sunnyvale-Santa Clara, CA",3825,1049,3813,1049,1995
41940,"San Jose-Sunnyvale-Santa Clara, CA",8014,3161,7969,3161,1996
41940,"San Jose-Sunnyvale-Santa Clara, CA",8848,3866,8696,3786,1997
41940,"San Jose-Sunnyvale-Santa Clara, CA",8073,3314,8013,3314,1998
41940,"San Jose-Sunnyvale-Santa Clara, CA",7302,3342,7237,3342,1999
41940,"San Jose-Sunnyvale-Santa Clara, CA",7177,3587,7149,3573,2000
41940,"San Jose-Sunnyvale-Santa Clara, CA",6301,4240,6254,4219,2001
41940,"San Jose-Sunnyvale-Santa Clara, CA",4621,2211,4605,2196,2002
41940,"San Jose-Sunnyvale-Santa Clara, CA",7103,4388,7103,4388,2003
41940,"San Jose-Sunnyvale-Santa Clara, CA",5492,2497,5096,2242,2004
41940,"San Jose-Sunnyvale-Santa Clara, CA",5736,3090,5694,3090,2005
41940,"San Jose-Sunnyvale-Santa Clara, CA",6150,3899,6105,3899,2006
41940,"San Jose-Sunnyvale-Santa Clara, CA",4194,2153,4154,2148,2007
41940,"San Jose-Sunnyvale-Santa Clara, CA",3490,2433,3481,2433,2008
41940,"San Jose-Sunnyvale-Santa Clara, CA",1094,417,1094,417,2009
41940,"San Jose-Sunnyvale-Santa Clara, CA",4179,3291,4058,3216,2010
41940,"San Jose-Sunnyvale-Santa Clara, CA",3097,2043,3096,2043,2011
41940,"San Jose-Sunnyvale-Santa Clara, CA",5532,3941,5520,3941,2012
41940,"San Jose-Sunnyvale-Santa Clara, CA",7764,5758,7764,5758,2013
41940,"San Jose-Sunnyvale-Santa Clara, CA",10037,8017,9529,7613,2014
41940,"San Jose-Sunnyvale-Santa Clara, CA",5788,3779,5757,3779,2015
41940,"San Jose-Sunnyvale-Santa Clara, CA",6167,3944,6163,3944,2016
41940,"San Jose-Sunnyvale-Santa Clara, CA",8539,5865,8508,5865,2017
41940,"San Jose-Sunnyvale-Santa Clara, CA",8744,6236,8510,6236,2018
41940,"San Jose-Sunnyvale-Santa Clara, CA",6230,3552,6230,3552,2019
41940,"San Jose-Sunnyvale-Santa Clara, CA",5851,4008,5315,3575,2020
41940,"San Jose-Sunnyvale-Santa Clara, CA",4529,2087,4529,2087,2021
41940,"San Jose-Sunnyvale-Santa Clara, CA",9428,5472,9428,5472,2022
41940,"San Jose-Sunnyvale-Santa Clara, CA",6227,4131,6227,4131,2023
41940,"San Jose-Sunnyvale-Santa Clara, CA",4115,1874,4108,1874,2024
41940,"San Jose-Sunnyvale-Santa Clara, CA",5570,3483,5474,3483,2025
42020,"San Luis Obispo-Paso Robles, CA",1605,268,1439,268,1990
42020,"San Luis Obispo-Paso Robles, CA",1087,60,976,41,1991
42020,"San Luis Obispo-Paso Robles, CA",669,34,611,29,1992
42020,"San Luis Obispo-Paso Robles, CA",859,71,855,71,1993
42020,"San Luis Obispo-Paso Robles, CA",1080,80,1080,80,1994
42020,"San Luis Obispo-Paso Robles, CA",916,59,916,59,1995
42020,"San Luis Obispo-Paso Robles, CA",1156,75,1153,75,1996
42020,"San Luis Obispo-Paso Robles, CA",1286,62,1229,55,1997
42020,"San Luis Obispo-Paso Robles, CA",1687,36,1687,36,1998
42020,"San Luis Obispo-Paso Robles, CA",1648,81,1648,81,1999
42020,"San Luis Obispo-Paso Robles, CA",1673,94,1649,84,2000
42020,"San Luis Obispo-Paso Robles, CA",1943,75,1829,70,2001
42020,"San Luis Obispo-Paso Robles, CA",1993,228,1837,228,2002
42020,"San Luis Obispo-Paso Robles, CA",2260,156,2260,156,2003
42020,"San Luis Obispo-Paso Robles, CA",2450,347,2450,347,2004
42020,"San Luis Obispo-Paso Robles, CA",2316,383,1838,319,2005
42020,"San Luis Obispo-Paso Robles, CA",1764,249,1764,249,2006
42020,"San Luis Obispo-Paso Robles, CA",1266,317,1101,235,2007
42020,"San Luis Obispo-Paso Robles, CA",674,130,674,130,2008
42020,"San Luis Obispo-Paso Robles, CA",394,48,394,48,2009
42020,"San Luis Obispo-Paso Robles, CA",468,144,411,133,2010
42020,"San Luis Obispo-Paso Robles, CA",306,5,294,5,2011
42020,"San Luis Obispo-Paso Robles, CA",417,64,355,57,2012
42020,"San Luis Obispo-Paso Robles, CA",647,129,605,129,2013
42020,"San Luis Obispo-Paso Robles, CA",983,134,983,134,2014
42020,"San Luis Obispo-Paso Robles, CA",821,125,821,125,2015
42020,"San Luis Obispo-Paso Robles, CA",853,244,826,244,2016
42020,"San Luis Obispo-Paso Robles, CA",1094,277,730,178,2017
42020,"San Luis Obispo-Paso Robles, CA",1050,279,511,174,2018
42020,"San Luis Obispo-Paso Robles, CA",1094,400,1094,400,2019
42020,"San Luis Obispo-Paso Robles, CA",911,115,911,115,2020
42020,"San Luis Obispo-Paso Robles, CA",1120,360,1047,360,2021
42020,"San Luis Obispo-Paso Robles, CA",1111,419,1111,419,2022
42020,"San Luis Obispo-Paso Robles, CA",962,369,959,369,2023
42020,"San Luis Obispo-Paso Robles, CA",1104,273,1104,273,2024
42020,"San Luis Obispo-Paso Robles, CA",663,7,663,7,2025
42100,"Santa Cruz-Watsonville, CA",553,98,553,98,1990
42100,"Santa Cruz-Watsonville, CA",434,43,412,32,1991
42100,"Santa Cruz-Watsonville, CA",629,267,629,267,1992
42100,"Santa Cruz-Watsonville, CA",346,13,346,13,1993
42100,"Santa Cruz-Watsonville, CA",515,65,501,65,1994
42100,"Santa Cruz-Watsonville, CA",437,41,437,41,1995
42100,"Santa Cruz-Watsonville, CA",507,113,507,113,1996
42100,"Santa Cruz-Watsonville, CA",733,132,733,132,1997
42100,"Santa Cruz-Watsonville, CA",559,154,553,154,1998
42100,"Santa Cruz-Watsonville, CA",465,115,465,115,1999
42100,"Santa Cruz-Watsonville, CA",545,125,545,125,2000
42100,"Santa Cruz-Watsonville, CA",600,149,568,137,2001
42100,"Santa Cruz-Watsonville, CA",608,186,608,186,2002
42100,"Santa Cruz-Watsonville, CA",1066,373,1066,373,2003
42100,"Santa Cruz-Watsonville, CA",801,53,801,53,2004
42100,"Santa Cruz-Watsonville, CA",861,164,861,164,2005
42100,"Santa Cruz-Watsonville, CA",711,150,386,15,2006
42100,"Santa Cruz-Watsonville, CA",842,496,610,397,2007
42100,"Santa Cruz-Watsonville, CA",317,93,250,56,2008
42100,"Santa Cruz-Watsonville, CA",149,17,105,0,2009
42100,"Santa Cruz-Watsonville, CA",158,33,108,17,2010
42100,"Santa Cruz-Watsonville, CA",208,85,166,66,2011
42100,"Santa Cruz-Watsonville, CA",237,58,180,32,2012
42100,"Santa Cruz-Watsonville, CA",294,104,107,19,2013
42100,"Santa Cruz-Watsonville, CA",291,104,46,0,2014
42100,"Santa Cruz-Watsonville, CA",335,120,57,0,2015
42100,"Santa Cruz-Watsonville, CA",489,250,169,109,2016
42100,"Santa Cruz-Watsonville, CA",407,163,64,15,2017
42100,"Santa Cruz-Watsonville, CA",426,154,53,0,2018
42100,"Santa Cruz-Watsonville, CA",429,165,63,0,2019
42100,"Santa Cruz-Watsonville, CA",244,71,127,14,2020
42100,"Santa Cruz-Watsonville, CA",598,283,450,205,2021
42100,"Santa Cruz-Watsonville, CA",608,200,477,122,2022
42100,"Santa Cruz-Watsonville, CA",540,278,472,245,2023
42100,"Santa Cruz-Watsonville, CA",259,61,185,36,2024
42100,"Santa Cruz-Watsonville, CA",470,303,470,303,2025
42140,"Santa Fe, NM",483,6,483,6,1990
42140,"Santa Fe, NM",304,0,304,0,1991
42140,"Santa Fe, NM",401,7,363,7,1992
42140,"Santa Fe, NM",447,0,447,0,1993
42140,"Santa Fe, NM",515,0,515,0,1994
42140,"Santa Fe, NM",284,6,209,6,1995
42140,"Santa Fe, NM",331,0,331,0,1996
42140,"Santa Fe, NM",549,189,549,189,1997
42140,"Santa Fe, NM",431,19,431,19,1998
42140,"Santa Fe, NM",781,355,781,355,1999
42140,"Santa Fe, NM",395,37,320,0,2000
42140,"Santa Fe, NM",537,65,498,60,2001
42140,"Santa Fe, NM",604,22,471,5,2002
42140,"Santa Fe, NM",561,0,561,0,2003
42140,"Santa Fe, NM",561,0,255,0,2004
42140,"Santa Fe, NM",580,0,0,0,2005
42140,"Santa Fe, NM",417,0,0,0,2006
42140,"Santa Fe, NM",277,0,0,0,2007
42140,"Santa Fe, NM",140,0,0,0,2008
42140,"Santa Fe, NM",102,0,0,0,2009
42140,"Santa Fe, NM",96,0,0,0,2010
42140,"Santa Fe, NM",94,0,0,0,2011
42140,"Santa Fe, NM",130,0,0,0,2012
42140,"Santa Fe, NM",183,20,138,20,2013
42140,"Santa Fe, NM",161,0,149,0,2014
42140,"Santa Fe, NM",110,0,90,0,2015
42140,"Santa Fe, NM",117,0,45,0,2016
42140,"Santa Fe, NM",221,0,167,0,2017
42140,"Santa Fe, NM",273,30,273,30,2018
42140,"Santa Fe, NM",589,245,589,245,2019
42140,"Santa Fe, NM",577,298,577,298,2020
42140,"Santa Fe, NM",840,612,840,612,2021
42140,"Santa Fe, NM",590,399,590,399,2022
42140,"Santa Fe, NM",926,662,926,662,2023
42140,"Santa Fe, NM",244,0,244,0,2024
42140,"Santa Fe, NM",495,244,495,244,2025
42200,"Santa Maria-Santa Barbara, CA",1279,275,1246,275,1990
42200,"Santa Maria-Santa Barbara, CA",1121,326,1030,306,1991
42200,"Santa Maria-Santa Barbara, CA",912,245,881,235,1992
42200,"Santa Maria-Santa Barbara, CA",573,62,521,22,1993
42200,"Santa Maria-Santa Barbara, CA",705,105,704,105,1994
42200,"Santa Maria-Santa Barbara, CA",793,100,792,100,1995
42200,"Santa Maria-Santa Barbara, CA",780,37,691,37,1996
42200,"Santa Maria-Santa Barbara, CA",881,279,862,279,1997
42200,"Santa Maria-Santa Barbara, CA",1014,51,981,51,1998
42200,"Santa Maria-Santa Barbara, CA",810,102,810,102,1999
42200,"Santa Maria-Santa Barbara, CA",867,54,867,54,2000
42200,"Santa Maria-Santa Barbara, CA",1026,31,1026,31,2001
42200,"Santa Maria-Santa Barbara, CA",1696,552,1646,552,2002
42200,"Santa Maria-Santa Barbara, CA",1461,304,1461,304,2003
42200,"Santa Maria-Santa Barbara, CA",1499,279,1481,279,2004
42200,"Santa Maria-Santa Barbara, CA",1050,183,941,183,2005
42200,"Santa Maria-Santa Barbara, CA",873,114,861,114,2006
42200,"Santa Maria-Santa Barbara, CA",711,189,619,143,2007
42200,"Santa Maria-Santa Barbara, CA",405,170,342,133,2008
42200,"Santa Maria-Santa Barbara, CA",226,25,150,7,2009
42200,"Santa Maria-Santa Barbara, CA",400,141,361,125,2010
42200,"Santa Maria-Santa Barbara, CA",231,69,184,49,2011
42200,"Santa Maria-Santa Barbara, CA",461,192,458,192,2012
42200,"Santa Maria-Santa Barbara, CA",405,19,401,19,2013
42200,"Santa Maria-Santa Barbara, CA",755,351,746,351,2014
42200,"Santa Maria-Santa Barbara, CA",1082,552,1079,552,2015
42200,"Santa Maria-Santa Barbara, CA",842,380,842,380,2016
42200,"Santa Maria-Santa Barbara, CA",1280,411,1075,352,2017
42200,"Santa Maria-Santa Barbara, CA",928,161,884,161,2018
42200,"Santa Maria-Santa Barbara, CA",1175,454,1175,454,2019
42200,"Santa Maria-Santa Barbara, CA",1027,521,448,88,2020
42200,"Santa Maria-Santa Barbara, CA",1152,575,560,119,2021
42200,"Santa Maria-Santa Barbara, CA",1096,689,1096,689,2022
42200,"Santa Maria-Santa Barbara, CA",471,80,471,80,2023
42200,"Santa Maria-Santa Barbara, CA",750,249,747,249,2024
42200,"Santa Maria-Santa Barbara, CA",1371,936,1335,936,2025
42220,"Santa Rosa-Petaluma, CA",3645,892,3645,892,1990
42220,"Santa Rosa-Petaluma, CA",2202,30,2202,30,1991
42220,"Santa Rosa-Petaluma, CA",1976,111,1976,111,1992
42220,"Santa Rosa-Petaluma, CA",1938,185,1938,185,1993
42220,"Santa Rosa-Petaluma, CA",2511,196,2511,196,1994
42220,"Santa Rosa-Petaluma, CA",1930,226,1930,226,1995
42220,"Santa Rosa-Petaluma, CA",1487,61,1460,61,1996
42220,"Santa Rosa-Petaluma, CA",1961,130,1961,130,1997
42220,"Santa Rosa-Petaluma, CA",3062,857,2716,857,1998
42220,"Santa Rosa-Petaluma, CA",3036,595,2661,595,1999
42220,"Santa Rosa-Petaluma, CA",2505,292,2178,292,2000
42220,"Santa Rosa-Petaluma, CA",2583,726,2210,716,2001
42220,"Santa Rosa-Petaluma, CA",1928,451,1570,451,2002
42220,"Santa Rosa-Petaluma, CA",2252,608,2252,608,2003
42220,"Santa Rosa-Petaluma, CA",1929,481,1929,481,2004
42220,"Santa Rosa-Petaluma, CA",2819,1057,2819,1057,2005
42220,"Santa Rosa-Petaluma, CA",1912,465,1912,465,2006
42220,"Santa Rosa-Petaluma, CA",1431,428,1431,428,2007
42220,"Santa Rosa-Petaluma, CA",612,28,563,5,2008
42220,"Santa Rosa-Petaluma, CA",442,71,429,71,2009
42220,"Santa Rosa-Petaluma, CA",477,174,472,174,2010
42220,"Santa Rosa-Petaluma, CA",632,151,629,151,2011
42220,"Santa Rosa-Petaluma, CA",560,238,556,238,2012
42220,"Santa Rosa-Petaluma, CA",1046,591,1046,591,2013
42220,"Santa Rosa-Petaluma, CA",663,232,662,232,2014
42220,"Santa Rosa-Petaluma, CA",621,150,619,150,2015
42220,"Santa Rosa-Petaluma, CA",919,254,916,254,2016
42220,"Santa Rosa-Petaluma, CA",1178,327,1159,327,2017
42220,"Santa Rosa-Petaluma, CA",3279,28,3261,28,2018
42220,"Santa Rosa-Petaluma, CA",2429,350,2427,350,2019
42220,"Santa Rosa-Petaluma, CA",1395,220,1310,220,2020
42220,"Santa Rosa-Petaluma, CA",2618,1348,2618,1348,2021
42220,"Santa Rosa-Petaluma, CA",2264,1299,1963,1193,2022
42220,"Santa Rosa-Petaluma, CA",2353,1321,2121,1256,2023
42220,"Santa Rosa-Petaluma, CA",1012,163,767,103,2024
42220,"Santa Rosa-Petaluma, CA",1690,892,1445,813,2025
42340,"Savannah, GA",1490,260,886,68,1990
42340,"Savannah, GA",1196,41,1044,18,1991
42340,"Savannah, GA",1687,124,1686,124,1992
42340,"Savannah, GA",2331,510,2300,510,1993
42340,"Savannah, GA",1977,322,1875,272,1994
42340,"Savannah, GA",2063,527,2014,527,1995
42340,"Savannah, GA",2142,476,2097,476,1996
42340,"Savannah, GA",1686,33,1577,16,1997
42340,"Savannah, GA",3063,1180,2968,1180,1998
42340,"Savannah, GA",2475,463,2384,414,1999
42340,"Savannah, GA",2708,632,2663,632,2000
42340,"Savannah, GA",2522,583,2184,543,2001
42340,"Savannah, GA",2691,672,2497,617,2002
42340,"Savannah, GA",2526,176,2526,176,2003
42340,"Savannah, GA",3082,351,2693,263,2004
42340,"Savannah, GA",4146,501,3657,371,2005
42340,"Savannah, GA",4859,622,3751,583,2006
42340,"Savannah, GA",3698,796,3270,796,2007
42340,"Savannah, GA",2103,450,1931,450,2008
42340,"Savannah, GA",1605,338,1486,338,2009
42340,"Savannah, GA",1301,271,1174,271,2010
42340,"Savannah, GA",1625,550,1488,550,2011
42340,"Savannah, GA",1540,267,1106,88,2012
42340,"Savannah, GA",1750,207,1476,168,2013
42340,"Savannah, GA",2211,348,1938,313,2014
42340,"Savannah, GA",2407,48,2407,48,2015
42340,"Savannah, GA",1971,194,1971,194,2016
42340,"Savannah, GA",2118,212,2111,212,2017
42340,"Savannah, GA",3158,1066,3158,1066,2018
42340,"Savannah, GA",2591,436,2589,436,2019
42340,"Savannah, GA",3026,949,2766,949,2020
42340,"Savannah, GA",3227,441,3227,441,2021
42340,"Savannah, GA",3192,737,3192,737,2022
42340,"Savannah, GA",3388,752,3291,752,2023
42340,"Savannah, GA",4037,1087,2926,1041,2024
42340,"Savannah, GA",5371,2063,4821,2063,2025
42540,"Scranton--Wilkes-Barre, PA",1900,341,1656,341,1990
42540,"Scranton--Wilkes-Barre, PA",1623,25,1395,25,1991
42540,"Scranton--Wilkes-Barre, PA",1692,41,1668,41,1992
42540,"Scranton--Wilkes-Barre, PA",1401,5,1283,5,1993
42540,"Scranton--Wilkes-Barre, PA",1338,5,1160,5,1994
42540,"Scranton--Wilkes-Barre, PA",1159,41,982,41,1995
42540,"Scranton--Wilkes-Barre, PA",1194,66,979,44,1996
42540,"Scranton--Wilkes-Barre, PA",1298,122,1070,101,1997
42540,"Scranton--Wilkes-Barre, PA",1158,43,992,43,1998
42540,"Scranton--Wilkes-Barre, PA",1147,40,946,40,1999
42540,"Scranton--Wilkes-Barre, PA",1221,120,1005,114,2000
42540,"Scranton--Wilkes-Barre, PA",1178,21,995,21,2001
42540,"Scranton--Wilkes-Barre, PA",1521,89,1369,89,2002
42540,"Scranton--Wilkes-Barre, PA",1530,58,1530,58,2003
42540,"Scranton--Wilkes-Barre, PA",1598,43,1285,26,2004
42540,"Scranton--Wilkes-Barre, PA",1382,31,845,0,2005
42540,"Scranton--Wilkes-Barre, PA",1474,81,1079,65,2006
42540,"Scranton--Wilkes-Barre, PA",1416,101,910,0,2007
42540,"Scranton--Wilkes-Barre, PA",700,29,692,29,2008
42540,"Scranton--Wilkes-Barre, PA",708,34,641,34,2009
42540,"Scranton--Wilkes-Barre, PA",687,0,625,0,2010
42540,"Scranton--Wilkes-Barre, PA",439,8,434,8,2011
42540,"Scranton--Wilkes-Barre, PA",470,0,461,0,2012
42540,"Scranton--Wilkes-Barre, PA",516,65,473,65,2013
42540,"Scranton--Wilkes-Barre, PA",2301,82,2271,82,2014
42540,"Scranton--Wilkes-Barre, PA",831,11,830,11,2015
42540,"Scranton--Wilkes-Barre, PA",1018,152,559,152,2016
42540,"Scranton--Wilkes-Barre, PA",580,118,350,48,2017
42540,"Scranton--Wilkes-Barre, PA",553,32,550,32,2018
42540,"Scranton--Wilkes-Barre, PA",528,61,287,20,2019
42540,"Scranton--Wilkes-Barre, PA",584,114,330,75,2020
42540,"Scranton--Wilkes-Barre, PA",644,77,381,38,2021
42540,"Scranton--Wilkes-Barre, PA",608,46,531,16,2022
42540,"Scranton--Wilkes-Barre, PA",573,35,513,15,2023
42540,"Scranton--Wilkes-Barre, PA",596,16,347,11,2024
42540,"Scranton--Wilkes-Barre, PA",639,55,408,50,2025
42660,"Seattle-Tacoma-Bellevue, WA",28716,12998,28532,12921,1990
42660,"Seattle-Tacoma-Bellevue, WA",14610,4120,14426,4061,1991
42660,"Seattle-Tacoma-Bellevue, WA",18753,5256,18307,5208,1992
42660,"Seattle-Tacoma-Bellevue, WA",18000,4479,17598,4370,1993
42660,"Seattle-Tacoma-Bellevue, WA",18608,4129,17213,3850,1994
42660,"Seattle-Tacoma-Bellevue, WA",17412,4565,15566,4237,1995
42660,"Seattle-Tacoma-Bellevue, WA",19858,5828,17885,5519,1996
42660,"Seattle-Tacoma-Bellevue, WA",22282,6958,20457,6665,1997
42660,"Seattle-Tacoma-Bellevue, WA",27215,10941,24988,10407,1998
42660,"Seattle-Tacoma-Bellevue, WA",24741,9959,22741,9640,1999
42660,"Seattle-Tacoma-Bellevue, WA",22525,8931,21721,8850,2000
42660,"Seattle-Tacoma-Bellevue, WA",21097,7934,19373,7633,2001
42660,"Seattle-Tacoma-Bellevue, WA",20991,5592,19526,5395,2002
42660,"Seattle-Tacoma-Bellevue, WA",20601,4099,20601,4099,2003
42660,"Seattle-Tacoma-Bellevue, WA",24135,6243,21950,5940,2004
42660,"Seattle-Tacoma-Bellevue, WA",25519,6365,23447,5866,2005
42660,"Seattle-Tacoma-Bellevue, WA",25743,8752,24086,8214,2006
42660,"Seattle-Tacoma-Bellevue, WA",25403,10497,24090,9975,2007
42660,"Seattle-Tacoma-Bellevue, WA",15512,7071,15410,7007,2008
42660,"Seattle-Tacoma-Bellevue, WA",7419,1740,7348,1713,2009
42660,"Seattle-Tacoma-Bellevue, WA",10040,3483,9912,3402,2010
42660,"Seattle-Tacoma-Bellevue, WA",11230,4778,10954,4676,2011
42660,"Seattle-Tacoma-Bellevue, WA",17666,9158,17382,9012,2012
42660,"Seattle-Tacoma-Bellevue, WA",19517,10134,19246,10013,2013
42660,"Seattle-Tacoma-Bellevue, WA",21953,12401,21666,12277,2014
42660,"Seattle-Tacoma-Bellevue, WA",25008,15317,24890,15259,2015
42660,"Seattle-Tacoma-Bellevue, WA",25489,15085,25287,14925,2016
42660,"Seattle-Tacoma-Bellevue, WA",27334,16239,26966,16019,2017
42660,"Seattle-Tacoma-Bellevue, WA",28186,17596,27699,17555,2018
42660,"Seattle-Tacoma-Bellevue, WA",26599,16426,26113,16353,2019
42660,"Seattle-Tacoma-Bellevue, WA",23039,12934,22194,12598,2020
42660,"Seattle-Tacoma-Bellevue, WA",30743,20321,30085,20046,2021
42660,"Seattle-Tacoma-Bellevue, WA",26661,17980,25512,17450,2022
42660,"Seattle-Tacoma-Bellevue, WA",17223,9635,16694,9419,2023
42660,"Seattle-Tacoma-Bellevue, WA",17920,10048,17359,9899,2024
42660,"Seattle-Tacoma-Bellevue, WA",15659,8199,14837,7788,2025
42680,"Sebastian-Vero Beach-West Vero Corridor, FL",1266,170,1266,170,1990
42680,"Sebastian-Vero Beach-West Vero Corridor, FL",1000,112,1000,112,1991
42680,"Sebastian-Vero Beach-West Vero Corridor, FL",876,87,876,87,1992
42680,"Sebastian-Vero Beach-West Vero Corridor, FL",954,47,954,47,1993
42680,"Sebastian-Vero Beach-West Vero Corridor, FL",1198,71,1198,71,1994
42680,"Sebastian-Vero Beach-West Vero Corridor, FL",1113,265,1113,265,1995
42680,"Sebastian-Vero Beach-West Vero Corridor, FL",1001,54,1001,54,1996
42680,"Sebastian-Vero Beach-West Vero Corridor, FL",1072,139,1072,139,1997
42680,"Sebastian-Vero Beach-West Vero Corridor, FL",1644,584,1595,579,1998
42680,"Sebastian-Vero Beach-West Vero Corridor, FL",1318,195,1011,46,1999
42680,"Sebastian-Vero Beach-West Vero Corridor, FL",2059,807,2022,792,2000
42680,"Sebastian-Vero Beach-West Vero Corridor, FL",1844,580,521,30,2001
42680,"Sebastian-Vero Beach-West Vero Corridor, FL",1894,311,1609,263,2002
42680,"Sebastian-Vero Beach-West Vero Corridor, FL",2430,573,2430,573,2003
42680,"Sebastian-Vero Beach-West Vero Corridor, FL",4185,367,4045,328,2004
42680,"Sebastian-Vero Beach-West Vero Corridor, FL",3819,76,3745,61,2005
42680,"Sebastian-Vero Beach-West Vero Corridor, FL",3143,268,3143,268,2006
42680,"Sebastian-Vero Beach-West Vero Corridor, FL",1257,90,1257,90,2007
42680,"Sebastian-Vero Beach-West Vero Corridor, FL",659,36,659,36,2008
42680,"Sebastian-Vero Beach-West Vero Corridor, FL",327,52,327,52,2009
42680,"Sebastian-Vero Beach-West Vero Corridor, FL",307,0,307,0,2010
42680,"Sebastian-Vero Beach-West Vero Corridor, FL",372,52,369,52,2011
42680,"Sebastian-Vero Beach-West Vero Corridor, FL",369,0,313,0,2012
42680,"Sebastian-Vero Beach-West Vero Corridor, FL",551,5,551,5,2013
42680,"Sebastian-Vero Beach-West Vero Corridor, FL",707,0,707,0,2014
42680,"Sebastian-Vero Beach-West Vero Corridor, FL",873,24,675,24,2015
42680,"Sebastian-Vero Beach-West Vero Corridor, FL",1018,39,1018,39,2016
42680,"Sebastian-Vero Beach-West Vero Corridor, FL",1121,0,944,0,2017
42680,"Sebastian-Vero Beach-West Vero Corridor, FL",1372,42,1372,42,2018
42680,"Sebastian-Vero Beach-West Vero Corridor, FL",1459,0,1278,0,2019
42680,"Sebastian-Vero Beach-West Vero Corridor, FL",1162,0,1120,0,2020
42680,"Sebastian-Vero Beach-West Vero Corridor, FL",1592,0,1544,0,2021
42680,"Sebastian-Vero Beach-West Vero Corridor, FL",1183,0,1183,0,2022
42680,"Sebastian-Vero Beach-West Vero Corridor, FL",1656,380,1209,380,2023
42680,"Sebastian-Vero Beach-West Vero Corridor, FL",557,276,544,276,2024
42680,"Sebastian-Vero Beach-West Vero Corridor, FL",252,72,238,72,2025
42700,"Sebring, FL",847,40,847,40,1990
42700,"Sebring, FL",708,32,688,22,1991
42700,"Sebring, FL",706,83,706,83,1992
42700,"Sebring, FL",737,52,737,52,1993
42700,"Sebring, FL",784,43,783,43,1994
42700,"Sebring, FL",629,28,629,28,1995
42700,"Sebring, FL",587,0,586,0,1996
42700,"Sebring, FL",603,0,603,0,1997
42700,"Sebring, FL",546,28,546,28,1998
42700,"Sebring, FL",667,0,667,0,1999
42700,"Sebring, FL",450,0,450,0,2000
42700,"Sebring, FL",562,8,554,8,2001
42700,"Sebring, FL",533,0,532,0,2002
42700,"Sebring, FL",731,5,731,5,2003
42700,"Sebring, FL",959,12,959,12,2004
42700,"Sebring, FL",1278,80,1278,80,2005
42700,"Sebring, FL",1540,94,1513,69,2006
42700,"Sebring, FL",1130,210,1064,210,2007
42700,"Sebring, FL",167,6,151,0,2008
42700,"Sebring, FL",114,52,114,52,2009
42700,"Sebring, FL",154,77,144,72,2010
42700,"Sebring, FL",77,0,73,0,2011
42700,"Sebring, FL",32,0,32,0,2012
42700,"Sebring, FL",62,0,62,0,2013
42700,"Sebring, FL",92,0,91,0,2014
42700,"Sebring, FL",162,0,162,0,2015
42700,"Sebring, FL",128,0,128,0,2016
42700,"Sebring, FL",181,0,161,0,2017
42700,"Sebring, FL",271,0,271,0,2018
42700,"Sebring, FL",253,0,253,0,2019
42700,"Sebring, FL",384,0,384,0,2020
42700,"Sebring, FL",644,0,644,0,2021
42700,"Sebring, FL",663,0,663,0,2022
42700,"Sebring, FL",712,52,712,52,2023
42700,"Sebring, FL",980,80,980,80,2024
42700,"Sebring, FL",768,0,768,0,2025
43100,"Sheboygan, WI",326,0,282,0,1990
43100,"Sheboygan, WI",401,90,381,90,1991
43100,"Sheboygan, WI",525,138,525,138,1992
43100,"Sheboygan, WI",649,180,647,180,1993
43100,"Sheboygan, WI",712,205,709,205,1994
43100,"Sheboygan, WI",733,235,714,235,1995
43100,"Sheboygan, WI",720,212,666,212,1996
43100,"Sheboygan, WI",565,116,526,94,1997
43100,"Sheboygan, WI",694,188,659,188,1998
43100,"Sheboygan, WI",597,140,597,140,1999
43100,"Sheboygan, WI",675,208,668,208,2000
43100,"Sheboygan, WI",625,151,621,151,2001
43100,"Sheboygan, WI",680,183,668,183,2002
43100,"Sheboygan, WI",599,54,599,54,2003
43100,"Sheboygan, WI",657,104,623,104,2004
43100,"Sheboygan, WI",506,36,489,36,2005
43100,"Sheboygan, WI",476,119,434,119,2006
43100,"Sheboygan, WI",389,119,379,119,2007
43100,"Sheboygan, WI",203,56,181,56,2008
43100,"Sheboygan, WI",159,72,143,72,2009
43100,"Sheboygan, WI",69,0,54,0,2010
43100,"Sheboygan, WI",73,16,65,16,2011
43100,"Sheboygan, WI",63,0,52,0,2012
43100,"Sheboygan, WI",99,0,76,0,2013
43100,"Sheboygan, WI",111,20,95,20,2014
43100,"Sheboygan, WI",123,18,101,18,2015
43100,"Sheboygan, WI",307,132,297,132,2016
43100,"Sheboygan, WI",390,208,233,96,2017
43100,"Sheboygan, WI",191,8,191,8,2018
43100,"Sheboygan, WI",186,41,186,41,2019
43100,"Sheboygan, WI",365,160,364,160,2020
43100,"Sheboygan, WI",268,80,260,80,2021
43100,"Sheboygan, WI",146,0,146,0,2022
43100,"Sheboygan, WI",560,351,560,351,2023
43100,"Sheboygan, WI",292,44,285,44,2024
43100,"Sheboygan, WI",364,189,357,189,2025
43300,"Sherman-Denison, TX",61,0,61,0,1990
43300,"Sherman-Denison, TX",56,0,56,0,1991
43300,"Sherman-Denison, TX",99,0,99,0,1992
43300,"Sherman-Denison, TX",109,0,109,0,1993
43300,"Sherman-Denison, TX",121,0,121,0,1994
43300,"Sherman-Denison, TX",209,60,209,60,1995
43300,"Sherman-Denison, TX",210,0,190,0,1996
43300,"Sherman-Denison, TX",606,452,606,452,1997
43300,"Sherman-Denison, TX",393,14,393,14,1998
43300,"Sherman-Denison, TX",257,8,257,8,1999
43300,"Sherman-Denison, TX",200,5,147,0,2000
43300,"Sherman-Denison, TX",269,0,260,0,2001
43300,"Sherman-Denison, TX",399,0,387,0,2002
43300,"Sherman-Denison, TX",337,0,337,0,2003
43300,"Sherman-Denison, TX",521,100,521,100,2004
43300,"Sherman-Denison, TX",744,283,567,196,2005
43300,"Sherman-Denison, TX",445,76,288,0,2006
43300,"Sherman-Denison, TX",518,200,518,200,2007
43300,"Sherman-Denison, TX",203,0,203,0,2008
43300,"Sherman-Denison, TX",113,0,113,0,2009
43300,"Sherman-Denison, TX",327,252,321,252,2010
43300,"Sherman-Denison, TX",76,0,73,0,2011
43300,"Sherman-Denison, TX",76,0,73,0,2012
43300,"Sherman-Denison, TX",363,176,359,176,2013
43300,"Sherman-Denison, TX",271,64,271,64,2014
43300,"Sherman-Denison, TX",340,6,338,6,2015
43300,"Sherman-Denison, TX",730,270,730,270,2016
43300,"Sherman-Denison, TX",843,171,748,171,2017
43300,"Sherman-Denison, TX",757,164,757,164,2018
43300,"Sherman-Denison, TX",998,309,971,309,2019
43300,"Sherman-Denison, TX",1181,313,1172,313,2020
43300,"Sherman-Denison, TX",1048,96,1048,96,2021
43300,"Sherman-Denison, TX",2220,588,2199,588,2022
43300,"Sherman-Denison, TX",2447,1259,2161,1259,2023
43300,"Sherman-Denison, TX",2142,750,2142,750,2024
43300,"Sherman-Denison, TX",1881,696,1880,696,2025
43340,"Shreveport-Bossier City, LA",313,16,308,16,1990
43340,"Shreveport-Bossier City, LA",534,18,529,18,1991
43340,"Shreveport-Bossier City, LA",844,60,844,60,1992
43340,"Shreveport-Bossier City, LA",1017,0,984,0,1993
43340,"Shreveport-Bossier City, LA",1224,72,1123,72,1994
43340,"Shreveport-Bossier City, LA",1119,59,1088,59,1995
43340,"Shreveport-Bossier City, LA",1333,220,1333,220,1996
43340,"Shreveport-Bossier City, LA",831,0,812,0,1997
43340,"Shreveport-Bossier City, LA",868,0,863,0,1998
43340,"Shreveport-Bossier City, LA",1087,0,1065,0,1999
43340,"Shreveport-Bossier City, LA",943,0,925,0,2000
43340,"Shreveport-Bossier City, LA",1055,0,992,0,2001
43340,"Shreveport-Bossier City, LA",1420,224,1316,224,2002
43340,"Shreveport-Bossier City, LA",2243,593,2243,593,2003
43340,"Shreveport-Bossier City, LA",1958,252,1896,252,2004
43340,"Shreveport-Bossier City, LA",2540,623,2533,623,2005
43340,"Shreveport-Bossier City, LA",1772,40,1760,40,2006
43340,"Shreveport-Bossier City, LA",1517,12,1513,12,2007
43340,"Shreveport-Bossier City, LA",1442,463,1439,463,2008
43340,"Shreveport-Bossier City, LA",1264,234,1203,211,2009
43340,"Shreveport-Bossier City, LA",1300,176,854,0,2010
43340,"Shreveport-Bossier City, LA",1401,264,755,0,2011
43340,"Shreveport-Bossier City, LA",1577,396,711,0,2012
43340,"Shreveport-Bossier City, LA",1584,418,585,0,2013
43340,"Shreveport-Bossier City, LA",1690,471,627,0,2014
43340,"Shreveport-Bossier City, LA",1082,84,1033,84,2015
43340,"Shreveport-Bossier City, LA",1154,202,1144,202,2016
43340,"Shreveport-Bossier City, LA",1085,0,1085,0,2017
43340,"Shreveport-Bossier City, LA",1064,0,1031,0,2018
43340,"Shreveport-Bossier City, LA",1040,0,1040,0,2019
43340,"Shreveport-Bossier City, LA",1000,0,1000,0,2020
43340,"Shreveport-Bossier City, LA",1136,0,1136,0,2021
43340,"Shreveport-Bossier City, LA",915,0,915,0,2022
43340,"Shreveport-Bossier City, LA",983,7,983,7,2023
43340,"Shreveport-Bossier City, LA",1118,0,1115,0,2024
43340,"Shreveport-Bossier City, LA",1029,82,993,82,2025
43420,"Sierra Vista-Douglas, AZ",312,30,308,30,1990
43420,"Sierra Vista-Douglas, AZ",312,0,307,0,1991
43420,"Sierra Vista-Douglas, AZ",595,33,595,33,1992
43420,"Sierra Vista-Douglas, AZ",536,0,536,0,1993
43420,"Sierra Vista-Douglas, AZ",732,36,732,36,1994
43420,"Sierra Vista-Douglas, AZ",596,35,534,0,1995
43420,"Sierra Vista-Douglas, AZ",631,45,558,0,1996
43420,"Sierra Vista-Douglas, AZ",615,65,503,0,1997
43420,"Sierra Vista-Douglas, AZ",587,24,587,24,1998
43420,"Sierra Vista-Douglas, AZ",660,24,659,24,1999
43420,"Sierra Vista-Douglas, AZ",686,0,662,0,2000
43420,"Sierra Vista-Douglas, AZ",619,0,619,0,2001
43420,"Sierra Vista-Douglas, AZ",774,48,644,48,2002
43420,"Sierra Vista-Douglas, AZ",830,0,830,0,2003
43420,"Sierra Vista-Douglas, AZ",956,0,506,0,2004
43420,"Sierra Vista-Douglas, AZ",1381,116,1370,116,2005
43420,"Sierra Vista-Douglas, AZ",1101,69,1101,69,2006
43420,"Sierra Vista-Douglas, AZ",488,5,476,0,2007
43420,"Sierra Vista-Douglas, AZ",472,55,402,55,2008
43420,"Sierra Vista-Douglas, AZ",468,96,468,96,2009
43420,"Sierra Vista-Douglas, AZ",347,0,345,0,2010
43420,"Sierra Vista-Douglas, AZ",319,0,313,0,2011
43420,"Sierra Vista-Douglas, AZ",366,88,366,88,2012
43420,"Sierra Vista-Douglas, AZ",200,28,170,12,2013
43420,"Sierra Vista-Douglas, AZ",261,82,182,57,2014
43420,"Sierra Vista-Douglas, AZ",215,76,133,0,2015
43420,"Sierra Vista-Douglas, AZ",149,0,149,0,2016
43420,"Sierra Vista-Douglas, AZ",202,8,187,0,2017
43420,"Sierra Vista-Douglas, AZ",227,15,209,0,2018
43420,"Sierra Vista-Douglas, AZ",254,5,254,5,2019
43420,"Sierra Vista-Douglas, AZ",337,0,337,0,2020
43420,"Sierra Vista-Douglas, AZ",434,0,431,0,2021
43420,"Sierra Vista-Douglas, AZ",529,8,529,8,2022
43420,"Sierra Vista-Douglas, AZ",486,0,484,0,2023
43420,"Sierra Vista-Douglas, AZ",441,6,427,6,2024
43420,"Sierra Vista-Douglas, AZ",463,14,458,14,2025
43580,"Sioux City, IA-NE-SD",282,48,268,48,1990
43580,"Sioux City, IA-NE-SD",424,190,410,190,1991
43580,"Sioux City, IA-NE-SD",494,146,494,146,1992
43580,"Sioux City, IA-NE-SD",625,318,603,318,1993
43580,"Sioux City, IA-NE-SD",1173,777,1145,777,1994
43580,"Sioux City, IA-NE-SD",678,298,633,298,1995
43580,"Sioux City, IA-NE-SD",692,255,635,234,1996
43580,"Sioux City, IA-NE-SD",767,411,745,411,1997
43580,"Sioux City, IA-NE-SD",352,24,306,24,1998
43580,"Sioux City, IA-NE-SD",432,50,414,50,1999
43580,"Sioux City, IA-NE-SD",351,12,335,12,2000
43580,"Sioux City, IA-NE-SD",412,49,362,49,2001
43580,"Sioux City, IA-NE-SD",404,21,368,21,2002
43580,"Sioux City, IA-NE-SD",427,25,427,25,2003
43580,"Sioux City, IA-NE-SD",431,24,346,24,2004
43580,"Sioux City, IA-NE-SD",322,0,246,0,2005
43580,"Sioux City, IA-NE-SD",305,0,232,0,2006
43580,"Sioux City, IA-NE-SD",264,0,207,0,2007
43580,"Sioux City, IA-NE-SD",169,0,136,0,2008
43580,"Sioux City, IA-NE-SD",201,0,194,0,2009
43580,"Sioux City, IA-NE-SD",272,48,206,48,2010
43580,"Sioux City, IA-NE-SD",167,0,98,0,2011
43580,"Sioux City, IA-NE-SD",248,0,158,0,2012
43580,"Sioux City, IA-NE-SD",375,65,274,65,2013
43580,"Sioux City, IA-NE-SD",367,79,266,79,2014
43580,"Sioux City, IA-NE-SD",450,139,318,139,2015
43580,"Sioux City, IA-NE-SD",466,127,318,127,2016
43580,"Sioux City, IA-NE-SD",369,22,241,22,2017
43580,"Sioux City, IA-NE-SD",354,63,229,63,2018
43580,"Sioux City, IA-NE-SD",573,271,455,271,2019
43580,"Sioux City, IA-NE-SD",772,400,619,400,2020
43580,"Sioux City, IA-NE-SD",453,84,296,84,2021
43580,"Sioux City, IA-NE-SD",444,129,299,129,2022
43580,"Sioux City, IA-NE-SD",355,104,219,104,2023
43580,"Sioux City, IA-NE-SD",252,98,245,98,2024
43580,"Sioux City, IA-NE-SD",559,316,551,316,2025
43620,"Sioux Falls, SD-MN",743,180,735,180,1990
43620,"Sioux Falls, SD-MN",1339,557,1330,557,1991
43620,"Sioux Falls, SD-MN",1205,244,1199,244,1992
43620,"Sioux Falls, SD-MN",1616,632,1601,632,1993
43620,"Sioux Falls, SD-MN",1858,774,1842,774,1994
43620,"Sioux Falls, SD-MN",1601,591,1576,591,1995
43620,"Sioux Falls, SD-MN",1655,443,1526,384,1996
43620,"Sioux Falls, SD-MN",1510,215,1471,202,1997
43620,"Sioux Falls, SD-MN",1726,264,1720,259,1998
43620,"Sioux Falls, SD-MN",1895,334,1888,334,1999
43620,"Sioux Falls, SD-MN",2405,690,2388,690,2000
43620,"Sioux Falls, SD-MN",2414,660,2354,660,2001
43620,"Sioux Falls, SD-MN",2080,366,2070,366,2002
43620,"Sioux Falls, SD-MN",2546,506,2546,506,2003
43620,"Sioux Falls, SD-MN",2477,467,2407,467,2004
43620,"Sioux Falls, SD-MN",2333,309,2269,309,2005
43620,"Sioux Falls, SD-MN",2343,464,2304,464,2006
43620,"Sioux Falls, SD-MN",2409,621,2375,621,2007
43620,"Sioux Falls, SD-MN",1887,699,1885,699,2008
43620,"Sioux Falls, SD-MN",1592,492,1588,492,2009
43620,"Sioux Falls, SD-MN",1100,207,1067,200,2010
43620,"Sioux Falls, SD-MN",1137,378,1077,345,2011
43620,"Sioux Falls, SD-MN",1603,435,1580,435,2012
43620,"Sioux Falls, SD-MN",2419,1021,2406,1021,2013
43620,"Sioux Falls, SD-MN",2345,1057,2344,1057,2014
43620,"Sioux Falls, SD-MN",1938,670,1922,670,2015
43620,"Sioux Falls, SD-MN",3102,1589,3075,1589,2016
43620,"Sioux Falls, SD-MN",2942,1292,2912,1292,2017
43620,"Sioux Falls, SD-MN",2412,938,2373,938,2018
43620,"Sioux Falls, SD-MN",2136,705,2114,705,2019
43620,"Sioux Falls, SD-MN",3565,1834,3531,1834,2020
43620,"Sioux Falls, SD-MN",4001,1890,3974,1890,2021
43620,"Sioux Falls, SD-MN",5619,3724,5598,3724,2022
43620,"Sioux Falls, SD-MN",3502,2135,3091,2005,2023
43620,"Sioux Falls, SD-MN",2802,1426,2710,1376,2024
43620,"Sioux Falls, SD-MN",2327,1026,2298,1026,2025
43640,"Slidell-Mandeville-Covington, LA",930,0,930,0,1990
43640,"Slidell-Mandeville-Covington, LA",1185,0,1172,0,1991
43640,"Slidell-Mandeville-Covington, LA",1716,57,1716,57,1992
43640,"Slidell-Mandeville-Covington, LA",2092,0,2063,0,1993
43640,"Slidell-Mandeville-Covington, LA",2196,57,2179,57,1994
43640,"Slidell-Mandeville-Covington, LA",2219,232,2123,232,1995
43640,"Slidell-Mandeville-Covington, LA",2166,71,1759,60,1996
43640,"Slidell-Mandeville-Covington, LA",2283,295,2230,295,1997
43640,"Slidell-Mandeville-Covington, LA",2230,273,2230,273,1998
43640,"Slidell-Mandeville-Covington, LA",2063,208,1784,21,1999
43640,"Slidell-Mandeville-Covington, LA",2019,151,1740,0,2000
43640,"Slidell-Mandeville-Covington, LA",1841,138,1602,0,2001
43640,"Slidell-Mandeville-Covington, LA",2727,483,2662,483,2002
43640,"Slidell-Mandeville-Covington, LA",3123,336,3123,336,2003
43640,"Slidell-Mandeville-Covington, LA",3440,243,3312,228,2004
43640,"Slidell-Mandeville-Covington, LA",2509,39,2109,0,2005
43640,"Slidell-Mandeville-Covington, LA",2867,135,2867,135,2006
43640,"Slidell-Mandeville-Covington, LA",2340,654,2340,654,2007
43640,"Slidell-Mandeville-Covington, LA",1068,91,952,41,2008
43640,"Slidell-Mandeville-Covington, LA",596,0,596,0,2009
43640,"Slidell-Mandeville-Covington, LA",578,0,558,0,2010
43640,"Slidell-Mandeville-Covington, LA",789,0,787,0,2011
43640,"Slidell-Mandeville-Covington, LA",942,0,942,0,2012
43640,"Slidell-Mandeville-Covington, LA",1193,0,1174,0,2013
43640,"Slidell-Mandeville-Covington, LA",1315,75,1307,75,2014
43640,"Slidell-Mandeville-Covington, LA",1255,0,1225,0,2015
43640,"Slidell-Mandeville-Covington, LA",1411,0,1378,0,2016
43640,"Slidell-Mandeville-Covington, LA",1438,0,1401,0,2017
43640,"Slidell-Mandeville-Covington, LA",1430,0,1391,0,2018
43640,"Slidell-Mandeville-Covington, LA",1635,0,1595,0,2019
43640,"Slidell-Mandeville-Covington, LA",1665,0,1623,0,2020
43640,"Slidell-Mandeville-Covington, LA",1960,0,1906,0,2021
43640,"Slidell-Mandeville-Covington, LA",1492,0,1485,0,2022
43640,"Slidell-Mandeville-Covington, LA",826,0,813,0,2023
43640,"Slidell-Mandeville-Covington, LA",1066,0,1066,0,2024
43640,"Slidell-Mandeville-Covington, LA",1096,0,1096,0,2025
43780,"South Bend-Mishawaka, IN-MI",1667,657,1649,657,1990
43780,"South Bend-Mishawaka, IN-MI",1010,34,992,34,1991
43780,"South Bend-Mishawaka, IN-MI",1510,216,1486,216,1992
43780,"South Bend-Mishawaka, IN-MI",1721,425,1652,425,1993
43780,"South Bend-Mishawaka, IN-MI",1662,355,1572,355,1994
43780,"South Bend-Mishawaka, IN-MI",1387,228,1281,228,1995
43780,"South Bend-Mishawaka, IN-MI",1576,274,1468,274,1996
43780,"South Bend-Mishawaka, IN-MI",1424,197,1314,197,1997
43780,"South Bend-Mishawaka, IN-MI",1517,310,1471,310,1998
43780,"South Bend-Mishawaka, IN-MI",1726,426,1679,411,1999
43780,"South Bend-Mishawaka, IN-MI",1987,648,1928,648,2000
43780,"South Bend-Mishawaka, IN-MI",1239,126,1196,126,2001
43780,"South Bend-Mishawaka, IN-MI",1413,392,1386,392,2002
43780,"South Bend-Mishawaka, IN-MI",1366,151,1366,151,2003
43780,"South Bend-Mishawaka, IN-MI",1361,242,1316,242,2004
43780,"South Bend-Mishawaka, IN-MI",1382,266,1356,266,2005
43780,"South Bend-Mishawaka, IN-MI",1299,570,1299,570,2006
43780,"South Bend-Mishawaka, IN-MI",1250,485,1202,441,2007
43780,"South Bend-Mishawaka, IN-MI",830,407,829,407,2008
43780,"South Bend-Mishawaka, IN-MI",348,37,344,37,2009
43780,"South Bend-Mishawaka, IN-MI",383,132,374,132,2010
43780,"South Bend-Mishawaka, IN-MI",467,226,466,226,2011
43780,"South Bend-Mishawaka, IN-MI",642,419,637,419,2012
43780,"South Bend-Mishawaka, IN-MI",500,230,498,230,2013
43780,"South Bend-Mishawaka, IN-MI",512,168,500,168,2014
43780,"South Bend-Mishawaka, IN-MI",524,144,518,144,2015
43780,"South Bend-Mishawaka, IN-MI",405,66,374,66,2016
43780,"South Bend-Mishawaka, IN-MI",959,480,933,480,2017
43780,"South Bend-Mishawaka, IN-MI",738,316,680,268,2018
43780,"South Bend-Mishawaka, IN-MI",428,0,422,0,2019
43780,"South Bend-Mishawaka, IN-MI",555,0,528,0,2020
43780,"South Bend-Mishawaka, IN-MI",492,0,472,0,2021
43780,"South Bend-Mishawaka, IN-MI",742,309,739,309,2022
43780,"South Bend-Mishawaka, IN-MI",422,18,411,18,2023
43780,"South Bend-Mishawaka, IN-MI",892,460,877,460,2024
43780,"South Bend-Mishawaka, IN-MI",751,191,728,191,2025
43900,"Spartanburg, SC",966,11,966,11,1990
43900,"Spartanburg, SC",982,49,980,49,1991
43900,"Spartanburg, SC",1255,40,1255,40,1992
43900,"Spartanburg, SC",1289,49,1289,49,1993
43900,"Spartanburg, SC",1454,19,1454,19,1994
43900,"Spartanburg, SC",1502,172,1502,172,1995
43900,"Spartanburg, SC",1783,324,1783,324,1996
43900,"Spartanburg, SC",1921,424,1921,424,1997
43900,"Spartanburg, SC",1838,156,1835,156,1998
43900,"Spartanburg, SC",2116,202,2116,202,1999
43900,"Spartanburg, SC",1614,20,1602,20,2000
43900,"Spartanburg, SC",1612,154,1612,154,2001
43900,"Spartanburg, SC",2028,352,2020,352,2002
43900,"Spartanburg, SC",2128,248,2128,248,2003
43900,"Spartanburg, SC",2302,304,2302,304,2004
43900,"Spartanburg, SC",2172,0,2172,0,2005
43900,"Spartanburg, SC",2191,0,2070,0,2006
43900,"Spartanburg, SC",1678,0,1586,0,2007
43900,"Spartanburg, SC",1106,0,935,0,2008
43900,"Spartanburg, SC",652,28,593,28,2009
43900,"Spartanburg, SC",579,0,519,0,2010
43900,"Spartanburg, SC",549,0,521,0,2011
43900,"Spartanburg, SC",743,0,713,0,2012
43900,"Spartanburg, SC",1213,240,1197,240,2013
43900,"Spartanburg, SC",1104,0,1075,0,2014
43900,"Spartanburg, SC",1418,0,1379,0,2015
43900,"Spartanburg, SC",1921,0,1879,0,2016
43900,"Spartanburg, SC",2316,0,2268,0,2017
43900,"Spartanburg, SC",2685,0,2631,0,2018
43900,"Spartanburg, SC",2627,0,2570,0,2019
43900,"Spartanburg, SC",2907,0,966,0,2020
43900,"Spartanburg, SC",3656,220,3576,220,2021
43900,"Spartanburg, SC",2644,0,2567,0,2022
43900,"Spartanburg, SC",2923,41,489,0,2023
43900,"Spartanburg, SC",3230,40,447,0,2024
43900,"Spartanburg, SC",4359,276,4291,276,2025
44060,"Spokane-Spokane Valley, WA",1916,318,1902,318,1990
44060,"Spokane-Spokane Valley, WA",2643,744,2607,734,1991
44060,"Spokane-Spokane Valley, WA",3041,714,3041,714,1992
44060,"Spokane-Spokane Valley, WA",3598,950,3598,950,1993
44060,"Spokane-Spokane Valley, WA",3564,998,3323,914,1994
44060,"Spokane-Spokane Valley, WA",2962,1066,2959,1066,1995
44060,"Spokane-Spokane Valley, WA",3569,1684,3010,1429,1996
44060,"Spokane-Spokane Valley, WA",2021,502,2019,502,1997
44060,"Spokane-Spokane Valley, WA",2724,835,2722,835,1998
44060,"Spokane-Spokane Valley, WA",2409,562,2409,562,1999
44060,"Spokane-Spokane Valley, WA",2225,669,1870,581,2000
44060,"Spokane-Spokane Valley, WA",2368,622,2368,622,2001
44060,"Spokane-Spokane Valley, WA",2327,534,2134,434,2002
44060,"Spokane-Spokane Valley, WA",2702,585,2702,585,2003
44060,"Spokane-Spokane Valley, WA",4109,1593,4010,1584,2004
44060,"Spokane-Spokane Valley, WA",4619,625,4480,564,2005
44060,"Spokane-Spokane Valley, WA",3968,1036,3968,1036,2006
44060,"Spokane-Spokane Valley, WA",3029,590,2920,575,2007
44060,"Spokane-Spokane Valley, WA",2542,1099,2514,1089,2008
44060,"Spokane-Spokane Valley, WA",1872,928,1872,928,2009
44060,"Spokane-Spokane Valley, WA",1681,648,1680,648,2010
44060,"Spokane-Spokane Valley, WA",1839,981,1834,981,2011
44060,"Spokane-Spokane Valley, WA",1424,294,1269,270,2012
44060,"Spokane-Spokane Valley, WA",1718,256,1519,220,2013
44060,"Spokane-Spokane Valley, WA",1918,722,1844,702,2014
44060,"Spokane-Spokane Valley, WA",2691,1182,2424,1024,2015
44060,"Spokane-Spokane Valley, WA",3705,1789,3703,1789,2016
44060,"Spokane-Spokane Valley, WA",3600,1665,3594,1665,2017
44060,"Spokane-Spokane Valley, WA",3126,965,2269,530,2018
44060,"Spokane-Spokane Valley, WA",3300,1181,3298,1181,2019
44060,"Spokane-Spokane Valley, WA",3362,1315,2823,1137,2020
44060,"Spokane-Spokane Valley, WA",3415,1211,2819,991,2021
44060,"Spokane-Spokane Valley, WA",4022,1796,4022,1796,2022
44060,"Spokane-Spokane Valley, WA",3903,1911,3786,1865,2023
44060,"Spokane-Spokane Valley, WA",3961,1864,3961,1864,2024
44060,"Spokane-Spokane Valley, WA",3172,1425,2111,1062,2025
44100,"Springfield, IL",1268,472,1254,472,1990
44100,"Springfield, IL",1020,141,948,136,1991
44100,"Springfield, IL",1393,88,1386,88,1992
44100,"Springfield, IL",1408,69,1403,69,1993
44100,"Springfield, IL",1549,265,1508,265,1994
44100,"Springfield, IL",1201,115,1054,82,1995
44100,"Springfield, IL",1131,37,1013,37,1996
44100,"Springfield, IL",933,13,833,8,1997
44100,"Springfield, IL",953,13,716,8,1998
44100,"Springfield, IL",1146,70,906,70,1999
44100,"Springfield, IL",929,44,706,44,2000
44100,"Springfield, IL",919,5,669,0,2001
44100,"Springfield, IL",930,116,781,116,2002
44100,"Springfield, IL",1075,186,1075,186,2003
44100,"Springfield, IL",989,100,799,100,2004
44100,"Springfield, IL",1000,81,849,81,2005
44100,"Springfield, IL",853,103,828,103,2006
44100,"Springfield, IL",608,7,475,0,2007
44100,"Springfield, IL",605,233,524,228,2008
44100,"Springfield, IL",392,15,328,10,2009
44100,"Springfield, IL",399,6,306,0,2010
44100,"Springfield, IL",391,52,300,46,2011
44100,"Springfield, IL",313,7,208,0,2012
44100,"Springfield, IL",340,8,213,0,2013
44100,"Springfield, IL",455,89,323,79,2014
44100,"Springfield, IL",383,37,236,24,2015
44100,"Springfield, IL",426,96,407,96,2016
44100,"Springfield, IL",322,64,308,64,2017
44100,"Springfield, IL",506,277,489,277,2018
44100,"Springfield, IL",329,148,319,148,2019
44100,"Springfield, IL",335,76,322,76,2020
44100,"Springfield, IL",332,11,303,11,2021
44100,"Springfield, IL",210,42,204,42,2022
44100,"Springfield, IL",246,53,224,48,2023
44100,"Springfield, IL",200,48,109,48,2024
44100,"Springfield, IL",235,0,231,0,2025
44140,"Springfield, MA",998,167,985,167,1990
44140,"Springfield, MA",823,38,790,38,1991
44140,"Springfield, MA",909,37,895,37,1992
44140,"Springfield, MA",938,41,908,41,1993
44140,"Springfield, MA",931,18,894,18,1994
44140,"Springfield, MA",878,85,841,85,1995
44140,"Springfield, MA",718,38,679,38,1996
44140,"Springfield, MA",709,17,695,17,1997
44140,"Springfield, MA",915,124,824,124,1998
44140,"Springfield, MA",846,0,780,0,1999
44140,"Springfield, MA",750,50,692,50,2000
44140,"Springfield, MA",743,12,710,12,2001
44140,"Springfield, MA",908,36,874,36,2002
44140,"Springfield, MA",867,57,867,57,2003
44140,"Springfield, MA",923,11,909,11,2004
44140,"Springfield, MA",866,27,758,27,2005
44140,"Springfield, MA",1029,230,968,230,2006
44140,"Springfield, MA",715,55,588,0,2007
44140,"Springfield, MA",498,130,456,130,2008
44140,"Springfield, MA",372,38,330,31,2009
44140,"Springfield, MA",327,10,214,0,2010
44140,"Springfield, MA",309,22,249,7,2011
44140,"Springfield, MA",330,20,254,0,2012
44140,"Springfield, MA",290,25,214,0,2013
44140,"Springfield, MA",313,20,271,20,2014
44140,"Springfield, MA",270,0,210,0,2015
44140,"Springfield, MA",328,16,245,16,2016
44140,"Springfield, MA",232,0,216,0,2017
44140,"Springfield, MA",291,0,205,0,2018
44140,"Springfield, MA",258,13,146,13,2019
44140,"Springfield, MA",320,0,235,0,2020
44140,"Springfield, MA",263,0,117,0,2021
44140,"Springfield, MA",254,0,142,0,2022
44140,"Springfield, MA",360,103,288,103,2023
44140,"Springfield, MA",443,106,355,106,2024
44140,"Springfield, MA",318,18,250,18,2025
44180,"Springfield, MO",1472,225,1465,225,1990
44180,"Springfield, MO",1530,300,1522,300,1991
44180,"Springfield, MO",2324,438,2315,438,1992
44180,"Springfield, MO",2681,244,2569,244,1993
44180,"Springfield, MO",3899,1318,3783,1318,1994
44180,"Springfield, MO",2593,669,2593,669,1995
44180,"Springfield, MO",2335,171,2241,119,1996
44180,"Springfield, MO",2541,323,2437,323,1997
44180,"Springfield, MO",2562,277,2562,277,1998
44180,"Springfield, MO",2623,266,2620,266,1999
44180,"Springfield, MO",2624,576,2354,576,2000
44180,"Springfield, MO",2533,258,2211,258,2001
44180,"Springfield, MO",3642,966,3642,966,2002
44180,"Springfield, MO",3455,632,3455,632,2003
44180,"Springfield, MO",4289,642,4258,642,2004
44180,"Springfield, MO",5115,1061,5089,1053,2005
44180,"Springfield, MO",4758,1304,4517,1271,2006
44180,"Springfield, MO",3450,1417,3142,1260,2007
44180,"Springfield, MO",2193,1025,1205,230,2008
44180,"Springfield, MO",1196,465,684,64,2009
44180,"Springfield, MO",1338,400,846,24,2010
44180,"Springfield, MO",1304,484,724,16,2011
44180,"Springfield, MO",1566,648,723,0,2012
44180,"Springfield, MO",1975,865,912,48,2013
44180,"Springfield, MO",2105,969,905,0,2014
44180,"Springfield, MO",2223,949,1121,16,2015
44180,"Springfield, MO",1977,587,1930,587,2016
44180,"Springfield, MO",1904,441,1873,441,2017
44180,"Springfield, MO",1953,558,1621,558,2018
44180,"Springfield, MO",1621,195,1363,70,2019
44180,"Springfield, MO",2213,401,2011,401,2020
44180,"Springfield, MO",2638,897,2638,897,2021
44180,"Springfield, MO",1706,229,1512,229,2022
44180,"Springfield, MO",2177,426,1990,426,2023
44180,"Springfield, MO",2228,314,2036,314,2024
44180,"Springfield, MO",1761,256,1524,256,2025
44220,"Springfield, OH",443,55,443,55,1990
44220,"Springfield, OH",482,54,477,54,1991
44220,"Springfield, OH",686,262,684,262,1992
44220,"Springfield, OH",553,124,550,124,1993
44220,"Springfield, OH",459,40,459,40,1994
44220,"Springfield, OH",412,0,412,0,1995
44220,"Springfield, OH",502,72,479,72,1996
44220,"Springfield, OH",333,16,333,16,1997
44220,"Springfield, OH",524,8,510,8,1998
44220,"Springfield, OH",449,0,358,0,1999
44220,"Springfield, OH",284,0,280,0,2000
44220,"Springfield, OH",275,0,241,0,2001
44220,"Springfield, OH",292,0,257,0,2002
44220,"Springfield, OH",273,21,273,21,2003
44220,"Springfield, OH",258,0,258,0,2004
44220,"Springfield, OH",287,5,287,5,2005
44220,"Springfield, OH",200,0,200,0,2006
44220,"Springfield, OH",395,136,395,136,2007
44220,"Springfield, OH",104,0,104,0,2008
44220,"Springfield, OH",69,0,69,0,2009
44220,"Springfield, OH",57,0,57,0,2010
44220,"Springfield, OH",142,78,142,78,2011
44220,"Springfield, OH",115,72,115,72,2012
44220,"Springfield, OH",72,26,72,26,2013
44220,"Springfield, OH",53,0,53,0,2014
44220,"Springfield, OH",63,0,63,0,2015
44220,"Springfield, OH",55,0,55,0,2016
44220,"Springfield, OH",121,24,121,24,2017
44220,"Springfield, OH",68,0,68,0,2018
44220,"Springfield, OH",76,6,76,6,2019
44220,"Springfield, OH",139,6,139,6,2020
44220,"Springfield, OH",199,6,199,6,2021
44220,"Springfield, OH",183,20,183,20,2022
44220,"Springfield, OH",215,40,215,40,2023
44220,"Springfield, OH",232,116,232,116,2024
44220,"Springfield, OH",387,158,387,158,2025
44300,"State College, PA",807,371,805,371,1990
44300,"State College, PA",452,17,437,17,1991
44300,"State College, PA",615,70,611,70,1992
44300,"State College, PA",602,92,508,72,1993
44300,"State College, PA",541,36,386,16,1994
44300,"State College, PA",872,364,817,364,1995
44300,"State College, PA",516,9,456,9,1996
44300,"State College, PA",679,144,574,144,1997
44300,"State College, PA",687,74,516,64,1998
44300,"State College, PA",837,108,732,95,1999
44300,"State College, PA",653,74,616,74,2000
44300,"State College, PA",778,40,727,40,2001
44300,"State College, PA",995,111,961,111,2002
44300,"State College, PA",1022,272,1022,272,2003
44300,"State College, PA",694,6,592,6,2004
44300,"State College, PA",701,6,599,6,2005
44300,"State College, PA",678,32,599,32,2006
44300,"State College, PA",634,132,625,132,2007
44300,"State College, PA",456,77,455,77,2008
44300,"State College, PA",338,37,317,32,2009
44300,"State College, PA",426,77,422,77,2010
44300,"State College, PA",259,40,253,40,2011
44300,"State College, PA",862,321,850,321,2012
44300,"State College, PA",777,296,769,296,2013
44300,"State College, PA",511,134,501,134,2014
44300,"State College, PA",389,69,389,69,2015
44300,"State College, PA",393,40,392,40,2016
44300,"State College, PA",467,122,287,122,2017
44300,"State College, PA",328,21,327,21,2018
44300,"State College, PA",441,50,405,50,2019
44300,"State College, PA",380,0,340,0,2020
44300,"State College, PA",654,363,636,363,2021
44300,"State College, PA",654,338,649,338,2022
44300,"State College, PA",344,10,314,5,2023
44300,"State College, PA",367,21,325,16,2024
44300,"State College, PA",314,15,307,15,2025
44420,"Staunton-Stuarts Draft, VA",817,122,775,81,1990
44420,"Staunton-Stuarts Draft, VA",587,17,587,17,1991
44420,"Staunton-Stuarts Draft, VA",659,39,659,39,1992
44420,"Staunton-Stuarts Draft, VA",627,6,627,6,1993
44420,"Staunton-Stuarts Draft, VA",670,21,665,21,1994
44420,"Staunton-Stuarts Draft, VA",577,6,577,6,1995
44420,"Staunton-Stuarts Draft, VA",580,12,580,12,1996
44420,"Staunton-Stuarts Draft, VA",546,29,546,29,1997
44420,"Staunton-Stuarts Draft, VA",763,144,758,144,1998
44420,"Staunton-Stuarts Draft, VA",647,9,647,9,1999
44420,"Staunton-Stuarts Draft, VA",632,6,625,6,2000
44420,"Staunton-Stuarts Draft, VA",643,13,643,13,2001
44420,"Staunton-Stuarts Draft, VA",661,0,661,0,2002
44420,"Staunton-Stuarts Draft, VA",769,64,769,64,2003
44420,"Staunton-Stuarts Draft, VA",1104,299,1104,299,2004
44420,"Staunton-Stuarts Draft, VA",870,121,870,121,2005
44420,"Staunton-Stuarts Draft, VA",700,72,700,72,2006
44420,"Staunton-Stuarts Draft, VA",641,121,611,121,2007
44420,"Staunton-Stuarts Draft, VA",446,108,446,108,2008
44420,"Staunton-Stuarts Draft, VA",253,0,253,0,2009
44420,"Staunton-Stuarts Draft, VA",376,180,376,180,2010
44420,"Staunton-Stuarts Draft, VA",278,96,278,96,2011
44420,"Staunton-Stuarts Draft, VA",242,0,242,0,2012
44420,"Staunton-Stuarts Draft, VA",491,234,491,234,2013
44420,"Staunton-Stuarts Draft, VA",603,350,603,350,2014
44420,"Staunton-Stuarts Draft, VA",287,0,287,0,2015
44420,"Staunton-Stuarts Draft, VA",302,51,302,51,2016
44420,"Staunton-Stuarts Draft, VA",307,0,307,0,2017
44420,"Staunton-Stuarts Draft, VA",317,68,317,68,2018
44420,"Staunton-Stuarts Draft, VA",654,324,654,324,2019
44420,"Staunton-Stuarts Draft, VA",501,80,501,80,2020
44420,"Staunton-Stuarts Draft, VA",413,68,413,68,2021
44420,"Staunton-Stuarts Draft, VA",442,57,442,57,2022
44420,"Staunton-Stuarts Draft, VA",605,181,605,181,2023
44420,"Staunton-Stuarts Draft, VA",818,322,818,322,2024
44420,"Staunton-Stuarts Draft, VA",995,470,995,470,2025
44700,"Stockton-Lodi, CA",3187,190,3187,190,1990
44700,"Stockton-Lodi, CA",2149,158,2149,158,1991
44700,"Stockton-Lodi, CA",2761,176,2761,176,1992
44700,"Stockton-Lodi, CA",2655,36,2655,36,1993
44700,"Stockton-Lodi, CA",2299,8,2299,8,1994
44700,"Stockton-Lodi, CA",2300,76,2300,76,1995
44700,"Stockton-Lodi, CA",2337,208,2317,208,1996
44700,"Stockton-Lodi, CA",2538,275,2538,275,1997
44700,"Stockton-Lodi, CA",3334,5,3274,5,1998
44700,"Stockton-Lodi, CA",4203,0,4080,0,1999
44700,"Stockton-Lodi, CA",5392,22,5392,22,2000
44700,"Stockton-Lodi, CA",4339,328,4339,328,2001
44700,"Stockton-Lodi, CA",6143,483,6143,483,2002
44700,"Stockton-Lodi, CA",7041,80,7041,80,2003
44700,"Stockton-Lodi, CA",6724,457,6724,457,2004
44700,"Stockton-Lodi, CA",5869,122,5776,122,2005
44700,"Stockton-Lodi, CA",3652,132,3652,132,2006
44700,"Stockton-Lodi, CA",2426,205,2426,205,2007
44700,"Stockton-Lodi, CA",819,42,819,42,2008
44700,"Stockton-Lodi, CA",792,0,792,0,2009
44700,"Stockton-Lodi, CA",813,8,813,8,2010
44700,"Stockton-Lodi, CA",933,152,919,152,2011
44700,"Stockton-Lodi, CA",1006,0,982,0,2012
44700,"Stockton-Lodi, CA",1134,70,1130,70,2013
44700,"Stockton-Lodi, CA",1265,20,1260,20,2014
44700,"Stockton-Lodi, CA",2431,699,2411,699,2015
44700,"Stockton-Lodi, CA",1998,132,1919,80,2016
44700,"Stockton-Lodi, CA",2779,652,2779,652,2017
44700,"Stockton-Lodi, CA",3280,266,3280,266,2018
44700,"Stockton-Lodi, CA",3499,826,3499,826,2019
44700,"Stockton-Lodi, CA",3914,803,2280,296,2020
44700,"Stockton-Lodi, CA",4389,667,4389,667,2021
44700,"Stockton-Lodi, CA",3485,256,3485,256,2022
44700,"Stockton-Lodi, CA",2170,0,2170,0,2023
44700,"Stockton-Lodi, CA",3779,0,3572,0,2024
44700,"Stockton-Lodi, CA",2522,0,2242,0,2025
44940,"Sumter, SC",561,0,561,0,1990
44940,"Sumter, SC",485,0,485,0,1991
44940,"Sumter, SC",532,32,532,32,1992
44940,"Sumter, SC",530,67,530,67,1993
44940,"Sumter, SC",368,0,368,0,1994
44940,"Sumter, SC",356,0,356,0,1995
44940,"Sumter, SC",389,0,356,0,1996
44940,"Sumter, SC",353,0,353,0,1997
44940,"Sumter, SC",482,55,482,55,1998
44940,"Sumter, SC",271,0,271,0,1999
44940,"Sumter, SC",294,0,294,0,2000
44940,"Sumter, SC",358,25,358,25,2001
44940,"Sumter, SC",404,20,374,15,2002
44940,"Sumter, SC",653,120,653,120,2003
44940,"Sumter, SC",674,0,674,0,2004
44940,"Sumter, SC",627,0,571,0,2005
44940,"Sumter, SC",768,0,768,0,2006
44940,"Sumter, SC",916,286,916,286,2007
44940,"Sumter, SC",299,0,299,0,2008
44940,"Sumter, SC",417,0,417,0,2009
44940,"Sumter, SC",353,64,353,64,2010
44940,"Sumter, SC",345,0,345,0,2011
44940,"Sumter, SC",299,48,299,48,2012
44940,"Sumter, SC",583,284,583,284,2013
44940,"Sumter, SC",289,20,249,0,2014
44940,"Sumter, SC",217,0,217,0,2015
44940,"Sumter, SC",273,30,273,30,2016
44940,"Sumter, SC",222,0,222,0,2017
44940,"Sumter, SC",279,0,279,0,2018
44940,"Sumter, SC",333,48,333,48,2019
44940,"Sumter, SC",333,0,333,0,2020
44940,"Sumter, SC",388,0,388,0,2021
44940,"Sumter, SC",402,36,402,36,2022
44940,"Sumter, SC",381,0,171,0,2023
44940,"Sumter, SC",386,0,0,0,2024
44940,"Sumter, SC",358,0,0,0,2025
45060,"Syracuse, NY",2025,130,2013,130,1990
45060,"Syracuse, NY",1986,362,1898,362,1991
45060,"Syracuse, NY",2049,189,2027,189,1992
45060,"Syracuse, NY",1937,378,1670,348,1993
45060,"Syracuse, NY",1671,215,1459,205,1994
45060,"Syracuse, NY",1086,69,859,69,1995
45060,"Syracuse, NY",1302,249,1077,249,1996
45060,"Syracuse, NY",1000,60,831,60,1997
45060,"Syracuse, NY",1274,121,1001,96,1998
45060,"Syracuse, NY",1350,31,1105,0,1999
45060,"Syracuse, NY",1591,207,1373,207,2000
45060,"Syracuse, NY",1584,133,1340,77,2001
45060,"Syracuse, NY",1921,291,1685,230,2002
45060,"Syracuse, NY",1703,124,1703,124,2003
45060,"Syracuse, NY",1633,40,1415,40,2004
45060,"Syracuse, NY",1646,151,1465,151,2005
45060,"Syracuse, NY",1674,276,1546,276,2006
45060,"Syracuse, NY",1420,184,1330,184,2007
45060,"Syracuse, NY",1131,178,1002,151,2008
45060,"Syracuse, NY",1033,193,953,193,2009
45060,"Syracuse, NY",1139,295,1066,295,2010
45060,"Syracuse, NY",1220,507,1129,507,2011
45060,"Syracuse, NY",1499,724,937,312,2012
45060,"Syracuse, NY",1046,322,979,322,2013
45060,"Syracuse, NY",1163,439,1076,439,2014
45060,"Syracuse, NY",1194,556,826,276,2015
45060,"Syracuse, NY",1370,722,1320,722,2016
45060,"Syracuse, NY",1159,602,927,448,2017
45060,"Syracuse, NY",738,147,673,147,2018
45060,"Syracuse, NY",757,206,686,206,2019
45060,"Syracuse, NY",777,198,711,198,2020
45060,"Syracuse, NY",693,143,633,143,2021
45060,"Syracuse, NY",532,44,463,44,2022
45060,"Syracuse, NY",643,127,604,127,2023
45060,"Syracuse, NY",936,346,895,346,2024
45060,"Syracuse, NY",2041,1363,2001,1363,2025
45220,"Tallahassee, FL",3148,869,3148,869,1990
45220,"Tallahassee, FL",1981,302,1927,292,1991
45220,"Tallahassee, FL",2039,36,2011,36,1992
45220,"Tallahassee, FL",2443,332,2436,332,1993
45220,"Tallahassee, FL",2455,408,2454,408,1994
45220,"Tallahassee, FL",3075,1040,3075,1040,1995
45220,"Tallahassee, FL",2175,288,2171,288,1996
45220,"Tallahassee, FL",1991,741,1991,741,1997
45220,"Tallahassee, FL",1904,527,1904,527,1998
45220,"Tallahassee, FL",2680,707,2669,707,1999
45220,"Tallahassee, FL",2744,771,2580,771,2000
45220,"Tallahassee, FL",2560,650,2169,650,2001
45220,"Tallahassee, FL",3320,1016,2853,1016,2002
45220,"Tallahassee, FL",3526,998,3526,998,2003
45220,"Tallahassee, FL",3727,1337,3715,1337,2004
45220,"Tallahassee, FL",4283,1092,4123,1092,2005
45220,"Tallahassee, FL",3018,514,3018,514,2006
45220,"Tallahassee, FL",2899,731,2899,731,2007
45220,"Tallahassee, FL",1171,225,1154,225,2008
45220,"Tallahassee, FL",895,284,895,284,2009
45220,"Tallahassee, FL",625,24,574,24,2010
45220,"Tallahassee, FL",1039,348,985,348,2011
45220,"Tallahassee, FL",1234,747,1197,747,2012
45220,"Tallahassee, FL",1280,640,1257,640,2013
45220,"Tallahassee, FL",1260,625,1258,625,2014
45220,"Tallahassee, FL",896,152,896,152,2015
45220,"Tallahassee, FL",1613,791,1430,791,2016
45220,"Tallahassee, FL",3053,1146,3052,1146,2017
45220,"Tallahassee, FL",3201,1114,497,0,2018
45220,"Tallahassee, FL",2345,1261,392,0,2019
45220,"Tallahassee, FL",2445,1088,489,0,2020
45220,"Tallahassee, FL",2905,1293,608,0,2021
45220,"Tallahassee, FL",3059,1645,701,80,2022
45220,"Tallahassee, FL",2690,1237,696,0,2023
45220,"Tallahassee, FL",2406,1011,599,36,2024
45220,"Tallahassee, FL",2742,1458,2734,1458,2025
45300,"Tampa-St. Petersburg-Clearwater, FL",13105,4830,12960,4830,1990
45300,"Tampa-St. Petersburg-Clearwater, FL",11137,2980,11137,2980,1991
45300,"Tampa-St. Petersburg-Clearwater, FL",11012,1008,10982,991,1992
45300,"Tampa-St. Petersburg-Clearwater, FL",12463,1744,12292,1692,1993
45300,"Tampa-St. Petersburg-Clearwater, FL",14743,3367,14495,3280,1994
45300,"Tampa-St. Petersburg-Clearwater, FL",13619,3853,13503,3759,1995
45300,"Tampa-St. Petersburg-Clearwater, FL",14680,4253,14666,4248,1996
45300,"Tampa-St. Petersburg-Clearwater, FL",16986,5713,16953,5700,1997
45300,"Tampa-St. Petersburg-Clearwater, FL",18859,6756,18829,6727,1998
45300,"Tampa-St. Petersburg-Clearwater, FL",22980,9056,22890,8990,1999
45300,"Tampa-St. Petersburg-Clearwater, FL",19244,5282,19128,5217,2000
45300,"Tampa-St. Petersburg-Clearwater, FL",21814,5008,21739,4945,2001
45300,"Tampa-St. Petersburg-Clearwater, FL",23542,5011,23463,4944,2002
45300,"Tampa-St. Petersburg-Clearwater, FL",29281,8057,29281,8057,2003
45300,"Tampa-St. Petersburg-Clearwater, FL",29557,5425,29251,5309,2004
45300,"Tampa-St. Petersburg-Clearwater, FL",34174,5590,34157,5590,2005
45300,"Tampa-St. Petersburg-Clearwater, FL",22640,3726,22635,3726,2006
45300,"Tampa-St. Petersburg-Clearwater, FL",12249,3713,12153,3706,2007
45300,"Tampa-St. Petersburg-Clearwater, FL",9613,4276,9611,4276,2008
45300,"Tampa-St. Petersburg-Clearwater, FL",6962,2956,6961,2956,2009
45300,"Tampa-St. Petersburg-Clearwater, FL",6501,1967,6499,1967,2010
45300,"Tampa-St. Petersburg-Clearwater, FL",6342,1690,6341,1690,2011
45300,"Tampa-St. Petersburg-Clearwater, FL",10161,4132,10154,4132,2012
45300,"Tampa-St. Petersburg-Clearwater, FL",12152,4593,12099,4565,2013
45300,"Tampa-St. Petersburg-Clearwater, FL",12386,4855,12316,4824,2014
45300,"Tampa-St. Petersburg-Clearwater, FL",15653,5717,15464,5572,2015
45300,"Tampa-St. Petersburg-Clearwater, FL",17752,6906,17675,6851,2016
45300,"Tampa-St. Petersburg-Clearwater, FL",18268,5455,18198,5420,2017
45300,"Tampa-St. Petersburg-Clearwater, FL",17452,3086,17374,3041,2018
45300,"Tampa-St. Petersburg-Clearwater, FL",23540,8601,23445,8546,2019
45300,"Tampa-St. Petersburg-Clearwater, FL",20348,4142,20196,4092,2020
45300,"Tampa-St. Petersburg-Clearwater, FL",24831,5434,24616,5329,2021
45300,"Tampa-St. Petersburg-Clearwater, FL",29968,13292,29737,13155,2022
45300,"Tampa-St. Petersburg-Clearwater, FL",25386,9971,19407,9837,2023
45300,"Tampa-St. Petersburg-Clearwater, FL",20950,7545,20617,7370,2024
45300,"Tampa-St. Petersburg-Clearwater, FL",22747,8771,22643,8694,2025
45460,"Terre Haute, IN",455,172,455,172,1990
45460,"Terre Haute, IN",282,32,272,32,1991
45460,"Terre Haute, IN",461,26,460,26,1992
45460,"Terre Haute, IN",686,112,605,112,1993
45460,"Terre Haute, IN",481,17,395,17,1994
45460,"Terre Haute, IN",403,12,317,12,1995
45460,"Terre Haute, IN",555,92,546,92,1996
45460,"Terre Haute, IN",456,26,413,26,1997
45460,"Terre Haute, IN",547,0,534,0,1998
45460,"Terre Haute, IN",540,74,531,74,1999
45460,"Terre Haute, IN",436,12,416,12,2000
45460,"Terre Haute, IN",530,96,490,96,2001
45460,"Terre Haute, IN",399,0,342,0,2002
45460,"Terre Haute, IN",359,50,359,50,2003
45460,"Terre Haute, IN",589,235,534,220,2004
45460,"Terre Haute, IN",503,156,275,0,2005
45460,"Terre Haute, IN",467,159,277,36,2006
45460,"Terre Haute, IN",493,154,491,154,2007
45460,"Terre Haute, IN",205,60,203,60,2008
45460,"Terre Haute, IN",130,0,129,0,2009
45460,"Terre Haute, IN",189,18,187,18,2010
45460,"Terre Haute, IN",423,289,370,274,2011
45460,"Terre Haute, IN",240,115,199,78,2012
45460,"Terre Haute, IN",269,132,248,132,2013
45460,"Terre Haute, IN",338,235,323,235,2014
45460,"Terre Haute, IN",215,42,214,42,2015
45460,"Terre Haute, IN",414,314,414,314,2016
45460,"Terre Haute, IN",275,203,275,203,2017
45460,"Terre Haute, IN",130,27,108,27,2018
45460,"Terre Haute, IN",63,0,63,0,2019
45460,"Terre Haute, IN",99,0,67,0,2020
45460,"Terre Haute, IN",84,0,77,0,2021
45460,"Terre Haute, IN",170,54,164,54,2022
45460,"Terre Haute, IN",106,0,98,0,2023
45460,"Terre Haute, IN",193,0,192,0,2024
45460,"Terre Haute, IN",295,184,294,184,2025
45500,"Texarkana, TX-AR",202,24,202,24,1990
45500,"Texarkana, TX-AR",177,0,177,0,1991
45500,"Texarkana, TX-AR",245,0,245,0,1992
45500,"Texarkana, TX-AR",254,0,254,0,1993
45500,"Texarkana, TX-AR",266,0,266,0,1994
45500,"Texarkana, TX-AR",230,0,230,0,1995
45500,"Texarkana, TX-AR",661,400,657,400,1996
45500,"Texarkana, TX-AR",189,0,185,0,1997
45500,"Texarkana, TX-AR",170,0,170,0,1998
45500,"Texarkana, TX-AR",372,144,372,144,1999
45500,"Texarkana, TX-AR",421,0,421,0,2000
45500,"Texarkana, TX-AR",251,0,251,0,2001
45500,"Texarkana, TX-AR",414,144,414,144,2002
45500,"Texarkana, TX-AR",664,272,664,272,2003
45500,"Texarkana, TX-AR",334,8,331,8,2004
45500,"Texarkana, TX-AR",264,0,256,0,2005
45500,"Texarkana, TX-AR",237,0,236,0,2006
45500,"Texarkana, TX-AR",444,177,442,177,2007
45500,"Texarkana, TX-AR",159,0,158,0,2008
45500,"Texarkana, TX-AR",303,48,300,48,2009
45500,"Texarkana, TX-AR",240,116,240,116,2010
45500,"Texarkana, TX-AR",370,256,370,256,2011
45500,"Texarkana, TX-AR",222,64,222,64,2012
45500,"Texarkana, TX-AR",129,16,129,16,2013
45500,"Texarkana, TX-AR",133,0,133,0,2014
45500,"Texarkana, TX-AR",333,256,324,256,2015
45500,"Texarkana, TX-AR",129,0,91,0,2016
45500,"Texarkana, TX-AR",185,100,185,100,2017
45500,"Texarkana, TX-AR",191,100,128,100,2018
45500,"Texarkana, TX-AR",82,0,33,0,2019
45500,"Texarkana, TX-AR",96,0,49,0,2020
45500,"Texarkana, TX-AR",259,0,205,0,2021
45500,"Texarkana, TX-AR",161,5,111,5,2022
45500,"Texarkana, TX-AR",247,30,246,30,2023
45500,"Texarkana, TX-AR",156,5,100,0,2024
45500,"Texarkana, TX-AR",294,104,283,104,2025
45780,"Toledo, OH",1512,502,1502,492,1990
45780,"Toledo, OH",1264,301,1248,296,1991
45780,"Toledo, OH",1520,237,1520,237,1992
45780,"Toledo, OH",1814,411,1798,411,1993
45780,"Toledo, OH",1982,334,1982,334,1994
45780,"Toledo, OH",2192,541,2191,541,1995
45780,"Toledo, OH",2024,117,2021,117,1996
45780,"Toledo, OH",1963,302,1949,302,1997
45780,"Toledo, OH",2346,636,2338,636,1998
45780,"Toledo, OH",2297,359,2297,359,1999
45780,"Toledo, OH",2144,472,2141,472,2000
45780,"Toledo, OH",2716,621,2699,621,2001
45780,"Toledo, OH",2393,358,2372,358,2002
45780,"Toledo, OH",2946,572,2946,572,2003
45780,"Toledo, OH",3874,1193,3874,1193,2004
45780,"Toledo, OH",2830,557,2825,557,2005
45780,"Toledo, OH",1680,237,1669,230,2006
45780,"Toledo, OH",1694,601,1683,596,2007
45780,"Toledo, OH",1024,361,1024,361,2008
45780,"Toledo, OH",545,151,545,151,2009
45780,"Toledo, OH",639,206,639,206,2010
45780,"Toledo, OH",524,134,513,134,2011
45780,"Toledo, OH",702,223,695,223,2012
45780,"Toledo, OH",757,106,755,106,2013
45780,"Toledo, OH",1075,467,1069,467,2014
45780,"Toledo, OH",715,22,713,22,2015
45780,"Toledo, OH",827,60,805,55,2016
45780,"Toledo, OH",971,159,945,154,2017
45780,"Toledo, OH",1096,220,1068,215,2018
45780,"Toledo, OH",1278,447,1254,442,2019
45780,"Toledo, OH",1418,613,1414,613,2020
45780,"Toledo, OH",1038,260,1032,260,2021
45780,"Toledo, OH",893,366,875,366,2022
45780,"Toledo, OH",1190,406,1189,406,2023
45780,"Toledo, OH",928,170,911,170,2024
45780,"Toledo, OH",493,60,493,60,2025
45820,"Topeka, KS",690,42,690,42,1990
45820,"Topeka, KS",772,81,732,81,1991
45820,"Topeka, KS",1002,148,998,148,1992
45820,"Topeka, KS",1175,253,1131,253,1993
45820,"Topeka, KS",1135,132,1106,132,1994
45820,"Topeka, KS",1045,122,1036,122,1995
45820,"Topeka, KS",1146,162,1108,162,1996
45820,"Topeka, KS",1031,65,981,65,1997
45820,"Topeka, KS",1040,79,966,79,1998
45820,"Topeka, KS",1140,171,1103,171,1999
45820,"Topeka, KS",877,6,842,6,2000
45820,"Topeka, KS",987,60,958,60,2001
45820,"Topeka, KS",1371,332,1287,332,2002
45820,"Topeka, KS",1378,33,1378,33,2003
45820,"Topeka, KS",1167,5,1151,5,2004
45820,"Topeka, KS",1191,21,1125,21,2005
45820,"Topeka, KS",920,59,913,59,2006
45820,"Topeka, KS",1042,321,1013,321,2007
45820,"Topeka, KS",565,84,560,84,2008
45820,"Topeka, KS",489,114,466,114,2009
45820,"Topeka, KS",381,0,363,0,2010
45820,"Topeka, KS",264,0,241,0,2011
45820,"Topeka, KS",312,16,310,16,2012
45820,"Topeka, KS",282,0,281,0,2013
45820,"Topeka, KS",315,24,306,24,2014
45820,"Topeka, KS",388,0,384,0,2015
45820,"Topeka, KS",388,0,360,0,2016
45820,"Topeka, KS",335,0,326,0,2017
45820,"Topeka, KS",356,0,353,0,2018
45820,"Topeka, KS",322,0,316,0,2019
45820,"Topeka, KS",544,152,504,152,2020
45820,"Topeka, KS",717,289,714,289,2021
45820,"Topeka, KS",429,0,421,0,2022
45820,"Topeka, KS",353,0,349,0,2023
45820,"Topeka, KS",382,25,367,25,2024
45820,"Topeka, KS",635,250,631,250,2025
45900,"Traverse City, MI",1081,156,1043,151,1990
45900,"Traverse City, MI",913,79,848,74,1991
45900,"Traverse City, MI",1019,13,1003,13,1992
45900,"Traverse City, MI",1090,58,1068,58,1993
45900,"Traverse City, MI",1097,43,1097,43,1994
45900,"Traverse City, MI",1287,157,1287,157,1995
45900,"Traverse City, MI",1428,274,1428,274,1996
45900,"Traverse City, MI",1161,23,1161,23,1997
45900,"Traverse City, MI",1524,185,1494,185,1998
45900,"Traverse City, MI",1819,231,1819,231,1999
45900,"Traverse City, MI",1690,406,1690,406,2000
45900,"Traverse City, MI",1311,75,1311,75,2001
45900,"Traverse City, MI",1245,66,1245,66,2002
45900,"Traverse City, MI",1484,8,1484,8,2003
45900,"Traverse City, MI",1577,234,1577,234,2004
45900,"Traverse City, MI",1705,406,1705,406,2005
45900,"Traverse City, MI",1181,163,1181,163,2006
45900,"Traverse City, MI",707,24,707,24,2007
45900,"Traverse City, MI",445,6,433,6,2008
45900,"Traverse City, MI",390,66,388,66,2009
45900,"Traverse City, MI",350,8,344,8,2010
45900,"Traverse City, MI",357,0,354,0,2011
45900,"Traverse City, MI",412,8,396,8,2012
45900,"Traverse City, MI",653,22,638,22,2013
45900,"Traverse City, MI",559,24,550,24,2014
45900,"Traverse City, MI",673,52,671,52,2015
45900,"Traverse City, MI",859,144,857,144,2016
45900,"Traverse City, MI",839,115,545,100,2017
45900,"Traverse City, MI",951,276,934,276,2018
45900,"Traverse City, MI",805,192,805,192,2019
45900,"Traverse City, MI",712,124,687,124,2020
45900,"Traverse City, MI",887,144,887,144,2021
45900,"Traverse City, MI",1073,287,1034,287,2022
45900,"Traverse City, MI",993,307,957,307,2023
45900,"Traverse City, MI",1232,501,1194,501,2024
45900,"Traverse City, MI",808,6,770,6,2025
45940,"Trenton-Princeton, NJ",1004,480,1004,480,1990
45940,"Trenton-Princeton, NJ",431,11,431,11,1991
45940,"Trenton-Princeton, NJ",648,42,648,42,1992
45940,"Trenton-Princeton, NJ",1370,486,1347,486,1993
45940,"Trenton-Princeton, NJ",1304,248,1044,5,1994
45940,"Trenton-Princeton, NJ",858,45,760,0,1995
45940,"Trenton-Princeton, NJ",802,10,694,0,1996
45940,"Trenton-Princeton, NJ",1063,21,1049,21,1997
45940,"Trenton-Princeton, NJ",1393,193,1350,193,1998
45940,"Trenton-Princeton, NJ",1159,58,1154,58,1999
45940,"Trenton-Princeton, NJ",1283,69,1280,69,2000
45940,"Trenton-Princeton, NJ",1355,125,1324,125,2001
45940,"Trenton-Princeton, NJ",1428,250,1371,250,2002
45940,"Trenton-Princeton, NJ",1188,410,1188,410,2003
45940,"Trenton-Princeton, NJ",1641,685,1597,685,2004
45940,"Trenton-Princeton, NJ",1296,68,1265,68,2005
45940,"Trenton-Princeton, NJ",847,205,816,205,2006
45940,"Trenton-Princeton, NJ",700,220,686,220,2007
45940,"Trenton-Princeton, NJ",625,292,608,292,2008
45940,"Trenton-Princeton, NJ",269,83,253,83,2009
45940,"Trenton-Princeton, NJ",655,448,638,448,2010
45940,"Trenton-Princeton, NJ",400,247,345,207,2011
45940,"Trenton-Princeton, NJ",444,319,417,299,2012
45940,"Trenton-Princeton, NJ",988,733,840,615,2013
45940,"Trenton-Princeton, NJ",368,121,322,103,2014
45940,"Trenton-Princeton, NJ",896,597,764,511,2015
45940,"Trenton-Princeton, NJ",711,451,653,436,2016
45940,"Trenton-Princeton, NJ",605,277,580,262,2017
45940,"Trenton-Princeton, NJ",501,273,424,235,2018
45940,"Trenton-Princeton, NJ",538,302,538,302,2019
45940,"Trenton-Princeton, NJ",832,587,739,518,2020
45940,"Trenton-Princeton, NJ",544,264,544,264,2021
45940,"Trenton-Princeton, NJ",643,471,573,402,2022
45940,"Trenton-Princeton, NJ",969,559,801,450,2023
45940,"Trenton-Princeton, NJ",2026,1183,1883,1098,2024
45940,"Trenton-Princeton, NJ",1164,340,1070,319,2025
46060,"Tucson, AZ",2678,442,2678,442,1990
46060,"Tucson, AZ",2661,5,2661,5,1991
46060,"Tucson, AZ",4215,44,4215,44,1992
46060,"Tucson, AZ",6200,762,5452,762,1993
46060,"Tucson, AZ",8480,1804,7645,1804,1994
46060,"Tucson, AZ",7275,2251,6545,2251,1995
46060,"Tucson, AZ",5697,531,4840,531,1996
46060,"Tucson, AZ",6802,1104,5871,1104,1997
46060,"Tucson, AZ",7540,902,7534,902,1998
46060,"Tucson, AZ",8734,1186,8734,1186,1999
46060,"Tucson, AZ",7779,626,7768,626,2000
46060,"Tucson, AZ",7472,1009,7461,1009,2001
46060,"Tucson, AZ",7147,854,7139,854,2002
46060,"Tucson, AZ",7910,117,7910,117,2003
46060,"Tucson, AZ",10521,720,10519,720,2004
46060,"Tucson, AZ",11644,157,11628,157,2005
46060,"Tucson, AZ",8522,178,8459,178,2006
46060,"Tucson, AZ",5237,397,4801,392,2007
46060,"Tucson, AZ",3221,423,3216,423,2008
46060,"Tucson, AZ",2129,167,2004,152,2009
46060,"Tucson, AZ",1938,206,1923,206,2010
46060,"Tucson, AZ",2242,828,2238,828,2011
46060,"Tucson, AZ",2841,628,1722,0,2012
46060,"Tucson, AZ",3491,830,2101,0,2013
46060,"Tucson, AZ",3250,922,1721,0,2014
46060,"Tucson, AZ",2428,184,2333,184,2015
46060,"Tucson, AZ",2466,40,2290,40,2016
46060,"Tucson, AZ",4495,1561,4472,1561,2017
46060,"Tucson, AZ",4404,1122,4404,1122,2018
46060,"Tucson, AZ",4313,771,4313,771,2019
46060,"Tucson, AZ",4958,670,3369,25,2020
46060,"Tucson, AZ",6284,1118,4191,209,2021
46060,"Tucson, AZ",5714,1905,3834,993,2022
46060,"Tucson, AZ",5255,1419,3553,636,2023
46060,"Tucson, AZ",5250,996,3745,456,2024
46060,"Tucson, AZ",4658,1018,3151,350,2025
46140,"Tulsa, OK",2055,300,2046,300,1990
46140,"Tulsa, OK",2219,96,2167,96,1991
46140,"Tulsa, OK",2822,5,2822,5,1992
46140,"Tulsa, OK",3113,0,3062,0,1993
46140,"Tulsa, OK",3119,388,3092,388,1994
46140,"Tulsa, OK",3630,1016,3568,1016,1995
46140,"Tulsa, OK",3636,605,3613,605,1996
46140,"Tulsa, OK",3277,261,3222,261,1997
46140,"Tulsa, OK",5427,1990,5022,1751,1998
46140,"Tulsa, OK",5382,1534,5137,1451,1999
46140,"Tulsa, OK",3775,234,3769,234,2000
46140,"Tulsa, OK",4196,362,4177,362,2001
46140,"Tulsa, OK",4648,561,3988,446,2002
46140,"Tulsa, OK",4354,298,4354,298,2003
46140,"Tulsa, OK",4655,102,4158,102,2004
46140,"Tulsa, OK",5644,518,5632,518,2005
46140,"Tulsa, OK",5181,205,5165,205,2006
46140,"Tulsa, OK",5160,676,5154,676,2007
46140,"Tulsa, OK",3988,1032,3943,1032,2008
46140,"Tulsa, OK",3340,600,3332,600,2009
46140,"Tulsa, OK",2616,323,2608,323,2010
46140,"Tulsa, OK",3565,1474,3563,1474,2011
46140,"Tulsa, OK",3436,732,3422,732,2012
46140,"Tulsa, OK",3725,616,3714,616,2013
46140,"Tulsa, OK",4533,1339,4522,1339,2014
46140,"Tulsa, OK",3774,735,3763,735,2015
46140,"Tulsa, OK",3752,594,3653,594,2016
46140,"Tulsa, OK",3644,436,3634,436,2017
46140,"Tulsa, OK",3412,513,3383,513,2018
46140,"Tulsa, OK",4306,879,4306,879,2019
46140,"Tulsa, OK",4924,803,4752,707,2020
46140,"Tulsa, OK",4920,446,4719,333,2021
46140,"Tulsa, OK",5123,1214,4909,1077,2022
46140,"Tulsa, OK",5009,1477,4678,1380,2023
46140,"Tulsa, OK",4311,601,4152,525,2024
46140,"Tulsa, OK",5154,1292,4984,1187,2025
46220,"Tuscaloosa, AL",919,381,915,381,1990
46220,"Tuscaloosa, AL",860,368,860,368,1991
46220,"Tuscaloosa, AL",886,292,886,292,1992
46220,"Tuscaloosa, AL",793,115,767,92,1993
46220,"Tuscaloosa, AL",906,306,860,264,1994
46220,"Tuscaloosa, AL",1466,743,1464,743,1995
46220,"Tuscaloosa, AL",1068,374,1066,374,1996
46220,"Tuscaloosa, AL",935,366,925,366,1997
46220,"Tuscaloosa, AL",708,140,695,140,1998
46220,"Tuscaloosa, AL",779,55,768,55,1999
46220,"Tuscaloosa, AL",762,121,741,121,2000
46220,"Tuscaloosa, AL",1162,416,1118,416,2001
46220,"Tuscaloosa, AL",1397,666,1360,666,2002
46220,"Tuscaloosa, AL",1201,270,1201,270,2003
46220,"Tuscaloosa, AL",1276,85,1223,85,2004
46220,"Tuscaloosa, AL",1735,417,1620,412,2005
46220,"Tuscaloosa, AL",2625,1435,2474,1381,2006
46220,"Tuscaloosa, AL",1997,1020,716,77,2007
46220,"Tuscaloosa, AL",1258,721,481,140,2008
46220,"Tuscaloosa, AL",694,319,423,160,2009
46220,"Tuscaloosa, AL",627,247,619,247,2010
46220,"Tuscaloosa, AL",747,397,161,56,2011
46220,"Tuscaloosa, AL",921,389,389,56,2012
46220,"Tuscaloosa, AL",1029,426,1023,426,2013
46220,"Tuscaloosa, AL",1390,843,1382,843,2014
46220,"Tuscaloosa, AL",751,196,708,196,2015
46220,"Tuscaloosa, AL",1470,858,1431,858,2016
46220,"Tuscaloosa, AL",1175,507,439,54,2017
46220,"Tuscaloosa, AL",1053,417,468,117,2018
46220,"Tuscaloosa, AL",1474,689,1440,689,2019
46220,"Tuscaloosa, AL",1269,459,369,10,2020
46220,"Tuscaloosa, AL",1496,604,1427,604,2021
46220,"Tuscaloosa, AL",1043,271,993,271,2022
46220,"Tuscaloosa, AL",695,61,480,0,2023
46220,"Tuscaloosa, AL",649,69,251,0,2024
46220,"Tuscaloosa, AL",616,64,204,0,2025
46300,"Twin Falls, ID",150,8,149,8,1990
46300,"Twin Falls, ID",226,32,219,32,1991
46300,"Twin Falls, ID",511,192,510,192,1992
46300,"Twin Falls, ID",446,93,418,72,1993
46300,"Twin Falls, ID",533,0,533,0,1994
46300,"Twin Falls, ID",483,32,476,32,1995
46300,"Twin Falls, ID",501,48,501,48,1996
46300,"Twin Falls, ID",486,96,474,96,1997
46300,"Twin Falls, ID",476,46,552,46,1998
46300,"Twin Falls, ID",410,0,408,0,1999
46300,"Twin Falls, ID",341,0,335,0,2000
46300,"Twin Falls, ID",456,32,445,32,2001
46300,"Twin Falls, ID",558,0,550,0,2002
46300,"Twin Falls, ID",855,168,855,168,2003
46300,"Twin Falls, ID",785,12,774,12,2004
46300,"Twin Falls, ID",1179,96,1176,96,2005
46300,"Twin Falls, ID",1100,48,1100,48,2006
46300,"Twin Falls, ID",669,7,667,7,2007
46300,"Twin Falls, ID",456,0,448,0,2008
46300,"Twin Falls, ID",329,0,329,0,2009
46300,"Twin Falls, ID",253,0,244,0,2010
46300,"Twin Falls, ID",206,0,191,0,2011
46300,"Twin Falls, ID",337,0,337,0,2012
46300,"Twin Falls, ID",413,0,386,0,2013
46300,"Twin Falls, ID",418,21,418,21,2014
46300,"Twin Falls, ID",478,24,436,24,2015
46300,"Twin Falls, ID",516,60,475,60,2016
46300,"Twin Falls, ID",521,0,477,0,2017
46300,"Twin Falls, ID",585,16,505,16,2018
46300,"Twin Falls, ID",835,6,791,6,2019
46300,"Twin Falls, ID",1053,84,1044,84,2020
46300,"Twin Falls, ID",1068,68,1060,68,2021
46300,"Twin Falls, ID",605,100,601,100,2022
46300,"Twin Falls, ID",455,9,455,9,2023
46300,"Twin Falls, ID",733,12,733,12,2024
46300,"Twin Falls, ID",670,6,670,6,2025
46340,"Tyler, TX",119,24,119,24,1990
46340,"Tyler, TX",133,0,113,0,1991
46340,"Tyler, TX",261,0,258,0,1992
46340,"Tyler, TX",312,0,277,0,1993
46340,"Tyler, TX",395,0,373,0,1994
46340,"Tyler, TX",314,0,244,0,1995
46340,"Tyler, TX",778,246,698,246,1996
46340,"Tyler, TX",553,123,473,123,1997
46340,"Tyler, TX",561,67,332,0,1998
46340,"Tyler, TX",530,81,122,0,1999
46340,"Tyler, TX",543,67,164,0,2000
46340,"Tyler, TX",537,65,143,0,2001
46340,"Tyler, TX",631,77,199,0,2002
46340,"Tyler, TX",657,77,657,77,2003
46340,"Tyler, TX",724,96,208,0,2004
46340,"Tyler, TX",745,92,178,0,2005
46340,"Tyler, TX",679,88,159,0,2006
46340,"Tyler, TX",462,77,88,0,2007
46340,"Tyler, TX",347,66,128,0,2008
46340,"Tyler, TX",209,40,21,0,2009
46340,"Tyler, TX",266,50,87,0,2010
46340,"Tyler, TX",262,68,60,0,2011
46340,"Tyler, TX",353,107,21,0,2012
46340,"Tyler, TX",373,0,290,0,2013
46340,"Tyler, TX",389,0,308,0,2014
46340,"Tyler, TX",470,0,457,0,2015
46340,"Tyler, TX",581,24,497,24,2016
46340,"Tyler, TX",678,142,585,142,2017
46340,"Tyler, TX",660,5,651,5,2018
46340,"Tyler, TX",657,5,593,5,2019
46340,"Tyler, TX",828,17,789,17,2020
46340,"Tyler, TX",912,41,891,41,2021
46340,"Tyler, TX",830,35,815,35,2022
46340,"Tyler, TX",753,13,728,13,2023
46340,"Tyler, TX",608,45,579,45,2024
46340,"Tyler, TX",543,10,518,10,2025
46520,"Urban Honolulu, HI",2977,1242,2977,1242,1990
46520,"Urban Honolulu, HI",4118,2749,4118,2749,1991
46520,"Urban Honolulu, HI",4588,2605,4588,2605,1992
46520,"Urban Honolulu, HI",3411,1374,3411,1374,1993
46520,"Urban Honolulu, HI",4612,2030,4612,2030,1994
46520,"Urban Honolulu, HI",4544,2314,4544,2314,1995
46520,"Urban Honolulu, HI",2000,841,2000,841,1996
46520,"Urban Honolulu, HI",2035,833,2035,833,1997
46520,"Urban Honolulu, HI",1601,293,1601,293,1998
46520,"Urban Honolulu, HI",1928,458,1928,458,1999
46520,"Urban Honolulu, HI",1969,233,1969,233,2000
46520,"Urban Honolulu, HI",1975,253,1975,253,2001
46520,"Urban Honolulu, HI",2673,630,2673,630,2002
46520,"Urban Honolulu, HI",3473,467,3473,467,2003
46520,"Urban Honolulu, HI",4084,2070,4084,2070,2004
46520,"Urban Honolulu, HI",3988,1749,3988,1749,2005
46520,"Urban Honolulu, HI",2606,879,2606,879,2006
46520,"Urban Honolulu, HI",2944,1644,1872,1158,2007
46520,"Urban Honolulu, HI",1438,635,853,265,2008
46520,"Urban Honolulu, HI",1036,146,1036,146,2009
46520,"Urban Honolulu, HI",1891,1002,1891,1002,2010
46520,"Urban Honolulu, HI",1724,981,1724,981,2011
46520,"Urban Honolulu, HI",1724,695,1724,695,2012
46520,"Urban Honolulu, HI",2641,1484,2641,1484,2013
46520,"Urban Honolulu, HI",1578,691,1578,691,2014
46520,"Urban Honolulu, HI",3833,2851,3833,2851,2015
46520,"Urban Honolulu, HI",1658,812,1658,812,2016
46520,"Urban Honolulu, HI",1968,940,1968,940,2017
46520,"Urban Honolulu, HI",2410,1427,2410,1427,2018
46520,"Urban Honolulu, HI",2279,1343,2279,1343,2019
46520,"Urban Honolulu, HI",1621,753,929,356,2020
46520,"Urban Honolulu, HI",1438,446,1438,446,2021
46520,"Urban Honolulu, HI",2526,1714,2526,1714,2022
46520,"Urban Honolulu, HI",1851,1041,746,306,2023
46520,"Urban Honolulu, HI",1638,793,0,0,2024
46520,"Urban Honolulu, HI",1446,717,145,96,2025
46540,"Utica-Rome, NY",942,178,814,178,1990
46540,"Utica-Rome, NY",729,40,647,40,1991
46540,"Utica-Rome, NY",673,46,644,46,1992
46540,"Utica-Rome, NY",714,138,643,122,1993
46540,"Utica-Rome, NY",689,187,518,110,1994
46540,"Utica-Rome, NY",479,42,355,0,1995
46540,"Utica-Rome, NY",422,56,351,56,1996
46540,"Utica-Rome, NY",367,38,245,8,1997
46540,"Utica-Rome, NY",365,0,276,0,1998
46540,"Utica-Rome, NY",435,6,363,6,1999
46540,"Utica-Rome, NY",405,24,320,24,2000
46540,"Utica-Rome, NY",419,0,300,0,2001
46540,"Utica-Rome, NY",478,0,340,0,2002
46540,"Utica-Rome, NY",481,8,481,8,2003
46540,"Utica-Rome, NY",512,0,335,0,2004
46540,"Utica-Rome, NY",596,28,451,28,2005
46540,"Utica-Rome, NY",638,55,370,32,2006
46540,"Utica-Rome, NY",480,43,282,0,2007
46540,"Utica-Rome, NY",343,16,269,16,2008
46540,"Utica-Rome, NY",414,82,334,82,2009
46540,"Utica-Rome, NY",314,22,227,22,2010
46540,"Utica-Rome, NY",254,0,215,0,2011
46540,"Utica-Rome, NY",326,9,247,9,2012
46540,"Utica-Rome, NY",353,133,322,133,2013
46540,"Utica-Rome, NY",236,16,176,16,2014
46540,"Utica-Rome, NY",246,16,203,16,2015
46540,"Utica-Rome, NY",234,15,99,0,2016
46540,"Utica-Rome, NY",347,149,275,134,2017
46540,"Utica-Rome, NY",275,88,234,88,2018
46540,"Utica-Rome, NY",352,150,197,47,2019
46540,"Utica-Rome, NY",414,231,340,231,2020
46540,"Utica-Rome, NY",456,286,133,15,2021
46540,"Utica-Rome, NY",324,76,162,0,2022
46540,"Utica-Rome, NY",252,58,114,0,2023
46540,"Utica-Rome, NY",271,94,139,26,2024
46540,"Utica-Rome, NY",308,89,176,24,2025
46660,"Valdosta, GA",451,49,413,49,1990
46660,"Valdosta, GA",452,96,452,96,1991
46660,"Valdosta, GA",884,24,884,24,1992
46660,"Valdosta, GA",700,43,623,43,1993
46660,"Valdosta, GA",774,66,625,30,1994
46660,"Valdosta, GA",697,20,352,0,1995
46660,"Valdosta, GA",938,104,675,79,1996
46660,"Valdosta, GA",1004,277,987,277,1997
46660,"Valdosta, GA",915,240,682,183,1998
46660,"Valdosta, GA",650,31,507,8,1999
46660,"Valdosta, GA",966,389,925,389,2000
46660,"Valdosta, GA",541,19,482,0,2001
46660,"Valdosta, GA",799,156,721,130,2002
46660,"Valdosta, GA",1050,249,1050,249,2003
46660,"Valdosta, GA",1437,478,1423,478,2004
46660,"Valdosta, GA",1226,66,1224,66,2005
46660,"Valdosta, GA",1462,159,1408,154,2006
46660,"Valdosta, GA",1253,118,1247,118,2007
46660,"Valdosta, GA",846,132,831,132,2008
46660,"Valdosta, GA",897,352,897,352,2009
46660,"Valdosta, GA",852,353,852,353,2010
46660,"Valdosta, GA",660,271,660,271,2011
46660,"Valdosta, GA",363,0,363,0,2012
46660,"Valdosta, GA",437,8,437,8,2013
46660,"Valdosta, GA",410,10,167,0,2014
46660,"Valdosta, GA",627,10,399,0,2015
46660,"Valdosta, GA",1018,80,549,80,2016
46660,"Valdosta, GA",1089,91,447,0,2017
46660,"Valdosta, GA",1126,83,465,0,2018
46660,"Valdosta, GA",1276,92,603,0,2019
46660,"Valdosta, GA",1366,103,504,0,2020
46660,"Valdosta, GA",1535,130,678,0,2021
46660,"Valdosta, GA",1302,0,629,0,2022
46660,"Valdosta, GA",962,73,555,48,2023
46660,"Valdosta, GA",972,0,76,0,2024
46660,"Valdosta, GA",905,0,101,0,2025
46700,"Vallejo, CA",2314,233,2314,233,1990
46700,"Vallejo, CA",1482,24,1399,19,1991
46700,"Vallejo, CA",1909,101,1909,101,1992
46700,"Vallejo, CA",1451,15,1451,15,1993
46700,"Vallejo, CA",1513,55,1513,55,1994
46700,"Vallejo, CA",1015,12,1015,12,1995
46700,"Vallejo, CA",1583,135,1551,135,1996
46700,"Vallejo, CA",1517,59,1517,59,1997
46700,"Vallejo, CA",2213,436,2204,436,1998
46700,"Vallejo, CA",2011,512,1980,507,1999
46700,"Vallejo, CA",2233,173,2226,168,2000
46700,"Vallejo, CA",2568,713,2531,713,2001
46700,"Vallejo, CA",2474,651,2360,651,2002
46700,"Vallejo, CA",2642,487,2642,487,2003
46700,"Vallejo, CA",2961,472,2773,465,2004
46700,"Vallejo, CA",2354,365,2354,365,2005
46700,"Vallejo, CA",1205,180,1026,96,2006
46700,"Vallejo, CA",1019,115,1019,115,2007
46700,"Vallejo, CA",565,235,562,235,2008
46700,"Vallejo, CA",586,0,559,0,2009
46700,"Vallejo, CA",467,0,435,0,2010
46700,"Vallejo, CA",387,0,387,0,2011
46700,"Vallejo, CA",538,59,538,59,2012
46700,"Vallejo, CA",775,235,775,235,2013
46700,"Vallejo, CA",646,0,646,0,2014
46700,"Vallejo, CA",1434,396,1432,396,2015
46700,"Vallejo, CA",944,117,942,117,2016
46700,"Vallejo, CA",907,67,739,0,2017
46700,"Vallejo, CA",990,34,968,24,2018
46700,"Vallejo, CA",1089,11,1070,0,2019
46700,"Vallejo, CA",1733,727,1598,716,2020
46700,"Vallejo, CA",1378,235,1227,220,2021
46700,"Vallejo, CA",1154,206,1146,206,2022
46700,"Vallejo, CA",1414,476,1403,476,2023
46700,"Vallejo, CA",1455,180,1449,180,2024
46700,"Vallejo, CA",881,120,876,120,2025
47020,"Victoria, TX",107,0,107,0,1990
47020,"Victoria, TX",129,0,129,0,1991
47020,"Victoria, TX",161,0,161,0,1992
47020,"Victoria, TX",185,0,185,0,1993
47020,"Victoria, TX",202,0,202,0,1994
47020,"Victoria, TX",172,0,172,0,1995
47020,"Victoria, TX",174,10,174,10,1996
47020,"Victoria, TX",349,160,349,160,1997
47020,"Victoria, TX",536,0,536,0,1998
47020,"Victoria, TX",198,0,198,0,1999
47020,"Victoria, TX",167,0,167,0,2000
47020,"Victoria, TX",144,0,144,0,2001
47020,"Victoria, TX",212,0,212,0,2002
47020,"Victoria, TX",117,0,117,0,2003
47020,"Victoria, TX",398,144,398,144,2004
47020,"Victoria, TX",123,0,123,0,2005
47020,"Victoria, TX",143,0,124,0,2006
47020,"Victoria, TX",103,0,103,0,2007
47020,"Victoria, TX",59,0,4,0,2008
47020,"Victoria, TX",46,0,0,0,2009
47020,"Victoria, TX",47,0,0,0,2010
47020,"Victoria, TX",83,0,73,0,2011
47020,"Victoria, TX",143,26,143,26,2012
47020,"Victoria, TX",464,340,464,340,2013
47020,"Victoria, TX",835,604,835,604,2014
47020,"Victoria, TX",139,0,136,0,2015
47020,"Victoria, TX",65,0,62,0,2016
47020,"Victoria, TX",61,0,57,0,2017
47020,"Victoria, TX",70,0,70,0,2018
47020,"Victoria, TX",201,0,201,0,2019
47020,"Victoria, TX",132,0,132,0,2020
47020,"Victoria, TX",391,168,391,168,2021
47020,"Victoria, TX",204,0,204,0,2022
47020,"Victoria, TX",90,0,82,0,2023
47020,"Victoria, TX",43,0,43,0,2024
47020,"Victoria, TX",186,143,186,143,2025
47220,"Vineland, NJ",294,5,286,5,1990
47220,"Vineland, NJ",247,0,245,0,1991
47220,"Vineland, NJ",240,0,239,0,1992
47220,"Vineland, NJ",300,0,297,0,1993
47220,"Vineland, NJ",323,6,305,6,1994
47220,"Vineland, NJ",403,135,388,135,1995
47220,"Vineland, NJ",316,0,311,0,1996
47220,"Vineland, NJ",450,46,428,46,1997
47220,"Vineland, NJ",416,99,399,94,1998
47220,"Vineland, NJ",371,75,274,13,1999
47220,"Vineland, NJ",255,17,227,0,2000
47220,"Vineland, NJ",256,0,245,0,2001
47220,"Vineland, NJ",310,0,284,0,2002
47220,"Vineland, NJ",374,0,374,0,2003
47220,"Vineland, NJ",566,0,540,0,2004
47220,"Vineland, NJ",630,13,431,13,2005
47220,"Vineland, NJ",737,0,584,0,2006
47220,"Vineland, NJ",683,84,594,84,2007
47220,"Vineland, NJ",336,5,270,0,2008
47220,"Vineland, NJ",262,37,211,32,2009
47220,"Vineland, NJ",246,10,173,0,2010
47220,"Vineland, NJ",182,0,131,0,2011
47220,"Vineland, NJ",190,5,110,0,2012
47220,"Vineland, NJ",219,5,120,0,2013
47220,"Vineland, NJ",212,30,94,0,2014
47220,"Vineland, NJ",237,52,95,0,2015
47220,"Vineland, NJ",134,20,34,0,2016
47220,"Vineland, NJ",88,0,38,0,2017
47220,"Vineland, NJ",74,0,61,0,2018
47220,"Vineland, NJ",132,0,132,0,2019
47220,"Vineland, NJ",179,0,175,0,2020
47220,"Vineland, NJ",185,63,185,63,2021
47220,"Vineland, NJ",120,5,113,5,2022
47220,"Vineland, NJ",103,0,97,0,2023
47220,"Vineland, NJ",253,129,235,129,2024
47220,"Vineland, NJ",143,0,141,0,2025
47260,"Virginia Beach-Chesapeake-Norfolk, VA-NC",8820,1756,8764,1756,1990
47260,"Virginia Beach-Chesapeake-Norfolk, VA-NC",7908,1320,7660,1315,1991
47260,"Virginia Beach-Chesapeake-Norfolk, VA-NC",9156,993,8854,993,1992
47260,"Virginia Beach-Chesapeake-Norfolk, VA-NC",9864,1536,9532,1536,1993
47260,"Virginia Beach-Chesapeake-Norfolk, VA-NC",9003,1377,8638,1377,1994
47260,"Virginia Beach-Chesapeake-Norfolk, VA-NC",8761,1818,8411,1818,1995
47260,"Virginia Beach-Chesapeake-Norfolk, VA-NC",8459,1421,8459,1421,1996
47260,"Virginia Beach-Chesapeake-Norfolk, VA-NC",7730,1102,7630,1102,1997
47260,"Virginia Beach-Chesapeake-Norfolk, VA-NC",8656,1216,7879,1191,1998
47260,"Virginia Beach-Chesapeake-Norfolk, VA-NC",9148,1384,9078,1379,1999
47260,"Virginia Beach-Chesapeake-Norfolk, VA-NC",7563,684,7391,684,2000
47260,"Virginia Beach-Chesapeake-Norfolk, VA-NC",8858,1519,8511,1519,2001
47260,"Virginia Beach-Chesapeake-Norfolk, VA-NC",10390,2355,8823,2100,2002
47260,"Virginia Beach-Chesapeake-Norfolk, VA-NC",10559,2292,10559,2292,2003
47260,"Virginia Beach-Chesapeake-Norfolk, VA-NC",10347,2339,9981,2339,2004
47260,"Virginia Beach-Chesapeake-Norfolk, VA-NC",11543,3085,11376,3026,2005
47260,"Virginia Beach-Chesapeake-Norfolk, VA-NC",7891,1159,7881,1159,2006
47260,"Virginia Beach-Chesapeake-Norfolk, VA-NC",6482,1315,6408,1315,2007
47260,"Virginia Beach-Chesapeake-Norfolk, VA-NC",5368,1755,5368,1755,2008
47260,"Virginia Beach-Chesapeake-Norfolk, VA-NC",5359,2286,5254,2267,2009
47260,"Virginia Beach-Chesapeake-Norfolk, VA-NC",4016,761,3943,743,2010
47260,"Virginia Beach-Chesapeake-Norfolk, VA-NC",5602,2560,5498,2560,2011
47260,"Virginia Beach-Chesapeake-Norfolk, VA-NC",5420,1734,5420,1734,2012
47260,"Virginia Beach-Chesapeake-Norfolk, VA-NC",7444,3209,7225,3139,2013
47260,"Virginia Beach-Chesapeake-Norfolk, VA-NC",5760,1857,5478,1832,2014
47260,"Virginia Beach-Chesapeake-Norfolk, VA-NC",6764,2608,6693,2595,2015
47260,"Virginia Beach-Chesapeake-Norfolk, VA-NC",6276,1943,6123,1943,2016
47260,"Virginia Beach-Chesapeake-Norfolk, VA-NC",6265,1571,5864,1535,2017
47260,"Virginia Beach-Chesapeake-Norfolk, VA-NC",5710,1354,5388,1334,2018
47260,"Virginia Beach-Chesapeake-Norfolk, VA-NC",5875,1465,5609,1465,2019
47260,"Virginia Beach-Chesapeake-Norfolk, VA-NC",6916,1647,6705,1647,2020
47260,"Virginia Beach-Chesapeake-Norfolk, VA-NC",7336,2550,7094,2550,2021
47260,"Virginia Beach-Chesapeake-Norfolk, VA-NC",6286,2584,6270,2584,2022
47260,"Virginia Beach-Chesapeake-Norfolk, VA-NC",6083,2674,6070,2674,2023
47260,"Virginia Beach-Chesapeake-Norfolk, VA-NC",4406,792,4219,792,2024
47260,"Virginia Beach-Chesapeake-Norfolk, VA-NC",3953,657,3941,657,2025
47300,"Visalia, CA",2138,46,2131,46,1990
47300,"Visalia, CA",1990,153,1990,153,1991
47300,"Visalia, CA",1966,45,1966,45,1992
47300,"Visalia, CA",1794,87,1742,87,1993
47300,"Visalia, CA",1918,60,1896,60,1994
47300,"Visalia, CA",1714,157,1714,157,1995
47300,"Visalia, CA",1375,23,1372,23,1996
47300,"Visalia, CA",1343,40,1312,40,1997
47300,"Visalia, CA",1476,0,1442,0,1998
47300,"Visalia, CA",1636,60,1558,60,1999
47300,"Visalia, CA",1627,12,1590,12,2000
47300,"Visalia, CA",1772,50,1771,50,2001
47300,"Visalia, CA",1993,60,1991,60,2002
47300,"Visalia, CA",2270,173,2270,173,2003
47300,"Visalia, CA",2492,53,2484,53,2004
47300,"Visalia, CA",3317,66,3314,66,2005
47300,"Visalia, CA",3575,313,3573,313,2006
47300,"Visalia, CA",2689,349,2687,349,2007
47300,"Visalia, CA",1487,194,1487,194,2008
47300,"Visalia, CA",1097,99,1097,99,2009
47300,"Visalia, CA",1367,200,1367,200,2010
47300,"Visalia, CA",922,192,922,192,2011
47300,"Visalia, CA",673,126,633,126,2012
47300,"Visalia, CA",946,34,898,34,2013
47300,"Visalia, CA",1092,248,1092,248,2014
47300,"Visalia, CA",1275,90,1275,90,2015
47300,"Visalia, CA",1316,80,1316,80,2016
47300,"Visalia, CA",1314,124,1314,124,2017
47300,"Visalia, CA",1528,292,1528,292,2018
47300,"Visalia, CA",1872,202,1872,202,2019
47300,"Visalia, CA",1575,60,1565,60,2020
47300,"Visalia, CA",1510,156,1510,156,2021
47300,"Visalia, CA",2385,919,2385,919,2022
47300,"Visalia, CA",1165,69,1150,69,2023
47300,"Visalia, CA",1447,307,1400,307,2024
47300,"Visalia, CA",1790,130,1747,130,2025
47380,"Waco, TX",250,20,237,20,1990
47380,"Waco, TX",558,261,549,261,1991
47380,"Waco, TX",320,0,307,0,1992
47380,"Waco, TX",383,0,311,0,1993
47380,"Waco, TX",508,0,422,0,1994
47380,"Waco, TX",528,144,512,144,1995
47380,"Waco, TX",462,6,440,6,1996
47380,"Waco, TX",650,177,586,172,1997
47380,"Waco, TX",840,395,792,373,1998
47380,"Waco, TX",619,47,608,47,1999
47380,"Waco, TX",716,62,701,62,2000
47380,"Waco, TX",975,299,975,299,2001
47380,"Waco, TX",814,219,812,219,2002
47380,"Waco, TX",907,86,907,86,2003
47380,"Waco, TX",1558,473,1553,473,2004
47380,"Waco, TX",1345,249,1312,249,2005
47380,"Waco, TX",1074,0,1028,0,2006
47380,"Waco, TX",1083,200,1067,200,2007
47380,"Waco, TX",865,264,862,264,2008
47380,"Waco, TX",682,178,673,178,2009
47380,"Waco, TX",613,120,605,120,2010
47380,"Waco, TX",528,52,520,52,2011
47380,"Waco, TX",684,139,661,139,2012
47380,"Waco, TX",687,29,683,29,2013
47380,"Waco, TX",1474,814,1392,814,2014
47380,"Waco, TX",1512,741,1470,741,2015
47380,"Waco, TX",1766,1011,1718,1011,2016
47380,"Waco, TX",1015,167,950,167,2017
47380,"Waco, TX",855,45,835,45,2018
47380,"Waco, TX",1229,276,1125,276,2019
47380,"Waco, TX",1220,118,1160,118,2020
47380,"Waco, TX",1116,49,991,14,2021
47380,"Waco, TX",1403,379,1274,324,2022
47380,"Waco, TX",1776,847,1637,787,2023
47380,"Waco, TX",1065,200,934,140,2024
47380,"Waco, TX",1460,568,1295,496,2025
47460,"Walla Walla, WA",62,0,62,0,1990
47460,"Walla Walla, WA",128,0,128,0,1991
47460,"Walla Walla, WA",238,52,238,52,1992
47460,"Walla Walla, WA",202,10,202,10,1993
47460,"Walla Walla, WA",179,8,179,8,1994
47460,"Walla Walla, WA",200,15,200,15,1995
47460,"Walla Walla, WA",166,5,166,5,1996
47460,"Walla Walla, WA",212,74,212,74,1997
47460,"Walla Walla, WA",202,74,202,74,1998
47460,"Walla Walla, WA",173,8,173,8,1999
47460,"Walla Walla, WA",199,9,59,0,2000
47460,"Walla Walla, WA",167,0,117,0,2001
47460,"Walla Walla, WA",192,0,134,0,2002
47460,"Walla Walla, WA",285,48,285,48,2003
47460,"Walla Walla, WA",320,104,244,104,2004
47460,"Walla Walla, WA",257,0,257,0,2005
47460,"Walla Walla, WA",290,8,290,8,2006
47460,"Walla Walla, WA",229,8,98,8,2007
47460,"Walla Walla, WA",145,0,145,0,2008
47460,"Walla Walla, WA",113,0,113,0,2009
47460,"Walla Walla, WA",128,48,128,48,2010
47460,"Walla Walla, WA",202,120,202,120,2011
47460,"Walla Walla, WA",150,48,150,48,2012
47460,"Walla Walla, WA",241,65,241,65,2013
47460,"Walla Walla, WA",207,16,198,11,2014
47460,"Walla Walla, WA",204,16,204,16,2015
47460,"Walla Walla, WA",218,28,215,28,2016
47460,"Walla Walla, WA",144,0,135,0,2017
47460,"Walla Walla, WA",221,0,211,0,2018
47460,"Walla Walla, WA",190,20,180,20,2019
47460,"Walla Walla, WA",154,0,142,0,2020
47460,"Walla Walla, WA",261,112,249,112,2021
47460,"Walla Walla, WA",170,0,160,0,2022
47460,"Walla Walla, WA",275,64,268,64,2023
47460,"Walla Walla, WA",205,50,198,50,2024
47460,"Walla Walla, WA",163,0,155,0,2025
47580,"Warner Robins, GA",626,5,626,5,1990
47580,"Warner Robins, GA",717,16,711,16,1991
47580,"Warner Robins, GA",976,6,976,6,1992
47580,"Warner Robins, GA",943,8,943,8,1993
47580,"Warner Robins, GA",897,44,897,44,1994
47580,"Warner Robins, GA",1165,168,1165,168,1995
47580,"Warner Robins, GA",1436,224,1436,224,1996
47580,"Warner Robins, GA",1200,312,1200,312,1997
47580,"Warner Robins, GA",1060,200,1060,200,1998
47580,"Warner Robins, GA",1512,427,1512,427,1999
47580,"Warner Robins, GA",1636,372,1613,362,2000
47580,"Warner Robins, GA",2185,506,2185,506,2001
47580,"Warner Robins, GA",1534,0,1534,0,2002
47580,"Warner Robins, GA",1822,96,1822,96,2003
47580,"Warner Robins, GA",2205,292,2205,292,2004
47580,"Warner Robins, GA",2160,120,2160,120,2005
47580,"Warner Robins, GA",2430,433,2430,433,2006
47580,"Warner Robins, GA",1685,232,1685,232,2007
47580,"Warner Robins, GA",1097,238,1097,238,2008
47580,"Warner Robins, GA",831,108,821,108,2009
47580,"Warner Robins, GA",724,0,724,0,2010
47580,"Warner Robins, GA",722,108,722,108,2011
47580,"Warner Robins, GA",638,0,638,0,2012
47580,"Warner Robins, GA",909,272,905,272,2013
47580,"Warner Robins, GA",763,110,675,66,2014
47580,"Warner Robins, GA",1035,300,1015,300,2015
47580,"Warner Robins, GA",831,0,831,0,2016
47580,"Warner Robins, GA",1186,180,1163,180,2017
47580,"Warner Robins, GA",1366,474,1292,474,2018
47580,"Warner Robins, GA",1282,164,1205,164,2019
47580,"Warner Robins, GA",1307,90,1219,90,2020
47580,"Warner Robins, GA",1534,82,1469,82,2021
47580,"Warner Robins, GA",2495,1050,2440,1050,2022
47580,"Warner Robins, GA",1845,676,1629,676,2023
47580,"Warner Robins, GA",1675,330,1372,330,2024
47580,"Warner Robins, GA",1357,84,1218,84,2025
47900,"Washington-Arlington-Alexandria, DC-VA-MD-WV",26360,8546,26037,8546,1990
47900,"Washington-Arlington-Alexandria, DC-VA-MD-WV",19256,2948,19243,2948,1991
47900,"Washington-Arlington-Alexandria, DC-VA-MD-WV",25206,2907,25197,2907,1992
47900,"Washington-Arlington-Alexandria, DC-VA-MD-WV",29248,3572,29225,3564,1993
47900,"Washington-Arlington-Alexandria, DC-VA-MD-WV",30174,5076,30069,5013,1994
47900,"Washington-Arlington-Alexandria, DC-VA-MD-WV",27154,5450,26814,5243,1995
47900,"Washington-Arlington-Alexandria, DC-VA-MD-WV",29376,7512,29094,7487,1996
47900,"Washington-Arlington-Alexandria, DC-VA-MD-WV",29054,6673,28674,6673,1997
47900,"Washington-Arlington-Alexandria, DC-VA-MD-WV",35978,8630,34504,8078,1998
47900,"Washington-Arlington-Alexandria, DC-VA-MD-WV",35978,9136,33575,8328,1999
47900,"Washington-Arlington-Alexandria, DC-VA-MD-WV",37296,9150,35664,8977,2000
47900,"Washington-Arlington-Alexandria, DC-VA-MD-WV",36411,9526,35094,9068,2001
47900,"Washington-Arlington-Alexandria, DC-VA-MD-WV",38145,10348,36233,9454,2002
47900,"Washington-Arlington-Alexandria, DC-VA-MD-WV",35865,7607,35865,7607,2003
47900,"Washington-Arlington-Alexandria, DC-VA-MD-WV",38985,11018,37861,10819,2004
47900,"Washington-Arlington-Alexandria, DC-VA-MD-WV",37850,10667,35123,10299,2005
47900,"Washington-Arlington-Alexandria, DC-VA-MD-WV",28919,9456,26782,9167,2006
47900,"Washington-Arlington-Alexandria, DC-VA-MD-WV",22895,7789,22098,7571,2007
47900,"Washington-Arlington-Alexandria, DC-VA-MD-WV",13625,4245,12576,3389,2008
47900,"Washington-Arlington-Alexandria, DC-VA-MD-WV",12147,3119,11998,3059,2009
47900,"Washington-Arlington-Alexandria, DC-VA-MD-WV",12952,3436,12694,3387,2010
47900,"Washington-Arlington-Alexandria, DC-VA-MD-WV",19587,9745,19295,9745,2011
47900,"Washington-Arlington-Alexandria, DC-VA-MD-WV",22293,11048,21772,10954,2012
47900,"Washington-Arlington-Alexandria, DC-VA-MD-WV",24036,10593,22933,10211,2013
47900,"Washington-Arlington-Alexandria, DC-VA-MD-WV",24591,12239,24060,12239,2014
47900,"Washington-Arlington-Alexandria, DC-VA-MD-WV",22675,10194,22258,10194,2015
47900,"Washington-Arlington-Alexandria, DC-VA-MD-WV",25451,12207,24886,12207,2016
47900,"Washington-Arlington-Alexandria, DC-VA-MD-WV",27002,12910,26608,12802,2017
47900,"Washington-Arlington-Alexandria, DC-VA-MD-WV",25573,12037,25190,11912,2018
47900,"Washington-Arlington-Alexandria, DC-VA-MD-WV",26313,13357,26313,13357,2019
47900,"Washington-Arlington-Alexandria, DC-VA-MD-WV",24785,10960,22771,10196,2020
47900,"Washington-Arlington-Alexandria, DC-VA-MD-WV",27098,13590,25275,12801,2021
47900,"Washington-Arlington-Alexandria, DC-VA-MD-WV",35718,23799,33722,22662,2022
47900,"Washington-Arlington-Alexandria, DC-VA-MD-WV",23345,12419,23266,12419,2023
47900,"Washington-Arlington-Alexandria, DC-VA-MD-WV",21487,9606,21487,9606,2024
47900,"Washington-Arlington-Alexandria, DC-VA-MD-WV",17990,7392,17990,7392,2025
47930,"Waterbury-Shelton, CT",638,252,612,252,2023
47930,"Waterbury-Shelton, CT",317,21,195,21,2024
47930,"Waterbury-Shelton, CT",513,206,471,201,2025
47940,"Waterloo-Cedar Falls, IA",246,39,246,39,1990
47940,"Waterloo-Cedar Falls, IA",291,50,289,50,1991
47940,"Waterloo-Cedar Falls, IA",316,74,315,74,1992
47940,"Waterloo-Cedar Falls, IA",374,159,372,159,1993
47940,"Waterloo-Cedar Falls, IA",352,105,345,105,1994
47940,"Waterloo-Cedar Falls, IA",320,91,320,91,1995
47940,"Waterloo-Cedar Falls, IA",425,152,425,152,1996
47940,"Waterloo-Cedar Falls, IA",347,124,344,124,1997
47940,"Waterloo-Cedar Falls, IA",483,189,475,189,1998
47940,"Waterloo-Cedar Falls, IA",335,33,326,33,1999
47940,"Waterloo-Cedar Falls, IA",577,158,565,158,2000
47940,"Waterloo-Cedar Falls, IA",663,229,649,224,2001
47940,"Waterloo-Cedar Falls, IA",630,144,627,144,2002
47940,"Waterloo-Cedar Falls, IA",690,101,690,101,2003
47940,"Waterloo-Cedar Falls, IA",685,61,643,55,2004
47940,"Waterloo-Cedar Falls, IA",735,144,719,144,2005
47940,"Waterloo-Cedar Falls, IA",645,106,632,106,2006
47940,"Waterloo-Cedar Falls, IA",466,8,431,8,2007
47940,"Waterloo-Cedar Falls, IA",350,0,348,0,2008
47940,"Waterloo-Cedar Falls, IA",360,0,360,0,2009
47940,"Waterloo-Cedar Falls, IA",391,6,383,6,2010
47940,"Waterloo-Cedar Falls, IA",410,60,401,60,2011
47940,"Waterloo-Cedar Falls, IA",609,170,510,165,2012
47940,"Waterloo-Cedar Falls, IA",431,56,334,46,2013
47940,"Waterloo-Cedar Falls, IA",407,40,311,30,2014
47940,"Waterloo-Cedar Falls, IA",414,80,310,68,2015
47940,"Waterloo-Cedar Falls, IA",551,192,548,192,2016
47940,"Waterloo-Cedar Falls, IA",708,386,692,379,2017
47940,"Waterloo-Cedar Falls, IA",335,70,301,65,2018
47940,"Waterloo-Cedar Falls, IA",489,200,487,200,2019
47940,"Waterloo-Cedar Falls, IA",351,8,338,8,2020
47940,"Waterloo-Cedar Falls, IA",205,0,190,0,2021
47940,"Waterloo-Cedar Falls, IA",264,43,263,43,2022
47940,"Waterloo-Cedar Falls, IA",481,222,466,222,2023
47940,"Waterloo-Cedar Falls, IA",337,67,334,67,2024
47940,"Waterloo-Cedar Falls, IA",554,283,537,283,2025
48060,"Watertown-Fort Drum, NY",246,41,241,41,1990
48060,"Watertown-Fort Drum, NY",190,0,180,0,1991
48060,"Watertown-Fort Drum, NY",234,42,220,42,1992
48060,"Watertown-Fort Drum, NY",148,0,131,0,1993
48060,"Watertown-Fort Drum, NY",176,0,164,0,1994
48060,"Watertown-Fort Drum, NY",169,0,155,0,1995
48060,"Watertown-Fort Drum, NY",130,0,126,0,1996
48060,"Watertown-Fort Drum, NY",152,44,152,44,1997
48060,"Watertown-Fort Drum, NY",161,0,161,0,1998
48060,"Watertown-Fort Drum, NY",144,0,140,0,1999
48060,"Watertown-Fort Drum, NY",164,0,160,0,2000
48060,"Watertown-Fort Drum, NY",198,0,194,0,2001
48060,"Watertown-Fort Drum, NY",215,0,211,0,2002
48060,"Watertown-Fort Drum, NY",255,0,255,0,2003
48060,"Watertown-Fort Drum, NY",228,0,192,0,2004
48060,"Watertown-Fort Drum, NY",395,0,390,0,2005
48060,"Watertown-Fort Drum, NY",455,30,444,30,2006
48060,"Watertown-Fort Drum, NY",681,37,631,32,2007
48060,"Watertown-Fort Drum, NY",526,0,523,0,2008
48060,"Watertown-Fort Drum, NY",189,0,180,0,2009
48060,"Watertown-Fort Drum, NY",291,86,285,86,2010
48060,"Watertown-Fort Drum, NY",293,84,289,84,2011
48060,"Watertown-Fort Drum, NY",357,247,233,172,2012
48060,"Watertown-Fort Drum, NY",518,400,394,319,2013
48060,"Watertown-Fort Drum, NY",519,408,11,0,2014
48060,"Watertown-Fort Drum, NY",147,10,146,10,2015
48060,"Watertown-Fort Drum, NY",105,0,104,0,2016
48060,"Watertown-Fort Drum, NY",141,0,138,0,2017
48060,"Watertown-Fort Drum, NY",138,0,135,0,2018
48060,"Watertown-Fort Drum, NY",138,0,135,0,2019
48060,"Watertown-Fort Drum, NY",129,0,40,0,2020
48060,"Watertown-Fort Drum, NY",161,0,158,0,2021
48060,"Watertown-Fort Drum, NY",179,0,172,0,2022
48060,"Watertown-Fort Drum, NY",194,0,194,0,2023
48060,"Watertown-Fort Drum, NY",191,0,183,0,2024
48060,"Watertown-Fort Drum, NY",288,62,288,62,2025
48140,"Wausau, WI",613,126,584,126,1990
48140,"Wausau, WI",581,52,542,52,1991
48140,"Wausau, WI",799,162,799,162,1992
48140,"Wausau, WI",776,81,755,81,1993
48140,"Wausau, WI",803,127,756,127,1994
48140,"Wausau, WI",711,60,693,60,1995
48140,"Wausau, WI",691,18,691,18,1996
48140,"Wausau, WI",741,40,694,40,1997
48140,"Wausau, WI",833,29,817,29,1998
48140,"Wausau, WI",779,36,759,36,1999
48140,"Wausau, WI",803,104,769,104,2000
48140,"Wausau, WI",1073,154,1032,154,2001
48140,"Wausau, WI",922,27,555,27,2002
48140,"Wausau, WI",1395,262,1395,262,2003
48140,"Wausau, WI",1192,229,1157,229,2004
48140,"Wausau, WI",1178,266,1155,266,2005
48140,"Wausau, WI",676,118,633,118,2006
48140,"Wausau, WI",675,244,591,244,2007
48140,"Wausau, WI",568,280,568,280,2008
48140,"Wausau, WI",305,80,251,80,2009
48140,"Wausau, WI",262,0,156,0,2010
48140,"Wausau, WI",276,76,272,76,2011
48140,"Wausau, WI",297,60,293,60,2012
48140,"Wausau, WI",288,36,271,36,2013
48140,"Wausau, WI",383,165,377,165,2014
48140,"Wausau, WI",241,0,236,0,2015
48140,"Wausau, WI",245,0,240,0,2016
48140,"Wausau, WI",611,292,596,292,2017
48140,"Wausau, WI",308,0,307,0,2018
48140,"Wausau, WI",497,178,497,178,2019
48140,"Wausau, WI",398,69,346,69,2020
48140,"Wausau, WI",494,217,486,217,2021
48140,"Wausau, WI",364,124,364,124,2022
48140,"Wausau, WI",396,153,391,153,2023
48140,"Wausau, WI",408,192,408,192,2024
48140,"Wausau, WI",348,98,348,98,2025
48260,"Weirton-Steubenville, WV-OH",103,22,96,22,1990
48260,"Weirton-Steubenville, WV-OH",118,33,110,33,1991
48260,"Weirton-Steubenville, WV-OH",117,26,117,26,1992
48260,"Weirton-Steubenville, WV-OH",97,0,63,0,1993
48260,"Weirton-Steubenville, WV-OH",143,44,126,44,1994
48260,"Weirton-Steubenville, WV-OH",102,0,92,0,1995
48260,"Weirton-Steubenville, WV-OH",100,14,89,14,1996
48260,"Weirton-Steubenville, WV-OH",109,0,99,0,1997
48260,"Weirton-Steubenville, WV-OH",86,10,75,10,1998
48260,"Weirton-Steubenville, WV-OH",149,13,116,13,1999
48260,"Weirton-Steubenville, WV-OH",146,60,66,5,2000
48260,"Weirton-Steubenville, WV-OH",184,83,82,6,2001
48260,"Weirton-Steubenville, WV-OH",187,99,80,20,2002
48260,"Weirton-Steubenville, WV-OH",156,57,156,57,2003
48260,"Weirton-Steubenville, WV-OH",156,66,133,66,2004
48260,"Weirton-Steubenville, WV-OH",59,0,55,0,2005
48260,"Weirton-Steubenville, WV-OH",51,0,36,0,2006
48260,"Weirton-Steubenville, WV-OH",166,102,151,102,2007
48260,"Weirton-Steubenville, WV-OH",82,0,74,0,2008
48260,"Weirton-Steubenville, WV-OH",37,0,30,0,2009
48260,"Weirton-Steubenville, WV-OH",25,0,21,0,2010
48260,"Weirton-Steubenville, WV-OH",19,0,14,0,2011
48260,"Weirton-Steubenville, WV-OH",20,0,16,0,2012
48260,"Weirton-Steubenville, WV-OH",51,0,46,0,2013
48260,"Weirton-Steubenville, WV-OH",41,0,19,0,2014
48260,"Weirton-Steubenville, WV-OH",48,0,35,0,2015
48260,"Weirton-Steubenville, WV-OH",35,0,30,0,2016
48260,"Weirton-Steubenville, WV-OH",29,0,27,0,2017
48260,"Weirton-Steubenville, WV-OH",26,0,24,0,2018
48260,"Weirton-Steubenville, WV-OH",25,0,25,0,2019
48260,"Weirton-Steubenville, WV-OH",30,0,30,0,2020
48260,"Weirton-Steubenville, WV-OH",34,0,19,0,2021
48260,"Weirton-Steubenville, WV-OH",33,0,30,0,2022
48260,"Weirton-Steubenville, WV-OH",16,0,16,0,2023
48260,"Weirton-Steubenville, WV-OH",18,0,18,0,2024
48260,"Weirton-Steubenville, WV-OH",17,0,17,0,2025
48300,"Wenatchee-East Wenatchee, WA",426,22,426,22,1990
48300,"Wenatchee-East Wenatchee, WA",651,137,580,137,1991
48300,"Wenatchee-East Wenatchee, WA",749,73,749,73,1992
48300,"Wenatchee-East Wenatchee, WA",636,25,522,25,1993
48300,"Wenatchee-East Wenatchee, WA",691,78,571,78,1994
48300,"Wenatchee-East Wenatchee, WA",609,12,502,12,1995
48300,"Wenatchee-East Wenatchee, WA",511,0,509,0,1996
48300,"Wenatchee-East Wenatchee, WA",662,189,578,189,1997
48300,"Wenatchee-East Wenatchee, WA",473,11,206,0,1998
48300,"Wenatchee-East Wenatchee, WA",473,16,374,11,1999
48300,"Wenatchee-East Wenatchee, WA",393,12,210,12,2000
48300,"Wenatchee-East Wenatchee, WA",455,35,282,35,2001
48300,"Wenatchee-East Wenatchee, WA",526,11,488,6,2002
48300,"Wenatchee-East Wenatchee, WA",663,61,663,61,2003
48300,"Wenatchee-East Wenatchee, WA",693,11,463,6,2004
48300,"Wenatchee-East Wenatchee, WA",902,5,703,0,2005
48300,"Wenatchee-East Wenatchee, WA",1041,78,1041,78,2006
48300,"Wenatchee-East Wenatchee, WA",1107,238,966,232,2007
48300,"Wenatchee-East Wenatchee, WA",489,19,489,19,2008
48300,"Wenatchee-East Wenatchee, WA",355,0,355,0,2009
48300,"Wenatchee-East Wenatchee, WA",320,0,305,0,2010
48300,"Wenatchee-East Wenatchee, WA",246,0,246,0,2011
48300,"Wenatchee-East Wenatchee, WA",299,0,296,0,2012
48300,"Wenatchee-East Wenatchee, WA",706,312,706,312,2013
48300,"Wenatchee-East Wenatchee, WA",460,21,460,21,2014
48300,"Wenatchee-East Wenatchee, WA",593,89,590,89,2015
48300,"Wenatchee-East Wenatchee, WA",574,21,574,21,2016
48300,"Wenatchee-East Wenatchee, WA",629,14,629,14,2017
48300,"Wenatchee-East Wenatchee, WA",807,171,788,171,2018
48300,"Wenatchee-East Wenatchee, WA",955,289,931,289,2019
48300,"Wenatchee-East Wenatchee, WA",991,262,775,262,2020
48300,"Wenatchee-East Wenatchee, WA",1000,159,635,159,2021
48300,"Wenatchee-East Wenatchee, WA",861,245,589,245,2022
48300,"Wenatchee-East Wenatchee, WA",586,66,540,66,2023
48300,"Wenatchee-East Wenatchee, WA",992,377,992,377,2024
48300,"Wenatchee-East Wenatchee, WA",1086,521,1078,521,2025
48540,"Wheeling, WV-OH",76,21,76,21,1990
48540,"Wheeling, WV-OH",50,0,35,0,1991
48540,"Wheeling, WV-OH",88,0,87,0,1992
48540,"Wheeling, WV-OH",93,5,74,5,1993
48540,"Wheeling, WV-OH",79,6,56,6,1994
48540,"Wheeling, WV-OH",155,64,134,64,1995
48540,"Wheeling, WV-OH",107,48,59,0,1996
48540,"Wheeling, WV-OH",175,68,109,8,1997
48540,"Wheeling, WV-OH",85,0,82,0,1998
48540,"Wheeling, WV-OH",125,8,125,8,1999
48540,"Wheeling, WV-OH",49,0,34,0,2000
48540,"Wheeling, WV-OH",36,0,23,0,2001
48540,"Wheeling, WV-OH",44,0,32,0,2002
48540,"Wheeling, WV-OH",55,0,55,0,2003
48540,"Wheeling, WV-OH",141,24,120,24,2004
48540,"Wheeling, WV-OH",91,18,66,18,2005
48540,"Wheeling, WV-OH",73,24,48,24,2006
48540,"Wheeling, WV-OH",137,92,132,92,2007
48540,"Wheeling, WV-OH",36,0,34,0,2008
48540,"Wheeling, WV-OH",17,0,15,0,2009
48540,"Wheeling, WV-OH",38,0,33,0,2010
48540,"Wheeling, WV-OH",27,0,5,0,2011
48540,"Wheeling, WV-OH",36,0,10,0,2012
48540,"Wheeling, WV-OH",50,0,19,0,2013
48540,"Wheeling, WV-OH",61,52,60,52,2014
48540,"Wheeling, WV-OH",115,42,115,42,2015
48540,"Wheeling, WV-OH",34,16,33,16,2016
48540,"Wheeling, WV-OH",20,0,20,0,2017
48540,"Wheeling, WV-OH",116,100,115,100,2018
48540,"Wheeling, WV-OH",12,0,11,0,2019
48540,"Wheeling, WV-OH",55,39,55,39,2020
48540,"Wheeling, WV-OH",96,84,96,84,2021
48540,"Wheeling, WV-OH",18,0,18,0,2022
48540,"Wheeling, WV-OH",11,0,11,0,2023
48540,"Wheeling, WV-OH",9,0,3,0,2024
48540,"Wheeling, WV-OH",5,0,5,0,2025
48620,"Wichita, KS",2300,455,2298,455,1990
48620,"Wichita, KS",2174,153,2170,153,1991
48620,"Wichita, KS",2808,226,2789,226,1992
48620,"Wichita, KS",2849,142,2848,142,1993
48620,"Wichita, KS",3106,197,3100,197,1994
48620,"Wichita, KS",2791,451,2762,451,1995
48620,"Wichita, KS",2973,141,2765,0,1996
48620,"Wichita, KS",3599,513,3387,513,1997
48620,"Wichita, KS",4573,1265,4275,1265,1998
48620,"Wichita, KS",3244,0,2989,0,1999
48620,"Wichita, KS",2659,256,2638,256,2000
48620,"Wichita, KS",2846,154,2844,154,2001
48620,"Wichita, KS",3221,239,3206,239,2002
48620,"Wichita, KS",3648,569,3648,569,2003
48620,"Wichita, KS",3106,18,3011,18,2004
48620,"Wichita, KS",3349,48,3241,48,2005
48620,"Wichita, KS",3656,731,3582,731,2006
48620,"Wichita, KS",2781,347,2686,335,2007
48620,"Wichita, KS",2549,615,2484,607,2008
48620,"Wichita, KS",1876,377,1800,372,2009
48620,"Wichita, KS",1259,40,1175,34,2010
48620,"Wichita, KS",1062,58,980,58,2011
48620,"Wichita, KS",1310,192,1219,192,2012
48620,"Wichita, KS",1504,168,1375,150,2013
48620,"Wichita, KS",1503,130,1429,130,2014
48620,"Wichita, KS",2013,452,1912,452,2015
48620,"Wichita, KS",2087,542,720,130,2016
48620,"Wichita, KS",2722,703,1893,476,2017
48620,"Wichita, KS",1947,217,1001,72,2018
48620,"Wichita, KS",2126,211,875,52,2019
48620,"Wichita, KS",2024,0,1998,0,2020
48620,"Wichita, KS",2384,0,2266,0,2021
48620,"Wichita, KS",2850,396,2625,396,2022
48620,"Wichita, KS",3533,731,3470,731,2023
48620,"Wichita, KS",3039,277,2965,277,2024
48620,"Wichita, KS",3111,134,2837,134,2025
48660,"Wichita Falls, TX",93,0,93,0,1990
48660,"Wichita Falls, TX",92,0,87,0,1991
48660,"Wichita Falls, TX",208,0,208,0,1992
48660,"Wichita Falls, TX",377,0,376,0,1993
48660,"Wichita Falls, TX",395,0,394,0,1994
48660,"Wichita Falls, TX",412,180,411,180,1995
48660,"Wichita Falls, TX",504,288,502,288,1996
48660,"Wichita Falls, TX",217,0,217,0,1997
48660,"Wichita Falls, TX",193,0,193,0,1998
48660,"Wichita Falls, TX",228,0,220,0,1999
48660,"Wichita Falls, TX",243,8,242,8,2000
48660,"Wichita Falls, TX",385,0,383,0,2001
48660,"Wichita Falls, TX",494,212,473,212,2002
48660,"Wichita Falls, TX",534,136,534,136,2003
48660,"Wichita Falls, TX",327,0,295,0,2004
48660,"Wichita Falls, TX",565,70,529,70,2005
48660,"Wichita Falls, TX",358,0,322,0,2006
48660,"Wichita Falls, TX",766,496,739,496,2007
48660,"Wichita Falls, TX",162,0,162,0,2008
48660,"Wichita Falls, TX",208,0,208,0,2009
48660,"Wichita Falls, TX",187,12,187,12,2010
48660,"Wichita Falls, TX",170,47,170,47,2011
48660,"Wichita Falls, TX",269,144,269,144,2012
48660,"Wichita Falls, TX",217,102,217,102,2013
48660,"Wichita Falls, TX",157,48,157,48,2014
48660,"Wichita Falls, TX",80,0,80,0,2015
48660,"Wichita Falls, TX",226,127,226,127,2016
48660,"Wichita Falls, TX",119,0,119,0,2017
48660,"Wichita Falls, TX",320,195,320,195,2018
48660,"Wichita Falls, TX",189,36,189,36,2019
48660,"Wichita Falls, TX",238,0,214,0,2020
48660,"Wichita Falls, TX",191,0,163,0,2021
48660,"Wichita Falls, TX",378,216,353,216,2022
48660,"Wichita Falls, TX",274,52,274,52,2023
48660,"Wichita Falls, TX",239,8,235,8,2024
48660,"Wichita Falls, TX",160,8,159,8,2025
48680,"Wildwood-The Villages, FL",156,0,156,0,1990
48680,"Wildwood-The Villages, FL",242,60,242,60,1991
48680,"Wildwood-The Villages, FL",143,0,143,0,1992
48680,"Wildwood-The Villages, FL",497,0,497,0,1993
48680,"Wildwood-The Villages, FL",703,0,703,0,1994
48680,"Wildwood-The Villages, FL",858,0,858,0,1995
48680,"Wildwood-The Villages, FL",885,0,885,0,1996
48680,"Wildwood-The Villages, FL",1305,0,1305,0,1997
48680,"Wildwood-The Villages, FL",1327,0,1327,0,1998
48680,"Wildwood-The Villages, FL",1576,0,1576,0,1999
48680,"Wildwood-The Villages, FL",1909,0,1909,0,2000
48680,"Wildwood-The Villages, FL",1678,0,1678,0,2001
48680,"Wildwood-The Villages, FL",510,0,510,0,2002
48680,"Wildwood-The Villages, FL",2280,72,2280,72,2003
48680,"Wildwood-The Villages, FL",4153,0,4153,0,2004
48680,"Wildwood-The Villages, FL",5047,0,5047,0,2005
48680,"Wildwood-The Villages, FL",3576,0,3576,0,2006
48680,"Wildwood-The Villages, FL",2420,0,2420,0,2007
48680,"Wildwood-The Villages, FL",2710,276,2710,276,2008
48680,"Wildwood-The Villages, FL",2253,118,2252,118,2009
48680,"Wildwood-The Villages, FL",2420,0,2420,0,2010
48680,"Wildwood-The Villages, FL",2655,0,2655,0,2011
48680,"Wildwood-The Villages, FL",3199,0,3199,0,2012
48680,"Wildwood-The Villages, FL",3857,0,3857,0,2013
48680,"Wildwood-The Villages, FL",2570,0,2570,0,2014
48680,"Wildwood-The Villages, FL",1568,0,1568,0,2015
48680,"Wildwood-The Villages, FL",1072,0,1072,0,2016
48680,"Wildwood-The Villages, FL",1814,0,1814,0,2017
48680,"Wildwood-The Villages, FL",2076,0,2076,0,2018
48680,"Wildwood-The Villages, FL",2928,271,2928,271,2019
48680,"Wildwood-The Villages, FL",3698,748,3694,748,2020
48680,"Wildwood-The Villages, FL",4611,604,4600,604,2021
48680,"Wildwood-The Villages, FL",4439,520,4429,520,2022
48680,"Wildwood-The Villages, FL",3339,0,3329,0,2023
48680,"Wildwood-The Villages, FL",3961,248,2925,248,2024
48680,"Wildwood-The Villages, FL",3516,225,0,0,2025
48700,"Williamsport, PA",315,30,306,30,1990
48700,"Williamsport, PA",337,26,305,16,1991
48700,"Williamsport, PA",425,45,398,35,1992
48700,"Williamsport, PA",331,18,314,18,1993
48700,"Williamsport, PA",333,26,295,26,1994
48700,"Williamsport, PA",314,7,237,7,1995
48700,"Williamsport, PA",400,64,281,64,1996
48700,"Williamsport, PA",366,94,209,35,1997
48700,"Williamsport, PA",330,47,188,0,1998
48700,"Williamsport, PA",297,24,211,24,1999
48700,"Williamsport, PA",313,30,239,30,2000
48700,"Williamsport, PA",388,54,309,54,2001
48700,"Williamsport, PA",355,28,236,8,2002
48700,"Williamsport, PA",289,0,289,0,2003
48700,"Williamsport, PA",349,70,281,70,2004
48700,"Williamsport, PA",299,32,242,32,2005
48700,"Williamsport, PA",300,0,268,0,2006
48700,"Williamsport, PA",206,5,198,5,2007
48700,"Williamsport, PA",194,58,194,58,2008
48700,"Williamsport, PA",118,0,114,0,2009
48700,"Williamsport, PA",207,0,207,0,2010
48700,"Williamsport, PA",156,80,156,80,2011
48700,"Williamsport, PA",178,38,178,38,2012
48700,"Williamsport, PA",139,0,139,0,2013
48700,"Williamsport, PA",214,95,214,95,2014
48700,"Williamsport, PA",159,0,159,0,2015
48700,"Williamsport, PA",93,0,93,0,2016
48700,"Williamsport, PA",137,0,110,0,2017
48700,"Williamsport, PA",140,23,140,23,2018
48700,"Williamsport, PA",78,0,61,0,2019
48700,"Williamsport, PA",52,0,39,0,2020
48700,"Williamsport, PA",56,0,49,0,2021
48700,"Williamsport, PA",113,43,104,43,2022
48700,"Williamsport, PA",57,0,56,0,2023
48700,"Williamsport, PA",65,0,45,0,2024
48700,"Williamsport, PA",69,0,57,0,2025
48900,"Wilmington, NC",2280,101,2123,26,1990
48900,"Wilmington, NC",2123,91,2039,91,1991
48900,"Wilmington, NC",2822,458,2802,458,1992
48900,"Wilmington, NC",3233,153,3201,153,1993
48900,"Wilmington, NC",4043,515,4005,499,1994
48900,"Wilmington, NC",4251,587,4197,572,1995
48900,"Wilmington, NC",4138,438,3919,423,1996
48900,"Wilmington, NC",5930,1585,5740,1568,1997
48900,"Wilmington, NC",4560,836,4352,821,1998
48900,"Wilmington, NC",4193,678,3673,624,1999
48900,"Wilmington, NC",3657,555,3065,525,2000
48900,"Wilmington, NC",4893,884,4563,884,2001
48900,"Wilmington, NC",5497,673,4947,673,2002
48900,"Wilmington, NC",6455,840,6455,840,2003
48900,"Wilmington, NC",8332,1192,7921,1116,2004
48900,"Wilmington, NC",9206,1125,9020,1125,2005
48900,"Wilmington, NC",7107,796,6609,796,2006
48900,"Wilmington, NC",6229,1147,5715,1015,2007
48900,"Wilmington, NC",3662,659,3233,462,2008
48900,"Wilmington, NC",1813,280,1668,238,2009
48900,"Wilmington, NC",1830,319,1526,250,2010
48900,"Wilmington, NC",1831,282,1688,259,2011
48900,"Wilmington, NC",3063,1004,2661,911,2012
48900,"Wilmington, NC",4057,887,4049,887,2013
48900,"Wilmington, NC",4181,823,3883,823,2014
48900,"Wilmington, NC",4683,680,4100,680,2015
48900,"Wilmington, NC",5375,1169,3732,1169,2016
48900,"Wilmington, NC",6104,983,5772,983,2017
48900,"Wilmington, NC",5376,840,4007,783,2018
48900,"Wilmington, NC",6927,2341,5188,2341,2019
48900,"Wilmington, NC",7577,2025,5097,1837,2020
48900,"Wilmington, NC",9667,2382,8463,2145,2021
48900,"Wilmington, NC",9350,2100,9319,2100,2022
48900,"Wilmington, NC",10628,3195,9006,2462,2023
48900,"Wilmington, NC",9618,2175,7051,990,2024
48900,"Wilmington, NC",7622,1126,5339,117,2025
49020,"Winchester, VA-WV",893,79,893,79,1990
49020,"Winchester, VA-WV",650,29,650,29,1991
49020,"Winchester, VA-WV",531,36,531,36,1992
49020,"Winchester, VA-WV",635,24,635,24,1993
49020,"Winchester, VA-WV",668,84,668,84,1994
49020,"Winchester, VA-WV",598,52,598,52,1995
49020,"Winchester, VA-WV",682,47,682,47,1996
49020,"Winchester, VA-WV",628,60,627,60,1997
49020,"Winchester, VA-WV",803,110,802,110,1998
49020,"Winchester, VA-WV",662,12,637,0,1999
49020,"Winchester, VA-WV",727,14,727,14,2000
49020,"Winchester, VA-WV",875,0,875,0,2001
49020,"Winchester, VA-WV",1351,180,1351,180,2002
49020,"Winchester, VA-WV",1137,16,1137,16,2003
49020,"Winchester, VA-WV",1394,85,1394,85,2004
49020,"Winchester, VA-WV",1783,64,1783,64,2005
49020,"Winchester, VA-WV",1428,36,1416,36,2006
49020,"Winchester, VA-WV",802,50,793,50,2007
49020,"Winchester, VA-WV",431,0,425,0,2008
49020,"Winchester, VA-WV",361,18,361,18,2009
49020,"Winchester, VA-WV",346,0,346,0,2010
49020,"Winchester, VA-WV",452,159,451,159,2011
49020,"Winchester, VA-WV",383,48,382,48,2012
49020,"Winchester, VA-WV",421,0,421,0,2013
49020,"Winchester, VA-WV",525,0,523,0,2014
49020,"Winchester, VA-WV",774,137,774,137,2015
49020,"Winchester, VA-WV",882,5,882,5,2016
49020,"Winchester, VA-WV",888,192,888,192,2017
49020,"Winchester, VA-WV",934,268,776,138,2018
49020,"Winchester, VA-WV",896,96,896,96,2019
49020,"Winchester, VA-WV",798,10,798,10,2020
49020,"Winchester, VA-WV",1022,194,1022,194,2021
49020,"Winchester, VA-WV",1041,300,1039,300,2022
49020,"Winchester, VA-WV",1006,0,1006,0,2023
49020,"Winchester, VA-WV",1083,52,1083,52,2024
49020,"Winchester, VA-WV",904,0,904,0,2025
49180,"Winston-Salem, NC",2501,266,2501,266,1990
49180,"Winston-Salem, NC",2511,141,2511,141,1991
49180,"Winston-Salem, NC",2953,45,2952,45,1992
49180,"Winston-Salem, NC",3263,355,3262,355,1993
49180,"Winston-Salem, NC",3290,470,3290,470,1994
49180,"Winston-Salem, NC",3581,716,3514,716,1995
49180,"Winston-Salem, NC",3089,262,3086,262,1996
49180,"Winston-Salem, NC",3176,269,3176,269,1997
49180,"Winston-Salem, NC",4454,950,4357,950,1998
49180,"Winston-Salem, NC",4245,746,3973,746,1999
49180,"Winston-Salem, NC",4417,773,4417,773,2000
49180,"Winston-Salem, NC",3866,464,3866,464,2001
49180,"Winston-Salem, NC",4444,689,4444,689,2002
49180,"Winston-Salem, NC",4073,468,4073,468,2003
49180,"Winston-Salem, NC",4813,668,4813,668,2004
49180,"Winston-Salem, NC",5098,319,4824,319,2005
49180,"Winston-Salem, NC",4890,235,4620,235,2006
49180,"Winston-Salem, NC",4485,177,4228,177,2007
49180,"Winston-Salem, NC",2595,171,2595,171,2008
49180,"Winston-Salem, NC",1440,317,1440,317,2009
49180,"Winston-Salem, NC",1467,286,1467,286,2010
49180,"Winston-Salem, NC",1634,478,1634,478,2011
49180,"Winston-Salem, NC",1509,433,1509,433,2012
49180,"Winston-Salem, NC",1902,652,1830,652,2013
49180,"Winston-Salem, NC",2085,577,2068,577,2014
49180,"Winston-Salem, NC",2044,430,2039,430,2015
49180,"Winston-Salem, NC",2727,466,2533,424,2016
49180,"Winston-Salem, NC",3765,949,3743,949,2017
49180,"Winston-Salem, NC",3499,374,3481,374,2018
49180,"Winston-Salem, NC",3334,170,3276,170,2019
49180,"Winston-Salem, NC",4216,80,3152,28,2020
49180,"Winston-Salem, NC",4206,317,3260,317,2021
49180,"Winston-Salem, NC",5480,1490,5319,1490,2022
49180,"Winston-Salem, NC",5074,1494,4741,1434,2023
49180,"Winston-Salem, NC",5456,1329,5006,1264,2024
49180,"Winston-Salem, NC",4699,336,4269,266,2025
49340,"Worcester, MA",2453,633,1782,512,1990
49340,"Worcester, MA",2065,161,1259,35,1991
49340,"Worcester, MA",2698,136,2091,60,1992
49340,"Worcester, MA",2754,89,1836,5,1993
49340,"Worcester, MA",2915,169,2358,148,1994
49340,"Worcester, MA",2738,277,1978,120,1995
49340,"Worcester, MA",3108,374,2299,100,1996
49340,"Worcester, MA",2779,110,2584,110,1997
49340,"Worcester, MA",3262,158,2867,126,1998
49340,"Worcester, MA",3019,62,2464,54,1999
49340,"Worcester, MA",2801,74,2550,69,2000
49340,"Worcester, MA",2849,116,2452,116,2001
49340,"Worcester, MA",3313,122,3117,122,2002
49340,"Worcester, MA",3629,415,3629,415,2003
49340,"Worcester, MA",3692,165,3246,165,2004
49340,"Worcester, MA",3598,200,2908,200,2005
49340,"Worcester, MA",2685,297,1926,297,2006
49340,"Worcester, MA",1787,71,1562,71,2007
49340,"Worcester, MA",909,68,735,68,2008
49340,"Worcester, MA",1419,389,1137,374,2009
49340,"Worcester, MA",1391,198,1168,198,2010
49340,"Worcester, MA",791,48,617,48,2011
49340,"Worcester, MA",1125,153,997,153,2012
49340,"Worcester, MA",1341,108,1183,108,2013
49340,"Worcester, MA",1268,58,1009,58,2014
49340,"Worcester, MA",1292,196,969,182,2015
49340,"Worcester, MA",1492,258,1140,258,2016
49340,"Worcester, MA",1634,425,1091,238,2017
49340,"Worcester, MA",1596,364,904,78,2018
49340,"Worcester, MA",1774,622,1164,267,2019
49340,"Worcester, MA",1681,506,558,22,2020
49340,"Worcester, MA",1895,760,1017,212,2021
49340,"Worcester, MA",2124,976,1819,941,2022
49340,"Worcester, MA",1215,303,1076,298,2023
49340,"Worcester, MA",2506,1434,2354,1434,2024
49340,"Worcester, MA",1690,807,1566,800,2025
49420,"Yakima, WA",440,46,439,46,1990
49420,"Yakima, WA",863,303,850,303,1991
49420,"Yakima, WA",753,66,752,66,1992
49420,"Yakima, WA",873,46,850,46,1993
49420,"Yakima, WA",904,202,904,202,1994
49420,"Yakima, WA",623,70,617,70,1995
49420,"Yakima, WA",719,80,719,80,1996
49420,"Yakima, WA",664,151,650,151,1997
49420,"Yakima, WA",753,175,753,175,1998
49420,"Yakima, WA",659,48,659,48,1999
49420,"Yakima, WA",484,37,484,37,2000
49420,"Yakima, WA",454,28,437,28,2001
49420,"Yakima, WA",534,29,517,29,2002
49420,"Yakima, WA",606,0,606,0,2003
49420,"Yakima, WA",939,77,939,77,2004
49420,"Yakima, WA",780,27,780,27,2005
49420,"Yakima, WA",692,26,499,26,2006
49420,"Yakima, WA",1224,71,1224,71,2007
49420,"Yakima, WA",760,137,760,137,2008
49420,"Yakima, WA",508,65,485,65,2009
49420,"Yakima, WA",624,274,585,274,2010
49420,"Yakima, WA",438,100,414,100,2011
49420,"Yakima, WA",471,121,440,121,2012
49420,"Yakima, WA",358,34,328,34,2013
49420,"Yakima, WA",442,82,413,82,2014
49420,"Yakima, WA",395,0,358,0,2015
49420,"Yakima, WA",422,0,387,0,2016
49420,"Yakima, WA",434,0,407,0,2017
49420,"Yakima, WA",578,15,550,15,2018
49420,"Yakima, WA",1043,370,1036,370,2019
49420,"Yakima, WA",575,13,575,13,2020
49420,"Yakima, WA",1103,351,1103,351,2021
49420,"Yakima, WA",706,159,705,159,2022
49420,"Yakima, WA",650,58,639,58,2023
49420,"Yakima, WA",515,23,507,23,2024
49420,"Yakima, WA",713,80,713,80,2025
49620,"York-Hanover, PA",1983,67,1740,52,1990
49620,"York-Hanover, PA",2166,110,1930,110,1991
49620,"York-Hanover, PA",2467,64,2455,59,1992
49620,"York-Hanover, PA",2651,46,2562,46,1993
49620,"York-Hanover, PA",2447,110,2394,110,1994
49620,"York-Hanover, PA",1976,50,1903,50,1995
49620,"York-Hanover, PA",2132,180,2097,180,1996
49620,"York-Hanover, PA",1920,120,1784,120,1997
49620,"York-Hanover, PA",2082,129,1844,129,1998
49620,"York-Hanover, PA",2228,173,2067,173,1999
49620,"York-Hanover, PA",2009,172,1885,172,2000
49620,"York-Hanover, PA",2185,76,1951,76,2001
49620,"York-Hanover, PA",2956,356,2724,356,2002
49620,"York-Hanover, PA",3148,393,3148,393,2003
49620,"York-Hanover, PA",3087,148,2904,148,2004
49620,"York-Hanover, PA",3116,95,2859,80,2005
49620,"York-Hanover, PA",2903,272,2691,242,2006
49620,"York-Hanover, PA",2029,51,1863,26,2007
49620,"York-Hanover, PA",1400,70,1389,70,2008
49620,"York-Hanover, PA",1173,79,999,79,2009
49620,"York-Hanover, PA",1059,197,1038,197,2010
49620,"York-Hanover, PA",638,46,622,46,2011
49620,"York-Hanover, PA",805,57,805,57,2012
49620,"York-Hanover, PA",928,125,928,125,2013
49620,"York-Hanover, PA",816,78,813,78,2014
49620,"York-Hanover, PA",778,53,760,53,2015
49620,"York-Hanover, PA",878,34,878,34,2016
49620,"York-Hanover, PA",838,83,735,83,2017
49620,"York-Hanover, PA",916,26,889,26,2018
49620,"York-Hanover, PA",1313,389,1252,389,2019
49620,"York-Hanover, PA",1204,326,767,165,2020
49620,"York-Hanover, PA",1316,150,862,0,2021
49620,"York-Hanover, PA",1362,292,1343,292,2022
49620,"York-Hanover, PA",1167,146,1109,146,2023
49620,"York-Hanover, PA",1335,338,921,338,2024
49620,"York-Hanover, PA",1589,554,1334,554,2025
49660,"Youngstown-Warren, OH",1131,185,1131,185,1990
49660,"Youngstown-Warren, OH",1162,114,1162,114,1991
49660,"Youngstown-Warren, OH",1589,413,1589,413,1992
49660,"Youngstown-Warren, OH",1376,86,1365,86,1993
49660,"Youngstown-Warren, OH",1480,146,1474,146,1994
49660,"Youngstown-Warren, OH",1445,109,1428,109,1995
49660,"Youngstown-Warren, OH",1500,48,1482,48,1996
49660,"Youngstown-Warren, OH",1515,86,1503,86,1997
49660,"Youngstown-Warren, OH",1573,24,1567,24,1998
49660,"Youngstown-Warren, OH",1361,62,1355,62,1999
49660,"Youngstown-Warren, OH",1184,50,1163,50,2000
49660,"Youngstown-Warren, OH",1045,6,1039,6,2001
49660,"Youngstown-Warren, OH",1161,28,1153,28,2002
49660,"Youngstown-Warren, OH",1054,6,1054,6,2003
49660,"Youngstown-Warren, OH",1293,48,1289,48,2004
49660,"Youngstown-Warren, OH",960,36,929,36,2005
49660,"Youngstown-Warren, OH",706,26,703,26,2006
49660,"Youngstown-Warren, OH",629,128,625,128,2007
49660,"Youngstown-Warren, OH",398,119,384,114,2008
49660,"Youngstown-Warren, OH",156,0,152,0,2009
49660,"Youngstown-Warren, OH",173,6,168,6,2010
49660,"Youngstown-Warren, OH",170,0,165,0,2011
49660,"Youngstown-Warren, OH",184,0,178,0,2012
49660,"Youngstown-Warren, OH",226,0,214,0,2013
49660,"Youngstown-Warren, OH",223,0,223,0,2014
49660,"Youngstown-Warren, OH",204,0,198,0,2015
49660,"Youngstown-Warren, OH",387,127,387,127,2016
49660,"Youngstown-Warren, OH",237,0,237,0,2017
49660,"Youngstown-Warren, OH",256,0,249,0,2018
49660,"Youngstown-Warren, OH",215,0,208,0,2019
49660,"Youngstown-Warren, OH",256,0,241,0,2020
49660,"Youngstown-Warren, OH",314,0,314,0,2021
49660,"Youngstown-Warren, OH",262,0,262,0,2022
49660,"Youngstown-Warren, OH",225,0,225,0,2023
49660,"Youngstown-Warren, OH",274,0,274,0,2024
49660,"Youngstown-Warren, OH",286,0,286,0,2025
49700,"Yuba City, CA",1443,270,1443,270,1990
49700,"Yuba City, CA",873,31,873,31,1991
49700,"Yuba City, CA",1009,14,1009,14,1992
49700,"Yuba City, CA",930,6,930,6,1993
49700,"Yuba City, CA",611,0,611,0,1994
49700,"Yuba City, CA",495,19,495,19,1995
49700,"Yuba City, CA",398,0,398,0,1996
49700,"Yuba City, CA",375,28,375,28,1997
49700,"Yuba City, CA",289,0,288,0,1998
49700,"Yuba City, CA",399,126,397,126,1999
49700,"Yuba City, CA",322,0,321,0,2000
49700,"Yuba City, CA",648,0,648,0,2001
49700,"Yuba City, CA",1041,0,1020,0,2002
49700,"Yuba City, CA",1597,148,1597,148,2003
49700,"Yuba City, CA",3046,17,2973,17,2004
49700,"Yuba City, CA",2994,31,2895,26,2005
49700,"Yuba City, CA",1349,36,1336,36,2006
49700,"Yuba City, CA",1028,96,1023,96,2007
49700,"Yuba City, CA",261,60,257,60,2008
49700,"Yuba City, CA",171,0,158,0,2009
49700,"Yuba City, CA",150,0,146,0,2010
49700,"Yuba City, CA",146,14,145,14,2011
49700,"Yuba City, CA",116,15,116,15,2012
49700,"Yuba City, CA",202,48,202,48,2013
49700,"Yuba City, CA",280,0,277,0,2014
49700,"Yuba City, CA",371,97,371,97,2015
49700,"Yuba City, CA",261,0,201,0,2016
49700,"Yuba City, CA",303,0,240,0,2017
49700,"Yuba City, CA",476,0,476,0,2018
49700,"Yuba City, CA",678,24,678,24,2019
49700,"Yuba City, CA",586,0,532,0,2020
49700,"Yuba City, CA",981,252,981,252,2021
49700,"Yuba City, CA",738,118,738,118,2022
49700,"Yuba City, CA",609,0,565,0,2023
49700,"Yuba City, CA",873,46,873,46,2024
49700,"Yuba City, CA",821,211,821,211,2025
49740,"Yuma, AZ",819,318,819,318,1990
49740,"Yuma, AZ",561,0,561,0,1991
49740,"Yuma, AZ",619,0,619,0,1992
49740,"Yuma, AZ",637,0,637,0,1993
49740,"Yuma, AZ",776,0,776,0,1994
49740,"Yuma, AZ",773,0,773,0,1995
49740,"Yuma, AZ",1151,263,1151,263,1996
49740,"Yuma, AZ",1057,92,1057,92,1997
49740,"Yuma, AZ",1039,136,1039,136,1998
49740,"Yuma, AZ",1047,97,1047,97,1999
49740,"Yuma, AZ",1288,104,1288,104,2000
49740,"Yuma, AZ",1310,80,1310,80,2001
49740,"Yuma, AZ",1726,89,1721,89,2002
49740,"Yuma, AZ",1915,0,1915,0,2003
49740,"Yuma, AZ",2700,167,2698,167,2004
49740,"Yuma, AZ",2308,30,1416,0,2005
49740,"Yuma, AZ",1574,0,1573,0,2006
49740,"Yuma, AZ",1044,69,1044,69,2007
49740,"Yuma, AZ",827,33,827,33,2008
49740,"Yuma, AZ",749,48,740,48,2009
49740,"Yuma, AZ",455,0,455,0,2010
49740,"Yuma, AZ",360,0,360,0,2011
49740,"Yuma, AZ",648,64,648,64,2012
49740,"Yuma, AZ",674,0,578,0,2013
49740,"Yuma, AZ",594,0,566,0,2014
49740,"Yuma, AZ",768,0,768,0,2015
49740,"Yuma, AZ",897,0,831,0,2016
49740,"Yuma, AZ",1101,68,1087,68,2017
49740,"Yuma, AZ",1015,0,1015,0,2018
49740,"Yuma, AZ",1206,0,1206,0,2019
49740,"Yuma, AZ",1290,5,1238,5,2020
49740,"Yuma, AZ",1291,190,1291,190,2021
49740,"Yuma, AZ",852,98,852,98,2022
49740,"Yuma, AZ",873,88,873,88,2023
49740,"Yuma, AZ",1401,180,1401,180,2024
49740,"Yuma, AZ",1155,308,1155,308,2025
