cbsa_code,cbsa_title,year,permit_momentum_total_raw,permit_momentum_mf_raw,permit_momentum_total_rate_raw,permit_momentum_mf_rate_raw,permit_momentum_total,permit_momentum_total_rate,permit_momentum_mf,permit_momentum_mf_rate
10420,"Akron, OH",1990,,,,,,,,
10420,"Akron, OH",1991,-0.2863145258103241,-0.8358061325420376,,,-0.2863145258103241,,-0.8358061325420376,
10420,"Akron, OH",1992,0.5904121110176619,6.018072289156627,,,0.5904121110176619,,6.018072289156627,
10420,"Akron, OH",1993,-0.20280274986779478,-0.8266094420600858,,,-0.20280274986779478,,-0.8266094420600858,
10420,"Akron, OH",1994,0.25671641791044775,1.9207920792079207,,,0.25671641791044775,,1.9207920792079207,
10420,"Akron, OH",1995,-0.18395354974927425,-0.30338983050847457,,,-0.18395354974927425,,-0.30338983050847457,
10420,"Akron, OH",1996,0.260672703751617,0.9829683698296836,,,0.260672703751617,,0.9829683698296836,
10420,"Akron, OH",1997,-0.04899948691636735,0.2723926380368098,,,-0.04899948691636735,,0.2723926380368098,
10420,"Akron, OH",1998,0.08254653358510922,-0.16489874638379942,,,0.08254653358510922,,-0.16489874638379942,
10420,"Akron, OH",1999,-0.09195115873411408,-0.5958429561200924,,,-0.09195115873411408,,-0.5958429561200924,
10420,"Akron, OH",2000,-0.08287596048298573,0.8942857142857144,,,-0.08287596048298573,,0.8942857142857144,
10420,"Akron, OH",2001,-0.033512866546977826,-0.22926093514328805,,,-0.033512866546977826,,-0.22926093514328805,
10420,"Akron, OH",2002,-0.1845201238390093,-0.37181996086105673,,,-0.1845201238390093,,-0.37181996086105673,
10420,"Akron, OH",2003,0.2110858010630221,-0.08411214953271029,,,0.2110858010630221,,-0.08411214953271029,
10420,"Akron, OH",2004,-0.08025078369905958,-0.04081632653061229,,,-0.08025078369905958,,-0.04081632653061229,
10420,"Akron, OH",2005,-0.07157464212678932,-0.25177304964539005,,,-0.07157464212678932,,-0.25177304964539005,
10420,"Akron, OH",2006,-0.18906020558002934,0.6066350710900474,,,-0.18906020558002934,,0.6066350710900474,
10420,"Akron, OH",2007,-0.27840651878678135,-0.4631268436578171,,,-0.27840651878678135,,-0.4631268436578171,
10420,"Akron, OH",2008,-0.34818067754077797,-0.22527472527472525,,,-0.34818067754077797,,-0.22527472527472525,
10420,"Akron, OH",2009,-0.2868142444658325,-0.6524822695035462,,,-0.2868142444658325,,-0.6524822695035462,
10420,"Akron, OH",2010,-0.006747638326585648,0.020408163265306145,,,-0.006747638326585648,,0.020408163265306145,
10420,"Akron, OH",2011,0.5244565217391304,8.58,,,0.5237256962161291,,8.58,
10420,"Akron, OH",2012,-0.44919786096256686,-1.0,,,-0.22180821910658652,,-1.0,
10420,"Akron, OH",2013,0.11650485436893199,,,,0.11650485436893199,,,
10420,"Akron, OH",2014,0.10579710144927534,2.9375,,,0.10579710144927534,,2.9375,
10420,"Akron, OH",2015,0.2673656618610747,1.5238095238095237,,,0.2673656618610747,,1.5238095238095237,
10420,"Akron, OH",2016,-0.05997931747673213,-1.0,-0.0001860604608812256,-0.0005071479149522516,-0.05997931747673213,-0.0001860604608812256,-0.9946341463414634,-0.0005071479149522516
10420,"Akron, OH",2017,0.012101210121012063,,2.1425342502982402e-05,3.490966331216538e-05,0.012101210121012063,2.1425342502982402e-05,,3.490966331216538e-05
10420,"Akron, OH",2018,0.3152173913043479,15.272727272727273,0.000915148928186425,0.0005323969928746465,0.3152173913043479,0.000915148928186425,15.272727272727273,0.0005323969928746465
10420,"Akron, OH",2019,-0.21900826446280997,-0.6927374301675977,-0.0008464120922036435,-0.00039337546336669154,-0.21900826446280997,-0.0008464120922036435,-0.6927374301675977,-0.00039337546336669154
10420,"Akron, OH",2020,-0.032804232804232836,0.6181818181818182,,,-0.032804232804232836,,0.6181818181818182,
10420,"Akron, OH",2021,0.32932166301969357,1.4382022471910112,,,0.32932166301969357,,1.4382022471910112,
10420,"Akron, OH",2022,1.5078189300411524,7.046082949308756,0.005740682725467637,0.004797559294688913,1.062280375582175,0.005665387128299964,6.945709924551887,0.004797559294688913
10420,"Akron, OH",2023,-0.691499835904168,-0.9289805269186713,-0.006636992391625051,-0.005094293178781979,-0.4264875928523791,-0.006636992391625051,-0.9289805269186713,-0.005094293178781979
10420,"Akron, OH",2024,0.3638297872340426,2.3225806451612905,0.001059537046759932,0.0008950601434060196,0.3638297872340426,0.001059537046759932,2.3225806451612905,0.0008950601434060196
10420,"Akron, OH",2025,-0.4141965678627145,-0.8106796116504854,,,-0.40685536789029114,,-0.8072558996527531,
10580,"Albany-Schenectady-Troy, NY",1990,,,,,,,,
10580,"Albany-Schenectady-Troy, NY",1991,0.017875920084122088,-0.17704280155642027,,,0.017875920084122088,,-0.17704280155642027,
10580,"Albany-Schenectady-Troy, NY",1992,0.056473829201102,-0.09219858156028371,,,0.056473829201102,,-0.09219858156028371,
10580,"Albany-Schenectady-Troy, NY",1993,0.0052151238591917615,-0.2734375,,,0.0052151238591917615,,-0.2734375,
10580,"Albany-Schenectady-Troy, NY",1994,-0.07036316472114135,0.7419354838709677,,,-0.07036316472114135,,0.7419354838709677,
10580,"Albany-Schenectady-Troy, NY",1995,-0.14684339030345306,0.382716049382716,,,-0.14684339030345306,,0.382716049382716,
10580,"Albany-Schenectady-Troy, NY",1996,0.04497138184791494,0.1651785714285714,,,0.04497138184791494,,0.1651785714285714,
10580,"Albany-Schenectady-Troy, NY",1997,-0.11345852895148667,-0.45721583652618136,,,-0.11345852895148667,,-0.45721583652618136,
10580,"Albany-Schenectady-Troy, NY",1998,0.48058252427184467,1.4423529411764706,,,0.48058252427184467,,1.4423529411764706,
10580,"Albany-Schenectady-Troy, NY",1999,-0.15350223546944863,-0.5038535645472062,,,-0.15350223546944863,,-0.5038535645472062,
10580,"Albany-Schenectady-Troy, NY",2000,-0.0855633802816902,-0.32815533980582523,,,-0.0855633802816902,,-0.32815533980582523,
10580,"Albany-Schenectady-Troy, NY",2001,0.12013862148633048,0.4508670520231215,,,0.12013862148633048,,0.4508670520231215,
10580,"Albany-Schenectady-Troy, NY",2002,0.10897215537985572,-0.05378486055776888,,,0.10897215537985572,,-0.05378486055776888,
10580,"Albany-Schenectady-Troy, NY",2003,-0.001239925604463732,0.1663157894736842,,,-0.001239925604463732,,0.1663157894736842,
10580,"Albany-Schenectady-Troy, NY",2004,0.014276846679081245,0.10830324909747291,,,0.014276846679081245,,0.10830324909747291,
10580,"Albany-Schenectady-Troy, NY",2005,0.11352509179926562,1.1074918566775245,,,0.11352509179926562,,1.1074918566775245,
10580,"Albany-Schenectady-Troy, NY",2006,-0.32673811486672166,-0.6182380216383307,,,-0.32673811486672166,,-0.6182380216383307,
10580,"Albany-Schenectady-Troy, NY",2007,0.10326530612244889,0.98582995951417,,,0.10326530612244889,,0.98582995951417,
10580,"Albany-Schenectady-Troy, NY",2008,-0.30003699593044764,-0.3700305810397554,,,-0.30003699593044764,,-0.3700305810397554,
10580,"Albany-Schenectady-Troy, NY",2009,-0.2706131078224101,-0.7087378640776699,,,-0.2706131078224101,,-0.7087378640776699,
10580,"Albany-Schenectady-Troy, NY",2010,0.035507246376811574,0.3555555555555556,,,0.035507246376811574,,0.3555555555555556,
10580,"Albany-Schenectady-Troy, NY",2011,0.2344296710986704,2.1475409836065573,,,0.2344296710986704,,2.1475409836065573,
10580,"Albany-Schenectady-Troy, NY",2012,0.26190476190476186,0.29296875,,,0.26190476190476186,,0.29296875,
10580,"Albany-Schenectady-Troy, NY",2013,-0.09748427672955973,-0.3121852970795569,,,-0.09748427672955973,,-0.3121852970795569,
10580,"Albany-Schenectady-Troy, NY",2014,0.11050273768043795,0.22840409956076124,,,0.11050273768043795,,0.22840409956076124,
10580,"Albany-Schenectady-Troy, NY",2015,0.6239354549529359,1.541120381406436,,,0.6239354549529359,,1.541120381406436,
10580,"Albany-Schenectady-Troy, NY",2016,-0.212531051614684,-0.47467166979362097,-0.0019817769313503425,-0.00255872178892873,-0.212531051614684,-0.0019817769313503425,-0.47467166979362097,-0.00255872178892873
10580,"Albany-Schenectady-Troy, NY",2017,-0.17770767613038907,-0.1741071428571429,-0.0013631666830404045,-0.0005252613872367613,-0.17770767613038907,-0.0013631666830404045,-0.1741071428571429,-0.0005252613872367613
10580,"Albany-Schenectady-Troy, NY",2018,-0.04560954816709295,-0.07351351351351354,-0.00029085863887813243,-0.0001775619539233441,-0.04560954816709295,-0.00029085863887813243,-0.07351351351351354,-0.0001775619539233441
10580,"Albany-Schenectady-Troy, NY",2019,-0.16480571683787404,-0.22403733955659277,-0.0009191802186758425,-0.0004749386676377277,-0.16480571683787404,-0.0009191802186758425,-0.22403733955659277,-0.0004749386676377277
10580,"Albany-Schenectady-Troy, NY",2020,0.09411764705882364,-0.05563909774436093,,,0.09411764705882364,,-0.05563909774436093,
10580,"Albany-Schenectady-Troy, NY",2021,0.3181818181818181,0.8821656050955413,,,0.3181818181818181,,0.8821656050955413,
10580,"Albany-Schenectady-Troy, NY",2022,-0.02298850574712641,0.06345177664974622,-0.0001854300955849526,0.00016070906186797795,-0.02298850574712641,-0.0001854300955849526,0.06345177664974622,0.00016070906186797795
10580,"Albany-Schenectady-Troy, NY",2023,-0.276280834914611,-0.33492442322991245,-0.0017494375627470846,-0.0010081536867050677,-0.276280834914611,-0.0017494375627470846,-0.33492442322991245,-0.0010081536867050677
10580,"Albany-Schenectady-Troy, NY",2024,0.24069218668065018,0.27751196172248793,0.0010603881071480914,0.0005370818890258061,0.24069218668065018,0.0010603881071480914,0.27751196172248793,0.0005370818890258061
10580,"Albany-Schenectady-Troy, NY",2025,-0.13482671174978866,-0.34737827715355807,,,-0.13482671174978866,,-0.34737827715355807,
10740,"Albuquerque, NM",1990,,,,,,,,
10740,"Albuquerque, NM",1991,-0.026688232915487275,-0.33644859813084116,,,-0.026688232915487275,,-0.33644859813084116,
10740,"Albuquerque, NM",1992,0.35022850020772744,-0.8028169014084507,,,0.35022850020772744,,-0.8028169014084507,
10740,"Albuquerque, NM",1993,0.3338461538461539,4.875,,,0.3338461538461539,,4.875,
10740,"Albuquerque, NM",1994,0.5005767012687428,4.5349544072948325,,,0.5005767012687428,,4.5349544072948325,
10740,"Albuquerque, NM",1995,0.011683320522674956,0.0488742449203734,,,0.011683320522674956,,0.0488742449203734,
10740,"Albuquerque, NM",1996,-0.12551283999392193,-0.45811518324607325,,,-0.12551283999392193,,-0.45811518324607325,
10740,"Albuquerque, NM",1997,0.059426585577758484,0.5342995169082125,,,0.059426585577758484,,0.5342995169082125,
10740,"Albuquerque, NM",1998,-0.11989503034279159,-0.7556675062972292,,,-0.11989503034279159,,-0.7556675062972292,
10740,"Albuquerque, NM",1999,-0.01024972046216921,-0.30154639175257736,,,-0.01024972046216921,,-0.30154639175257736,
10740,"Albuquerque, NM",2000,-0.10129919035963098,-0.7416974169741697,,,-0.10129919035963098,,-0.7416974169741697,
10740,"Albuquerque, NM",2001,0.2413576367064738,8.228571428571428,,,0.2413576367064738,,8.228571428571428,
10740,"Albuquerque, NM",2002,0.1851476793248945,0.7352941176470589,,,0.1851476793248945,,0.7352941176470589,
10740,"Albuquerque, NM",2003,0.1301623469097124,-0.3737734165923283,,,0.1301623469097124,,-0.3737734165923283,
10740,"Albuquerque, NM",2004,-0.06060987903225812,-0.5384615384615384,,,-0.06060987903225812,,-0.5384615384615384,
10740,"Albuquerque, NM",2005,-0.055935613682092544,-0.15740740740740744,,,-0.055935613682092544,,-0.15740740740740744,
10740,"Albuquerque, NM",2006,-0.03069053708439895,1.6739926739926738,,,-0.03069053708439895,,1.6739926739926738,
10740,"Albuquerque, NM",2007,-0.340515977719144,-0.17945205479452053,,,-0.340515977719144,,-0.17945205479452053,
10740,"Albuquerque, NM",2008,-0.4320960213380751,-0.24540901502504175,,,-0.4320960213380751,,-0.24540901502504175,
10740,"Albuquerque, NM",2009,-0.33776908023483365,-0.6836283185840708,,,-0.33776908023483365,,-0.6836283185840708,
10740,"Albuquerque, NM",2010,0.042553191489361764,0.26573426573426584,,,0.042553191489361764,,0.26573426573426584,
10740,"Albuquerque, NM",2011,-0.07369614512471656,0.3867403314917126,,,-0.07369614512471656,,0.3867403314917126,
10740,"Albuquerque, NM",2012,0.27539779681762555,1.5776892430278884,,,0.27539779681762555,,1.5776892430278884,
10740,"Albuquerque, NM",2013,0.25047984644913623,0.6398763523956723,,,0.25047984644913623,,0.6398763523956723,
10740,"Albuquerque, NM",2014,-0.02417498081350733,-0.6833176248821866,,,-0.02417498081350733,,-0.6833176248821866,
10740,"Albuquerque, NM",2015,-0.09752261108926463,-0.3482142857142857,,,-0.09752261108926463,,-0.3482142857142857,
10740,"Albuquerque, NM",2016,0.07407407407407418,1.2831050228310503,0.00042249575766674895,0.0007317795885507243,0.07407407407407418,0.00042249575766674895,1.2831050228310503,0.0007317795885507243
10740,"Albuquerque, NM",2017,-0.0847870182555781,-0.498,-0.0006401476731005117,-0.0006607565731072327,-0.0847870182555781,-0.0006401476731005117,-0.498,-0.0006607565731072327
10740,"Albuquerque, NM",2018,-0.031028368794326244,-0.701195219123506,-0.00020762619952780035,-0.0004532128628313934,-0.031028368794326244,-0.00020762619952780035,-0.701195219123506,-0.0004532128628313934
10740,"Albuquerque, NM",2019,-0.017383348581884728,2.493333333333333,-0.00012492884492635963,0.0004747667688195001,-0.017383348581884728,-0.00012492884492635963,2.493333333333333,0.0004747667688195001
10740,"Albuquerque, NM",2020,-0.062383612662942234,-0.7404580152671756,,,-0.062383612662942234,,-0.7404580152671756,
10740,"Albuquerque, NM",2021,0.9965243296921549,19.735294117647058,,,0.97742208900642,,19.485087145969487,
10740,"Albuquerque, NM",2022,-0.29072370057199703,-0.3319148936170213,-0.003002367048532445,-0.0011971063967475561,-0.29072370057199703,-0.003002367048532445,-0.3319148936170213,-0.0011971063967475561
10740,"Albuquerque, NM",2023,-0.006311360448807868,-0.17515923566878977,-9.698626385352266e-05,-0.0004242735626583214,-0.006311360448807868,-9.698626385352266e-05,-0.17515923566878977,-0.0004242735626583214
10740,"Albuquerque, NM",2024,0.014820042342978068,-0.019305019305019266,5.7422721061061235e-05,-4.921906089263867e-05,0.014820042342978068,5.7422721061061235e-05,-0.019305019305019266,-4.921906089263867e-05
10740,"Albuquerque, NM",2025,-0.01599443671766343,0.2913385826771653,,,-0.01599443671766343,,0.2913385826771653,
10900,"Allentown-Bethlehem-Easton, PA-NJ",1990,,,,,,,,
10900,"Allentown-Bethlehem-Easton, PA-NJ",1991,0.1701534170153418,0.31645569620253156,,,0.1701534170153418,,0.31645569620253156,
10900,"Allentown-Bethlehem-Easton, PA-NJ",1992,0.2085816448152562,0.23397435897435903,,,0.2085816448152562,,0.23397435897435903,
10900,"Allentown-Bethlehem-Easton, PA-NJ",1993,0.024326101249178222,0.16883116883116878,,,0.024326101249178222,,0.16883116883116878,
10900,"Allentown-Bethlehem-Easton, PA-NJ",1994,-0.07317073170731703,-0.28,,,-0.07317073170731703,,-0.28,
10900,"Allentown-Bethlehem-Easton, PA-NJ",1995,-0.06371191135734067,-0.25308641975308643,,,-0.06371191135734067,,-0.25308641975308643,
10900,"Allentown-Bethlehem-Easton, PA-NJ",1996,0.07581360946745552,0.3553719008264462,,,0.07581360946745552,,0.3553719008264462,
10900,"Allentown-Bethlehem-Easton, PA-NJ",1997,-0.03196974905465799,-0.27439024390243905,,,-0.03196974905465799,,-0.27439024390243905,
10900,"Allentown-Bethlehem-Easton, PA-NJ",1998,0.20454545454545459,-0.18067226890756305,,,0.20454545454545459,,-0.18067226890756305,
10900,"Allentown-Bethlehem-Easton, PA-NJ",1999,0.18042452830188682,0.882051282051282,,,0.18042452830188682,,0.882051282051282,
10900,"Allentown-Bethlehem-Easton, PA-NJ",2000,-0.06118881118881114,0.01089918256130784,,,-0.06118881118881114,,0.01089918256130784,
10900,"Allentown-Bethlehem-Easton, PA-NJ",2001,0.10109071561585536,0.463611859838275,,,0.10109071561585536,,0.463611859838275,
10900,"Allentown-Bethlehem-Easton, PA-NJ",2002,0.10244020294757195,-0.4935543278084714,,,0.10244020294757195,,-0.4935543278084714,
10900,"Allentown-Bethlehem-Easton, PA-NJ",2003,-0.040981810212579406,-0.047272727272727244,,,-0.040981810212579406,,-0.047272727272727244,
10900,"Allentown-Bethlehem-Easton, PA-NJ",2004,0.05393053016453386,-0.6450381679389313,,,0.05393053016453386,,-0.6450381679389313,
10900,"Allentown-Bethlehem-Easton, PA-NJ",2005,0.05117085862966175,3.333333333333333,,,0.05117085862966175,,3.333333333333333,
10900,"Allentown-Bethlehem-Easton, PA-NJ",2006,-0.1452145214521452,-0.488833746898263,,,-0.1452145214521452,,-0.488833746898263,
10900,"Allentown-Bethlehem-Easton, PA-NJ",2007,-0.3269787644787645,-0.441747572815534,,,-0.3269787644787645,,-0.441747572815534,
10900,"Allentown-Bethlehem-Easton, PA-NJ",2008,-0.3926138400860524,0.5130434782608695,,,-0.3926138400860524,,0.5130434782608695,
10900,"Allentown-Bethlehem-Easton, PA-NJ",2009,-0.02715466351829987,0.33333333333333326,,,-0.02715466351829987,,0.33333333333333326,
10900,"Allentown-Bethlehem-Easton, PA-NJ",2010,-0.15776699029126218,-0.31034482758620685,,,-0.15776699029126218,,-0.31034482758620685,
10900,"Allentown-Bethlehem-Easton, PA-NJ",2011,-0.1837175792507204,-0.6625,,,-0.1837175792507204,,-0.6625,
10900,"Allentown-Bethlehem-Easton, PA-NJ",2012,-0.056487202118270075,2.759259259259259,,,-0.056487202118270075,,2.759259259259259,
10900,"Allentown-Bethlehem-Easton, PA-NJ",2013,0.2628624883068289,-0.1921182266009852,,,0.2628624883068289,,-0.1921182266009852,
10900,"Allentown-Bethlehem-Easton, PA-NJ",2014,0.33407407407407397,3.475609756097561,,,0.33407407407407397,,3.475609756097561,
10900,"Allentown-Bethlehem-Easton, PA-NJ",2015,-0.24708495280399778,-0.446866485013624,,,-0.24708495280399778,,-0.446866485013624,
10900,"Allentown-Bethlehem-Easton, PA-NJ",2016,-0.06858407079646023,-0.5985221674876847,-0.00027384577726314143,-0.0007044134919213822,-0.06858407079646023,-0.00027384577726314143,-0.5985221674876847,-0.0007044134919213822
10900,"Allentown-Bethlehem-Easton, PA-NJ",2017,-0.114806017418844,-0.030674846625766916,-0.0004567878058797828,-1.9738337291630166e-05,-0.114806017418844,-0.0004567878058797828,-0.030674846625766916,-1.9738337291630166e-05
10900,"Allentown-Bethlehem-Easton, PA-NJ",2018,0.11449016100178899,0.025316455696202445,0.0003575924254593794,1.0342542909170084e-05,0.11449016100178899,0.0003575924254593794,0.025316455696202445,1.0342542909170084e-05
10900,"Allentown-Bethlehem-Easton, PA-NJ",2019,0.079454253611557,0.47530864197530853,0.0002715953122613868,0.0002177383165499045,0.079454253611557,0.0002715953122613868,0.47530864197530853,0.0002177383165499045
10900,"Allentown-Bethlehem-Easton, PA-NJ",2020,0.2550185873605948,1.292887029288703,,,0.2550185873605948,,1.292887029288703,
10900,"Allentown-Bethlehem-Easton, PA-NJ",2021,0.5438388625592416,0.5656934306569343,,,0.5438388625592416,,0.5656934306569343,
10900,"Allentown-Bethlehem-Easton, PA-NJ",2022,-0.14351496546431308,-0.2913752913752914,-0.001079108111277643,-0.00070564151490666,-0.14351496546431308,-0.001079108111277643,-0.2913752913752914,-0.00070564151490666
10900,"Allentown-Bethlehem-Easton, PA-NJ",2023,-0.2226702508960573,-0.3782894736842105,-0.0013971103771115122,-0.0006405338425565746,-0.2226702508960573,-0.0013971103771115122,-0.3782894736842105,-0.0006405338425565746
10900,"Allentown-Bethlehem-Easton, PA-NJ",2024,0.43227665706051877,1.7777777777777777,0.0020360661320845104,0.0018359436647925513,0.43227665706051877,0.0020360661320845104,1.7777777777777777,0.0018359436647925513
10900,"Allentown-Bethlehem-Easton, PA-NJ",2025,-0.20563380281690136,-0.32285714285714284,,,-0.20563380281690136,,-0.32285714285714284,
12060,"Atlanta-Sandy Springs-Roswell, GA",1990,,,,,,,,
12060,"Atlanta-Sandy Springs-Roswell, GA",1991,-0.10693000693000698,-0.685133239831697,,,-0.10693000693000698,,-0.685133239831697,
12060,"Atlanta-Sandy Springs-Roswell, GA",1992,0.1795995964925894,-0.5801781737193764,,,0.1795995964925894,,-0.5801781737193764,
12060,"Atlanta-Sandy Springs-Roswell, GA",1993,0.24510739071802123,3.679045092838196,,,0.24510739071802123,,3.679045092838196,
12060,"Atlanta-Sandy Springs-Roswell, GA",1994,0.12410513802668066,1.322845804988662,,,0.12410513802668066,,1.322845804988662,
12060,"Atlanta-Sandy Springs-Roswell, GA",1995,0.16873075928841685,0.5659548505186089,,,0.16873075928841685,,0.5659548505186089,
12060,"Atlanta-Sandy Springs-Roswell, GA",1996,0.0032976092333059093,-0.18031637185381444,,,0.0032976092333059093,,-0.18031637185381444,
12060,"Atlanta-Sandy Springs-Roswell, GA",1997,0.029701184439946182,0.04696263903412867,,,0.029701184439946182,,0.04696263903412867,
12060,"Atlanta-Sandy Springs-Roswell, GA",1998,0.1689990073765546,0.07581948606192679,,,0.1689990073765546,,0.07581948606192679,
12060,"Atlanta-Sandy Springs-Roswell, GA",1999,0.04623555659152201,0.02498311951384191,,,0.04623555659152201,,0.02498311951384191,
12060,"Atlanta-Sandy Springs-Roswell, GA",2000,0.05079647989306002,0.38743412384716724,,,0.05079647989306002,,0.38743412384716724,
12060,"Atlanta-Sandy Springs-Roswell, GA",2001,0.017400917750753475,-0.02896314321324711,,,0.017400917750753475,,-0.02896314321324711,
12060,"Atlanta-Sandy Springs-Roswell, GA",2002,0.02277463530812751,-0.02420389951714441,,,0.02277463530812751,,-0.02420389951714441,
12060,"Atlanta-Sandy Springs-Roswell, GA",2003,-0.02789986901469943,-0.3203257124960852,,,-0.02789986901469943,,-0.3203257124960852,
12060,"Atlanta-Sandy Springs-Roswell, GA",2004,0.11609000943212622,0.4871440420237767,,,0.11609000943212622,,0.4871440420237767,
12060,"Atlanta-Sandy Springs-Roswell, GA",2005,-0.01438018967899446,-0.3177170477783975,,,-0.01438018967899446,,-0.3177170477783975,
12060,"Atlanta-Sandy Springs-Roswell, GA",2006,-0.0633821027560395,0.23787465940054497,,,-0.0633821027560395,,0.23787465940054497,
12060,"Atlanta-Sandy Springs-Roswell, GA",2007,-0.34261385102734754,-0.045271113067723245,,,-0.34261385102734754,,-0.045271113067723245,
12060,"Atlanta-Sandy Springs-Roswell, GA",2008,-0.5699823165340407,-0.4586535505687058,,,-0.5699823165340407,,-0.4586535505687058,
12060,"Atlanta-Sandy Springs-Roswell, GA",2009,-0.6599671018813611,-0.8588869960249859,,,-0.6599671018813611,,-0.8588869960249859,
12060,"Atlanta-Sandy Springs-Roswell, GA",2010,0.146485260770975,0.04325955734406439,,,0.146485260770975,,0.04325955734406439,
12060,"Atlanta-Sandy Springs-Roswell, GA",2011,0.14556962025316467,1.2729026036644164,,,0.14556962025316467,,1.2729026036644164,
12060,"Atlanta-Sandy Springs-Roswell, GA",2012,0.6597605893186003,1.1294017819261772,,,0.6597605893186003,,1.1294017819261772,
12060,"Atlanta-Sandy Springs-Roswell, GA",2013,0.6986823855755895,0.8461844989041643,,,0.6986823855755895,,0.8461844989041643,
12060,"Atlanta-Sandy Springs-Roswell, GA",2014,0.09230455194937748,0.018994172242607466,,,0.09230455194937748,,0.018994172242607466,
12060,"Atlanta-Sandy Springs-Roswell, GA",2015,0.14056660188368975,0.08896420249947035,,,0.14056660188368975,,0.08896420249947035,
12060,"Atlanta-Sandy Springs-Roswell, GA",2016,0.19556312874791093,0.27475199377553006,0.002466523392966557,0.0011893364912291676,0.19556312874791093,0.002466523392966557,0.27475199377553006,0.0011893364912291676
12060,"Atlanta-Sandy Springs-Roswell, GA",2017,-0.06816499931478692,-0.3360799572747387,-0.0013064298393738773,-0.00199269317162966,-0.06816499931478692,-0.0013064298393738773,-0.3360799572747387,-0.00199269317162966
12060,"Atlanta-Sandy Springs-Roswell, GA",2018,0.15915642096593907,0.46518041829464485,0.0021257592020877264,0.0016843835484917215,0.15915642096593907,0.0021257592020877264,0.46518041829464485,0.0016843835484917215
12060,"Atlanta-Sandy Springs-Roswell, GA",2019,-0.16445481996498257,-0.4966274509803922,-0.0029880139477418584,-0.0027528046451326077,-0.16445481996498257,-0.0029880139477418584,-0.4966274509803922,-0.0027528046451326077
12060,"Atlanta-Sandy Springs-Roswell, GA",2020,-0.014607628765792025,-0.47179806793393586,,,-0.014607628765792025,,-0.47179806793393586,
12060,"Atlanta-Sandy Springs-Roswell, GA",2021,0.21804789348784182,1.2646017699115046,,,0.21804789348784182,,1.2646017699115046,
12060,"Atlanta-Sandy Springs-Roswell, GA",2022,0.2301249936744092,1.7729581867917155,0.003414208370195144,0.005414560026613287,0.2301249936744092,0.003414208370195144,1.7729581867917155,0.005242312956293237
12060,"Atlanta-Sandy Springs-Roswell, GA",2023,-0.2029742682600736,-0.33168921458098455,-0.00423271310666873,-0.0029331847751491186,-0.2029742682600736,-0.00423271310666873,-0.33168921458098455,-0.0029331847751491186
12060,"Atlanta-Sandy Springs-Roswell, GA",2024,0.05001419391468165,-0.01911857735292055,0.0005399377320340262,-0.00018394186859276972,0.05001419391468165,0.0005399377320340262,-0.01911857735292055,-0.00018394186859276972
12060,"Atlanta-Sandy Springs-Roswell, GA",2025,-0.17246294885344216,-0.2080257972053028,,,-0.17246294885344216,,-0.2080257972053028,
12260,"Augusta-Richmond County, GA-SC",1990,,,,,,,,
12260,"Augusta-Richmond County, GA-SC",1991,0.050233644859813076,1.515625,,,0.050233644859813076,,1.515625,
12260,"Augusta-Richmond County, GA-SC",1992,0.08379681127178351,-0.8260869565217391,,,0.08379681127178351,,-0.8260869565217391,
12260,"Augusta-Richmond County, GA-SC",1993,-0.08621279507355462,1.5714285714285716,,,-0.08621279507355462,,1.5714285714285716,
12260,"Augusta-Richmond County, GA-SC",1994,0.014226881317858542,1.3472222222222223,,,0.014226881317858542,,1.3472222222222223,
12260,"Augusta-Richmond County, GA-SC",1995,-0.19047619047619047,0.041420118343195256,,,-0.19047619047619047,,0.041420118343195256,
12260,"Augusta-Richmond County, GA-SC",1996,0.08572731418148649,-0.26136363636363635,,,0.08572731418148649,,-0.26136363636363635,
12260,"Augusta-Richmond County, GA-SC",1997,-0.05627887442251156,-0.5,,,-0.05627887442251156,,-0.5,
12260,"Augusta-Richmond County, GA-SC",1998,0.37605696484201157,6.523076923076923,,,0.37605696484201157,,6.523076923076923,
12260,"Augusta-Richmond County, GA-SC",1999,0.08570504527813716,0.5644171779141105,,,0.08570504527813716,,0.5644171779141105,
12260,"Augusta-Richmond County, GA-SC",2000,-0.2963955913017575,-0.9450980392156862,,,-0.2963955913017575,,-0.9386158192090396,
12260,"Augusta-Richmond County, GA-SC",2001,0.2133784928027096,3.666666666666667,,,0.2133784928027096,,3.666666666666667,
12260,"Augusta-Richmond County, GA-SC",2002,0.24982554082344732,1.8928571428571428,,,0.24982554082344732,,1.8928571428571428,
12260,"Augusta-Richmond County, GA-SC",2003,0.017029592406476723,-0.5485008818342152,,,0.017029592406476723,,-0.5485008818342152,
12260,"Augusta-Richmond County, GA-SC",2004,0.027449903925336194,-1.0,,,0.027449903925336194,,-0.9679719537199766,
12260,"Augusta-Richmond County, GA-SC",2005,0.05289874432273578,,,,0.05289874432273578,,,
12260,"Augusta-Richmond County, GA-SC",2006,-0.07079421466632829,-1.0,,,-0.07079421466632829,,-0.8719594630414871,
12260,"Augusta-Richmond County, GA-SC",2007,-0.070999453850355,,,,-0.070999453850355,,,
12260,"Augusta-Richmond County, GA-SC",2008,-0.43151087595532045,-0.7349397590361446,,,-0.43151087595532045,,-0.7349397590361446,
12260,"Augusta-Richmond County, GA-SC",2009,0.18510858324715618,0.11363636363636354,,,0.18301338900704373,,0.11363636363636354,
12260,"Augusta-Richmond County, GA-SC",2010,0.08638743455497377,-0.4387755102040817,,,0.08638743455497377,,-0.4387755102040817,
12260,"Augusta-Richmond County, GA-SC",2011,-0.030120481927710885,1.9090909090909092,,,-0.030120481927710885,,1.9090909090909092,
12260,"Augusta-Richmond County, GA-SC",2012,-0.05424430641821942,-0.5,,,-0.05424430641821942,,-0.5,
12260,"Augusta-Richmond County, GA-SC",2013,0.07049036777583195,-0.7,,,0.07049036777583195,,-0.7,
12260,"Augusta-Richmond County, GA-SC",2014,0.16441717791411037,15.125,,,0.16441717791411037,,15.125,
12260,"Augusta-Richmond County, GA-SC",2015,0.06603442219880584,-0.05943152454780365,,,0.06603442219880584,,-0.05943152454780365,
12260,"Augusta-Richmond County, GA-SC",2016,-0.022075782537067545,-0.06593406593406592,-0.0004250466838378007,-0.00011385264174909961,-0.022075782537067545,-0.0004250466838378007,-0.06593406593406592,-0.00011385264174909961
12260,"Augusta-Richmond County, GA-SC",2017,0.1246630727762803,0.7441176470588236,0.0011793836727862494,0.0009470686960174881,0.1246630727762803,0.0011793836727862494,0.7441176470588236,0.0009470686960174881
12260,"Augusta-Richmond County, GA-SC",2018,-0.14110245656081488,-0.581787521079258,-0.0018117986922960103,-0.0013297020871347854,-0.14110245656081488,-0.0018117986922960103,-0.581787521079258,-0.0013297020871347854
12260,"Augusta-Richmond County, GA-SC",2019,0.11649808161841646,0.6169354838709677,0.0011472842433662596,0.0005724200314425803,0.11649808161841646,0.0011472842433662596,0.6169354838709677,0.0005724200314425803
12260,"Augusta-Richmond County, GA-SC",2020,0.11090284286160568,-0.9052369077306733,,,0.11090284286160568,,-0.9052369077306733,
12260,"Augusta-Richmond County, GA-SC",2021,0.20359955005624286,-0.2894736842105263,,,0.20359955005624286,,-0.2894736842105263,
12260,"Augusta-Richmond County, GA-SC",2022,-0.0210280373831776,23.666666666666668,-0.0006334350940344919,0.002345896035583269,-0.0210280373831776,-0.0006334350940344919,6.945709924551887,0.002345896035583269
12260,"Augusta-Richmond County, GA-SC",2023,-0.1505966587112172,-0.8018018018018018,-0.0024806413213626574,-0.001968033164959837,-0.1505966587112172,-0.0024806413213626574,-0.8018018018018018,-0.001968033164959837
12260,"Augusta-Richmond County, GA-SC",2024,0.3087946052261872,6.75,0.003740483471736845,0.003178762775428821,0.3087946052261872,0.003740483471736845,6.508613861386143,0.003178762775428821
12260,"Augusta-Richmond County, GA-SC",2025,-0.11099184199227141,-0.6070381231671554,,,-0.11099184199227141,,-0.6070381231671554,
12420,"Austin-Round Rock-San Marcos, TX",1990,,,,,,,,
12420,"Austin-Round Rock-San Marcos, TX",1991,0.6422018348623852,,,,0.6422018348623852,,,
12420,"Austin-Round Rock-San Marcos, TX",1992,0.760086902545003,3.5272727272727273,,,0.760086902545003,,3.5272727272727273,
12420,"Austin-Round Rock-San Marcos, TX",1993,0.5064362546288133,1.0923694779116464,,,0.5064362546288133,,1.0923694779116464,
12420,"Austin-Round Rock-San Marcos, TX",1994,0.26243708299192314,1.112763915547025,,,0.26243708299192314,,1.112763915547025,
12420,"Austin-Round Rock-San Marcos, TX",1995,0.27630968938340295,0.392913922325687,,,0.27630968938340295,,0.392913922325687,
12420,"Austin-Round Rock-San Marcos, TX",1996,0.24061024337086812,0.057231371270177744,,,0.24061024337086812,,0.057231371270177744,
12420,"Austin-Round Rock-San Marcos, TX",1997,-0.20261169994729755,-0.2720542874768661,,,-0.20261169994729755,,-0.2720542874768661,
12420,"Austin-Round Rock-San Marcos, TX",1998,0.20606594697804215,0.08644067796610178,,,0.20606594697804215,,0.08644067796610178,
12420,"Austin-Round Rock-San Marcos, TX",1999,0.21153260671010177,0.5306162246489861,,,0.21153260671010177,,0.5306162246489861,
12420,"Austin-Round Rock-San Marcos, TX",2000,0.10011559531587677,0.02739202446171496,,,0.10011559531587677,,0.02739202446171496,
12420,"Austin-Round Rock-San Marcos, TX",2001,-0.18347114989264013,0.03484623015873023,,,-0.18347114989264013,,0.03484623015873023,
12420,"Austin-Round Rock-San Marcos, TX",2002,-0.03586415263246234,-0.3325344517675255,,,-0.03586415263246234,,-0.3325344517675255,
12420,"Austin-Round Rock-San Marcos, TX",2003,-0.11113045496750229,-0.5513464991023339,,,-0.11113045496750229,,-0.5513464991023339,
12420,"Austin-Round Rock-San Marcos, TX",2004,0.17614415355487356,0.24289715886354535,,,0.17614415355487356,,0.24289715886354535,
12420,"Austin-Round Rock-San Marcos, TX",2005,0.2900915903413821,0.6938184159690921,,,0.2900915903413821,,0.6938184159690921,
12420,"Austin-Round Rock-San Marcos, TX",2006,0.12284325115098316,0.4063866185135905,,,0.12284325115098316,,0.4063866185135905,
12420,"Austin-Round Rock-San Marcos, TX",2007,-0.2373160637645616,-0.0671712393566698,,,-0.2373160637645616,,-0.0671712393566698,
12420,"Austin-Round Rock-San Marcos, TX",2008,-0.40752650354217956,-0.4476963199072732,,,-0.40752650354217956,,-0.4476963199072732,
12420,"Austin-Round Rock-San Marcos, TX",2009,-0.2572930800542741,-0.4624868835257083,,,-0.2572930800542741,,-0.4624868835257083,
12420,"Austin-Round Rock-San Marcos, TX",2010,0.003197076958209699,0.11761835041483648,,,0.003197076958209699,,0.11761835041483648,
12420,"Austin-Round Rock-San Marcos, TX",2011,0.16537673571591172,0.7148471615720524,,,0.16537673571591172,,0.7148471615720524,
12420,"Austin-Round Rock-San Marcos, TX",2012,0.9106358042777616,1.8571428571428572,,,0.9106358042777616,,1.8571428571428572,
12420,"Austin-Round Rock-San Marcos, TX",2013,0.06588968972039044,0.025757575757575868,,,0.06588968972039044,,0.025757575757575868,
12420,"Austin-Round Rock-San Marcos, TX",2014,-0.04330519854210624,-0.3057607090103397,,,-0.04330519854210624,,-0.3057607090103397,
12420,"Austin-Round Rock-San Marcos, TX",2015,0.1213594666399318,0.2596996245306633,,,0.1213594666399318,,0.2596996245306633,
12420,"Austin-Round Rock-San Marcos, TX",2016,-0.022753687974966463,-0.17575757575757578,-0.0013879291807046626,-0.0025356351517758554,-0.022753687974966463,-0.0013879291807046626,-0.17575757575757578,-0.0025356351517758554
12420,"Austin-Round Rock-San Marcos, TX",2017,0.22135309455194174,0.25699132111861145,0.005089228214526304,0.0022880750565148593,0.22135309455194174,0.005059877835047263,0.25699132111861145,0.0022880750565148593
12420,"Austin-Round Rock-San Marcos, TX",2018,0.12490636704119851,0.2313003452243958,0.002962978003360643,0.0024568398183603575,0.12490636704119851,0.002962978003360643,0.2313003452243958,0.0024568398183603575
12420,"Austin-Round Rock-San Marcos, TX",2019,0.0666555685034127,0.03325545171339561,0.001113738193750255,-9.745499053623319e-06,0.0666555685034127,0.001113738193750255,0.03325545171339561,-9.745499053623319e-06
12420,"Austin-Round Rock-San Marcos, TX",2020,0.3192246465024815,0.4530036933745383,,,0.3192246465024815,,0.4530036933745383,
12420,"Austin-Round Rock-San Marcos, TX",2021,0.20450028392958552,0.3301862322975566,,,0.20450028392958552,,0.3301862322975566,
12420,"Austin-Round Rock-San Marcos, TX",2022,-0.16785510833480666,-0.13505186802901492,-0.010654452523995737,-0.004564094133945838,-0.16785510833480666,-0.010635189251661391,-0.13505186802901492,-0.004564094133945838
12420,"Austin-Round Rock-San Marcos, TX",2023,-0.08472215664982763,-0.019207358311916667,-0.00485429225798957,-0.0012086445578295309,-0.08472215664982763,-0.00485429225798957,-0.019207358311916667,-0.0012086445578295309
12420,"Austin-Round Rock-San Marcos, TX",2024,-0.16710081757924333,-0.3046476348089918,-0.006920679421163652,-0.006536734531847829,-0.16710081757924333,-0.006920679421163652,-0.3046476348089918,-0.006536734531847829
12420,"Austin-Round Rock-San Marcos, TX",2025,-0.15396048801634976,-0.2232579664154436,,,-0.15396048801634976,,-0.2232579664154436,
12540,"Bakersfield-Delano, CA",1990,,,,,,,,
12540,"Bakersfield-Delano, CA",1991,-0.3136859103754541,-0.6666666666666667,,,-0.3136859103754541,,-0.6666666666666667,
12540,"Bakersfield-Delano, CA",1992,0.2841176470588236,2.1294117647058823,,,0.2841176470588236,,2.1294117647058823,
12540,"Bakersfield-Delano, CA",1993,-0.22217132386623917,-0.46616541353383456,,,-0.22217132386623917,,-0.46616541353383456,
12540,"Bakersfield-Delano, CA",1994,-0.08009422850412251,-0.04225352112676062,,,-0.08009422850412251,,-0.04225352112676062,
12540,"Bakersfield-Delano, CA",1995,0.11907810499359806,2.7205882352941178,,,0.11907810499359806,,2.7205882352941178,
12540,"Bakersfield-Delano, CA",1996,-0.20852402745995424,-0.5731225296442688,,,-0.20852402745995424,,-0.5731225296442688,
12540,"Bakersfield-Delano, CA",1997,-0.03903144199494035,-0.17129629629629628,,,-0.03903144199494035,,-0.17129629629629628,
12540,"Bakersfield-Delano, CA",1998,0.28807822489657764,0.8156424581005586,,,0.28807822489657764,,0.8156424581005586,
12540,"Bakersfield-Delano, CA",1999,-0.0896350364963504,-0.5415384615384615,,,-0.0896350364963504,,-0.5415384615384615,
12540,"Bakersfield-Delano, CA",2000,-0.015394483643361156,0.0,,,-0.015394483643361156,,0.0,
12540,"Bakersfield-Delano, CA",2001,0.13811074918566768,-0.46308724832214765,,,0.13811074918566768,,-0.46308724832214765,
12540,"Bakersfield-Delano, CA",2002,0.290497996565541,-1.0,,,0.290497996565541,,-0.7499226624519558,
12540,"Bakersfield-Delano, CA",2003,0.28919937901973825,,,,0.28919937901973825,,,
12540,"Bakersfield-Delano, CA",2004,0.16875967658696034,1.652173913043478,,,0.16875967658696034,,1.652173913043478,
12540,"Bakersfield-Delano, CA",2005,0.3036502796585223,1.0885245901639342,,,0.3036502796585223,,1.0885245901639342,
12540,"Bakersfield-Delano, CA",2006,-0.2106808174325392,-0.5196232339089482,,,-0.2106808174325392,,-0.5196232339089482,
12540,"Bakersfield-Delano, CA",2007,-0.3989414962094121,-0.23856209150326801,,,-0.3989414962094121,,-0.23856209150326801,
12540,"Bakersfield-Delano, CA",2008,-0.3829128986197049,1.40343347639485,,,-0.3829128986197049,,1.40343347639485,
12540,"Bakersfield-Delano, CA",2009,-0.31469340532202084,-0.6946428571428571,,,-0.31469340532202084,,-0.6946428571428571,
12540,"Bakersfield-Delano, CA",2010,-0.06809229037704001,1.263157894736842,,,-0.06809229037704001,,1.263157894736842,
12540,"Bakersfield-Delano, CA",2011,-0.41485507246376807,-0.5813953488372092,,,-0.41485507246376807,,-0.5813953488372092,
12540,"Bakersfield-Delano, CA",2012,1.0691434468524252,1.8209876543209877,,,1.068717303700803,,1.8209876543209877,
12540,"Bakersfield-Delano, CA",2013,0.15610972568578552,-0.07002188183807445,,,0.15610972568578552,,-0.07002188183807445,
12540,"Bakersfield-Delano, CA",2014,-0.009059534081104381,-0.16000000000000003,,,-0.009059534081104381,,-0.16000000000000003,
12540,"Bakersfield-Delano, CA",2015,-0.042228994340444026,-0.7703081232492998,,,-0.042228994340444026,,-0.7703081232492998,
12540,"Bakersfield-Delano, CA",2016,0.025454545454545396,-0.8658536585365854,0.00014777226350088345,-0.0002420441933030877,0.025454545454545396,0.00014777226350088345,-0.8658536585365854,-0.0002420441933030877
12540,"Bakersfield-Delano, CA",2017,0.17021276595744683,3.909090909090909,0.0012215964937511824,0.00014402748872516575,0.17021276595744683,0.0012215964937511824,3.909090909090909,0.00014402748872516575
12540,"Bakersfield-Delano, CA",2018,-0.07121212121212117,2.814814814814815,-0.0007010123581447057,0.0005044145170382627,-0.07121212121212117,-0.0007010123581447057,2.814814814814815,0.0005044145170382627
12540,"Bakersfield-Delano, CA",2019,-0.07789559543230018,-0.8300970873786407,-0.0006979807352935994,-0.0005701604425293416,-0.07789559543230018,-0.0006979807352935994,-0.8300970873786407,-0.0005701604425293416
12540,"Bakersfield-Delano, CA",2020,0.10659000442282185,6.2,,,0.10659000442282185,,2.676226527570784,
12540,"Bakersfield-Delano, CA",2021,-0.08353317346123101,-0.6388888888888888,,,-0.08353317346123101,,-0.5746612588824066,
12540,"Bakersfield-Delano, CA",2022,0.17226341037941562,1.021978021978022,0.0012324331963728266,0.00030143737667773105,0.17226341037941562,0.0012324331963728266,1.021978021978022,0.00030143737667773105
12540,"Bakersfield-Delano, CA",2023,-0.0881696428571429,-0.26086956521739135,-0.000862698933618785,-0.0001616813853000899,-0.0881696428571429,-0.000862698933618785,-0.26086956521739135,-0.0001616813853000899
12540,"Bakersfield-Delano, CA",2024,0.32354141166870676,-0.4632352941176471,0.0024772569457251863,-0.00020535417696437657,0.32354141166870676,0.0024772569457251863,-0.4632352941176471,-0.00020535417696437657
12540,"Bakersfield-Delano, CA",2025,-0.02620221948212087,0.7123287671232876,,,-0.02620221948212087,,0.7123287671232876,
12580,"Baltimore-Columbia-Towson, MD",1990,,,,,,,,
12580,"Baltimore-Columbia-Towson, MD",1991,-0.17542954059435145,-0.563415239513527,,,-0.17542954059435145,,-0.563415239513527,
12580,"Baltimore-Columbia-Towson, MD",1992,0.3847254516186729,0.16600341102899385,,,0.3847254516186729,,0.16600341102899385,
12580,"Baltimore-Columbia-Towson, MD",1993,-0.16662361146990445,0.1384690394929302,,,-0.16662361146990445,,0.1384690394929302,
12580,"Baltimore-Columbia-Towson, MD",1994,-0.02386856788592684,-0.2359743040685225,,,-0.02386856788592684,,-0.2359743040685225,
12580,"Baltimore-Columbia-Towson, MD",1995,-0.09899968243886947,-0.14742152466367708,,,-0.09899968243886947,,-0.14742152466367708,
12580,"Baltimore-Columbia-Towson, MD",1996,-0.053573002026610306,-0.08678500986193294,,,-0.053573002026610306,,-0.08678500986193294,
12580,"Baltimore-Columbia-Towson, MD",1997,-0.009589423703565747,0.455003599712023,,,-0.009589423703565747,,0.455003599712023,
12580,"Baltimore-Columbia-Towson, MD",1998,0.052171460800902514,0.38149430974764975,,,0.052171460800902514,,0.38149430974764975,
12580,"Baltimore-Columbia-Towson, MD",1999,0.21558116680067907,0.08989971346704873,,,0.21558116680067907,,0.08989971346704873,
12580,"Baltimore-Columbia-Towson, MD",2000,-0.13244156989563427,-0.3447255997371016,,,-0.13244156989563427,,-0.3447255997371016,
12580,"Baltimore-Columbia-Towson, MD",2001,-0.07590647238224335,-0.040621865596790374,,,-0.07590647238224335,,-0.040621865596790374,
12580,"Baltimore-Columbia-Towson, MD",2002,0.007609094242757575,-0.1573444851019341,,,0.007609094242757575,,-0.1573444851019341,
12580,"Baltimore-Columbia-Towson, MD",2003,0.012919661541261007,0.7313895781637718,,,0.012919661541261007,,0.7313895781637718,
12580,"Baltimore-Columbia-Towson, MD",2004,-0.07643941435372315,-0.046578287352203485,,,-0.07643941435372315,,-0.046578287352203485,
12580,"Baltimore-Columbia-Towson, MD",2005,0.1016339233612138,0.07403231867718896,,,0.1016339233612138,,0.07403231867718896,
12580,"Baltimore-Columbia-Towson, MD",2006,-0.2819811070892557,-0.3845346396081175,,,-0.2819811070892557,,-0.3845346396081175,
12580,"Baltimore-Columbia-Towson, MD",2007,-0.23681298413869423,-0.18817509948834565,,,-0.23681298413869423,,-0.18817509948834565,
12580,"Baltimore-Columbia-Towson, MD",2008,-0.10681488641855974,0.6834733893557423,,,-0.10681488641855974,,0.6834733893557423,
12580,"Baltimore-Columbia-Towson, MD",2009,-0.07738095238095233,-0.1717970049916805,,,-0.07738095238095233,,-0.1717970049916805,
12580,"Baltimore-Columbia-Towson, MD",2010,0.09364613880742922,0.019588146659969885,,,0.09364613880742922,,0.019588146659969885,
12580,"Baltimore-Columbia-Towson, MD",2011,0.09992849481587407,0.40935960591133,,,0.09992849481587407,,0.40935960591133,
12580,"Baltimore-Columbia-Towson, MD",2012,-0.03201690232406951,-0.28451590353023415,,,-0.03201690232406951,,-0.28451590353023415,
12580,"Baltimore-Columbia-Towson, MD",2013,0.3547683008730691,0.6077186126038105,,,0.3547683008730691,,0.6077186126038105,
12580,"Baltimore-Columbia-Towson, MD",2014,-0.12008923038790431,-0.2847158918261926,,,-0.12008923038790431,,-0.2847158918261926,
12580,"Baltimore-Columbia-Towson, MD",2015,0.16394366197183108,0.5169923534409515,,,0.16394366197183108,,0.5169923534409515,
12580,"Baltimore-Columbia-Towson, MD",2016,-0.023475314617618537,-0.1058527023242789,-0.0002044227487952811,-0.00034159553413685333,-0.023475314617618537,-0.0002044227487952811,-0.1058527023242789,-0.00034159553413685333
12580,"Baltimore-Columbia-Towson, MD",2017,-0.15241635687732347,-0.4287503914813655,-0.0010551113513626352,-0.0011775978078270221,-0.15241635687732347,-0.0010551113513626352,-0.4287503914813655,-0.0011775978078270221
12580,"Baltimore-Columbia-Towson, MD",2018,0.3577485380116958,1.1491228070175437,0.002084896971192742,0.0017959118343674804,0.3577485380116958,0.002084896971192742,1.1491228070175437,0.0017959118343674804
12580,"Baltimore-Columbia-Towson, MD",2019,-0.24981156455260045,-0.47244897959183674,-0.002021721525261519,-0.0015994301316789004,-0.24981156455260045,-0.002021721525261519,-0.47244897959183674,-0.0015994301316789004
12580,"Baltimore-Columbia-Towson, MD",2020,0.16176259509114388,0.48839458413926495,,,0.16176259509114388,,0.48839458413926495,
12580,"Baltimore-Columbia-Towson, MD",2021,-0.03212255992092905,-0.010721247563352798,,,-0.03212255992092905,,-0.010721247563352798,
12580,"Baltimore-Columbia-Towson, MD",2022,-0.1590502935920347,0.22824302134646968,-0.0010638597818800914,0.0005683798999862786,-0.1590502935920347,-0.0010638597818800914,0.22824302134646968,0.0005683798999862786
12580,"Baltimore-Columbia-Towson, MD",2023,0.14435336976320579,-0.0013368983957219305,0.000773714666826567,-1.3124169446413706e-05,0.14435336976320579,0.000773714666826567,-0.0013368983957219305,-1.3124169446413706e-05
12580,"Baltimore-Columbia-Towson, MD",2024,-0.1664677012866428,-0.35073627844712185,-0.0010745437466103142,-0.0011001594444576632,-0.1664677012866428,-0.0010745437466103142,-0.35073627844712185,-0.0011001594444576632
12580,"Baltimore-Columbia-Towson, MD",2025,-0.07718014003819218,-0.1055670103092784,,,-0.07718014003819218,,-0.1055670103092784,
12940,"Baton Rouge, LA",1990,,,,,,,,
12940,"Baton Rouge, LA",1991,0.2062222222222223,0.33333333333333326,,,0.2062222222222223,,0.33333333333333326,
12940,"Baton Rouge, LA",1992,0.4679439941046426,2.176470588235294,,,0.4679439941046426,,2.176470588235294,
12940,"Baton Rouge, LA",1993,0.4061244979919678,0.0,,,0.4061244979919678,,0.0,
12940,"Baton Rouge, LA",1994,0.15208853980721182,1.7731481481481484,,,0.15208853980721182,,1.7731481481481484,
12940,"Baton Rouge, LA",1995,0.1162070034087388,0.19031719532554248,,,0.1162070034087388,,0.19031719532554248,
12940,"Baton Rouge, LA",1996,0.3137146029983342,0.5820476858345021,,,0.3137146029983342,,0.5820476858345021,
12940,"Baton Rouge, LA",1997,-0.26542688081149624,-0.7526595744680851,,,-0.26542688081149624,,-0.7526595744680851,
12940,"Baton Rouge, LA",1998,0.23791714614499426,1.8996415770609318,,,0.23791714614499426,,1.8996415770609318,
12940,"Baton Rouge, LA",1999,0.06739484080873814,-0.39307787391841775,,,0.06739484080873814,,-0.39307787391841775,
12940,"Baton Rouge, LA",2000,-0.22621380361419552,-0.23828920570264767,,,-0.22621380361419552,,-0.23828920570264767,
12940,"Baton Rouge, LA",2001,0.0981992121553179,0.14438502673796783,,,0.0981992121553179,,0.14438502673796783,
12940,"Baton Rouge, LA",2002,0.12195746861388668,0.6074766355140186,,,0.12195746861388668,,0.6074766355140186,
12940,"Baton Rouge, LA",2003,0.23772550810687365,0.6468023255813953,,,0.23772550810687365,,0.6468023255813953,
12940,"Baton Rouge, LA",2004,-0.0271217712177122,-0.620476610767873,,,-0.0271217712177122,,-0.620476610767873,
12940,"Baton Rouge, LA",2005,0.19817940451355964,0.6651162790697673,,,0.19817940451355964,,0.6651162790697673,
12940,"Baton Rouge, LA",2006,0.4506172839506173,2.6159217877094973,,,0.29381782812315593,,2.6159217877094973,
12940,"Baton Rouge, LA",2007,-0.29885433715220944,-0.3005021243723446,,,-0.29885433715220944,,-0.3005021243723446,
12940,"Baton Rouge, LA",2008,-0.40725178960473074,-0.38376587520706795,,,-0.40725178960473074,,-0.38376587520706795,
12940,"Baton Rouge, LA",2009,-0.22026778682068782,-0.935483870967742,,,-0.22026778682068782,,-0.935483870967742,
12940,"Baton Rouge, LA",2010,0.00942760942760934,0.5972222222222223,,,0.00942760942760934,,0.5972222222222223,
12940,"Baton Rouge, LA",2011,0.05937291527685118,2.6869565217391305,,,0.05937291527685118,,2.6869565217391305,
12940,"Baton Rouge, LA",2012,0.07651133501259455,-0.7216981132075472,,,0.07651133501259455,,-0.7216981132075472,
12940,"Baton Rouge, LA",2013,-0.050892073705761876,0.576271186440678,,,-0.050892073705761876,,0.576271186440678,
12940,"Baton Rouge, LA",2014,0.10970724191063175,0.4516129032258065,,,0.10970724191063175,,0.4516129032258065,
12940,"Baton Rouge, LA",2015,0.00027770063871157546,-0.6148148148148148,,,0.00027770063871157546,,-0.6148148148148148,
12940,"Baton Rouge, LA",2016,-0.035813436979455826,-1.0,-0.0004561232738033629,-0.0002913777404216572,-0.035813436979455826,-0.0004561232738033629,-0.9946341463414634,-0.0002913777404216572
12940,"Baton Rouge, LA",2017,0.05672329398214804,,0.0004347225913810711,3.0183626205973064e-05,0.05672329398214804,0.0004347225913810711,,3.0183626205973064e-05
12940,"Baton Rouge, LA",2018,0.07384196185286096,35.45454545454545,0.0006360617698269629,0.0010592031386956698,0.07384196185286096,0.0006360617698269629,34.297272727272684,0.0010592031386956698
12940,"Baton Rouge, LA",2019,-0.08094392286221774,-1.0,-0.0009667946504240826,-0.0010893867649016428,-0.08094392286221774,-0.0009667946504240826,-0.9932038834951457,-0.0010893867649016428
12940,"Baton Rouge, LA",2020,0.04362230811706236,,,,0.04362230811706236,,,
12940,"Baton Rouge, LA",2021,0.17989417989418,,,,0.17989417989418,,,
12940,"Baton Rouge, LA",2022,-0.1547085201793722,,-0.0019297710985274347,0.0006943776217956554,-0.1547085201793722,-0.0019297710985274347,,0.0006943776217956554
12940,"Baton Rouge, LA",2023,-0.12970822281167105,-0.011235955056179803,-0.0013487582895211226,-1.4000321656487268e-05,-0.12970822281167105,-0.0013487582895211226,-0.011235955056179803,-1.4000321656487268e-05
12940,"Baton Rouge, LA",2024,0.1600121914050594,0.7386363636363635,0.0012708525279237874,0.0004926417288361909,0.1600121914050594,0.0012708525279237874,0.7386363636363635,0.0004926417288361909
12940,"Baton Rouge, LA",2025,0.1334734629532317,2.3050108932461875,,,0.1334734629532317,,2.3050108932461875,
13820,"Birmingham, AL",1990,,,,,,,,
13820,"Birmingham, AL",1991,-0.12216189536031585,-0.5659259259259259,,,-0.12216189536031585,,-0.5659259259259259,
13820,"Birmingham, AL",1992,0.10879955018273835,-0.45221843003412965,,,0.10879955018273835,,-0.45221843003412965,
13820,"Birmingham, AL",1993,0.28676470588235303,1.2897196261682242,,,0.28676470588235303,,1.2897196261682242,
13820,"Birmingham, AL",1994,-0.016748768472906406,-0.0680272108843537,,,-0.016748768472906406,,-0.0680272108843537,
13820,"Birmingham, AL",1995,0.2354709418837675,1.5605839416058394,,,0.2354709418837675,,1.5605839416058394,
13820,"Birmingham, AL",1996,0.10656934306569332,0.07411630558722915,,,0.10656934306569332,,0.07411630558722915,
13820,"Birmingham, AL",1997,-0.24508941659337435,-0.6305732484076434,,,-0.24508941659337435,,-0.6305732484076434,
13820,"Birmingham, AL",1998,0.2634951456310679,0.8807471264367817,,,0.2634951456310679,,0.8807471264367817,
13820,"Birmingham, AL",1999,-0.0705394190871369,-0.25744843391902217,,,-0.0705394190871369,,-0.25744843391902217,
13820,"Birmingham, AL",2000,-0.13789682539682535,-0.20370370370370372,,,-0.13789682539682535,,-0.20370370370370372,
13820,"Birmingham, AL",2001,-0.0034522439585730202,-0.39405684754521964,,,-0.0034522439585730202,,-0.39405684754521964,
13820,"Birmingham, AL",2002,0.023287143956890022,-0.43070362473347545,,,0.023287143956890022,,-0.43070362473347545,
13820,"Birmingham, AL",2003,0.255031032537145,1.595505617977528,,,0.255031032537145,,1.595505617977528,
13820,"Birmingham, AL",2004,0.16888955492282332,0.9855699855699855,,,0.16888955492282332,,0.9855699855699855,
13820,"Birmingham, AL",2005,-0.01692307692307693,-0.47601744186046513,,,-0.01692307692307693,,-0.47601744186046513,
13820,"Birmingham, AL",2006,0.018127282211789275,0.8183079056865465,,,0.018127282211789275,,0.8183079056865465,
13820,"Birmingham, AL",2007,-0.30408607659792497,-0.6292906178489702,,,-0.30408607659792497,,-0.6292906178489702,
13820,"Birmingham, AL",2008,-0.38174121111724646,1.0905349794238681,,,-0.38174121111724646,,1.0905349794238681,
13820,"Birmingham, AL",2009,-0.4620422744864543,-0.9448818897637795,,,-0.4620422744864543,,-0.9448818897637795,
13820,"Birmingham, AL",2010,0.06474820143884896,5.071428571428571,,,0.06474820143884896,,5.071428571428571,
13820,"Birmingham, AL",2011,0.22765072765072758,0.6676470588235295,,,0.22765072765072758,,0.6676470588235295,
13820,"Birmingham, AL",2012,0.3975444538526671,1.5573192239858908,,,0.3975444538526671,,1.5573192239858908,
13820,"Birmingham, AL",2013,-0.1590427143289912,-0.5075862068965518,,,-0.1590427143289912,,-0.5075862068965518,
13820,"Birmingham, AL",2014,0.21181556195965423,0.3431372549019607,,,0.21181556195965423,,0.3431372549019607,
13820,"Birmingham, AL",2015,0.10969084423305597,0.3587069864442127,,,0.10969084423305597,,0.3587069864442127,
13820,"Birmingham, AL",2016,-0.11277792660058938,-0.5594781273983116,-0.0008651149006265778,-0.0014359739700313147,-0.11277792660058938,-0.0008651149006265778,-0.5594781273983116,-0.0014359739700313147
13820,"Birmingham, AL",2017,-0.18810386473429952,-0.9895470383275261,-0.001244201461948976,-0.0011067000556857218,-0.18810386473429952,-0.001244201461948976,-0.9895470383275261,-0.0011067000556857218
13820,"Birmingham, AL",2018,0.12495351431759016,48.833333333333336,0.0006230060944081399,0.0005647869604770519,0.12495351431759016,0.0006230060944081399,34.297272727272684,0.0005647869604770519
13820,"Birmingham, AL",2019,0.0697520661157025,-0.6321070234113713,0.0003769017819051758,-0.0003653671744708538,0.0697520661157025,0.0003769017819051758,-0.6321070234113713,-0.0003653671744708538
13820,"Birmingham, AL",2020,0.20457354758961688,1.790909090909091,,,0.20457354758961688,,1.790909090909091,
13820,"Birmingham, AL",2021,0.031811185223191485,0.771986970684039,,,0.031811185223191485,,0.771986970684039,
13820,"Birmingham, AL",2022,0.044256588761810045,0.8235294117647058,0.0002759810465835311,0.0008426388268365842,0.044256588761810045,0.0002759810465835311,0.8235294117647058,0.0008426388268365842
13820,"Birmingham, AL",2023,-0.17809523809523808,-0.6733870967741935,-0.0014725793595518673,-0.001273816965910402,-0.17809523809523808,-0.0014725793595518673,-0.6733870967741935,-0.001273816965910402
13820,"Birmingham, AL",2024,0.0851680185399768,0.7160493827160495,0.000509345523889441,0.00043060706396105765,0.0851680185399768,0.000509345523889441,0.7160493827160495,0.00043060706396105765
13820,"Birmingham, AL",2025,0.1262680192205019,0.935251798561151,,,0.1262680192205019,,0.935251798561151,
14260,"Boise City, ID",1990,,,,,,,,
14260,"Boise City, ID",1991,0.07140484888741283,-0.1807228915662651,,,0.07140484888741283,,-0.1807228915662651,
14260,"Boise City, ID",1992,0.5170489770613764,0.16666666666666674,,,0.5170489770613764,,0.16666666666666674,
14260,"Boise City, ID",1993,0.28749489170412756,0.8172268907563025,,,0.28749489170412756,,0.8172268907563025,
14260,"Boise City, ID",1994,0.0857006824313602,0.5213872832369941,,,0.0857006824313602,,0.5213872832369941,
14260,"Boise City, ID",1995,-0.27612922087414116,-0.48176291793313075,,,-0.27612922087414116,,-0.48176291793313075,
14260,"Boise City, ID",1996,-0.03675282714054928,-0.8328445747800587,,,-0.03675282714054928,,-0.8312968210352005,
14260,"Boise City, ID",1997,0.13438155136268337,3.385964912280702,,,0.13438155136268337,,3.385964912280702,
14260,"Boise City, ID",1998,0.19571243762705604,0.06800000000000006,,,0.19571243762705604,,0.06800000000000006,
14260,"Boise City, ID",1999,0.060587326120556506,0.22659176029962547,,,0.060587326120556506,,0.22659176029962547,
14260,"Boise City, ID",2000,-0.08350335179248036,-0.6519083969465649,,,-0.08350335179248036,,-0.6519083969465649,
14260,"Boise City, ID",2001,0.07457465415805364,2.986842105263158,,,0.07457465415805364,,2.986842105263158,
14260,"Boise City, ID",2002,0.04202426753477351,-0.352035203520352,,,0.04202426753477351,,-0.352035203520352,
14260,"Boise City, ID",2003,0.09684748650951436,-0.06621392190152797,,,0.09684748650951436,,-0.06621392190152797,
14260,"Boise City, ID",2004,0.1516053858104609,-0.8545454545454545,,,0.1516053858104609,,-0.8545454545454545,
14260,"Boise City, ID",2005,0.2983698707138842,-0.15000000000000002,,,0.2983698707138842,,-0.15000000000000002,
14260,"Boise City, ID",2006,-0.276820503939735,2.838235294117647,,,-0.276820503939735,,2.838235294117647,
14260,"Boise City, ID",2007,-0.4176245210727969,-0.32950191570881227,,,-0.4176245210727969,,-0.32950191570881227,
14260,"Boise City, ID",2008,-0.42495888157894735,-0.06285714285714283,,,-0.42495888157894735,,-0.06285714285714283,
14260,"Boise City, ID",2009,-0.31927064712191633,-0.9512195121951219,,,-0.31927064712191633,,-0.9512195121951219,
14260,"Boise City, ID",2010,-0.11081932773109249,5.0,,,-0.11081932773109249,,5.0,
14260,"Boise City, ID",2011,0.08682811577082106,1.3958333333333335,,,0.08682811577082106,,1.3958333333333335,
14260,"Boise City, ID",2012,0.932608695652174,1.9565217391304346,,,0.932608695652174,,1.9565217391304346,
14260,"Boise City, ID",2013,0.22750281214848145,1.1294117647058823,,,0.22750281214848145,,1.1294117647058823,
14260,"Boise City, ID",2014,0.18739977090492554,0.8107734806629834,,,0.18739977090492554,,0.8107734806629834,
14260,"Boise City, ID",2015,0.06096855103222065,-0.34553775743707094,,,0.06096855103222065,,-0.34553775743707094,
14260,"Boise City, ID",2016,0.22895071831242042,0.21794871794871784,0.004363598293528004,0.0006452801883061903,0.22895071831242042,0.004363598293528004,0.21794871794871784,0.0006452801883061903
14260,"Boise City, ID",2017,0.17031666173424087,0.25454545454545463,0.0032909222191811575,0.0008288637045089607,0.17031666173424087,0.0032909222191811575,0.25454545454545463,0.0008288637045089607
14260,"Boise City, ID",2018,0.12744974080161842,0.2486651411136538,0.002724871307277086,0.0010126425829740408,0.12744974080161842,0.002724871307277086,0.2486651411136538,0.0010126425829740408
14260,"Boise City, ID",2019,0.19232925871930018,0.6860109957238851,0.005264626242571423,0.0037592959924228767,0.19232925871930018,0.005264626242571423,0.6860109957238851,0.0037592959924228767
14260,"Boise City, ID",2020,-0.0818284424379232,-0.5981884057971014,,,-0.0818284424379232,,-0.5981884057971014,
14260,"Boise City, ID",2021,0.24933415283753324,1.8863841298467086,,,0.24933415283753324,,1.8863841298467086,
14260,"Boise City, ID",2022,-0.14111183994752374,0.2727272727272727,-0.0067345807632853555,0.002378661654727242,-0.14111183994752374,-0.0067345807632853555,0.2727272727272727,0.002378661654727242
14260,"Boise City, ID",2023,-0.055751789976133614,-0.23539518900343648,-0.002862094965291717,-0.0033273262344981763,-0.055751789976133614,-0.002862094965291717,-0.23539518900343648,-0.0033273262344981763
14260,"Boise City, ID",2024,-0.08371246587807102,-0.8041733547351525,-0.003268240889307779,-0.0076299692905213495,-0.08371246587807102,-0.003268240889307779,-0.8009239212093211,-0.0076299692905213495
14260,"Boise City, ID",2025,0.04137702747434635,0.9967213114754099,,,0.04137702747434635,,0.9967213114754099,
14460,"Boston-Cambridge-Newton, MA-NH",1990,,,,,,,,
14460,"Boston-Cambridge-Newton, MA-NH",1991,-0.03030698889614636,-0.5787610619469026,,,-0.03030698889614636,,-0.5787610619469026,
14460,"Boston-Cambridge-Newton, MA-NH",1992,0.3394853832682203,0.1785714285714286,,,0.3394853832682203,,0.1785714285714286,
14460,"Boston-Cambridge-Newton, MA-NH",1993,0.06557377049180335,0.9910873440285204,,,0.06557377049180335,,0.9910873440285204,
14460,"Boston-Cambridge-Newton, MA-NH",1994,0.013308164228409636,-0.2184422560429723,,,0.013308164228409636,,-0.2184422560429723,
14460,"Boston-Cambridge-Newton, MA-NH",1995,-0.080570044709389,0.1477663230240549,,,-0.080570044709389,,0.1477663230240549,
14460,"Boston-Cambridge-Newton, MA-NH",1996,0.025326714618579604,-0.014970059880239472,,,0.025326714618579604,,-0.014970059880239472,
14460,"Boston-Cambridge-Newton, MA-NH",1997,0.0644205118071337,0.033434650455927084,,,0.0644205118071337,,0.033434650455927084,
14460,"Boston-Cambridge-Newton, MA-NH",1998,0.10452056066091164,0.6098039215686275,,,0.10452056066091164,,0.6098039215686275,
14460,"Boston-Cambridge-Newton, MA-NH",1999,0.0029414236490461487,0.33739342265529837,,,0.0029414236490461487,,0.33739342265529837,
14460,"Boston-Cambridge-Newton, MA-NH",2000,-0.0036869448634154756,0.19990892531876137,,,-0.0036869448634154756,,0.19990892531876137,
14460,"Boston-Cambridge-Newton, MA-NH",2001,-0.07485281749369221,0.05275142314990511,,,-0.07485281749369221,,0.05275142314990511,
14460,"Boston-Cambridge-Newton, MA-NH",2002,0.0027272727272726893,-0.03100216294160063,,,0.0027272727272726893,,-0.03100216294160063,
14460,"Boston-Cambridge-Newton, MA-NH",2003,0.2729827742520399,1.111235119047619,,,0.2729827742520399,,1.111235119047619,
14460,"Boston-Cambridge-Newton, MA-NH",2004,0.0984260380314792,0.06378854625550656,,,0.0984260380314792,,0.06378854625550656,
14460,"Boston-Cambridge-Newton, MA-NH",2005,0.13090838358296053,0.3105847275136657,,,0.13090838358296053,,0.3105847275136657,
14460,"Boston-Cambridge-Newton, MA-NH",2006,-0.20215571608760463,-0.19084934277047527,,,-0.20215571608760463,,-0.19084934277047527,
14460,"Boston-Cambridge-Newton, MA-NH",2007,-0.19172175912618572,-0.183223992502343,,,-0.19172175912618572,,-0.183223992502343,
14460,"Boston-Cambridge-Newton, MA-NH",2008,-0.3213015647226174,-0.27443105756358765,,,-0.3213015647226174,,-0.27443105756358765,
14460,"Boston-Cambridge-Newton, MA-NH",2009,-0.2826827351323029,-0.46020031628887714,,,-0.2826827351323029,,-0.46020031628887714,
14460,"Boston-Cambridge-Newton, MA-NH",2010,0.2184075967859751,0.24853515625,,,0.2184075967859751,,0.24853515625,
14460,"Boston-Cambridge-Newton, MA-NH",2011,-0.07988609112709832,-0.09229565897536174,,,-0.07988609112709832,,-0.09229565897536174,
14460,"Boston-Cambridge-Newton, MA-NH",2012,0.4417657598957485,0.8483412322274881,,,0.4417657598957485,,0.8483412322274881,
14460,"Boston-Cambridge-Newton, MA-NH",2013,0.3581516212857305,0.5165501165501165,,,0.3581516212857305,,0.5165501165501165,
14460,"Boston-Cambridge-Newton, MA-NH",2014,0.0002495632642876,-0.0036889025514909024,,,0.0002495632642876,,-0.0036889025514909024,
14460,"Boston-Cambridge-Newton, MA-NH",2015,0.25049900199600805,0.4598889231718606,,,0.25049900199600805,,0.4598889231718606,
14460,"Boston-Cambridge-Newton, MA-NH",2016,-0.11898111199787176,-0.24231216316178805,-0.0009733418884117573,-0.001217717016462045,-0.11898111199787176,-0.0009733418884117573,-0.24231216316178805,-0.001217717016462045
14460,"Boston-Cambridge-Newton, MA-NH",2017,0.1139880727711935,0.25885634588563455,0.0006778467828977052,0.0008980647306823428,0.1139880727711935,0.0006778467828977052,0.25885634588563455,0.0008980647306823428
14460,"Boston-Cambridge-Newton, MA-NH",2018,-0.03889679474147867,-0.07334367383115448,-0.0003594586068989608,-0.0003774129162948045,-0.03889679474147867,-0.0003594586068989608,-0.07334367383115448,-0.0003774129162948045
14460,"Boston-Cambridge-Newton, MA-NH",2019,0.06380878516533883,0.1871114299378287,0.0004108656701589334,0.0007616313062126321,0.06380878516533883,0.0004108656701589334,0.1871114299378287,0.0007616313062126321
14460,"Boston-Cambridge-Newton, MA-NH",2020,-0.05567338282078471,-0.10162151274045728,,,-0.05567338282078471,,-0.10162151274045728,
14460,"Boston-Cambridge-Newton, MA-NH",2021,0.16521617069062322,0.2234304932735427,,,0.16521617069062322,,0.2234304932735427,
14460,"Boston-Cambridge-Newton, MA-NH",2022,-0.18112275629442232,-0.20067809035095763,-0.0015177634499877425,-0.0011010561390230843,-0.18112275629442232,-0.0015177634499877425,-0.20067809035095763,-0.0011010561390230843
14460,"Boston-Cambridge-Newton, MA-NH",2023,-0.20397204854726003,-0.2308838702281325,-0.0013623767103935923,-0.0009874576043362301,-0.20397204854726003,-0.0013623767103935923,-0.2308838702281325,-0.0009874576043362301
14460,"Boston-Cambridge-Newton, MA-NH",2024,0.038163001293661125,0.02056938440900291,0.0001732736954400708,5.071908486378772e-05,0.038163001293661125,0.0001732736954400708,0.02056938440900291,5.071908486378772e-05
14460,"Boston-Cambridge-Newton, MA-NH",2025,-0.10351579884290163,-0.16824886811742368,,,-0.10351579884290163,,-0.16824886811742368,
14860,"Bridgeport-Stamford-Danbury, CT",2023,,,,,,,,
14860,"Bridgeport-Stamford-Danbury, CT",2024,0.23354838709677428,0.2883317261330762,0.0009324214301999175,0.0007729770176676419,0.23354838709677428,0.0009324214301999175,0.2883317261330762,0.0007729770176676419
14860,"Bridgeport-Stamford-Danbury, CT",2025,0.8190376569037656,1.1452095808383231,,,0.7976259785133746,,1.1452095808383231,
15380,"Buffalo-Cheektowaga, NY",1990,,,,,,,,
15380,"Buffalo-Cheektowaga, NY",1991,-0.25357142857142856,-0.37603305785123964,,,-0.25357142857142856,,-0.37603305785123964,
15380,"Buffalo-Cheektowaga, NY",1992,0.27603974972396017,1.5927152317880795,,,0.27603974972396017,,1.5927152317880795,
15380,"Buffalo-Cheektowaga, NY",1993,-0.20680703778482834,-0.8365261813537676,,,-0.20680703778482834,,-0.8365261813537676,
15380,"Buffalo-Cheektowaga, NY",1994,0.1080000000000001,3.3828125,,,0.1080000000000001,,3.3828125,
15380,"Buffalo-Cheektowaga, NY",1995,-0.21660649819494582,-0.5294117647058824,,,-0.21660649819494582,,-0.5294117647058824,
15380,"Buffalo-Cheektowaga, NY",1996,0.2454964390448262,2.3068181818181817,,,0.2454964390448262,,2.3068181818181817,
15380,"Buffalo-Cheektowaga, NY",1997,-0.0780356542213253,0.163802978235968,,,-0.0780356542213253,,0.163802978235968,
15380,"Buffalo-Cheektowaga, NY",1998,0.05144107989784752,-0.038385826771653586,,,0.05144107989784752,,-0.038385826771653586,
15380,"Buffalo-Cheektowaga, NY",1999,-0.07564191533657183,-0.353121801432958,,,-0.07564191533657183,,-0.353121801432958,
15380,"Buffalo-Cheektowaga, NY",2000,0.0030030030030030463,0.16930379746835444,,,0.0030030030030030463,,0.16930379746835444,
15380,"Buffalo-Cheektowaga, NY",2001,0.041916167664670656,-0.1515561569688768,,,0.041916167664670656,,-0.1515561569688768,
15380,"Buffalo-Cheektowaga, NY",2002,0.06321839080459779,-0.4370015948963317,,,0.06321839080459779,,-0.4370015948963317,
15380,"Buffalo-Cheektowaga, NY",2003,-0.011824324324324342,0.29461756373937686,,,-0.011824324324324342,,0.29461756373937686,
15380,"Buffalo-Cheektowaga, NY",2004,-0.14188034188034193,0.3129102844638949,,,-0.14188034188034193,,0.3129102844638949,
15380,"Buffalo-Cheektowaga, NY",2005,-0.1649402390438247,-0.4866666666666667,,,-0.1649402390438247,,-0.4866666666666667,
15380,"Buffalo-Cheektowaga, NY",2006,-0.03482824427480913,0.5129870129870129,,,-0.03482824427480913,,0.5129870129870129,
15380,"Buffalo-Cheektowaga, NY",2007,-0.04498269896193774,0.13733905579399153,,,-0.04498269896193774,,0.13733905579399153,
15380,"Buffalo-Cheektowaga, NY",2008,-0.20082815734989645,-0.14150943396226412,,,-0.20082815734989645,,-0.14150943396226412,
15380,"Buffalo-Cheektowaga, NY",2009,-0.11463730569948183,-0.29670329670329665,,,-0.11463730569948183,,-0.29670329670329665,
15380,"Buffalo-Cheektowaga, NY",2010,0.09583028529626914,0.3187500000000001,,,0.09583028529626914,,0.3187500000000001,
15380,"Buffalo-Cheektowaga, NY",2011,-0.12216288384512686,-0.33886255924170616,,,-0.12216288384512686,,-0.33886255924170616,
15380,"Buffalo-Cheektowaga, NY",2012,-0.04790874524714828,-0.04659498207885304,,,-0.04790874524714828,,-0.04659498207885304,
15380,"Buffalo-Cheektowaga, NY",2013,0.5447284345047922,2.1278195488721803,,,0.5447284345047922,,2.1278195488721803,
15380,"Buffalo-Cheektowaga, NY",2014,-0.028955532574974185,-0.109375,,,-0.028955532574974185,,-0.109375,
15380,"Buffalo-Cheektowaga, NY",2015,-0.10702875399361023,-0.12415654520917674,,,-0.10702875399361023,,-0.12415654520917674,
15380,"Buffalo-Cheektowaga, NY",2016,0.1711389385807991,0.5485362095531587,0.0005468513489409747,0.000681252791056185,0.1711389385807991,0.0005468513489409747,0.5485362095531587,0.000681252791056185
15380,"Buffalo-Cheektowaga, NY",2017,-0.15631364562118122,-0.35422885572139307,-0.0006334265472953448,-0.0007001262908608609,-0.15631364562118122,-0.0006334265472953448,-0.35422885572139307,-0.0007001262908608609
15380,"Buffalo-Cheektowaga, NY",2018,-0.12311406155703075,-0.33436055469953774,-0.00039242183633957615,-0.00041222125988430813,-0.12311406155703075,-0.00039242183633957615,-0.33436055469953774,-0.00041222125988430813
15380,"Buffalo-Cheektowaga, NY",2019,0.16517549896765304,0.7060185185185186,0.00044585814139965017,0.0005722076034001769,0.16517549896765304,0.00044585814139965017,0.7060185185185186,0.0005722076034001769
15380,"Buffalo-Cheektowaga, NY",2020,-0.14707619610159484,-0.36363636363636365,,,-0.14707619610159484,,-0.36363636363636365,
15380,"Buffalo-Cheektowaga, NY",2021,0.07548476454293618,0.010660980810234477,,,0.07548476454293618,,0.010660980810234477,
15380,"Buffalo-Cheektowaga, NY",2022,0.02446877012234383,-0.37341772151898733,6.270889897142841e-05,-0.0003289777062365763,0.02446877012234383,6.270889897142841e-05,-0.37341772151898733,-0.0003289777062365763
15380,"Buffalo-Cheektowaga, NY",2023,-0.207416719044626,0.3602693602693603,-0.0006146865719579581,0.00019571852153931184,-0.207416719044626,-0.0006146865719579581,0.3602693602693603,0.00019571852153931184
15380,"Buffalo-Cheektowaga, NY",2024,0.09040444091990474,0.43069306930693063,0.00020559575426984736,0.000318586037791353,0.09040444091990474,0.00020559575426984736,0.43069306930693063,0.000318586037791353
15380,"Buffalo-Cheektowaga, NY",2025,0.07927272727272738,-0.1349480968858131,,,0.07927272727272738,,-0.1349480968858131,
15980,"Cape Coral-Fort Myers, FL",1990,,,,,,,,
15980,"Cape Coral-Fort Myers, FL",1991,-0.31373346897253307,-0.7326332794830371,,,-0.31373346897253307,,-0.7326332794830371,
15980,"Cape Coral-Fort Myers, FL",1992,0.18855618144085384,0.957703927492447,,,0.18855618144085384,,0.957703927492447,
15980,"Cape Coral-Fort Myers, FL",1993,0.32900972811174856,0.7160493827160495,,,0.32900972811174856,,0.7160493827160495,
15980,"Cape Coral-Fort Myers, FL",1994,-0.0022522522522522292,-0.2329136690647482,,,-0.0022522522522522292,,-0.2329136690647482,
15980,"Cape Coral-Fort Myers, FL",1995,-0.05906696764484576,0.7022274325908557,,,-0.05906696764484576,,0.7022274325908557,
15980,"Cape Coral-Fort Myers, FL",1996,0.14154338264694122,-0.03443526170798894,,,0.14154338264694122,,-0.03443526170798894,
15980,"Cape Coral-Fort Myers, FL",1997,0.032049036777583195,0.19614835948644793,,,0.032049036777583195,,0.19614835948644793,
15980,"Cape Coral-Fort Myers, FL",1998,0.365179025963007,0.8562909958258795,,,0.365179025963007,,0.8562909958258795,
15980,"Cape Coral-Fort Myers, FL",1999,0.09583592293349907,0.036941856729842515,,,0.09583592293349907,,0.036941856729842515,
15980,"Cape Coral-Fort Myers, FL",2000,0.034482758620689724,-0.09200743494423791,,,0.034482758620689724,,-0.09200743494423791,
15980,"Cape Coral-Fort Myers, FL",2001,0.20164473684210527,0.09621289662231325,,,0.20164473684210527,,0.09621289662231325,
15980,"Cape Coral-Fort Myers, FL",2002,0.017063600693493886,-0.14347961406784937,,,0.017063600693493886,,-0.14347961406784937,
15980,"Cape Coral-Fort Myers, FL",2003,0.4063341108917997,0.4356831395348837,,,0.4063341108917997,,0.4356831395348837,
15980,"Cape Coral-Fort Myers, FL",2004,0.3011164274322169,0.015945330296127658,,,0.3011164274322169,,0.015945330296127658,
15980,"Cape Coral-Fort Myers, FL",2005,0.4380975729345429,0.718236173393124,,,0.434079602881149,,0.718236173393124,
15980,"Cape Coral-Fort Myers, FL",2006,-0.3608591885441528,-0.44628099173553715,,,-0.3608591885441528,,-0.44628099173553715,
15980,"Cape Coral-Fort Myers, FL",2007,-0.6849994665528646,-0.6142969363707778,,,-0.648630436745943,,-0.6142969363707778,
15980,"Cape Coral-Fort Myers, FL",2008,-0.7287044877222693,-0.7746096401900883,,,-0.7273076964491509,,-0.7746096401900883,
15980,"Cape Coral-Fort Myers, FL",2009,-0.4107365792759051,-0.9578313253012049,,,-0.4107365792759051,,-0.9578313253012049,
15980,"Cape Coral-Fort Myers, FL",2010,0.35169491525423724,5.071428571428571,,,0.35169491525423724,,5.071428571428571,
15980,"Cape Coral-Fort Myers, FL",2011,0.24373040752351094,2.0941176470588236,,,0.24373040752351094,,2.0941176470588236,
15980,"Cape Coral-Fort Myers, FL",2012,0.2873345935727789,-0.5399239543726235,,,0.2873345935727789,,-0.5399239543726235,
15980,"Cape Coral-Fort Myers, FL",2013,0.5545766030347528,2.6115702479338845,,,0.5545766030347528,,2.6115702479338845,
15980,"Cape Coral-Fort Myers, FL",2014,0.28935768261964734,0.7162471395881007,,,0.28935768261964734,,0.7162471395881007,
15980,"Cape Coral-Fort Myers, FL",2015,0.6798534798534799,2.7893333333333334,,,0.6798534798534799,,2.7893333333333334,
15980,"Cape Coral-Fort Myers, FL",2016,-0.21253089111789503,-0.6611541168191415,-0.004081265737140788,-0.004996883578852428,-0.21253089111789503,-0.004081265737140788,-0.6611541168191415,-0.004996883578852428
15980,"Cape Coral-Fort Myers, FL",2017,0.2837363854532029,0.7653167185877465,0.003616745722301735,0.0018222406222445876,0.2837363854532029,0.003616745722301735,0.7653167185877465,0.0018222406222445876
15980,"Cape Coral-Fort Myers, FL",2018,0.3979004889272362,0.898235294117647,0.006635243259559307,0.003749876246945375,0.3979004889272362,0.006635243259559307,0.898235294117647,0.003749876246945375
15980,"Cape Coral-Fort Myers, FL",2019,-0.0633679662586154,-0.08707778122094822,-0.0020331485654953643,-0.0008621947204939815,-0.0633679662586154,-0.0020331485654953643,-0.08707778122094822,-0.0008621947204939815
15980,"Cape Coral-Fort Myers, FL",2020,0.17221306974189998,0.11642905634759004,,,0.17221306974189998,,0.11642905634759004,
15980,"Cape Coral-Fort Myers, FL",2021,0.2549423779630844,-0.472484037701429,,,0.2549423779630844,,-0.472484037701429,
15980,"Cape Coral-Fort Myers, FL",2022,0.016947887113633042,1.3671469740634006,-0.00041669175702568895,0.0052450780792105845,0.016947887113633042,-0.00041669175702568895,1.3671469740634006,0.005242312956293237
15980,"Cape Coral-Fort Myers, FL",2023,-0.004772043168636664,0.11589968346725099,-0.0008269207374413008,0.0008468772031180998,-0.004772043168636664,-0.0008269207374413008,0.11589968346725099,0.0008468772031180998
15980,"Cape Coral-Fort Myers, FL",2024,0.13683977574505746,0.022474361771765317,0.0031452970092828506,-6.339978534105999e-05,0.13683977574505746,0.0031452970092828506,0.022474361771765317,-6.339978534105999e-05
15980,"Cape Coral-Fort Myers, FL",2025,-0.12095256634871199,-0.2776355100298762,,,-0.12095256634871199,,-0.2776355100298762,
16700,"Charleston-North Charleston, SC",1990,,,,,,,,
16700,"Charleston-North Charleston, SC",1991,-0.16657255787690572,-0.8487584650112867,,,-0.16657255787690572,,-0.8487584650112867,
16700,"Charleston-North Charleston, SC",1992,0.15108401084010836,7.074626865671641,,,0.15108401084010836,,7.074626865671641,
16700,"Charleston-North Charleston, SC",1993,-0.1698057680988817,-0.7855822550831792,,,-0.1698057680988817,,-0.7855822550831792,
16700,"Charleston-North Charleston, SC",1994,-0.0528181495923431,-0.35344827586206895,,,-0.0528181495923431,,-0.35344827586206895,
16700,"Charleston-North Charleston, SC",1995,-0.15344311377245512,-0.3866666666666667,,,-0.15344311377245512,,-0.3866666666666667,
16700,"Charleston-North Charleston, SC",1996,0.23430592396109629,2.739130434782609,,,0.23430592396109629,,2.7339130434782604,
16700,"Charleston-North Charleston, SC",1997,0.1998567335243553,1.1453488372093021,,,0.1998567335243553,,1.1453488372093021,
16700,"Charleston-North Charleston, SC",1998,0.5743283582089551,3.8075880758807585,,,0.5687036081727282,,3.8075880758807585,
16700,"Charleston-North Charleston, SC",1999,0.1099734546833524,-0.18038331454340473,,,0.1099734546833524,,-0.18038331454340473,
16700,"Charleston-North Charleston, SC",2000,-0.07977451315339934,-0.09903713892709765,,,-0.07977451315339934,,-0.09903713892709765,
16700,"Charleston-North Charleston, SC",2001,-0.13049935028772974,-0.5801526717557253,,,-0.13049935028772974,,-0.5801526717557253,
16700,"Charleston-North Charleston, SC",2002,0.27711357813834336,0.5527272727272727,,,0.27711357813834336,,0.5527272727272727,
16700,"Charleston-North Charleston, SC",2003,0.23604145770645268,1.1475409836065573,,,0.23604145770645268,,1.1475409836065573,
16700,"Charleston-North Charleston, SC",2004,0.1233432512848256,-0.5239912758996729,,,0.1233432512848256,,-0.5239912758996729,
16700,"Charleston-North Charleston, SC",2005,0.3024319768841801,1.8052691867124855,,,0.3024319768841801,,1.8052691867124855,
16700,"Charleston-North Charleston, SC",2006,-0.16130523202070624,-0.3356472029399755,,,-0.16130523202070624,,-0.3356472029399755,
16700,"Charleston-North Charleston, SC",2007,-0.2527278739116059,-0.2944068838352797,,,-0.2527278739116059,,-0.2944068838352797,
16700,"Charleston-North Charleston, SC",2008,-0.23716814159292032,0.23257839721254348,,,-0.23716814159292032,,0.23257839721254348,
16700,"Charleston-North Charleston, SC",2009,-0.42981438515081205,-0.8508833922261484,,,-0.42981438515081205,,-0.8508833922261484,
16700,"Charleston-North Charleston, SC",2010,0.03763987792472023,0.2037914691943128,,,0.03763987792472023,,0.2037914691943128,
16700,"Charleston-North Charleston, SC",2011,0.24901960784313726,3.8228346456692917,,,0.24901960784313726,,3.8228346456692917,
16700,"Charleston-North Charleston, SC",2012,0.20172684458398749,0.16163265306122443,,,0.20172684458398749,,0.16163265306122443,
16700,"Charleston-North Charleston, SC",2013,0.17940344001741781,0.12579058327477166,,,0.17940344001741781,,0.12579058327477166,
16700,"Charleston-North Charleston, SC",2014,0.13623776998338566,0.2553058676654183,,,0.13623776998338566,,0.2553058676654183,
16700,"Charleston-North Charleston, SC",2015,0.07067424857839155,-0.03630034808552962,,,0.07067424857839155,,-0.03630034808552962,
16700,"Charleston-North Charleston, SC",2016,0.058270106221547824,0.11403508771929816,0.0008076205719220117,0.0005706628092748299,0.058270106221547824,0.0008076205719220117,0.11403508771929816,0.0005706628092748299
16700,"Charleston-North Charleston, SC",2017,0.04201319185546315,0.17322834645669283,0.00034493505825488463,0.0009583314891272558,0.04201319185546315,0.00034493505825488463,0.17322834645669283,0.0009583314891272558
16700,"Charleston-North Charleston, SC",2018,-0.03646621714600251,-0.13185945519147257,-0.0012204546735114369,-0.0011370905632860657,-0.03646621714600251,-0.0012204546735114369,-0.13185945519147257,-0.0011370905632860657
16700,"Charleston-North Charleston, SC",2019,-0.043844615824050304,-0.1305138699408822,-0.0012673730007630203,-0.0009490249145811041,-0.043844615824050304,-0.0012673730007630203,-0.1305138699408822,-0.0009490249145811041
16700,"Charleston-North Charleston, SC",2020,0.2851381628080658,0.45345188284518834,,,0.2851381628080658,,0.45345188284518834,
16700,"Charleston-North Charleston, SC",2021,-0.03742445374244541,-0.1572508096437567,,,-0.03742445374244541,,-0.1572508096437567,
16700,"Charleston-North Charleston, SC",2022,0.14597923206954833,0.3356105892399659,0.0027220016928174266,0.0019442220849895516,0.14597923206954833,0.0027220016928174266,0.3356105892399659,0.0019442220849895516
16700,"Charleston-North Charleston, SC",2023,-0.09672321146349172,-0.3372762148337596,-0.0029437170982184215,-0.0029147778311779515,-0.09672321146349172,-0.0029437170982184215,-0.3372762148337596,-0.0029147778311779515
16700,"Charleston-North Charleston, SC",2024,-0.006882071620202934,-0.30680173661360344,-0.000602378954212935,-0.0017195877268766204,-0.006882071620202934,-0.000602378954212935,-0.30680173661360344,-0.0017195877268766204
16700,"Charleston-North Charleston, SC",2025,-0.1441155743481325,-0.06958942240779398,,,-0.1441155743481325,,-0.06958942240779398,
16740,"Charlotte-Concord-Gastonia, NC-SC",1990,,,,,,,,
16740,"Charlotte-Concord-Gastonia, NC-SC",1991,-0.20212676175204658,-0.5416811998604814,,,-0.20212676175204658,,-0.5416811998604814,
16740,"Charlotte-Concord-Gastonia, NC-SC",1992,0.134863549820182,-0.2199391171993912,,,0.134863549820182,,-0.2199391171993912,
16740,"Charlotte-Concord-Gastonia, NC-SC",1993,0.12256501071861314,0.30243902439024395,,,0.12256501071861314,,0.30243902439024395,
16740,"Charlotte-Concord-Gastonia, NC-SC",1994,0.265111258718034,1.6764044943820227,,,0.265111258718034,,1.6764044943820227,
16740,"Charlotte-Concord-Gastonia, NC-SC",1995,-0.0014438537769901894,0.011754827875734675,,,-0.0014438537769901894,,0.011754827875734675,
16740,"Charlotte-Concord-Gastonia, NC-SC",1996,0.3486690765691751,0.6976486860304287,,,0.3486690765691751,,0.6976486860304287,
16740,"Charlotte-Concord-Gastonia, NC-SC",1997,-0.033479532163742665,-0.19227635652598984,,,-0.033479532163742665,,-0.19227635652598984,
16740,"Charlotte-Concord-Gastonia, NC-SC",1998,0.12806937931729956,-0.10308654428081498,,,0.12806937931729956,,-0.10308654428081498,
16740,"Charlotte-Concord-Gastonia, NC-SC",1999,0.20359361730657488,0.5425101214574899,,,0.20359361730657488,,0.5425101214574899,
16740,"Charlotte-Concord-Gastonia, NC-SC",2000,-0.025401069518716568,0.1150481189851269,,,-0.025401069518716568,,0.1150481189851269,
16740,"Charlotte-Concord-Gastonia, NC-SC",2001,-0.056279530559365964,-0.2744867268209755,,,-0.056279530559365964,,-0.2744867268209755,
16740,"Charlotte-Concord-Gastonia, NC-SC",2002,-0.06633827270157866,-0.3689617880317232,,,-0.06633827270157866,,-0.3689617880317232,
16740,"Charlotte-Concord-Gastonia, NC-SC",2003,-0.021838782217609376,-0.0876892316481005,,,-0.021838782217609376,,-0.0876892316481005,
16740,"Charlotte-Concord-Gastonia, NC-SC",2004,0.14346345992307352,0.28522229179711966,,,0.14346345992307352,,0.28522229179711966,
16740,"Charlotte-Concord-Gastonia, NC-SC",2005,0.03081503247757511,-0.1990255785627284,,,0.03081503247757511,,-0.1990255785627284,
16740,"Charlotte-Concord-Gastonia, NC-SC",2006,0.10329695060200295,0.5544403892944039,,,0.10329695060200295,,0.5544403892944039,
16740,"Charlotte-Concord-Gastonia, NC-SC",2007,-0.10355260921298659,0.10252396791234597,,,-0.10355260921298659,,0.10252396791234597,
16740,"Charlotte-Concord-Gastonia, NC-SC",2008,-0.4291782016762107,-0.15190771960958294,,,-0.4291782016762107,,-0.15190771960958294,
16740,"Charlotte-Concord-Gastonia, NC-SC",2009,-0.4562848790858358,-0.4574178698472484,,,-0.4562848790858358,,-0.4574178698472484,
16740,"Charlotte-Concord-Gastonia, NC-SC",2010,-0.25061094819159335,-0.7308137292711145,,,-0.25061094819159335,,-0.7308137292711145,
16740,"Charlotte-Concord-Gastonia, NC-SC",2011,0.16468286319908687,0.9512893982808024,,,0.16468286319908687,,0.9512893982808024,
16740,"Charlotte-Concord-Gastonia, NC-SC",2012,0.8558028839423211,2.9713656387665197,,,0.8558028839423211,,2.9713656387665197,
16740,"Charlotte-Concord-Gastonia, NC-SC",2013,0.2732347616173809,0.029765206137918332,,,0.2732347616173809,,0.029765206137918332,
16740,"Charlotte-Concord-Gastonia, NC-SC",2014,0.10024884464983996,0.27468581687612215,,,0.10024884464983996,,0.27468581687612215,
16740,"Charlotte-Concord-Gastonia, NC-SC",2015,0.05433494884221868,-0.031549295774647934,,,0.05433494884221868,,-0.031549295774647934,
16740,"Charlotte-Concord-Gastonia, NC-SC",2016,0.05291383625312829,-0.06515415939499714,0.0007022493945475425,-0.0005492526065686756,0.05291383625312829,0.0007022493945475425,-0.06515415939499714,-0.0005492526065686756
16740,"Charlotte-Concord-Gastonia, NC-SC",2017,0.11142372059180206,0.16801493466085882,0.0018454257806828633,0.0009255906212833525,0.11142372059180206,0.0018454257806828633,0.16801493466085882,0.0009255906212833525
16740,"Charlotte-Concord-Gastonia, NC-SC",2018,0.1458624301675977,0.2839637719765584,0.002706721324774279,0.0018648988854157193,0.1458624301675977,0.002706721324774279,0.2839637719765584,0.0018648988854157193
16740,"Charlotte-Concord-Gastonia, NC-SC",2019,-0.06159061476346461,-0.14543568464730294,-0.0020488958583060567,-0.0014974645692560594,-0.06159061476346461,-0.0020488958583060567,-0.14543568464730294,-0.0014974645692560594
16740,"Charlotte-Concord-Gastonia, NC-SC",2020,0.07756626212607065,-0.18378247147365867,,,0.07756626212607065,,-0.18378247147365867,
16740,"Charlotte-Concord-Gastonia, NC-SC",2021,0.13477474762693986,0.3661511005353957,,,0.13477474762693986,,0.3661511005353957,
16740,"Charlotte-Concord-Gastonia, NC-SC",2022,-0.0967270795990175,-0.1297626823426954,-0.0030435827005873203,-0.0011888772553756595,-0.0967270795990175,-0.0030435827005873203,-0.1297626823426954,-0.0011888772553756595
16740,"Charlotte-Concord-Gastonia, NC-SC",2023,0.08110392473908568,0.2668251188391293,0.0013352774656245625,0.0016399868813252554,0.08110392473908568,0.0013352774656245625,0.2668251188391293,0.0016399868813252554
16740,"Charlotte-Concord-Gastonia, NC-SC",2024,-0.11842686699072025,-0.3258615582107238,-0.0034295829027326877,-0.0029054010088176464,-0.11842686699072025,-0.0034295829027326877,-0.3258615582107238,-0.0029054010088176464
16740,"Charlotte-Concord-Gastonia, NC-SC",2025,-0.14274146905725849,-0.14750256335139889,,,-0.14274146905725849,,-0.14750256335139889,
16860,"Chattanooga, TN-GA",1990,,,,,,,,
16860,"Chattanooga, TN-GA",1991,0.027925531914893664,0.08860759493670889,,,0.027925531914893664,,0.08860759493670889,
16860,"Chattanooga, TN-GA",1992,0.14747736093143593,-0.2325581395348837,,,0.14747736093143593,,-0.2325581395348837,
16860,"Chattanooga, TN-GA",1993,0.0969560315670801,0.40909090909090917,,,0.0969560315670801,,0.40909090909090917,
16860,"Chattanooga, TN-GA",1994,0.36947584789311416,1.225806451612903,,,0.36947584789311416,,1.225806451612903,
16860,"Chattanooga, TN-GA",1995,-0.07579737335834902,-0.6038647342995169,,,-0.07579737335834902,,-0.6038647342995169,
16860,"Chattanooga, TN-GA",1996,0.09419407226958998,-0.6341463414634146,,,0.09419407226958998,,-0.6341463414634146,
16860,"Chattanooga, TN-GA",1997,0.10389610389610393,16.966666666666665,,,0.10389610389610393,,13.55086956521738,
16860,"Chattanooga, TN-GA",1998,-0.0763025210084034,-0.6307977736549165,,,-0.0763025210084034,,-0.6307977736549165,
16860,"Chattanooga, TN-GA",1999,-0.01091703056768556,0.7688442211055277,,,-0.01091703056768556,,0.7688442211055277,
16860,"Chattanooga, TN-GA",2000,-0.06806475349521712,-0.23579545454545459,,,-0.06806475349521712,,-0.23579545454545459,
16860,"Chattanooga, TN-GA",2001,0.13699170943545202,0.721189591078067,,,0.13699170943545202,,0.721189591078067,
16860,"Chattanooga, TN-GA",2002,0.018750000000000044,-0.4665226781857451,,,0.018750000000000044,,-0.4665226781857451,
16860,"Chattanooga, TN-GA",2003,0.11315610088616213,0.23886639676113353,,,0.11315610088616213,,0.23886639676113353,
16860,"Chattanooga, TN-GA",2004,0.08940600122473974,-0.05555555555555558,,,0.08940600122473974,,-0.05555555555555558,
16860,"Chattanooga, TN-GA",2005,0.06745362563237767,0.1384083044982698,,,0.06745362563237767,,0.1384083044982698,
16860,"Chattanooga, TN-GA",2006,-0.09031068983675616,-0.2644376899696048,,,-0.09031068983675616,,-0.2644376899696048,
16860,"Chattanooga, TN-GA",2007,-0.22228654124457303,0.9421487603305785,,,-0.22228654124457303,,0.9421487603305785,
16860,"Chattanooga, TN-GA",2008,-0.42538146631931517,-0.672340425531915,,,-0.42538146631931517,,-0.672340425531915,
16860,"Chattanooga, TN-GA",2009,-0.27072538860103623,-0.564935064935065,,,-0.27072538860103623,,-0.564935064935065,
16860,"Chattanooga, TN-GA",2010,-0.035523978685612745,0.029850746268656803,,,-0.035523978685612745,,0.029850746268656803,
16860,"Chattanooga, TN-GA",2011,0.225598526703499,3.884057971014493,,,0.225598526703499,,3.884057971014493,
16860,"Chattanooga, TN-GA",2012,-0.012021036814425234,-0.655786350148368,,,-0.012021036814425234,,-0.655786350148368,
16860,"Chattanooga, TN-GA",2013,0.47680608365019017,4.560344827586207,,,0.47680608365019017,,4.560344827586207,
16860,"Chattanooga, TN-GA",2014,0.20803295571575697,0.6837209302325582,,,0.20803295571575697,,0.6837209302325582,
16860,"Chattanooga, TN-GA",2015,-0.10784313725490191,-0.5046040515653776,,,-0.10784313725490191,,-0.5046040515653776,
16860,"Chattanooga, TN-GA",2016,0.1882465360726231,0.26765799256505574,0.0015360807461866112,0.0005714568350931003,0.1882465360726231,0.0015360807461866112,0.26765799256505574,0.0005714568350931003
16860,"Chattanooga, TN-GA",2017,0.0579010856453559,-0.030791788856304958,0.0005001224346436184,-0.0001107156428680799,0.0579010856453559,0.0005001224346436184,-0.030791788856304958,-0.0001107156428680799
16860,"Chattanooga, TN-GA",2018,-0.15355378183200308,-0.7609682299546142,-0.0017118348397219766,-0.002065128757527935,-0.15355378183200308,-0.0017118348397219766,-0.7609682299546142,-0.002065128757527935
16860,"Chattanooga, TN-GA",2019,0.21104625056129311,3.253164556962025,0.001637786659443849,0.002024366913954125,0.21104625056129311,0.001637786659443849,3.253164556962025,0.002024366913954125
16860,"Chattanooga, TN-GA",2020,0.13496477567667786,0.014880952380952328,,,0.13496477567667786,,0.014880952380952328,
16860,"Chattanooga, TN-GA",2021,0.19993466187520426,0.5043988269794721,,,0.19993466187520426,,0.5043988269794721,
16860,"Chattanooga, TN-GA",2022,-0.16117615028586985,-0.30409356725146197,-0.002547793774725582,-0.0012876301231041893,-0.16117615028586985,-0.002547793774725582,-0.30409356725146197,-0.0012876301231041893
16860,"Chattanooga, TN-GA",2023,-0.021097046413502074,-0.26190476190476186,-0.00042142243524222363,-0.0007635178230778338,-0.021097046413502074,-0.00042142243524222363,-0.26190476190476186,-0.0007635178230778338
16860,"Chattanooga, TN-GA",2024,0.19164456233421756,0.2998102466793169,0.0020591017697764447,0.0005777083745851885,0.19164456233421756,0.0020591017697764447,0.2998102466793169,0.0005777083745851885
16860,"Chattanooga, TN-GA",2025,-0.1769616026711185,-0.7678832116788321,,,-0.1769616026711185,,-0.7678832116788321,
16980,"Chicago-Naperville-Elgin, IL-IN",1990,,,,,,,,
16980,"Chicago-Naperville-Elgin, IL-IN",1991,-0.1406466512702078,-0.2884879987769454,,,-0.1406466512702078,,-0.2884879987769454,
16980,"Chicago-Naperville-Elgin, IL-IN",1992,0.19322762698199414,-0.02900730554361841,,,0.19322762698199414,,-0.02900730554361841,
16980,"Chicago-Naperville-Elgin, IL-IN",1993,0.09433719433719423,-0.15313122372206245,,,0.09433719433719423,,-0.15313122372206245,
16980,"Chicago-Naperville-Elgin, IL-IN",1994,0.09637774902975416,0.4405539587143976,,,0.09637774902975416,,0.4405539587143976,
16980,"Chicago-Naperville-Elgin, IL-IN",1995,-0.03665862161437383,0.09105750045347372,,,-0.03665862161437383,,0.09105750045347372,
16980,"Chicago-Naperville-Elgin, IL-IN",1996,0.047323441806085276,0.2186201163757273,,,0.047323441806085276,,0.2186201163757273,
16980,"Chicago-Naperville-Elgin, IL-IN",1997,-0.08622385243069397,-0.05402455661664396,,,-0.08622385243069397,,-0.05402455661664396,
16980,"Chicago-Naperville-Elgin, IL-IN",1998,0.07696558945868115,-0.020046149408710745,,,0.07696558945868115,,-0.020046149408710745,
16980,"Chicago-Naperville-Elgin, IL-IN",1999,0.15986495611073592,0.4473877851361294,,,0.15986495611073592,,0.4473877851361294,
16980,"Chicago-Naperville-Elgin, IL-IN",2000,-0.034184053651266755,-0.049720386375190606,,,-0.034184053651266755,,-0.049720386375190606,
16980,"Chicago-Naperville-Elgin, IL-IN",2001,0.06852155463400522,0.19141878878664675,,,0.06852155463400522,,0.19141878878664675,
16980,"Chicago-Naperville-Elgin, IL-IN",2002,0.08391624170765821,0.11836551414458918,,,0.08391624170765821,,0.11836551414458918,
16980,"Chicago-Naperville-Elgin, IL-IN",2003,0.009804942023856622,-0.14486469123905887,,,0.009804942023856622,,-0.14486469123905887,
16980,"Chicago-Naperville-Elgin, IL-IN",2004,-0.046858250185536354,-0.21870598178232703,,,-0.046858250185536354,,-0.21870598178232703,
16980,"Chicago-Naperville-Elgin, IL-IN",2005,0.14216502649507956,0.49170673076923066,,,0.14216502649507956,,0.49170673076923066,
16980,"Chicago-Naperville-Elgin, IL-IN",2006,-0.13244205423420696,0.21722665377487704,,,-0.13244205423420696,,0.21722665377487704,
16980,"Chicago-Naperville-Elgin, IL-IN",2007,-0.27061596891779804,-0.07380684450916797,,,-0.27061596891779804,,-0.07380684450916797,
16980,"Chicago-Naperville-Elgin, IL-IN",2008,-0.5281003112281542,-0.45604631217838765,,,-0.5281003112281542,,-0.45604631217838765,
16980,"Chicago-Naperville-Elgin, IL-IN",2009,-0.6244530407762066,-0.8110629352253318,,,-0.6244530407762066,,-0.8110629352253318,
16980,"Chicago-Naperville-Elgin, IL-IN",2010,0.18524147247551492,0.8484005563282337,,,0.18524147247551492,,0.8484005563282337,
16980,"Chicago-Naperville-Elgin, IL-IN",2011,0.04943724177233233,0.14823175319789317,,,0.04943724177233233,,0.14823175319789317,
16980,"Chicago-Naperville-Elgin, IL-IN",2012,0.239342926961716,0.04325032765399728,,,0.239342926961716,,0.04325032765399728,
16980,"Chicago-Naperville-Elgin, IL-IN",2013,0.25139664804469275,0.19472361809045236,,,0.25139664804469275,,0.19472361809045236,
16980,"Chicago-Naperville-Elgin, IL-IN",2014,0.34908963585434183,0.9129863301787593,,,0.34908963585434183,,0.9129863301787593,
16980,"Chicago-Naperville-Elgin, IL-IN",2015,0.007331949130547688,-0.005496770647244742,,,0.007331949130547688,,-0.005496770647244742,
16980,"Chicago-Naperville-Elgin, IL-IN",2016,0.25043478260869567,0.47657869282852006,0.001023988102779855,0.0009126905358714254,0.25043478260869567,0.001023988102779855,0.47657869282852006,0.0009126905358714254
16980,"Chicago-Naperville-Elgin, IL-IN",2017,0.1297584093133468,0.18772225341568416,0.0006499503102752524,0.0005219689250055694,0.1297584093133468,0.0006499503102752524,0.18772225341568416,0.0005219689250055694
16980,"Chicago-Naperville-Elgin, IL-IN",2018,-0.2080065657486777,-0.3612511818468327,-0.001228183520574389,-0.0012242431082639229,-0.2080065657486777,-0.001228183520574389,-0.3612511818468327,-0.0012242431082639229
16980,"Chicago-Naperville-Elgin, IL-IN",2019,0.0017846862406447617,0.10349081041075614,-4.912495906794073e-06,0.0002147719186562677,0.0017846862406447617,-4.912495906794073e-06,0.10349081041075614,0.0002147719186562677
16980,"Chicago-Naperville-Elgin, IL-IN",2020,-0.15125567496120917,-0.32707355242566505,,,-0.15125567496120917,,-0.32707355242566505,
16980,"Chicago-Naperville-Elgin, IL-IN",2021,0.18755501388042517,0.12392026578073079,,,0.18755501388042517,,0.12392026578073079,
16980,"Chicago-Naperville-Elgin, IL-IN",2022,-0.0104909059809567,0.19080697605675434,-6.375249674479225e-05,0.0003245339971698611,-0.0104909059809567,-6.375249674479225e-05,0.19080697605675434,0.0003245339971698611
16980,"Chicago-Naperville-Elgin, IL-IN",2023,-0.1471622010947854,-0.31674320466674943,-0.0006688049781465861,-0.0006594255829868985,-0.1471622010947854,-0.0006688049781465861,-0.31674320466674943,-0.0006594255829868985
16980,"Chicago-Naperville-Elgin, IL-IN",2024,0.22045807715694887,0.4203451407811081,0.000822810154236239,0.0005864105000906981,0.22045807715694887,0.000822810154236239,0.4203451407811081,0.0005864105000906981
16980,"Chicago-Naperville-Elgin, IL-IN",2025,-0.12655004428697958,-0.31909451336488037,,,-0.12655004428697958,,-0.31909451336488037,
17140,"Cincinnati, OH-KY-IN",1990,,,,,,,,
17140,"Cincinnati, OH-KY-IN",1991,0.07632614010842986,0.06510015408320502,,,0.07632614010842986,,0.06510015408320502,
17140,"Cincinnati, OH-KY-IN",1992,0.14024691358024688,-0.04556962025316458,,,0.14024691358024688,,-0.04556962025316458,
17140,"Cincinnati, OH-KY-IN",1993,0.022347336509311422,-0.16635089048882157,,,0.022347336509311422,,-0.16635089048882157,
17140,"Cincinnati, OH-KY-IN",1994,0.03727865796831309,0.21045454545454545,,,0.03727865796831309,,0.21045454545454545,
17140,"Cincinnati, OH-KY-IN",1995,-0.0693457485910316,0.03604956815621474,,,-0.0693457485910316,,0.03604956815621474,
17140,"Cincinnati, OH-KY-IN",1996,0.09434790240477442,-0.15766582094961945,,,0.09434790240477442,,-0.15766582094961945,
17140,"Cincinnati, OH-KY-IN",1997,-0.027107225920282252,0.09036144578313254,,,-0.027107225920282252,,0.09036144578313254,
17140,"Cincinnati, OH-KY-IN",1998,0.0035446377050531996,-0.2628255722178374,,,0.0035446377050531996,,-0.2628255722178374,
17140,"Cincinnati, OH-KY-IN",1999,0.2782158698866437,1.1076017130620985,,,0.2782158698866437,,1.1076017130620985,
17140,"Cincinnati, OH-KY-IN",2000,-0.21618147933937404,-0.42011684023368046,,,-0.21618147933937404,,-0.42011684023368046,
17140,"Cincinnati, OH-KY-IN",2001,0.027711732393211452,-0.08541392904073586,,,0.027711732393211452,,-0.08541392904073586,
17140,"Cincinnati, OH-KY-IN",2002,0.022736338252892008,-0.0818965517241379,,,0.022736338252892008,,-0.0818965517241379,
17140,"Cincinnati, OH-KY-IN",2003,0.028159126365054687,-0.047470005216484035,,,0.028159126365054687,,-0.047470005216484035,
17140,"Cincinnati, OH-KY-IN",2004,-0.01001441468780817,-0.05476451259583792,,,-0.01001441468780817,,-0.05476451259583792,
17140,"Cincinnati, OH-KY-IN",2005,-0.01011571767951569,0.022595596755504044,,,-0.01011571767951569,,0.022595596755504044,
17140,"Cincinnati, OH-KY-IN",2006,-0.2686382286908725,-0.12464589235127477,,,-0.2686382286908725,,-0.12464589235127477,
17140,"Cincinnati, OH-KY-IN",2007,-0.27130305917222397,-0.24077669902912624,,,-0.27130305917222397,,-0.24077669902912624,
17140,"Cincinnati, OH-KY-IN",2008,-0.41894247530505524,-0.5123614663256607,,,-0.41894247530505524,,-0.5123614663256607,
17140,"Cincinnati, OH-KY-IN",2009,-0.12124999999999997,-0.48426573426573427,,,-0.12124999999999997,,-0.48426573426573427,
17140,"Cincinnati, OH-KY-IN",2010,-0.08790896159317207,-0.05084745762711862,,,-0.08790896159317207,,-0.05084745762711862,
17140,"Cincinnati, OH-KY-IN",2011,0.05084217092950727,1.5714285714285716,,,0.05084217092950727,,1.5714285714285716,
17140,"Cincinnati, OH-KY-IN",2012,0.06975363609379648,0.1972222222222222,,,0.06975363609379648,,0.1972222222222222,
17140,"Cincinnati, OH-KY-IN",2013,0.20144284128745849,0.04640371229698381,,,0.20144284128745849,,0.04640371229698381,
17140,"Cincinnati, OH-KY-IN",2014,0.2096997690531177,1.0210643015521064,,,0.2096997690531177,,1.0210643015521064,
17140,"Cincinnati, OH-KY-IN",2015,-0.10385643375334097,-0.4317059791552387,,,-0.10385643375334097,,-0.4317059791552387,
17140,"Cincinnati, OH-KY-IN",2016,0.25543246697912236,0.6071428571428572,0.0012665422048371566,0.0006697368524120058,0.25543246697912236,0.0012665422048371566,0.6071428571428572,0.0006697368524120058
17140,"Cincinnati, OH-KY-IN",2017,0.10385202782962843,0.12912912912912922,0.0006226104876305497,0.0002207692755430569,0.10385202782962843,0.0006226104876305497,0.12912912912912922,0.0002207692755430569
17140,"Cincinnati, OH-KY-IN",2018,-0.05641813989239042,-0.13989361702127656,-0.00042597832461597606,-0.0002894893495788127,-0.05641813989239042,-0.00042597832461597606,-0.13989361702127656,-0.0002894893495788127
17140,"Cincinnati, OH-KY-IN",2019,-0.02052785923753664,-0.10142238713667284,-0.00016446872181955386,-0.00018133401855165263,-0.02052785923753664,-0.00016446872181955386,-0.10142238713667284,-0.00018133401855165263
17140,"Cincinnati, OH-KY-IN",2020,0.21174318030605455,0.2044046799724708,,,0.21174318030605455,,0.2044046799724708,
17140,"Cincinnati, OH-KY-IN",2021,0.15593685655456424,0.6519999999999999,,,0.15593685655456424,,0.6519999999999999,
17140,"Cincinnati, OH-KY-IN",2022,-0.268851680323002,-0.43964026288481495,-0.0024025220355785347,-0.0013347258465092873,-0.268851680323002,-0.0024025220355785347,-0.43964026288481495,-0.0013347258465092873
17140,"Cincinnati, OH-KY-IN",2023,0.01250609062855279,0.2592592592592593,4.7217518347097455e-05,0.00042318364711663127,0.01250609062855279,4.7217518347097455e-05,0.2592592592592593,0.00042318364711663127
17140,"Cincinnati, OH-KY-IN",2024,0.13715110683349385,0.2553921568627451,0.0008418836883434238,0.0005221091672353122,0.13715110683349385,0.0008418836883434238,0.2553921568627451,0.0005221091672353122
17140,"Cincinnati, OH-KY-IN",2025,0.02468613344618431,-0.027333073018352194,,,0.02468613344618431,,-0.027333073018352194,
17410,"Cleveland, OH",1990,,,,,,,,
17410,"Cleveland, OH",1991,-0.1267294671769208,-0.4667070217917676,,,-0.1267294671769208,,-0.4667070217917676,
17410,"Cleveland, OH",1992,0.17158267318388676,0.1736662883087401,,,0.17158267318388676,,0.1736662883087401,
17410,"Cleveland, OH",1993,-0.032513307437778693,-0.5435203094777563,,,-0.032513307437778693,,-0.5435203094777563,
17410,"Cleveland, OH",1994,0.06200743494423788,0.34745762711864403,,,0.06200743494423788,,0.34745762711864403,
17410,"Cleveland, OH",1995,0.05600672080649671,1.308176100628931,,,0.05600672080649671,,1.308176100628931,
17410,"Cleveland, OH",1996,-0.018960487934234993,-0.3399182561307902,,,-0.018960487934234993,,-0.3399182561307902,
17410,"Cleveland, OH",1997,-0.07338829571563721,-0.26522187822497423,,,-0.07338829571563721,,-0.26522187822497423,
17410,"Cleveland, OH",1998,0.08780630105017506,0.1502808988764044,,,0.08780630105017506,,0.1502808988764044,
17410,"Cleveland, OH",1999,0.06167873424510595,-0.19780219780219777,,,0.06167873424510595,,-0.19780219780219777,
17410,"Cleveland, OH",2000,-0.0650416771912099,0.29984779299847797,,,-0.0650416771912099,,0.29984779299847797,
17410,"Cleveland, OH",2001,-0.031473726867486174,-0.47892271662763464,,,-0.031473726867486174,,-0.47892271662763464,
17410,"Cleveland, OH",2002,0.010460251046025215,-0.24269662921348312,,,0.010460251046025215,,-0.24269662921348312,
17410,"Cleveland, OH",2003,0.017391304347825987,-0.4658753709198813,,,0.017391304347825987,,-0.4658753709198813,
17410,"Cleveland, OH",2004,0.05603038936372262,1.0722222222222224,,,0.05603038936372262,,1.0722222222222224,
17410,"Cleveland, OH",2005,-0.14542651593011302,-0.41554959785522794,,,-0.14542651593011302,,-0.41554959785522794,
17410,"Cleveland, OH",2006,-0.18505712567648824,1.0412844036697249,,,-0.18505712567648824,,1.0412844036697249,
17410,"Cleveland, OH",2007,-0.22339051835454715,-0.10786516853932582,,,-0.22339051835454715,,-0.10786516853932582,
17410,"Cleveland, OH",2008,-0.33444180522565325,-0.07808564231738035,,,-0.33444180522565325,,-0.07808564231738035,
17410,"Cleveland, OH",2009,-0.23804425410421126,-0.39344262295081966,,,-0.23804425410421126,,-0.39344262295081966,
17410,"Cleveland, OH",2010,-0.05292740046838407,-0.6846846846846847,,,-0.05292740046838407,,-0.6846846846846847,
17410,"Cleveland, OH",2011,-0.09446092977250242,1.1285714285714286,,,-0.09446092977250242,,1.1285714285714286,
17410,"Cleveland, OH",2012,0.3200436919716003,1.4563758389261743,,,0.3200436919716003,,1.4563758389261743,
17410,"Cleveland, OH",2013,0.16011584609019436,0.2595628415300546,,,0.16011584609019436,,0.2595628415300546,
17410,"Cleveland, OH",2014,0.06669044222539222,0.12581344902386116,,,0.06669044222539222,,0.12581344902386116,
17410,"Cleveland, OH",2015,0.011701771982614462,-0.36608863198458574,,,0.011701771982614462,,-0.36608863198458574,
17410,"Cleveland, OH",2016,0.0393258426966292,0.036474164133738496,0.00011457025738132289,1.1524770233333934e-05,0.0393258426966292,0.00011457025738132289,0.036474164133738496,1.1524770233333934e-05
17410,"Cleveland, OH",2017,0.05850556438791732,-0.18181818181818177,0.00017836520045275746,-6.19448345718665e-05,0.05850556438791732,0.00017836520045275746,-0.18181818181818177,-6.19448345718665e-05
17410,"Cleveland, OH",2018,-0.07029137879243019,-0.6308243727598566,-0.00023656742848104017,-0.00017471814542871782,-0.07029137879243019,-0.00023656742848104017,-0.6308243727598566,-0.00017471814542871782
17410,"Cleveland, OH",2019,0.024232633279483107,1.8932038834951457,7.062632516345547e-05,0.00019278970351603982,0.024232633279483107,7.062632516345547e-05,1.8932038834951457,0.00019278970351603982
17410,"Cleveland, OH",2020,0.11135646687697154,0.42281879194630867,,,0.11135646687697154,,0.42281879194630867,
17410,"Cleveland, OH",2021,-0.004257734885041109,-0.30188679245283023,,,-0.004257734885041109,,-0.30188679245283023,
17410,"Cleveland, OH",2022,0.11003420752565574,1.3817567567567566,0.00037246432987741995,0.0004010352985704995,0.11003420752565574,0.00037246432987741995,1.3817567567567566,0.0004010352985704995
17410,"Cleveland, OH",2023,-0.06497175141242939,0.2595744680851064,-0.0002565082550816623,0.00017770925314814423,-0.06497175141242939,-0.0002565082550816623,0.2595744680851064,0.00017770925314814423
17410,"Cleveland, OH",2024,0.17797308431749514,0.21171171171171177,0.0006267092283847265,0.00018214118806634432,0.17797308431749514,0.0006267092283847265,0.21171171171171177,0.00018214118806634432
17410,"Cleveland, OH",2025,-0.026812776871065536,0.12825278810408913,,,-0.026812776871065536,,0.12825278810408913,
17820,"Colorado Springs, CO",1990,,,,,,,,
17820,"Colorado Springs, CO",1991,0.17099373321396594,-0.8201438848920863,,,0.17099373321396594,,-0.8201438848920863,
17820,"Colorado Springs, CO",1992,1.3333333333333335,-1.0,,,1.3047960992907792,,-0.9750428921568627,
17820,"Colorado Springs, CO",1993,0.28276539973787673,,,,0.28276539973787673,,,
17820,"Colorado Springs, CO",1994,0.03601532567049803,0.8064516129032258,,,0.03601532567049803,,0.8064516129032258,
17820,"Colorado Springs, CO",1995,0.22978303747534512,10.303571428571429,,,0.22978303747534512,,10.213392857142862,
17820,"Colorado Springs, CO",1996,0.16760224538893342,0.027646129541864184,,,0.16760224538893342,,0.027646129541864184,
17820,"Colorado Springs, CO",1997,-0.11366758241758246,-0.25288239815526514,,,-0.11366758241758246,,-0.25288239815526514,
17820,"Colorado Springs, CO",1998,0.017822549399457488,-0.2973251028806584,,,0.017822549399457488,,-0.2973251028806584,
17820,"Colorado Springs, CO",1999,0.11153406928054821,0.5636896046852122,,,0.11153406928054821,,0.5636896046852122,
17820,"Colorado Springs, CO",2000,0.13561643835616444,0.04681647940074907,,,0.13561643835616444,,0.04681647940074907,
17820,"Colorado Springs, CO",2001,0.10419179734620032,0.5670840787119857,,,0.10419179734620032,,0.5670840787119857,
17820,"Colorado Springs, CO",2002,-0.03564113068414587,-0.03196347031963476,,,-0.03564113068414587,,-0.03196347031963476,
17820,"Colorado Springs, CO",2003,-0.22840555083545733,-0.9027122641509434,,,-0.21984486540459358,,-0.9007265338473776,
17820,"Colorado Springs, CO",2004,0.24169572398605244,0.7333333333333334,,,0.24169572398605244,,0.7333333333333334,
17820,"Colorado Springs, CO",2005,0.03207212533254511,0.32867132867132876,,,0.03207212533254511,,0.32867132867132876,
17820,"Colorado Springs, CO",2006,-0.3419733638837176,-0.5684210526315789,,,-0.3419733638837176,,-0.5684210526315789,
17820,"Colorado Springs, CO",2007,-0.2972796517954298,0.8109756097560976,,,-0.2972796517954298,,0.8109756097560976,
17820,"Colorado Springs, CO",2008,-0.357076494270672,0.4545454545454546,,,-0.357076494270672,,0.4545454545454546,
17820,"Colorado Springs, CO",2009,-0.34055876685934494,-0.9814814814814815,,,-0.34055876685934494,,-0.9814814814814815,
17820,"Colorado Springs, CO",2010,0.28560993425858294,8.625,,,0.28560993425858294,,8.573012589928055,
17820,"Colorado Springs, CO",2011,0.29261363636363646,7.532467532467532,,,0.29261363636363646,,7.532467532467532,
17820,"Colorado Springs, CO",2012,0.32351648351648343,-0.091324200913242,,,0.32351648351648343,,-0.091324200913242,
17820,"Colorado Springs, CO",2013,0.19129857190302224,0.14572864321608048,,,0.19129857190302224,,0.14572864321608048,
17820,"Colorado Springs, CO",2014,0.02397546696403685,0.4371345029239766,,,0.02397546696403685,,0.4371345029239766,
17820,"Colorado Springs, CO",2015,-0.0021780560849441466,-0.358087487283825,,,-0.0021780560849441466,,-0.358087487283825,
17820,"Colorado Springs, CO",2016,0.4095497953615279,1.4532488114104596,0.005062938887642516,0.003178130475734198,0.4095497953615279,0.0050616667324760575,1.4532488114104596,0.003178130475734198
17820,"Colorado Springs, CO",2017,-0.03890824622531941,-0.28552971576227393,-0.0006590030718494171,-0.0015379559766642696,-0.03890824622531941,-0.0006590030718494171,-0.28552971576227393,-0.0015379559766642696
17820,"Colorado Springs, CO",2018,0.15488418932527703,0.33182640144665454,0.0024289869409967572,0.001218967314038187,0.15488418932527703,0.0024289869409967572,0.33182640144665454,0.001218967314038187
17820,"Colorado Springs, CO",2019,-0.039414021625392426,-0.1065852002715546,-0.0011053775402339212,-0.000620899177283178,-0.039414021625392426,-0.0011053775402339212,-0.1065852002715546,-0.000620899177283178
17820,"Colorado Springs, CO",2020,0.25853304284676826,0.20592705167173242,,,0.25853304284676826,,0.20592705167173242,
17820,"Colorado Springs, CO",2021,0.3466532025389497,1.473219911783239,,,0.3466532025389497,,1.473219911783239,
17820,"Colorado Springs, CO",2022,-0.052597750401713994,0.25910828025477706,-0.0023789912811508045,0.0028403157558170612,-0.052597750401713994,-0.0023789912811508045,0.25910828025477706,0.0028403157558170612
17820,"Colorado Springs, CO",2023,-0.40332428765264583,-0.5226628895184136,-0.011637800104181095,-0.008305327190405516,-0.40332428765264583,-0.010549840420553241,-0.5226628895184136,-0.007450723072445862
17820,"Colorado Springs, CO",2024,-0.24313056660981613,-0.6303518440016956,-0.004039587098066108,-0.004569825569960231,-0.24313056660981613,-0.004039587098066108,-0.6303518440016956,-0.004569825569960231
17820,"Colorado Springs, CO",2025,0.458437656484727,2.2155963302752295,,,0.458437656484727,,2.2155963302752295,
17900,"Columbia, SC",1990,,,,,,,,
17900,"Columbia, SC",1991,0.12854757929883132,0.4639639639639639,,,0.12854757929883132,,0.4639639639639639,
17900,"Columbia, SC",1992,0.05177514792899407,-0.543076923076923,,,0.05177514792899407,,-0.543076923076923,
17900,"Columbia, SC",1993,0.05513361462728561,0.21212121212121215,,,0.05513361462728561,,0.21212121212121215,
17900,"Columbia, SC",1994,0.12529992002132762,1.0944444444444446,,,0.12529992002132762,,1.0944444444444446,
17900,"Columbia, SC",1995,-0.04051172707889128,-0.16976127320954904,,,-0.04051172707889128,,-0.16976127320954904,
17900,"Columbia, SC",1996,0.11456790123456795,-0.5079872204472844,,,0.11456790123456795,,-0.5079872204472844,
17900,"Columbia, SC",1997,0.14222419140451925,3.220779220779221,,,0.14222419140451925,,3.220779220779221,
17900,"Columbia, SC",1998,0.01590380139643144,-0.3992307692307693,,,0.01590380139643144,,-0.3992307692307693,
17900,"Columbia, SC",1999,0.1611302023673158,1.0678617157490398,,,0.1611302023673158,,1.0678617157490398,
17900,"Columbia, SC",2000,-0.20503123972377513,-0.730030959752322,,,-0.20503123972377513,,-0.730030959752322,
17900,"Columbia, SC",2001,-0.006411582213029954,-0.004587155963302725,,,-0.006411582213029954,,-0.004587155963302725,
17900,"Columbia, SC",2002,0.08201498751040792,-0.23963133640552992,,,0.08201498751040792,,-0.23963133640552992,
17900,"Columbia, SC",2003,0.23874567141208147,1.7181818181818183,,,0.23874567141208147,,1.7181818181818183,
17900,"Columbia, SC",2004,0.12579593104519327,0.11928651059085849,,,0.12579593104519327,,0.11928651059085849,
17900,"Columbia, SC",2005,0.02496896123603265,-0.2639442231075697,,,0.02496896123603265,,-0.2639442231075697,
17900,"Columbia, SC",2006,0.09246298788694474,0.9661705006765899,,,0.09246298788694474,,0.9661705006765899,
17900,"Columbia, SC",2007,-0.15424417888382402,-0.14108740536820374,,,-0.15424417888382402,,-0.14108740536820374,
17900,"Columbia, SC",2008,-0.36664238892935175,-0.33653846153846156,,,-0.36664238892935175,,-0.33653846153846156,
17900,"Columbia, SC",2009,-0.19549218031278748,0.10507246376811596,,,-0.19549218031278748,,0.10507246376811596,
17900,"Columbia, SC",2010,-0.15894797026872498,-0.5464480874316939,,,-0.15894797026872498,,-0.5464480874316939,
17900,"Columbia, SC",2011,-0.015295717199184211,0.20722891566265056,,,-0.015295717199184211,,0.20722891566265056,
17900,"Columbia, SC",2012,0.28719364860200214,0.872255489021956,,,0.28719364860200214,,0.872255489021956,
17900,"Columbia, SC",2013,-0.022526146419951765,-0.5074626865671642,,,-0.022526146419951765,,-0.5074626865671642,
17900,"Columbia, SC",2014,0.11577503429355285,0.645021645021645,,,0.11577503429355285,,0.645021645021645,
17900,"Columbia, SC",2015,0.1413818539463978,0.18157894736842106,,,0.1413818539463978,,0.18157894736842106,
17900,"Columbia, SC",2016,-0.0032313657906074544,-0.2082405345211581,-0.00012884074849359509,-0.0005526578420538778,-0.0032313657906074544,-0.00012884074849359509,-0.2082405345211581,-0.0005526578420538778
17900,"Columbia, SC",2017,0.00043224551545284484,-0.22784810126582278,-0.00024746699600841117,-0.000494416539000902,0.00043224551545284484,-0.00024746699600841117,-0.22784810126582278,-0.000494416539000902
17900,"Columbia, SC",2018,0.06977748973860454,-0.1876138433515483,0.0007741872563088274,-0.00030169779629307366,0.06977748973860454,0.0007741872563088274,-0.1876138433515483,-0.00030169779629307366
17900,"Columbia, SC",2019,-0.10662358642972536,-0.5403587443946188,-0.0016042618090014744,-0.0006773446149213725,-0.10662358642972536,-0.0016042618090014744,-0.5403587443946188,-0.0006773446149213725
17900,"Columbia, SC",2020,0.10126582278481022,-0.6048780487804878,,,0.10126582278481022,,-0.6048780487804878,
17900,"Columbia, SC",2021,0.41235632183908044,11.395061728395062,,,0.41235632183908044,,11.395061728395062,
17900,"Columbia, SC",2022,-0.15651794797267837,0.5039840637450199,-0.0030860282733853987,0.0013098765345099695,-0.15651794797267837,-0.0030860282733853987,0.5039840637450199,0.0013098765345099695
17900,"Columbia, SC",2023,-0.05840799448656098,-0.6013245033112582,-0.0011118700512266991,-0.002433428450040716,-0.05840799448656098,-0.0011118700512266991,-0.6013245033112582,-0.002433428450040716
17900,"Columbia, SC",2024,0.07813357731015547,0.8205980066445182,0.0008477485063941217,0.0012419863189089629,0.07813357731015547,0.0008477485063941217,0.8205980066445182,0.0012419863189089629
17900,"Columbia, SC",2025,0.030210454854039392,-0.21167883211678828,,,0.030210454854039392,,-0.21167883211678828,
18140,"Columbus, OH",1990,,,,,,,,
18140,"Columbus, OH",1991,-0.1047420531526837,-0.47485677912157864,,,-0.1047420531526837,,-0.47485677912157864,
18140,"Columbus, OH",1992,0.16274738067520378,0.20727272727272728,,,0.16274738067520378,,0.20727272727272728,
18140,"Columbus, OH",1993,0.18241890268321992,0.40963855421686746,,,0.18241890268321992,,0.40963855421686746,
18140,"Columbus, OH",1994,0.024640135478408043,-0.09722222222222221,,,0.024640135478408043,,-0.09722222222222221,
18140,"Columbus, OH",1995,-0.06536649863647637,0.06390532544378691,,,-0.06536649863647637,,0.06390532544378691,
18140,"Columbus, OH",1996,0.1335101679929267,0.2454579162031887,,,0.1335101679929267,,0.2454579162031887,
18140,"Columbus, OH",1997,-0.14882995319812797,-0.2727002083953558,,,-0.14882995319812797,,-0.2727002083953558,
18140,"Columbus, OH",1998,0.048295454545454586,-0.17028243962341383,,,0.048295454545454586,,-0.17028243962341383,
18140,"Columbus, OH",1999,0.4408602150537635,2.075481006413419,,,0.43951736287693954,,2.075481006413419,
18140,"Columbus, OH",2000,-0.06613275087974757,-0.39027911453320496,,,-0.06613275087974757,,-0.39027911453320496,
18140,"Columbus, OH",2001,0.026637214137214205,0.14443567482241515,,,0.026637214137214205,,0.14443567482241515,
18140,"Columbus, OH",2002,0.08593848879888633,0.21678160919540224,,,0.08593848879888633,,0.21678160919540224,
18140,"Columbus, OH",2003,-0.032109557109557096,-0.34668430001889283,,,-0.032109557109557096,,-0.34668430001889283,
18140,"Columbus, OH",2004,-0.1924257932446264,-0.525159051474841,,,-0.1924257932446264,,-0.525159051474841,
18140,"Columbus, OH",2005,-0.06538432863639754,0.38063337393422647,,,-0.06538432863639754,,0.38063337393422647,
18140,"Columbus, OH",2006,-0.3624760689215061,-0.36612262902514336,,,-0.3624760689215061,,-0.36612262902514336,
18140,"Columbus, OH",2007,-0.19106606606606602,0.053583855254001334,,,-0.19106606606606602,,0.053583855254001334,
18140,"Columbus, OH",2008,-0.2974477958236659,-0.07926023778071334,,,-0.2974477958236659,,-0.07926023778071334,
18140,"Columbus, OH",2009,-0.09092910612065175,-0.0444763271162123,,,-0.09092910612065175,,-0.0444763271162123,
18140,"Columbus, OH",2010,0.08476628723661905,0.011261261261261257,,,0.08476628723661905,,0.011261261261261257,
18140,"Columbus, OH",2011,0.06206742576467961,0.4936896807720861,,,0.06206742576467961,,0.4936896807720861,
18140,"Columbus, OH",2012,0.4391423165860837,0.7793240556660039,,,0.4391423165860837,,0.7793240556660039,
18140,"Columbus, OH",2013,0.22684779433245694,0.24357541899441348,,,0.22684779433245694,,0.24357541899441348,
18140,"Columbus, OH",2014,-0.1613287296106679,-0.2803234501347709,,,-0.1613287296106679,,-0.2803234501347709,
18140,"Columbus, OH",2015,0.07254400908574676,0.15543071161048694,,,0.07254400908574676,,0.15543071161048694,
18140,"Columbus, OH",2016,0.14321641297154208,0.12155591572123181,0.001208413139606174,0.000497958674258463,0.14321641297154208,0.001208413139606174,0.12155591572123181,0.000497958674258463
18140,"Columbus, OH",2017,0.0295241403265023,0.06912331406551053,0.00017472254978260007,0.00027477620088897734,0.0295241403265023,0.00017472254978260007,0.06912331406551053,0.00027477620088897734
18140,"Columbus, OH",2018,0.06162843004948271,0.038747465645415646,0.0005398771539566541,0.0001526893656034877,0.06162843004948271,0.0005398771539566541,0.038747465645415646,0.0001526893656034877
18140,"Columbus, OH",2019,-0.1430084745762712,-0.25330730860984607,-0.0016378425082104603,-0.0013796393775958342,-0.1430084745762712,-0.0016378425082104603,-0.25330730860984607,-0.0013796393775958342
18140,"Columbus, OH",2020,0.5275648949320149,0.9204182399070577,,,0.5203390741325652,,0.9204182399070577,
18140,"Columbus, OH",2021,-0.0239520958083832,-0.23532970356926797,,,-0.0239520958083832,,-0.23532970356926797,
18140,"Columbus, OH",2022,0.0010777648814459528,0.24446202531645578,-0.00014280039264914085,0.0012688346950868196,0.0010777648814459528,-0.00014280039264914085,0.24446202531645578,0.0012688346950868196
18140,"Columbus, OH",2023,-0.05258799171842654,-0.09313413858868402,-0.0008295922917547043,-0.0007045338962389245,-0.05258799171842654,-0.0008295922917547043,-0.09313413858868402,-0.0007045338962389245
18140,"Columbus, OH",2024,0.22045454545454546,0.3398177357167893,0.002515141462017312,0.0019727299425565184,0.22045454545454546,0.002515141462017312,0.3398177357167893,0.0019727299425565184
18140,"Columbus, OH",2025,0.12856324308838274,0.24905166775670362,,,0.12856324308838274,,0.24905166775670362,
19100,"Dallas-Fort Worth-Arlington, TX",1990,,,,,,,,
19100,"Dallas-Fort Worth-Arlington, TX",1991,-0.016966168055416175,-0.2517414860681114,,,-0.016966168055416175,,-0.2517414860681114,
19100,"Dallas-Fort Worth-Arlington, TX",1992,0.12173202614379086,-0.5360744763382468,,,0.12173202614379086,,-0.5360744763382468,
19100,"Dallas-Fort Worth-Arlington, TX",1993,0.21144391842680266,1.6259754738015606,,,0.21144391842680266,,1.6259754738015606,
19100,"Dallas-Fort Worth-Arlington, TX",1994,0.2756171795738924,1.4272978136276797,,,0.2756171795738924,,1.4272978136276797,
19100,"Dallas-Fort Worth-Arlington, TX",1995,0.07414280664545769,0.2442501093135112,,,0.07414280664545769,,0.2442501093135112,
19100,"Dallas-Fort Worth-Arlington, TX",1996,0.06145619086795562,-0.10430137756536406,,,0.06145619086795562,,-0.10430137756536406,
19100,"Dallas-Fort Worth-Arlington, TX",1997,0.1413992662636283,0.35177338355304455,,,0.1413992662636283,,0.35177338355304455,
19100,"Dallas-Fort Worth-Arlington, TX",1998,0.23090155956449898,0.25663203111394894,,,0.23090155956449898,,0.25663203111394894,
19100,"Dallas-Fort Worth-Arlington, TX",1999,-0.12484369253401983,-0.32312453806356245,,,-0.12484369253401983,,-0.32312453806356245,
19100,"Dallas-Fort Worth-Arlington, TX",2000,-0.06085184173478175,-0.450283218453559,,,-0.06085184173478175,,-0.450283218453559,
19100,"Dallas-Fort Worth-Arlington, TX",2001,0.1147555654994965,0.4433271260086902,,,0.1147555654994965,,0.4433271260086902,
19100,"Dallas-Fort Worth-Arlington, TX",2002,0.034963070006422514,0.04489936349561319,,,0.034963070006422514,,0.04489936349561319,
19100,"Dallas-Fort Worth-Arlington, TX",2003,0.024066245200325742,-0.06453737240698054,,,0.024066245200325742,,-0.06453737240698054,
19100,"Dallas-Fort Worth-Arlington, TX",2004,0.02581097203022331,-0.32462161210841256,,,0.02581097203022331,,-0.32462161210841256,
19100,"Dallas-Fort Worth-Arlington, TX",2005,0.10568580395052618,0.2784364820846905,,,0.10568580395052618,,0.2784364820846905,
19100,"Dallas-Fort Worth-Arlington, TX",2006,-0.056632440103514536,0.22278842233999185,,,-0.056632440103514536,,0.22278842233999185,
19100,"Dallas-Fort Worth-Arlington, TX",2007,-0.22910287949312425,0.20920153358893145,,,-0.22910287949312425,,0.20920153358893145,
19100,"Dallas-Fort Worth-Arlington, TX",2008,-0.16621516139400339,0.23835125448028682,,,-0.16621516139400339,,0.23835125448028682,
19100,"Dallas-Fort Worth-Arlington, TX",2009,-0.4392863043119114,-0.6697651118779917,,,-0.4392863043119114,,-0.6697651118779917,
19100,"Dallas-Fort Worth-Arlington, TX",2010,-0.03972696916126495,-0.15894151356817798,,,-0.03972696916126495,,-0.15894151356817798,
19100,"Dallas-Fort Worth-Arlington, TX",2011,0.26949629250831,1.1444889779559118,,,0.26949629250831,,1.1444889779559118,
19100,"Dallas-Fort Worth-Arlington, TX",2012,0.411399798590131,0.5561162508176807,,,0.411399798590131,,0.5561162508176807,
19100,"Dallas-Fort Worth-Arlington, TX",2013,0.08191106798333236,-0.024501561374009162,,,0.08191106798333236,,-0.024501561374009162,
19100,"Dallas-Fort Worth-Arlington, TX",2014,0.08892582040730179,0.14011327259295747,,,0.08892582040730179,,0.14011327259295747,
19100,"Dallas-Fort Worth-Arlington, TX",2015,0.38067782649773485,0.4906047516198704,,,0.38067782649773485,,0.4906047516198704,
19100,"Dallas-Fort Worth-Arlington, TX",2016,-0.024002947730422997,-0.07668622763167432,-0.0009220670851035201,-0.0009835251243579795,-0.024002947730422997,-0.0009220670851035201,-0.07668622763167432,-0.0009835251243579795
19100,"Dallas-Fort Worth-Arlington, TX",2017,0.12030561797752815,0.07426733100553173,0.00204057363664651,0.000509945352150435,0.12030561797752815,0.00204057363664651,0.07426733100553173,0.000509945352150435
19100,"Dallas-Fort Worth-Arlington, TX",2018,0.020732705361297787,-0.04269227959973709,-1.2819701382581206e-05,-0.0006216478055709029,0.020732705361297787,-1.2819701382581206e-05,-0.04269227959973709,-0.0006216478055709029
19100,"Dallas-Fort Worth-Arlington, TX",2019,-0.014164662233331793,0.03360927783924006,-0.0007805189237000687,0.00011334127404146258,-0.014164662233331793,-0.0007805189237000687,0.03360927783924006,0.00011334127404146258
19100,"Dallas-Fort Worth-Arlington, TX",2020,-0.03023537666645404,-0.4183952166531335,,,-0.03023537666645404,,-0.4183952166531335,
19100,"Dallas-Fort Worth-Arlington, TX",2021,0.29423469052160756,0.6017895672039599,,,0.29423469052160756,,0.6017895672039599,
19100,"Dallas-Fort Worth-Arlington, TX",2022,-0.009885013658598618,0.2773661899290836,-0.0008947508580112902,0.0020546085834244523,-0.009885013658598618,-0.0008947508580112902,0.2773661899290836,0.0020546085834244523
19100,"Dallas-Fort Worth-Arlington, TX",2023,-0.12701631013640968,-0.30789032938403327,-0.0037119268416862215,-0.0033749832023267437,-0.12701631013640968,-0.0037119268416862215,-0.30789032938403327,-0.0033749832023267437
19100,"Dallas-Fort Worth-Arlington, TX",2024,0.055255846771229855,0.03741877660766302,0.0007333079110484128,0.0001175180127068855,0.055255846771229855,0.0007333079110484128,0.03741877660766302,0.0001175180127068855
19100,"Dallas-Fort Worth-Arlington, TX",2025,-0.07813283557140471,0.06293736501079916,,,-0.07813283557140471,,0.06293736501079916,
19430,"Dayton-Kettering-Beavercreek, OH",1990,,,,,,,,
19430,"Dayton-Kettering-Beavercreek, OH",1991,0.021419009370816644,0.3561643835616439,,,0.021419009370816644,,0.3561643835616439,
19430,"Dayton-Kettering-Beavercreek, OH",1992,0.06422018348623859,0.017676767676767735,,,0.06422018348623859,,0.017676767676767735,
19430,"Dayton-Kettering-Beavercreek, OH",1993,0.12110016420361247,0.19106699751861034,,,0.12110016420361247,,0.19106699751861034,
19430,"Dayton-Kettering-Beavercreek, OH",1994,0.1603808128890516,0.9770833333333333,,,0.1603808128890516,,0.9770833333333333,
19430,"Dayton-Kettering-Beavercreek, OH",1995,-0.11928053013568951,-0.24446786090621708,,,-0.11928053013568951,,-0.24446786090621708,
19430,"Dayton-Kettering-Beavercreek, OH",1996,0.28842708706556786,1.1631799163179917,,,0.28842708706556786,,1.1631799163179917,
19430,"Dayton-Kettering-Beavercreek, OH",1997,-0.09705228031145718,-0.22823984526112184,,,-0.09705228031145718,,-0.22823984526112184,
19430,"Dayton-Kettering-Beavercreek, OH",1998,0.014782876501385989,-0.2556390977443609,,,0.014782876501385989,,-0.2556390977443609,
19430,"Dayton-Kettering-Beavercreek, OH",1999,-0.01365705614567525,0.15375982042648717,,,-0.01365705614567525,,0.15375982042648717,
19430,"Dayton-Kettering-Beavercreek, OH",2000,-0.22799999999999998,-0.5019455252918288,,,-0.22799999999999998,,-0.5019455252918288,
19430,"Dayton-Kettering-Beavercreek, OH",2001,0.04304503786369063,-0.453125,,,0.04304503786369063,,-0.453125,
19430,"Dayton-Kettering-Beavercreek, OH",2002,0.17271685135651516,0.6000000000000001,,,0.17271685135651516,,0.6000000000000001,
19430,"Dayton-Kettering-Beavercreek, OH",2003,0.27663734115347016,-0.0535714285714286,,,0.27663734115347016,,-0.0535714285714286,
19430,"Dayton-Kettering-Beavercreek, OH",2004,-0.22537008677896886,-0.23113207547169812,,,-0.22537008677896886,,-0.23113207547169812,
19430,"Dayton-Kettering-Beavercreek, OH",2005,0.003624382207578325,0.006134969325153339,,,0.003624382207578325,,0.006134969325153339,
19430,"Dayton-Kettering-Beavercreek, OH",2006,-0.32698621142481943,-0.2347560975609756,,,-0.32698621142481943,,-0.2347560975609756,
19430,"Dayton-Kettering-Beavercreek, OH",2007,-0.26146341463414635,-0.7928286852589641,,,-0.26146341463414635,,-0.7926248367298979,
19430,"Dayton-Kettering-Beavercreek, OH",2008,-0.2107001321003963,3.134615384615385,,,-0.2107001321003963,,3.134615384615385,
19430,"Dayton-Kettering-Beavercreek, OH",2009,-0.34811715481171546,-0.8604651162790697,,,-0.34811715481171546,,-0.8604651162790697,
19430,"Dayton-Kettering-Beavercreek, OH",2010,-0.061617458279845994,1.6666666666666665,,,-0.061617458279845994,,1.6666666666666665,
19430,"Dayton-Kettering-Beavercreek, OH",2011,-0.005471956224350261,-1.0,,,-0.005471956224350261,,-0.9976354679802956,
19430,"Dayton-Kettering-Beavercreek, OH",2012,0.5323246217331499,,,,0.5323246217331499,,,
19430,"Dayton-Kettering-Beavercreek, OH",2013,-0.26750448833034113,-0.8724489795918368,,,-0.26750448833034113,,-0.8718404318249039,
19430,"Dayton-Kettering-Beavercreek, OH",2014,-0.04534313725490191,-1.0,,,-0.04534313725490191,,-1.0,
19430,"Dayton-Kettering-Beavercreek, OH",2015,0.258023106546855,,,,0.258023106546855,,,
19430,"Dayton-Kettering-Beavercreek, OH",2016,0.30816326530612237,2.9390243902439024,0.0008164746093481429,0.0006531797227883923,0.30816326530612237,0.0008164746093481429,2.9390243902439024,0.0006531797227883923
19430,"Dayton-Kettering-Beavercreek, OH",2017,-0.024180967238689566,-0.4860681114551083,-8.960630591829579e-05,-0.00042637736643084945,-0.024180967238689566,-8.960630591829579e-05,-0.4860681114551083,-0.00042637736643084945
19430,"Dayton-Kettering-Beavercreek, OH",2018,0.2605915267785772,1.536144578313253,0.0008759825104088627,0.0006884878942795344,0.2605915267785772,0.0008759825104088627,1.536144578313253,0.0006884878942795344
19430,"Dayton-Kettering-Beavercreek, OH",2019,-0.21940393151553583,-0.7102137767220902,-0.0009424064114279549,-0.0008087978020674545,-0.21940393151553583,-0.0009424064114279549,-0.7102137767220902,-0.0008087978020674545
19430,"Dayton-Kettering-Beavercreek, OH",2020,0.38017871649065804,2.7131147540983607,,,0.38017871649065804,,2.676226527570784,
19430,"Dayton-Kettering-Beavercreek, OH",2021,0.200117716303708,0.09492273730684331,,,0.200117716303708,,0.09492273730684331,
19430,"Dayton-Kettering-Beavercreek, OH",2022,0.11083864639529173,0.8830645161290323,0.0005850014642258521,0.0011707593903055786,0.11083864639529173,0.0005850014642258521,0.8830645161290323,0.0011707593903055786
19430,"Dayton-Kettering-Beavercreek, OH",2023,-0.22030905077262697,-0.4132762312633833,-0.001361393907874299,-0.001043126855579982,-0.22030905077262697,-0.001361393907874299,-0.4132762312633833,-0.001043126855579982
19430,"Dayton-Kettering-Beavercreek, OH",2024,0.16421291053227627,0.04197080291970812,0.0007575842763000674,5.660099418446302e-05,0.16421291053227627,0.0007575842763000674,0.04197080291970812,5.660099418446302e-05
19430,"Dayton-Kettering-Beavercreek, OH",2025,-0.03404669260700388,-0.06830122591943955,,,-0.03404669260700388,,-0.06830122591943955,
19660,"Deltona-Daytona Beach-Ormond Beach, FL",1990,,,,,,,,
19660,"Deltona-Daytona Beach-Ormond Beach, FL",1991,-0.19953693959166496,0.37109375,,,-0.19953693959166496,,0.37109375,
19660,"Deltona-Daytona Beach-Ormond Beach, FL",1992,-0.12279779121745993,-0.801994301994302,,,-0.12279779121745993,,-0.801994301994302,
19660,"Deltona-Daytona Beach-Ormond Beach, FL",1993,0.10161870503597115,3.158273381294964,,,0.10161870503597115,,3.158273381294964,
19660,"Deltona-Daytona Beach-Ormond Beach, FL",1994,-0.07238095238095243,-0.4186851211072664,,,-0.07238095238095243,,-0.4186851211072664,
19660,"Deltona-Daytona Beach-Ormond Beach, FL",1995,0.056028160750953404,1.2648809523809526,,,0.056028160750953404,,1.2648809523809526,
19660,"Deltona-Daytona Beach-Ormond Beach, FL",1996,-0.040277777777777746,-0.8554533508541393,,,-0.040277777777777746,,-0.8312968210352005,
19660,"Deltona-Daytona Beach-Ormond Beach, FL",1997,0.027785817655571643,0.009090909090909038,,,0.027785817655571643,,0.009090909090909038,
19660,"Deltona-Daytona Beach-Ormond Beach, FL",1998,0.21909321317938613,0.2432432432432432,,,0.21909321317938613,,0.2432432432432432,
19660,"Deltona-Daytona Beach-Ormond Beach, FL",1999,0.21621621621621623,3.355072463768116,,,0.21621621621621623,,3.355072463768116,
19660,"Deltona-Daytona Beach-Ormond Beach, FL",2000,-0.0442545109211776,-0.23793677204658903,,,-0.0442545109211776,,-0.23793677204658903,
19660,"Deltona-Daytona Beach-Ormond Beach, FL",2001,0.23072337042925284,1.7030567685589522,,,0.23072337042925284,,1.7030567685589522,
19660,"Deltona-Daytona Beach-Ormond Beach, FL",2002,0.1721298239948328,-0.36268174474959614,,,0.1721298239948328,,-0.36268174474959614,
19660,"Deltona-Daytona Beach-Ormond Beach, FL",2003,0.47692519630803143,0.915082382762991,,,0.47692519630803143,,0.915082382762991,
19660,"Deltona-Daytona Beach-Ormond Beach, FL",2004,0.08609271523178808,0.38451356717405694,,,0.08609271523178808,,0.38451356717405694,
19660,"Deltona-Daytona Beach-Ormond Beach, FL",2005,-0.06655788388869799,0.029636711281070705,,,-0.06655788388869799,,0.029636711281070705,
19660,"Deltona-Daytona Beach-Ormond Beach, FL",2006,-0.47980494985739264,-0.44568245125348194,,,-0.4783665796595069,,-0.44568245125348194,
19660,"Deltona-Daytona Beach-Ormond Beach, FL",2007,-0.51326494517156,-0.4656616415410385,,,-0.51326494517156,,-0.4656616415410385,
19660,"Deltona-Daytona Beach-Ormond Beach, FL",2008,-0.26816860465116277,0.10031347962382453,,,-0.26816860465116277,,0.10031347962382453,
19660,"Deltona-Daytona Beach-Ormond Beach, FL",2009,-0.5858987090367428,-0.8945868945868946,,,-0.5858987090367428,,-0.8945868945868946,
19660,"Deltona-Daytona Beach-Ormond Beach, FL",2010,0.19064748201438841,1.4594594594594597,,,0.19064748201438841,,1.4594594594594597,
19660,"Deltona-Daytona Beach-Ormond Beach, FL",2011,0.18429003021148027,1.8076923076923075,,,0.18429003021148027,,1.8076923076923075,
19660,"Deltona-Daytona Beach-Ormond Beach, FL",2012,-0.14710884353741494,-1.0,,,-0.14710884353741494,,-1.0,
19660,"Deltona-Daytona Beach-Ormond Beach, FL",2013,1.14456630109671,,,,1.018599138864924,,,
19660,"Deltona-Daytona Beach-Ormond Beach, FL",2014,-0.10692701069270105,-0.46875,,,-0.10692701069270105,,-0.46875,
19660,"Deltona-Daytona Beach-Ormond Beach, FL",2015,0.06559083810515354,-0.16470588235294115,,,0.06559083810515354,,-0.16470588235294115,
19660,"Deltona-Daytona Beach-Ormond Beach, FL",2016,0.31704934049829014,1.8450704225352115,0.002071547359814482,0.0008470086825401574,0.31704934049829014,0.002071547359814482,1.8450704225352115,0.0008470086825401574
19660,"Deltona-Daytona Beach-Ormond Beach, FL",2017,0.1327893175074184,-0.9356435643564356,0.0010480445880111794,-0.0012261885711242378,0.1327893175074184,0.0010480445880111794,-0.9356435643564356,-0.0012261885711242378
19660,"Deltona-Daytona Beach-Ormond Beach, FL",2018,0.2635887360838245,10.884615384615385,0.002478035284326746,0.0008987529850912199,0.2635887360838245,0.002478035284326746,10.884615384615385,0.0008987529850912199
19660,"Deltona-Daytona Beach-Ormond Beach, FL",2019,0.2316662347758487,1.4886731391585761,0.002682850400981693,0.001436342279597293,0.2316662347758487,0.002682850400981693,1.4886731391585761,0.001436342279597293
19660,"Deltona-Daytona Beach-Ormond Beach, FL",2020,0.3555649063749211,0.6631989596879064,,,0.3555649063749211,,0.6631989596879064,
19660,"Deltona-Daytona Beach-Ormond Beach, FL",2021,0.2748719540586684,-0.2525410476935106,,,0.2748719540586684,,-0.2525410476935106,
19660,"Deltona-Daytona Beach-Ormond Beach, FL",2022,0.06476747017287554,1.2123430962343096,0.000986239261662674,0.003313294407019068,0.06476747017287554,0.000986239261662674,1.2123430962343096,0.003313294407019068
19660,"Deltona-Daytona Beach-Ormond Beach, FL",2023,-0.19025840384175619,-0.3635933806146572,-0.005321477928454072,-0.002331349622403402,-0.19025840384175619,-0.005321477928454072,-0.3635933806146572,-0.002331349622403402
19660,"Deltona-Daytona Beach-Ormond Beach, FL",2024,-0.15405252753459475,-0.49405646359583955,-0.003422545434589988,-0.0019303555512956753,-0.15405252753459475,-0.003422545434589988,-0.49405646359583955,-0.0019303555512956753
19660,"Deltona-Daytona Beach-Ormond Beach, FL",2025,-0.09664496745117679,0.5653450807635829,,,-0.09664496745117679,,0.5653450807635829,
19740,"Denver-Aurora-Centennial, CO",1990,,,,,,,,
19740,"Denver-Aurora-Centennial, CO",1991,0.3582089552238805,1.6447368421052633,,,0.3582089552238805,,1.6447368421052633,
19740,"Denver-Aurora-Centennial, CO",1992,0.704225352112676,6.388059701492537,,,0.704225352112676,,6.388059701492537,
19740,"Denver-Aurora-Centennial, CO",1993,0.24811552084279365,0.3616161616161617,,,0.24811552084279365,,0.3616161616161617,
19740,"Denver-Aurora-Centennial, CO",1994,0.30400931383249663,1.1933728981206726,,,0.30400931383249663,,1.1933728981206726,
19740,"Denver-Aurora-Centennial, CO",1995,0.0023994196752412655,0.11702367531003377,,,0.0023994196752412655,,0.11702367531003377,
19740,"Denver-Aurora-Centennial, CO",1996,0.011133377866844762,-0.14654824384335885,,,0.011133377866844762,,-0.14654824384335885,
19740,"Denver-Aurora-Centennial, CO",1997,0.11886148425456944,0.32450331125827825,,,0.11886148425456944,,0.32450331125827825,
19740,"Denver-Aurora-Centennial, CO",1998,0.17640112188161194,0.36589285714285724,,,0.17640112188161194,,0.36589285714285724,
19740,"Denver-Aurora-Centennial, CO",1999,-0.009411075790530354,-0.3051379265263433,,,-0.009411075790530354,,-0.3051379265263433,
19740,"Denver-Aurora-Centennial, CO",2000,0.1641683908288647,1.0289746001881466,,,0.1641683908288647,,1.0289746001881466,
19740,"Denver-Aurora-Centennial, CO",2001,0.0050052591491058784,0.09792284866468837,,,0.0050052591491058784,,0.09792284866468837,
19740,"Denver-Aurora-Centennial, CO",2002,-0.19239236349200617,-0.3758445945945946,,,-0.19239236349200617,,-0.3758445945945946,
19740,"Denver-Aurora-Centennial, CO",2003,-0.22428277772812588,-0.6163734776725305,,,-0.21984486540459358,,-0.6163734776725305,
19740,"Denver-Aurora-Centennial, CO",2004,0.25790656143787083,0.01904761904761898,,,0.25790656143787083,,0.01904761904761898,
19740,"Denver-Aurora-Centennial, CO",2005,-0.045200586187946534,-0.04603669089650397,,,-0.045200586187946534,,-0.04603669089650397,
19740,"Denver-Aurora-Centennial, CO",2006,-0.13329176459302605,0.6440493468795356,,,-0.13329176459302605,,0.6440493468795356,
19740,"Denver-Aurora-Centennial, CO",2007,-0.21322634200332047,0.3206797616420216,,,-0.21322634200332047,,0.3206797616420216,
19740,"Denver-Aurora-Centennial, CO",2008,-0.38003798269677147,-0.23044786096256686,,,-0.38003798269677147,,-0.23044786096256686,
19740,"Denver-Aurora-Centennial, CO",2009,-0.5334694803721353,-0.722258414766558,,,-0.5334694803721353,,-0.722258414766558,
19740,"Denver-Aurora-Centennial, CO",2010,0.22616731517509736,-0.11258795934323695,,,0.22616731517509736,,-0.11258795934323695,
19740,"Denver-Aurora-Centennial, CO",2011,0.3234827449424831,1.4511013215859032,,,0.3234827449424831,,1.4511013215859032,
19740,"Denver-Aurora-Centennial, CO",2012,1.0620410609920574,1.845075485262401,,,1.0620410609920574,,1.845075485262401,
19740,"Denver-Aurora-Centennial, CO",2013,0.12463662790697683,0.03449147188881874,,,0.12463662790697683,,0.03449147188881874,
19740,"Denver-Aurora-Centennial, CO",2014,0.01886914378029081,-0.10454323400097709,,,0.01886914378029081,,-0.10454323400097709,
19740,"Denver-Aurora-Centennial, CO",2015,0.16230100843533957,0.18357883251500273,,,0.16230100843533957,,0.18357883251500273,
19740,"Denver-Aurora-Centennial, CO",2016,0.19758812615955468,0.2922332334639317,0.0029211524484243634,0.002098045788301618,0.19758812615955468,0.0029211524484243634,0.2922332334639317,0.002098045788301618
19740,"Denver-Aurora-Centennial, CO",2017,0.035904679455050825,0.015783841626538342,0.00027531118270814406,-5.1617053881731004e-05,0.035904679455050825,0.00027531118270814406,0.015783841626538342,-5.1617053881731004e-05
19740,"Denver-Aurora-Centennial, CO",2018,-0.044248955355179254,-0.1604775700114125,-0.0012000999312260438,-0.0017087036891520364,-0.044248955355179254,-0.0012000999312260438,-0.1604775700114125,-0.0017087036891520364
19740,"Denver-Aurora-Centennial, CO",2019,-0.11141792075107004,-0.15957335564153508,-0.00230108868355575,-0.0013913211624639668,-0.11141792075107004,-0.00230108868355575,-0.15957335564153508,-0.0013913211624639668
19740,"Denver-Aurora-Centennial, CO",2020,0.021959809405427855,0.013437849944008873,,,0.021959809405427855,,0.013437849944008873,
19740,"Denver-Aurora-Centennial, CO",2021,0.5206770727751875,0.9678330263965622,,,0.5206770727751875,,0.9678330263965622,
19740,"Denver-Aurora-Centennial, CO",2022,-0.23318669599413455,-0.22997254804092837,-0.005897390573893404,-0.003110245993099137,-0.23318669599413455,-0.005897390573893404,-0.22997254804092837,-0.003110245993099137
19740,"Denver-Aurora-Centennial, CO",2023,-0.10252509887435346,-0.07940366229136286,-0.002086201759085301,-0.0009015792251785958,-0.10252509887435346,-0.002086201759085301,-0.07940366229136286,-0.0009015792251785958
19740,"Denver-Aurora-Centennial, CO",2024,-0.2460048426150121,-0.434166519978877,-0.004016261993017075,-0.003819031403220717,-0.2460048426150121,-0.004016261993017075,-0.434166519978877,-0.003819031403220717
19740,"Denver-Aurora-Centennial, CO",2025,0.024277456647398887,0.27469279825789394,,,0.024277456647398887,,0.27469279825789394,
19780,"Des Moines-West Des Moines, IA",1990,,,,,,,,
19780,"Des Moines-West Des Moines, IA",1991,-0.11067475901463764,-0.5080906148867315,,,-0.11067475901463764,,-0.5080906148867315,
19780,"Des Moines-West Des Moines, IA",1992,0.44439983942191885,1.2609649122807016,,,0.44439983942191885,,1.2609649122807016,
19780,"Des Moines-West Des Moines, IA",1993,-0.16592551417454138,-0.4742967992240543,,,-0.16592551417454138,,-0.4742967992240543,
19780,"Des Moines-West Des Moines, IA",1994,0.36987670776407855,1.8191881918819188,,,0.36987670776407855,,1.8191881918819188,
19780,"Des Moines-West Des Moines, IA",1995,-0.12527365604475793,-0.2709424083769634,,,-0.12527365604475793,,-0.2709424083769634,
19780,"Des Moines-West Des Moines, IA",1996,0.0019466073414904361,-0.19120287253141832,,,0.0019466073414904361,,-0.19120287253141832,
19780,"Des Moines-West Des Moines, IA",1997,-0.24729392173189013,-0.5960044395116537,,,-0.24729392173189013,,-0.5960044395116537,
19780,"Des Moines-West Des Moines, IA",1998,0.4336283185840708,1.021978021978022,,,0.4336283185840708,,1.021978021978022,
19780,"Des Moines-West Des Moines, IA",1999,0.021090534979423925,-0.33559782608695654,,,0.021090534979423925,,-0.33559782608695654,
19780,"Des Moines-West Des Moines, IA",2000,-0.17909319899244336,-0.08793456032719837,,,-0.17909319899244336,,-0.08793456032719837,
19780,"Des Moines-West Des Moines, IA",2001,0.26695305308376804,1.0403587443946187,,,0.26695305308376804,,1.0403587443946187,
19780,"Des Moines-West Des Moines, IA",2002,0.20804068781787355,0.2835164835164836,,,0.20804068781787355,,0.2835164835164836,
19780,"Des Moines-West Des Moines, IA",2003,0.1273055332798716,-0.21232876712328763,,,0.1273055332798716,,-0.21232876712328763,
19780,"Des Moines-West Des Moines, IA",2004,-0.009425573537257703,-0.22173913043478266,,,-0.009425573537257703,,-0.22173913043478266,
19780,"Des Moines-West Des Moines, IA",2005,0.15565529622980256,0.526536312849162,,,0.15565529622980256,,0.526536312849162,
19780,"Des Moines-West Des Moines, IA",2006,-0.18906322821189991,0.1024702653247942,,,-0.18906322821189991,,0.1024702653247942,
19780,"Des Moines-West Des Moines, IA",2007,-0.25287356321839083,-0.5195020746887966,,,-0.25287356321839083,,-0.5195020746887966,
19780,"Des Moines-West Des Moines, IA",2008,-0.24128205128205127,0.8566493955094991,,,-0.24128205128205127,,0.8566493955094991,
19780,"Des Moines-West Des Moines, IA",2009,-0.1483609327475498,-0.4046511627906977,,,-0.1483609327475498,,-0.4046511627906977,
19780,"Des Moines-West Des Moines, IA",2010,0.12976190476190474,-0.20156249999999998,,,0.12976190476190474,,-0.20156249999999998,
19780,"Des Moines-West Des Moines, IA",2011,-0.06287319985950124,-0.31115459882583174,,,-0.06287319985950124,,-0.31115459882583174,
19780,"Des Moines-West Des Moines, IA",2012,0.5730884557721139,2.8125,,,0.5730884557721139,,2.8125,
19780,"Des Moines-West Des Moines, IA",2013,0.18179652132475588,0.12071535022354696,,,0.18179652132475588,,0.12071535022354696,
19780,"Des Moines-West Des Moines, IA",2014,-0.09899193548387097,-0.053856382978723416,,,-0.09899193548387097,,-0.053856382978723416,
19780,"Des Moines-West Des Moines, IA",2015,0.2866413067800402,0.4167252283907239,,,0.2866413067800402,,0.4167252283907239,
19780,"Des Moines-West Des Moines, IA",2016,0.17495652173913046,0.4340277777777777,0.00319502082006589,0.002985142137772008,0.17495652173913046,0.00319502082006589,0.4340277777777777,0.002985142137772008
19780,"Des Moines-West Des Moines, IA",2017,-0.04618117229129659,-0.09270148737461081,-0.0016213110105703296,-0.0011634244323294341,-0.04618117229129659,-0.0016213110105703296,-0.09270148737461081,-0.0011634244323294341
19780,"Des Moines-West Des Moines, IA",2018,-0.22439478584729977,-0.3808616088448341,-0.005408009313560867,-0.0036050195038593875,-0.22439478584729977,-0.004693125440161024,-0.3808616088448341,-0.00352210371420334
19780,"Des Moines-West Des Moines, IA",2019,0.05422168867547028,-0.1921182266009852,0.0006511540893939446,-0.0011357779555325794,0.05422168867547028,0.0006511540893939446,-0.1921182266009852,-0.0011357779555325794
19780,"Des Moines-West Des Moines, IA",2020,0.23514898462706402,0.2942073170731707,,,0.23514898462706402,,0.2942073170731707,
19780,"Des Moines-West Des Moines, IA",2021,0.0708358942839582,0.11071849234393394,,,0.0708358942839582,,0.11071849234393394,
19780,"Des Moines-West Des Moines, IA",2022,-0.12153824078059983,0.22428419936373278,-0.0031640447957426814,0.0012142276572900202,-0.12153824078059983,-0.0031640447957426814,0.22428419936373278,0.0012142276572900202
19780,"Des Moines-West Des Moines, IA",2023,-0.18327344005227053,-0.4798614118666089,-0.0038454540905669896,-0.0035855181644889474,-0.18327344005227053,-0.0038454540905669896,-0.4798614118666089,-0.0035855181644889474
19780,"Des Moines-West Des Moines, IA",2024,0.012799999999999923,0.016652789342214813,-2.3745865418695403e-05,8.518989931290914e-06,0.012799999999999923,-2.3745865418695403e-05,0.016652789342214813,8.518989931290914e-06
19780,"Des Moines-West Des Moines, IA",2025,0.2340047393364928,1.190827190827191,,,0.2340047393364928,,1.190827190827191,
19820,"Detroit-Warren-Dearborn, MI",1990,,,,,,,,
19820,"Detroit-Warren-Dearborn, MI",1991,-0.12437843073942523,-0.37816764132553604,,,-0.12437843073942523,,-0.37816764132553604,
19820,"Detroit-Warren-Dearborn, MI",1992,0.08931337119256577,-0.13714733542319746,,,0.08931337119256577,,-0.13714733542319746,
19820,"Detroit-Warren-Dearborn, MI",1993,0.04698713608666205,0.019073569482288777,,,0.04698713608666205,,0.019073569482288777,
19820,"Detroit-Warren-Dearborn, MI",1994,0.19128297982410758,0.34046345811051704,,,0.19128297982410758,,0.34046345811051704,
19820,"Detroit-Warren-Dearborn, MI",1995,0.019758983823689125,-0.1532579787234043,,,0.019758983823689125,,-0.1532579787234043,
19820,"Detroit-Warren-Dearborn, MI",1996,0.11524539550729274,0.21358460934432655,,,0.11524539550729274,,0.21358460934432655,
19820,"Detroit-Warren-Dearborn, MI",1997,-0.08553291012362174,-0.3626658039469427,,,-0.08553291012362174,,-0.3626658039469427,
19820,"Detroit-Warren-Dearborn, MI",1998,0.16550968213372297,0.9106598984771574,,,0.16550968213372297,,0.9106598984771574,
19820,"Detroit-Warren-Dearborn, MI",1999,-0.0784146887595163,-0.2688629117959618,,,-0.0784146887595163,,-0.2688629117959618,
19820,"Detroit-Warren-Dearborn, MI",2000,-0.061519024248019805,-0.09920058139534882,,,-0.061519024248019805,,-0.09920058139534882,
19820,"Detroit-Warren-Dearborn, MI",2001,-0.09045720499145649,0.18354175070592982,,,-0.09045720499145649,,0.18354175070592982,
19820,"Detroit-Warren-Dearborn, MI",2002,0.08357053398610947,0.020790729379686512,,,0.08357053398610947,,0.020790729379686512,
19820,"Detroit-Warren-Dearborn, MI",2003,0.045497530734475156,-0.009348914858096857,,,0.045497530734475156,,-0.009348914858096857,
19820,"Detroit-Warren-Dearborn, MI",2004,0.09587939698492454,0.2861476238624874,,,0.09587939698492454,,0.2861476238624874,
19820,"Detroit-Warren-Dearborn, MI",2005,-0.24834922964049888,-0.39360587002096437,,,-0.24769126651627454,,-0.39360587002096437,
19820,"Detroit-Warren-Dearborn, MI",2006,-0.45583211322596384,-0.4982713915298185,,,-0.45583211322596384,,-0.4982713915298185,
19820,"Detroit-Warren-Dearborn, MI",2007,-0.5151345291479821,-0.6382428940568475,,,-0.5151345291479821,,-0.6382428940568475,
19820,"Detroit-Warren-Dearborn, MI",2008,-0.4011560693641618,-0.014285714285714235,,,-0.4011560693641618,,-0.014285714285714235,
19820,"Detroit-Warren-Dearborn, MI",2009,-0.48532818532818534,-0.9202898550724637,,,-0.48532818532818534,,-0.9202898550724637,
19820,"Detroit-Warren-Dearborn, MI",2010,1.4081020255063765,16.606060606060606,,,1.3731332784933672,,8.573012589928055,
19820,"Detroit-Warren-Dearborn, MI",2011,0.04859813084112141,-0.3373493975903614,,,0.04859813084112141,,-0.3373493975903614,
19820,"Detroit-Warren-Dearborn, MI",2012,0.34432560903149145,-0.12727272727272732,,,0.34432560903149145,,-0.12727272727272732,
19820,"Detroit-Warren-Dearborn, MI",2013,0.40375690607734804,0.9196428571428572,,,0.40375690607734804,,0.9196428571428572,
19820,"Detroit-Warren-Dearborn, MI",2014,-0.008973551637279642,0.8682170542635659,,,-0.008973551637279642,,0.8682170542635659,
19820,"Detroit-Warren-Dearborn, MI",2015,0.16028594122319295,0.5526970954356847,,,0.16028594122319295,,0.5526970954356847,
19820,"Detroit-Warren-Dearborn, MI",2016,0.04860350492880605,-0.12025654730090862,0.00017969165837686306,-0.00012031041216869825,0.04860350492880605,0.00017969165837686306,-0.12025654730090862,-0.00012031041216869825
19820,"Detroit-Warren-Dearborn, MI",2017,0.31727379553466517,0.7733900364520048,0.0012607553501075147,0.0006648406719857792,0.31727379553466517,0.0012607553501075147,0.7733900364520048,0.0006648406719857792
19820,"Detroit-Warren-Dearborn, MI",2018,-0.2900188323917138,-0.7255909558067831,-0.0015485441741055397,-0.0011127114579835436,-0.2900188323917138,-0.0015485441741055397,-0.7255909558067831,-0.0011127114579835436
19820,"Detroit-Warren-Dearborn, MI",2019,0.09074410163339386,1.968789013732834,0.00033108076698004033,0.0008217660424494804,0.09074410163339386,0.00033108076698004033,1.968789013732834,0.0008217660424494804
19820,"Detroit-Warren-Dearborn, MI",2020,-0.08293869192371683,-0.27165685449957944,,,-0.08293869192371683,,-0.27165685449957944,
19820,"Detroit-Warren-Dearborn, MI",2021,0.19999999999999996,0.5363741339491916,,,0.19999999999999996,,0.5363741339491916,
19820,"Detroit-Warren-Dearborn, MI",2022,-0.07594789485926956,0.08079669297256675,-0.000360344024794023,0.00010615842055956923,-0.07594789485926956,-0.000360344024794023,0.08079669297256675,0.00010615842055956923
19820,"Detroit-Warren-Dearborn, MI",2023,-0.1524229074889868,-0.37413073713490963,-0.000665159762321016,-0.0005704195327385633,-0.1524229074889868,-0.000665159762321016,-0.37413073713490963,-0.0005704195327385633
19820,"Detroit-Warren-Dearborn, MI",2024,0.144045144045144,0.26055555555555565,0.0004741213178245372,0.0002344076073871775,0.144045144045144,0.0004741213178245372,0.26055555555555565,0.0002344076073871775
19820,"Detroit-Warren-Dearborn, MI",2025,0.1429127725856698,0.42044953724107526,,,0.1429127725856698,,0.42044953724107526,
20500,"Durham-Chapel Hill, NC",1990,,,,,,,,
20500,"Durham-Chapel Hill, NC",1991,-0.18301962354825796,-0.8123287671232877,,,-0.18301962354825796,,-0.8123287671232877,
20500,"Durham-Chapel Hill, NC",1992,0.22352941176470598,0.5985401459854014,,,0.22352941176470598,,0.5985401459854014,
20500,"Durham-Chapel Hill, NC",1993,0.02043269230769229,-0.1278538812785388,,,0.02043269230769229,,-0.1278538812785388,
20500,"Durham-Chapel Hill, NC",1994,0.502944640753828,5.638743455497382,,,0.502944640753828,,5.638743455497382,
20500,"Durham-Chapel Hill, NC",1995,-0.06191222570532917,-0.1742902208201893,,,-0.06191222570532917,,-0.1742902208201893,
20500,"Durham-Chapel Hill, NC",1996,0.015873015873015817,-0.04680038204393511,,,0.015873015873015817,,-0.04680038204393511,
20500,"Durham-Chapel Hill, NC",1997,0.3961074561403508,1.1923847695390783,,,0.3961074561403508,,1.1923847695390783,
20500,"Durham-Chapel Hill, NC",1998,-0.05517376791674844,-0.376599634369287,,,-0.05517376791674844,,-0.376599634369287,
20500,"Durham-Chapel Hill, NC",1999,0.15731504571903576,0.4589442815249267,,,0.15731504571903576,,0.4589442815249267,
20500,"Durham-Chapel Hill, NC",2000,-0.18638893876818097,-0.34472361809045227,,,-0.18638893876818097,,-0.34472361809045227,
20500,"Durham-Chapel Hill, NC",2001,0.2747737806223791,0.6495398773006136,,,0.2747737806223791,,0.6495398773006136,
20500,"Durham-Chapel Hill, NC",2002,-0.18698060941828254,-0.498372849837285,,,-0.18698060941828254,,-0.498372849837285,
20500,"Durham-Chapel Hill, NC",2003,0.08666950596252132,-0.02131603336422616,,,0.08666950596252132,,-0.02131603336422616,
20500,"Durham-Chapel Hill, NC",2004,-0.024691358024691357,-0.21212121212121215,,,-0.024691358024691357,,-0.21212121212121215,
20500,"Durham-Chapel Hill, NC",2005,-0.1173397629093832,-0.8149038461538461,,,-0.1173397629093832,,-0.8149038461538461,
20500,"Durham-Chapel Hill, NC",2006,-0.004552697473252931,4.759740259740259,,,-0.004552697473252931,,4.759740259740259,
20500,"Durham-Chapel Hill, NC",2007,-0.25588840612851593,-0.7204058624577226,,,-0.25588840612851593,,-0.7204058624577226,
20500,"Durham-Chapel Hill, NC",2008,-0.23232944068838357,0.310483870967742,,,-0.23232944068838357,,0.310483870967742,
20500,"Durham-Chapel Hill, NC",2009,0.06365092073658918,2.953846153846154,,,0.06365092073658918,,2.953846153846154,
20500,"Durham-Chapel Hill, NC",2010,-0.2800150545728265,-0.711284046692607,,,-0.2800150545728265,,-0.711284046692607,
20500,"Durham-Chapel Hill, NC",2011,0.005750130684788246,-0.04582210242587603,,,0.005750130684788246,,-0.04582210242587603,
20500,"Durham-Chapel Hill, NC",2012,0.7224532224532225,3.805084745762712,,,0.7224532224532225,,3.805084745762712,
20500,"Durham-Chapel Hill, NC",2013,0.416415208207604,0.5867136978248089,,,0.416415208207604,,0.5867136978248089,
20500,"Durham-Chapel Hill, NC",2014,-0.4488708990200255,-0.845127825120415,,,-0.39610236996487375,,-0.845127825120415,
20500,"Durham-Chapel Hill, NC",2015,0.7050637804406648,3.088516746411483,,,0.7050637804406648,,3.088516746411483,
20500,"Durham-Chapel Hill, NC",2016,-0.006574472908637552,-0.17905207723815098,-0.00044260212676440827,-0.0013980819006674944,-0.006574472908637552,-0.00044260212676440827,-0.17905207723815098,-0.0013980819006674944
20500,"Durham-Chapel Hill, NC",2017,0.12368781378366034,0.16749821810406273,0.0019138384917648209,0.000864274246894889,0.12368781378366034,0.0019138384917648209,0.16749821810406273,0.000864274246894889
20500,"Durham-Chapel Hill, NC",2018,0.09991876523151899,0.257020757020757,0.0015461011556276195,0.0015451122602620883,0.09991876523151899,0.0015461011556276195,0.257020757020757,0.0015451122602620883
20500,"Durham-Chapel Hill, NC",2019,0.007016248153618898,0.06847984458474987,-0.00028028323613209227,0.00039034113868247934,0.007016248153618898,-0.00028028323613209227,0.06847984458474987,0.00039034113868247934
20500,"Durham-Chapel Hill, NC",2020,-0.04840484048404836,-0.11272727272727268,,,-0.04840484048404836,,-0.11272727272727268,
20500,"Durham-Chapel Hill, NC",2021,0.09499036608863198,0.086577868852459,,,0.09499036608863198,,0.086577868852459,
20500,"Durham-Chapel Hill, NC",2022,0.08604610241069865,0.45355964167845353,0.0013733786210371225,0.0034019474637242836,0.08604610241069865,0.0013733786210371225,0.45355964167845353,0.0034019474637242836
20500,"Durham-Chapel Hill, NC",2023,0.13269604666234613,0.29451832630554664,0.002460072015745475,0.0030370316465024028,0.13269604666234613,0.002460072015745475,0.29451832630554664,0.003023332552394067
20500,"Durham-Chapel Hill, NC",2024,-0.4481476183664712,-0.7521924329741919,-0.01168674752621186,-0.01096536418593796,-0.40594144758244544,-0.007981045147937078,-0.7521924329741919,-0.0082867230371471
20500,"Durham-Chapel Hill, NC",2025,0.5811301192327631,1.2881698685540952,,,0.5811301192327631,,1.2881698685540952,
21340,"El Paso, TX",1990,,,,,,,,
21340,"El Paso, TX",1991,-0.09568924680246327,0.052863436123347984,,,-0.09568924680246327,,0.052863436123347984,
21340,"El Paso, TX",1992,0.44630696699842853,0.891213389121339,,,0.44630696699842853,,0.891213389121339,
21340,"El Paso, TX",1993,-0.028975009054690304,-0.2831858407079646,,,-0.028975009054690304,,-0.2831858407079646,
21340,"El Paso, TX",1994,0.41626258858634846,3.3919753086419755,,,0.41626258858634846,,3.3919753086419755,
21340,"El Paso, TX",1995,-0.307611272056887,-0.797610681658468,,,-0.307611272056887,,-0.797610681658468,
21340,"El Paso, TX",1996,0.2677824267782427,2.2152777777777777,,,0.2677824267782427,,2.2152777777777777,
21340,"El Paso, TX",1997,-0.18601860186018604,-0.6555075593952484,,,-0.18601860186018604,,-0.6555075593952484,
21340,"El Paso, TX",1998,0.2126796903796535,-0.9247648902821317,,,0.2126796903796535,,-0.9146190472430376,
21340,"El Paso, TX",1999,0.2753799392097265,15.5,,,0.2753799392097265,,3.662695325269695,
21340,"El Paso, TX",2000,-0.2366539561487131,-0.7676767676767677,,,-0.2366539561487131,,-0.7676767676767677,
21340,"El Paso, TX",2001,0.07336871682797375,-0.6413043478260869,,,0.07336871682797375,,-0.6413043478260869,
21340,"El Paso, TX",2002,0.07911576497963924,2.606060606060606,,,0.07911576497963924,,2.606060606060606,
21340,"El Paso, TX",2003,0.4207547169811321,0.7394957983193278,,,0.4207547169811321,,0.7394957983193278,
21340,"El Paso, TX",2004,-0.2521343198634035,-0.4444444444444444,,,-0.2506145951781458,,-0.4444444444444444,
21340,"El Paso, TX",2005,0.3711314053779806,6.208695652173913,,,0.3711314053779806,,6.102182438192674,
21340,"El Paso, TX",2006,-0.23404255319148937,-0.8757539203860072,,,-0.23404255319148937,,-0.8719594630414871,
21340,"El Paso, TX",2007,0.05772946859903372,8.504854368932039,,,0.05772946859903372,,8.21679519478925,
21340,"El Paso, TX",2008,-0.09088833066910251,-0.035750766087844776,,,-0.09088833066910251,,-0.035750766087844776,
21340,"El Paso, TX",2009,-0.1984426023612158,-0.49682203389830504,,,-0.1984426023612158,,-0.49682203389830504,
21340,"El Paso, TX",2010,0.425571921027891,1.9726315789473685,,,0.425571921027891,,1.9726315789473685,
21340,"El Paso, TX",2011,-0.08705209936249725,-0.5623229461756374,,,-0.08705209936249725,,-0.5623229461756374,
21340,"El Paso, TX",2012,0.048639537683602185,0.7734627831715211,,,0.048639537683602185,,0.7734627831715211,
21340,"El Paso, TX",2013,-0.059242250287026454,-0.14324817518248179,,,-0.059242250287026454,,-0.14324817518248179,
21340,"El Paso, TX",2014,-0.2572614107883817,-0.4153354632587859,,,-0.2572614107883817,,-0.4153354632587859,
21340,"El Paso, TX",2015,0.4758462044035492,2.4043715846994536,,,0.4758462044035492,,2.4043715846994536,
21340,"El Paso, TX",2016,-0.3199732798931195,-0.6393793472445157,-0.005084090426887658,-0.004139464506154926,-0.3199732798931195,-0.005084090426887658,-0.6393793472445157,-0.004139464506154926
21340,"El Paso, TX",2017,0.07301899148657509,-0.007418397626112738,0.0006532278904926789,-3.79174133032607e-05,0.07301899148657509,0.0006532278904926789,-0.007418397626112738,-3.79174133032607e-05
21340,"El Paso, TX",2018,-0.26274031126029906,-0.28101644245142,-0.002978302273254298,-0.0006486460482174625,-0.26274031126029906,-0.002978302273254298,-0.28101644245142,-0.0006486460482174625
21340,"El Paso, TX",2019,0.26903973509933765,-0.2910602910602911,0.002100566156025215,-0.00047175174489052715,0.26903973509933765,0.002100566156025215,-0.2910602910602911,-0.00047175174489052715
21340,"El Paso, TX",2020,-0.1643835616438356,-0.624633431085044,,,-0.1643835616438356,,-0.624633431085044,
21340,"El Paso, TX",2021,0.16666666666666674,0.5546875,,,0.16666666666666674,,0.5546875,
21340,"El Paso, TX",2022,-0.17530946804951486,0.14070351758793964,-0.001692337532652446,8.07179603439347e-05,-0.17530946804951486,-0.001692337532652446,0.14070351758793964,8.07179603439347e-05
21340,"El Paso, TX",2023,-0.08843813387423938,-0.19823788546255505,-0.0007137058339495728,-0.00014189244096636348,-0.08843813387423938,-0.0007137058339495728,-0.19823788546255505,-0.00014189244096636348
21340,"El Paso, TX",2024,0.032487761459724096,-0.2142857142857143,0.00018236994170859645,-0.00012169098636254143,0.032487761459724096,0.00018236994170859645,-0.2142857142857143,-0.00012169098636254143
21340,"El Paso, TX",2025,-0.11637931034482762,-0.006993006993006978,,,-0.11637931034482762,,-0.006993006993006978,
22220,"Fayetteville-Springdale-Rogers, AR",1990,,,,,,,,
22220,"Fayetteville-Springdale-Rogers, AR",1991,0.6709050112191473,3.71830985915493,,,0.6709050112191473,,3.3272884615384597,
22220,"Fayetteville-Springdale-Rogers, AR",1992,0.17457475380483434,-0.28805970149253735,,,0.17457475380483434,,-0.28805970149253735,
22220,"Fayetteville-Springdale-Rogers, AR",1993,0.3300304878048781,0.649895178197065,,,0.3300304878048781,,0.649895178197065,
22220,"Fayetteville-Springdale-Rogers, AR",1994,0.23954154727793697,0.7090216010165185,,,0.23954154727793697,,0.7090216010165185,
22220,"Fayetteville-Springdale-Rogers, AR",1995,-0.11719833564493753,-0.19999999999999996,,,-0.11719833564493753,,-0.19999999999999996,
22220,"Fayetteville-Springdale-Rogers, AR",1996,-0.20319455354804927,-0.5232342007434945,,,-0.20319455354804927,,-0.5232342007434945,
22220,"Fayetteville-Springdale-Rogers, AR",1997,-0.1130463358527769,0.06822612085769975,,,-0.1130463358527769,,0.06822612085769975,
22220,"Fayetteville-Springdale-Rogers, AR",1998,-0.21044831419044085,-0.6806569343065694,,,-0.21044831419044085,,-0.6806569343065694,
22220,"Fayetteville-Springdale-Rogers, AR",1999,0.3632097606757392,2.5428571428571427,,,0.3632097606757392,,2.5428571428571427,
22220,"Fayetteville-Springdale-Rogers, AR",2000,-0.019965576592082646,0.1483870967741936,,,-0.019965576592082646,,0.1483870967741936,
22220,"Fayetteville-Springdale-Rogers, AR",2001,0.3930453108535301,0.8356741573033708,,,0.36880233690360276,,0.8356741573033708,
22220,"Fayetteville-Springdale-Rogers, AR",2002,0.006555723651033851,-0.0703902065799541,,,0.006555723651033851,,-0.0703902065799541,
22220,"Fayetteville-Springdale-Rogers, AR",2003,0.5721442885771544,1.1580246913580248,,,0.5700424220004605,,1.1580246913580248,
22220,"Fayetteville-Springdale-Rogers, AR",2004,0.020235818992989207,-0.18535469107551483,,,0.020235818992989207,,-0.18535469107551483,
22220,"Fayetteville-Springdale-Rogers, AR",2005,0.18194596282992337,-0.1699438202247191,,,0.18194596282992337,,-0.1699438202247191,
22220,"Fayetteville-Springdale-Rogers, AR",2006,-0.1980708245243129,-0.19007332205301752,,,-0.1980708245243129,,-0.19007332205301752,
22220,"Fayetteville-Springdale-Rogers, AR",2007,-0.4478497281265448,-0.4909470752089137,,,-0.4478497281265448,,-0.4909470752089137,
22220,"Fayetteville-Springdale-Rogers, AR",2008,-0.1823336317517159,1.009575923392613,,,-0.1823336317517159,,1.009575923392613,
22220,"Fayetteville-Springdale-Rogers, AR",2009,-0.3653284671532847,-0.5765827093260721,,,-0.3653284671532847,,-0.5765827093260721,
22220,"Fayetteville-Springdale-Rogers, AR",2010,-0.3064979873490512,-0.9533762057877814,,,-0.3064979873490512,,-0.9533762057877814,
22220,"Fayetteville-Springdale-Rogers, AR",2011,-0.0033167495854062867,-0.6551724137931034,,,-0.0033167495854062867,,-0.6551724137931034,
22220,"Fayetteville-Springdale-Rogers, AR",2012,0.5956738768718801,7.4,,,0.5956738768718801,,7.4,
22220,"Fayetteville-Springdale-Rogers, AR",2013,0.24087591240875916,-0.36904761904761907,,,0.24087591240875916,,-0.36904761904761907,
22220,"Fayetteville-Springdale-Rogers, AR",2014,0.40714285714285725,16.471698113207548,,,0.40714285714285725,,16.39089622641509,
22220,"Fayetteville-Springdale-Rogers, AR",2015,0.132278292027471,0.012958963282937441,,,0.132278292027471,,0.012958963282937441,
22220,"Fayetteville-Springdale-Rogers, AR",2016,0.16561181434599148,-0.20042643923240944,0.0027717644948250866,-0.0010125521156460243,0.16561181434599148,0.0027717644948250866,-0.20042643923240944,-0.0010125521156460243
22220,"Fayetteville-Springdale-Rogers, AR",2017,0.0687782805429864,0.32266666666666666,0.0010302066138384684,0.0010975292967849242,0.0687782805429864,0.0010302066138384684,0.32266666666666666,0.0010975292967849242
22220,"Fayetteville-Springdale-Rogers, AR",2018,0.1776037256562235,0.5564516129032258,0.003491094462885737,0.0025154234712258926,0.1776037256562235,0.003491094462885737,0.5564516129032258,0.0025154234712258926
22220,"Fayetteville-Springdale-Rogers, AR",2019,0.2412367427646953,0.6463730569948187,0.005563463181024481,0.004438160196595876,0.2412367427646953,0.005545532964717297,0.6463730569948187,0.004438160196595876
22220,"Fayetteville-Springdale-Rogers, AR",2020,-0.07820419985517746,-0.481904012588513,,,-0.07820419985517746,,-0.481904012588513,
22220,"Fayetteville-Springdale-Rogers, AR",2021,0.11861743912018863,-0.12300683371298404,,,0.11861743912018863,,-0.12300683371298404,
22220,"Fayetteville-Springdale-Rogers, AR",2022,0.01769662921348325,0.2666666666666666,-0.00037259894638152005,0.0011590722310959155,0.01769662921348325,-0.00037259894638152005,0.2666666666666666,0.0011590722310959155
22220,"Fayetteville-Springdale-Rogers, AR",2023,-0.045680375379519744,-0.27887901572112095,-0.002244755998443447,-0.0018585987420062589,-0.045680375379519744,-0.002244755998443447,-0.27887901572112095,-0.0018585987420062589
22220,"Fayetteville-Springdale-Rogers, AR",2024,0.15459146782357203,0.8,0.003527511320792799,0.0032683140510321868,0.15459146782357203,0.003527511320792799,0.8,0.0032683140510321868
22220,"Fayetteville-Springdale-Rogers, AR",2025,0.12236973947895802,0.5387045813586098,,,0.12236973947895802,,0.5387045813586098,
23420,"Fresno, CA",1990,,,,,,,,
23420,"Fresno, CA",1991,-0.20474605701056292,-0.44671403197158077,,,-0.20474605701056292,,-0.44671403197158077,
23420,"Fresno, CA",1992,0.09807132459970891,0.11396468699839479,,,0.09807132459970891,,0.11396468699839479,
23420,"Fresno, CA",1993,-0.17895608947804476,-0.521613832853026,,,-0.17895608947804476,,-0.521613832853026,
23420,"Fresno, CA",1994,0.07547931382441986,1.4728915662650603,,,0.07547931382441986,,1.4728915662650603,
23420,"Fresno, CA",1995,-0.07750046913116904,0.08282582216808776,,,-0.07750046913116904,,0.08282582216808776,
23420,"Fresno, CA",1996,-0.20463791700569567,-0.7941507311586051,,,-0.20463791700569567,,-0.7941507311586051,
23420,"Fresno, CA",1997,-0.16086956521739126,0.02732240437158473,,,-0.16086956521739126,,0.02732240437158473,
23420,"Fresno, CA",1998,0.11307528192624194,1.0851063829787235,,,0.11307528192624194,,1.0851063829787235,
23420,"Fresno, CA",1999,-0.02026286966045998,-0.19387755102040816,,,-0.02026286966045998,,-0.19387755102040816,
23420,"Fresno, CA",2000,0.06316377864728895,-0.2879746835443038,,,0.06316377864728895,,-0.2879746835443038,
23420,"Fresno, CA",2001,0.19794952681388023,-0.8222222222222222,,,0.19794952681388023,,-0.8222222222222222,
23420,"Fresno, CA",2002,0.057274522712310816,3.0,,,0.057274522712310816,,3.0,
23420,"Fresno, CA",2003,0.44873391448733924,5.75625,,,0.44873391448733924,,4.345944036178637,
23420,"Fresno, CA",2004,0.26547277936962743,0.3774283071230342,,,0.26547277936962743,,0.3774283071230342,
23420,"Fresno, CA",2005,0.09453186912713685,-0.050369375419744844,,,0.09453186912713685,,-0.050369375419744844,
23420,"Fresno, CA",2006,-0.3117501034340091,-0.10254596888260259,,,-0.3117501034340091,,-0.10254596888260259,
23420,"Fresno, CA",2007,-0.193868349864743,-0.3420015760441293,,,-0.193868349864743,,-0.3420015760441293,
23420,"Fresno, CA",2008,-0.47800149142431025,-0.49580838323353293,,,-0.47800149142431025,,-0.49580838323353293,
23420,"Fresno, CA",2009,-0.16142857142857148,-0.7482185273159145,,,-0.16142857142857148,,-0.7482185273159145,
23420,"Fresno, CA",2010,0.03918228279386704,2.311320754716981,,,0.03918228279386704,,2.311320754716981,
23420,"Fresno, CA",2011,-0.21598360655737703,0.19943019943019946,,,-0.21598360655737703,,0.19943019943019946,
23420,"Fresno, CA",2012,0.04600104547830641,-0.23515439429928742,,,0.04600104547830641,,-0.23515439429928742,
23420,"Fresno, CA",2013,0.49475262368815587,0.11490683229813659,,,0.49475262368815587,,0.11490683229813659,
23420,"Fresno, CA",2014,-0.29588766298896685,-0.2701949860724234,,,-0.29588766298896685,,-0.2701949860724234,
23420,"Fresno, CA",2015,0.20275403608736942,0.0,,,0.20275403608736942,,0.0,
23420,"Fresno, CA",2016,0.26490327674694036,0.05343511450381677,0.001725805116780301,3.221239641158118e-05,0.26490327674694036,0.001725805116780301,0.05343511450381677,3.221239641158118e-05
23420,"Fresno, CA",2017,0.04494382022471921,2.713768115942029,0.00032437645262519375,0.0019606299941077837,0.04494382022471921,0.00032437645262519375,2.713768115942029,0.0019606299941077837
23420,"Fresno, CA",2018,0.02508960573476693,-0.3824390243902439,0.0001631164793043892,-0.0010390993743566025,0.02508960573476693,0.0001631164793043892,-0.3824390243902439,-0.0010390993743566025
23420,"Fresno, CA",2019,0.17628205128205132,0.0726698262243286,0.0015011411859920075,0.00010711676815329399,0.17628205128205132,0.0015011411859920075,0.0726698262243286,0.00010711676815329399
23420,"Fresno, CA",2020,-0.013623978201634857,-0.3033873343151694,,,-0.013623978201634857,,-0.3033873343151694,
23420,"Fresno, CA",2021,0.2476142641888499,-0.023255813953488413,,,0.2476142641888499,,-0.023255813953488413,
23420,"Fresno, CA",2022,-0.06843800322061189,0.5454545454545454,-0.0009845007855811983,0.0006247590709516355,-0.06843800322061189,-0.0009845007855811983,0.5454545454545454,0.0006247590709516355
23420,"Fresno, CA",2023,-0.07886776145203112,0.07002801120448177,-0.00102201406910701,0.000108330459238697,-0.07886776145203112,-0.00102201406910701,0.07002801120448177,0.000108330459238697
23420,"Fresno, CA",2024,-0.1128313394323247,-0.6020942408376964,-0.0012882577024535286,-0.0011577893710329507,-0.1128313394323247,-0.0012882577024535286,-0.6020942408376964,-0.0011577893710329507
23420,"Fresno, CA",2025,-0.06980433632998417,-0.046052631578947345,,,-0.06980433632998417,,-0.046052631578947345,
24340,"Grand Rapids-Wyoming-Kentwood, MI",1990,,,,,,,,
24340,"Grand Rapids-Wyoming-Kentwood, MI",1991,-0.33243486073674755,-0.7695852534562212,,,-0.33243486073674755,,-0.7695852534562212,
24340,"Grand Rapids-Wyoming-Kentwood, MI",1992,0.30390309555854644,1.0274999999999999,,,0.30390309555854644,,1.0274999999999999,
24340,"Grand Rapids-Wyoming-Kentwood, MI",1993,-0.018373245251858017,-0.4648581997533908,,,-0.018373245251858017,,-0.4648581997533908,
24340,"Grand Rapids-Wyoming-Kentwood, MI",1994,0.253627760252366,1.133640552995392,,,0.253627760252366,,1.133640552995392,
24340,"Grand Rapids-Wyoming-Kentwood, MI",1995,0.07045797684952193,0.3434125269978401,,,0.07045797684952193,,0.3434125269978401,
24340,"Grand Rapids-Wyoming-Kentwood, MI",1996,0.12991694091835138,0.11816720257234725,,,0.12991694091835138,,0.11816720257234725,
24340,"Grand Rapids-Wyoming-Kentwood, MI",1997,-0.09251040221914009,-0.006470165348670065,,,-0.09251040221914009,,-0.006470165348670065,
24340,"Grand Rapids-Wyoming-Kentwood, MI",1998,0.06128687146568845,0.11939218523878448,,,0.06128687146568845,,0.11939218523878448,
24340,"Grand Rapids-Wyoming-Kentwood, MI",1999,-0.04795506912442393,-0.4046541693600517,,,-0.04795506912442393,,-0.4046541693600517,
24340,"Grand Rapids-Wyoming-Kentwood, MI",2000,-0.0748752079866889,-0.16720955483170463,,,-0.0748752079866889,,-0.16720955483170463,
24340,"Grand Rapids-Wyoming-Kentwood, MI",2001,0.04267495094833218,0.19556714471968717,,,0.04267495094833218,,0.19556714471968717,
24340,"Grand Rapids-Wyoming-Kentwood, MI",2002,0.03449898071193358,0.04143947655398028,,,0.03449898071193358,,0.04143947655398028,
24340,"Grand Rapids-Wyoming-Kentwood, MI",2003,0.02804304987115347,-0.2366492146596859,,,0.02804304987115347,,-0.2366492146596859,
24340,"Grand Rapids-Wyoming-Kentwood, MI",2004,0.016661751695665084,0.20301783264746232,,,0.016661751695665084,,0.20301783264746232,
24340,"Grand Rapids-Wyoming-Kentwood, MI",2005,-0.1534445250181291,-0.4161915621436716,,,-0.1534445250181291,,-0.4161915621436716,
24340,"Grand Rapids-Wyoming-Kentwood, MI",2006,-0.2641768031523043,0.1015625,,,-0.2641768031523043,,0.1015625,
24340,"Grand Rapids-Wyoming-Kentwood, MI",2007,-0.32665890570430733,-0.2429078014184397,,,-0.32665890570430733,,-0.2429078014184397,
24340,"Grand Rapids-Wyoming-Kentwood, MI",2008,-0.3952282157676349,-0.4355971896955504,,,-0.3952282157676349,,-0.4355971896955504,
24340,"Grand Rapids-Wyoming-Kentwood, MI",2009,-0.2990280160091481,-0.7593360995850622,,,-0.2990280160091481,,-0.7593360995850622,
24340,"Grand Rapids-Wyoming-Kentwood, MI",2010,0.05954323001631323,-0.4655172413793104,,,0.05954323001631323,,-0.4655172413793104,
24340,"Grand Rapids-Wyoming-Kentwood, MI",2011,0.16397228637413397,4.483870967741935,,,0.16397228637413397,,4.483870967741935,
24340,"Grand Rapids-Wyoming-Kentwood, MI",2012,0.3657407407407407,0.7705882352941176,,,0.3657407407407407,,0.7705882352941176,
24340,"Grand Rapids-Wyoming-Kentwood, MI",2013,0.13462469733656168,-0.43853820598006643,,,0.13462469733656168,,-0.43853820598006643,
24340,"Grand Rapids-Wyoming-Kentwood, MI",2014,0.37601365770379847,3.8698224852071004,,,0.37601365770379847,,3.8698224852071004,
24340,"Grand Rapids-Wyoming-Kentwood, MI",2015,0.157258064516129,0.34386391251518833,,,0.157258064516129,,0.34386391251518833,
24340,"Grand Rapids-Wyoming-Kentwood, MI",2016,0.2870544090056286,0.7622061482820977,0.0023669500255131294,0.0018942876787082716,0.2870544090056286,0.0023669500255131294,0.7622061482820977,0.0018942876787082716
24340,"Grand Rapids-Wyoming-Kentwood, MI",2017,0.027072053311120392,-0.06413545407901489,0.00018242387104873067,-0.00032532702895052973,0.027072053311120392,0.00018242387104873067,-0.06413545407901489,-0.00032532702895052973
24340,"Grand Rapids-Wyoming-Kentwood, MI",2018,-0.19505271695052717,-0.5049342105263157,-0.0022519944642890206,-0.0020897816504438717,-0.19505271695052717,-0.0022519944642890206,-0.5049342105263157,-0.0020897816504438717
24340,"Grand Rapids-Wyoming-Kentwood, MI",2019,0.10000000000000009,0.5913621262458473,0.0008040950368770373,0.001161582129533996,0.10000000000000009,0.0008040950368770373,0.5913621262458473,0.001161582129533996
24340,"Grand Rapids-Wyoming-Kentwood, MI",2020,-0.17013968399358825,-0.4279749478079332,,,-0.17013968399358825,,-0.4279749478079332,
24340,"Grand Rapids-Wyoming-Kentwood, MI",2021,0.08664459161147908,-0.18004866180048662,,,0.08664459161147908,,-0.18004866180048662,
24340,"Grand Rapids-Wyoming-Kentwood, MI",2022,0.1155408836973082,1.1379821958456975,0.000902223952157933,0.0016288870448419891,0.1155408836973082,0.000902223952157933,1.1379821958456975,0.0016288870448419891
24340,"Grand Rapids-Wyoming-Kentwood, MI",2023,-0.14545868427043018,-0.3400416377515614,-0.0014405118487840294,-0.001066982590516052,-0.14545868427043018,-0.0014405118487840294,-0.3400416377515614,-0.001066982590516052
24340,"Grand Rapids-Wyoming-Kentwood, MI",2024,0.028502930207778387,0.42166140904311256,0.0001700813479846193,0.0008302810480044416,0.028502930207778387,0.0001700813479846193,0.42166140904311256,0.0008302810480044416
24340,"Grand Rapids-Wyoming-Kentwood, MI",2025,0.10515410515410517,0.16198224852071008,,,0.10515410515410517,,0.16198224852071008,
24660,"Greensboro-High Point, NC",1990,,,,,,,,
24660,"Greensboro-High Point, NC",1991,0.08287858117326063,0.6634146341463414,,,0.08287858117326063,,0.6634146341463414,
24660,"Greensboro-High Point, NC",1992,0.13039370078740165,-0.02639296187683282,,,0.13039370078740165,,-0.02639296187683282,
24660,"Greensboro-High Point, NC",1993,0.1613262747283366,1.1837349397590362,,,0.1613262747283366,,1.1837349397590362,
24660,"Greensboro-High Point, NC",1994,0.04366602687140109,-0.07999999999999996,,,0.04366602687140109,,-0.07999999999999996,
24660,"Greensboro-High Point, NC",1995,0.11494252873563227,0.697151424287856,,,0.11494252873563227,,0.697151424287856,
24660,"Greensboro-High Point, NC",1996,0.14577319587628867,0.4151943462897527,,,0.14577319587628867,,0.4151943462897527,
24660,"Greensboro-High Point, NC",1997,0.004678783516285812,-0.17041198501872656,,,0.004678783516285812,,-0.17041198501872656,
24660,"Greensboro-High Point, NC",1998,0.01182160128962928,-0.07975921745673442,,,0.01182160128962928,,-0.07975921745673442,
24660,"Greensboro-High Point, NC",1999,0.013984776066560345,0.24039247751430914,,,0.013984776066560345,,0.24039247751430914,
24660,"Greensboro-High Point, NC",2000,-0.16445530726256985,-0.5385629531970995,,,-0.16445530726256985,,-0.5385629531970995,
24660,"Greensboro-High Point, NC",2001,0.33577099874634353,1.2885714285714287,,,0.33577099874634353,,1.2885714285714287,
24660,"Greensboro-High Point, NC",2002,-0.11340528703269204,-0.34644194756554303,,,-0.11340528703269204,,-0.34644194756554303,
24660,"Greensboro-High Point, NC",2003,-0.1503175723359209,-0.3228271251193887,,,-0.1503175723359209,,-0.3228271251193887,
24660,"Greensboro-High Point, NC",2004,0.27470930232558133,0.623413258110014,,,0.27470930232558133,,0.623413258110014,
24660,"Greensboro-High Point, NC",2005,0.024596839876201315,-0.13119026933101652,,,0.024596839876201315,,-0.13119026933101652,
24660,"Greensboro-High Point, NC",2006,0.020190779014308324,0.6399999999999999,,,0.020190779014308324,,0.6399999999999999,
24660,"Greensboro-High Point, NC",2007,-0.226118123733832,-0.26890243902439026,,,-0.226118123733832,,-0.26890243902439026,
24660,"Greensboro-High Point, NC",2008,-0.3362867498993154,-0.00917431192660545,,,-0.3362867498993154,,-0.00917431192660545,
24660,"Greensboro-High Point, NC",2009,-0.3704490291262136,-0.4427609427609428,,,-0.3704490291262136,,-0.4427609427609428,
24660,"Greensboro-High Point, NC",2010,-0.08289156626506022,-0.1344410876132931,,,-0.08289156626506022,,-0.1344410876132931,
24660,"Greensboro-High Point, NC",2011,0.07566999474513936,0.6404886561954626,,,0.07566999474513936,,0.6404886561954626,
24660,"Greensboro-High Point, NC",2012,-0.07816316560820713,-0.30957446808510636,,,-0.07816316560820713,,-0.30957446808510636,
24660,"Greensboro-High Point, NC",2013,0.07684154742978277,-0.05392912172573194,,,0.07684154742978277,,-0.05392912172573194,
24660,"Greensboro-High Point, NC",2014,0.295275590551181,0.8892508143322475,,,0.295275590551181,,0.8892508143322475,
24660,"Greensboro-High Point, NC",2015,-0.15957446808510634,-0.5224137931034483,,,-0.15957446808510634,,-0.5224137931034483,
24660,"Greensboro-High Point, NC",2016,0.23643761301989152,0.9711191335740073,0.0015333639459117693,0.0016099675762948286,0.23643761301989152,0.0015333639459117693,0.9711191335740073,0.0016099675762948286
24660,"Greensboro-High Point, NC",2017,0.11700182815356497,-0.07600732600732596,0.0008872730993286556,-0.0002752883385017625,0.11700182815356497,0.0008872730993286556,-0.07600732600732596,-0.0002752883385017625
24660,"Greensboro-High Point, NC",2018,-0.27201309328968903,-0.7532210109018831,-0.002533294255734243,-0.002275811500057625,-0.27201309328968903,-0.002533294255734243,-0.7532210109018831,-0.002275811500057625
24660,"Greensboro-High Point, NC",2019,0.0894784172661871,0.642570281124498,0.0005562268153342887,0.00046856226789193287,0.0894784172661871,0.0005562268153342887,0.642570281124498,0.00046856226789193287
24660,"Greensboro-High Point, NC",2020,0.29880313660751145,1.2053789731051343,,,0.29880313660751145,,1.2053789731051343,
24660,"Greensboro-High Point, NC",2021,0.25961232920241506,0.4800443458980044,,,0.25961232920241506,,0.4800443458980044,
24660,"Greensboro-High Point, NC",2022,-0.24495459132189712,-0.3902621722846442,-0.002938089057506957,-0.0015524813050746137,-0.24495459132189712,-0.002938089057506957,-0.3902621722846442,-0.0015524813050746137
24660,"Greensboro-High Point, NC",2023,0.17173404610758447,0.35012285012285016,0.0013994483171379107,0.0007982104252597546,0.17173404610758447,0.0013994483171379107,0.35012285012285016,0.0007982104252597546
24660,"Greensboro-High Point, NC",2024,0.41887653264898783,1.3339399454049135,0.00409990299801841,0.004151742636031368,0.41887653264898783,0.00409990299801841,1.3339399454049135,0.003814561934498586
24660,"Greensboro-High Point, NC",2025,-0.23030546623794212,-0.5415204678362573,,,-0.23030546623794212,,-0.5415204678362573,
24860,"Greenville-Anderson-Greer, SC",1990,,,,,,,,
24860,"Greenville-Anderson-Greer, SC",1991,-0.28853664139673785,-0.883480825958702,,,-0.28853664139673785,,-0.883480825958702,
24860,"Greenville-Anderson-Greer, SC",1992,0.12269938650306744,-0.47468354430379744,,,0.12269938650306744,,-0.47468354430379744,
24860,"Greenville-Anderson-Greer, SC",1993,0.14380212827149852,1.8072289156626504,,,0.14380212827149852,,1.8072289156626504,
24860,"Greenville-Anderson-Greer, SC",1994,0.28664822730701545,2.6781115879828326,,,0.28664822730701545,,2.6781115879828326,
24860,"Greenville-Anderson-Greer, SC",1995,-0.052765292163377,-0.17736289381563597,,,-0.052765292163377,,-0.17736289381563597,
24860,"Greenville-Anderson-Greer, SC",1996,0.269651330720033,1.2085106382978723,,,0.269651330720033,,1.2085106382978723,
24860,"Greenville-Anderson-Greer, SC",1997,-0.15648358791030226,-0.596660244059088,,,-0.15648358791030226,,-0.596660244059088,
24860,"Greenville-Anderson-Greer, SC",1998,0.12656520901560397,0.1273885350318471,,,0.12656520901560397,,0.1273885350318471,
24860,"Greenville-Anderson-Greer, SC",1999,0.09866621067031467,0.10169491525423724,,,0.09866621067031467,,0.10169491525423724,
24860,"Greenville-Anderson-Greer, SC",2000,-0.15050583657587546,-0.17179487179487174,,,-0.15050583657587546,,-0.17179487179487174,
24860,"Greenville-Anderson-Greer, SC",2001,-0.02088677171124953,-0.48297213622291024,,,-0.02088677171124953,,-0.48297213622291024,
24860,"Greenville-Anderson-Greer, SC",2002,0.09636976047904189,0.6227544910179641,,,0.09636976047904189,,0.6227544910179641,
24860,"Greenville-Anderson-Greer, SC",2003,-0.0010240655401945187,-0.38007380073800734,,,-0.0010240655401945187,,-0.38007380073800734,
24860,"Greenville-Anderson-Greer, SC",2004,0.06799931658978298,0.7886904761904763,,,0.06799931658978298,,0.7886904761904763,
24860,"Greenville-Anderson-Greer, SC",2005,0.11870100783874582,-0.11980033277870217,,,0.11870100783874582,,-0.11980033277870217,
24860,"Greenville-Anderson-Greer, SC",2006,0.01844701844701846,0.7069943289224954,,,0.01844701844701846,,0.7069943289224954,
24860,"Greenville-Anderson-Greer, SC",2007,-0.06809884863802307,0.12624584717607967,,,-0.06809884863802307,,0.12624584717607967,
24860,"Greenville-Anderson-Greer, SC",2008,-0.4233840590628296,-0.20353982300884954,,,-0.4233840590628296,,-0.20353982300884954,
24860,"Greenville-Anderson-Greer, SC",2009,-0.5241703684348054,-0.937037037037037,,,-0.5241703684348054,,-0.937037037037037,
24860,"Greenville-Anderson-Greer, SC",2010,0.07742998352553543,2.803921568627451,,,0.07742998352553543,,2.803921568627451,
24860,"Greenville-Anderson-Greer, SC",2011,0.03414882772680938,-0.5051546391752577,,,0.03414882772680938,,-0.5051546391752577,
24860,"Greenville-Anderson-Greer, SC",2012,0.38886150813208475,0.34375,,,0.38886150813208475,,0.34375,
24860,"Greenville-Anderson-Greer, SC",2013,0.3821859474804825,3.7984496124031004,,,0.3821859474804825,,3.7984496124031004,
24860,"Greenville-Anderson-Greer, SC",2014,0.1499358151476251,0.8400646203554119,,,0.1499358151476251,,0.8400646203554119,
24860,"Greenville-Anderson-Greer, SC",2015,0.3163652601027016,0.8279192273924496,,,0.3163652601027016,,0.8279192273924496,
24860,"Greenville-Anderson-Greer, SC",2016,-0.02425373134328357,-0.2958693563880884,-0.0005898569418792583,-0.001706000432907329,-0.02425373134328357,-0.0005898569418792583,-0.2958693563880884,-0.001706000432907329
24860,"Greenville-Anderson-Greer, SC",2017,-0.07891534851381887,-0.4542974079126876,-0.0014728386606212042,-0.0018046983120887988,-0.07891534851381887,-0.0014728386606212042,-0.4542974079126876,-0.0018046983120887988
24860,"Greenville-Anderson-Greer, SC",2018,0.2134364974523495,0.4412499999999999,0.0027373070901461558,0.0008809583004766313,0.2134364974523495,0.0027373070901461558,0.4412499999999999,0.0008809583004766313
24860,"Greenville-Anderson-Greer, SC",2019,0.020684292379471225,-0.05464006938421506,9.673677563228067e-05,-0.000202293674024846,0.020684292379471225,9.673677563228067e-05,-0.05464006938421506,-0.000202293674024846
24860,"Greenville-Anderson-Greer, SC",2020,0.3307938442785312,0.8862385321100918,,,0.3307938442785312,,0.8862385321100918,
24860,"Greenville-Anderson-Greer, SC",2021,0.21410579345088165,-0.2684824902723736,,,0.21410579345088165,,-0.2684824902723736,
24860,"Greenville-Anderson-Greer, SC",2022,-0.22255752546208973,-0.059175531914893664,-0.0061952172938432755,-0.0002974017672664254,-0.22255752546208973,-0.0061952172938432755,-0.059175531914893664,-0.0002974017672664254
24860,"Greenville-Anderson-Greer, SC",2023,-0.06792819019893259,-0.672791519434629,-0.001639939292403015,-0.0022710270234830568,-0.06792819019893259,-0.001639939292403015,-0.672791519434629,-0.0022710270234830568
24860,"Greenville-Anderson-Greer, SC",2024,0.154997397188964,0.7516198704103672,0.002437903254007799,0.0007787321206294583,0.154997397188964,0.002437903254007799,0.7516198704103672,0.0007787321206294583
24860,"Greenville-Anderson-Greer, SC",2025,-0.0698591549295775,-0.13316892725030827,,,-0.0698591549295775,,-0.13316892725030827,
25420,"Harrisburg-Carlisle, PA",1990,,,,,,,,
25420,"Harrisburg-Carlisle, PA",1991,-0.21276595744680848,-0.43340857787810383,,,-0.21276595744680848,,-0.43340857787810383,
25420,"Harrisburg-Carlisle, PA",1992,0.11695331695331701,-0.5099601593625498,,,0.11695331695331701,,-0.5099601593625498,
25420,"Harrisburg-Carlisle, PA",1993,0.14298284205895295,1.5040650406504064,,,0.14298284205895295,,1.5040650406504064,
25420,"Harrisburg-Carlisle, PA",1994,-0.1289453425712086,-0.487012987012987,,,-0.1289453425712086,,-0.487012987012987,
25420,"Harrisburg-Carlisle, PA",1995,-0.15554573574900576,0.24683544303797467,,,-0.15554573574900576,,0.24683544303797467,
25420,"Harrisburg-Carlisle, PA",1996,0.2590266875981162,0.9543147208121827,,,0.2590266875981162,,0.9543147208121827,
25420,"Harrisburg-Carlisle, PA",1997,0.20241064006650045,1.0467532467532465,,,0.20241064006650045,,1.0467532467532465,
25420,"Harrisburg-Carlisle, PA",1998,-0.22053231939163498,-0.7144670050761421,,,-0.21309864332317097,,-0.7144670050761421,
25420,"Harrisburg-Carlisle, PA",1999,0.1507760532150777,0.3688888888888888,,,0.1507760532150777,,0.3688888888888888,
25420,"Harrisburg-Carlisle, PA",2000,-0.24739884393063583,-0.4383116883116883,,,-0.24739884393063583,,-0.4383116883116883,
25420,"Harrisburg-Carlisle, PA",2001,0.07219662058371745,0.23699421965317913,,,0.07219662058371745,,0.23699421965317913,
25420,"Harrisburg-Carlisle, PA",2002,0.13944603629417385,-0.3037383177570093,,,0.13944603629417385,,-0.3037383177570093,
25420,"Harrisburg-Carlisle, PA",2003,0.18650461022632014,0.9328859060402686,,,0.18650461022632014,,0.9328859060402686,
25420,"Harrisburg-Carlisle, PA",2004,-0.1529494878134935,-0.9618055555555556,,,-0.1529494878134935,,-0.9618055555555556,
25420,"Harrisburg-Carlisle, PA",2005,0.12760633861551285,29.09090909090909,,,0.12760633861551285,,6.102182438192674,
25420,"Harrisburg-Carlisle, PA",2006,-0.24926035502958577,-0.6374622356495468,,,-0.24926035502958577,,-0.6374622356495468,
25420,"Harrisburg-Carlisle, PA",2007,0.09802955665024626,0.46666666666666656,,,0.09802955665024626,,0.46666666666666656,
25420,"Harrisburg-Carlisle, PA",2008,-0.16375056078959171,0.9772727272727273,,,-0.16375056078959171,,0.9772727272727273,
25420,"Harrisburg-Carlisle, PA",2009,-0.1834763948497854,-0.13505747126436785,,,-0.1834763948497854,,-0.13505747126436785,
25420,"Harrisburg-Carlisle, PA",2010,0.059132720105124825,-0.07973421926910296,,,0.059132720105124825,,-0.07973421926910296,
25420,"Harrisburg-Carlisle, PA",2011,-0.30955334987593053,-0.47653429602888087,,,-0.30955334987593053,,-0.47653429602888087,
25420,"Harrisburg-Carlisle, PA",2012,0.7214734950584007,3.655172413793103,,,0.7214734950584007,,3.655172413793103,
25420,"Harrisburg-Carlisle, PA",2013,-0.12995824634655528,-0.5259259259259259,,,-0.12995824634655528,,-0.5259259259259259,
25420,"Harrisburg-Carlisle, PA",2014,-0.03899220155968808,0.2406250000000001,,,-0.03899220155968808,,0.2406250000000001,
25420,"Harrisburg-Carlisle, PA",2015,0.00811485642946308,0.02015113350125941,,,0.00811485642946308,,0.02015113350125941,
25420,"Harrisburg-Carlisle, PA",2016,0.007430340557275539,-0.10370370370370374,1.9402617602908012e-05,-0.00017707972309899379,0.007430340557275539,1.9402617602908012e-05,-0.10370370370370374,-0.00017707972309899379
25420,"Harrisburg-Carlisle, PA",2017,-0.03872157344806393,-0.34435261707988984,-0.0003522028385518636,-0.0005201413851577061,-0.03872157344806393,-0.0003522028385518636,-0.34435261707988984,-0.0005201413851577061
25420,"Harrisburg-Carlisle, PA",2018,0.287084398976982,1.5294117647058822,0.0017436506152247707,0.0014357584213323,0.287084398976982,0.0017436506152247707,1.5294117647058822,0.0014357584213323
25420,"Harrisburg-Carlisle, PA",2019,0.0024838549428713996,0.2259136212624584,-3.58189276363826e-05,0.0005180161976289397,0.0024838549428713996,-3.58189276363826e-05,0.2259136212624584,0.0005180161976289397
25420,"Harrisburg-Carlisle, PA",2020,-0.2765113974231913,-0.7127371273712737,,,-0.2760218590284158,,-0.7127371273712737,
25420,"Harrisburg-Carlisle, PA",2021,0.05616438356164388,-0.10849056603773588,,,0.05616438356164388,,-0.10849056603773588,
25420,"Harrisburg-Carlisle, PA",2022,0.75810635538262,3.613756613756614,0.00448575610600647,0.0026362654913398556,0.75810635538262,0.00448575610600647,3.613756613756614,0.0026362654913398556
25420,"Harrisburg-Carlisle, PA",2023,-0.3124308373293987,-0.33371559633027525,-0.0033439574056895157,-0.001146650196673696,-0.3124308373293987,-0.0033439574056895157,-0.33371559633027525,-0.001146650196673696
25420,"Harrisburg-Carlisle, PA",2024,-0.11856223175965663,-0.20309810671256456,-0.0008870309689635045,-0.0004632969385414917,-0.11856223175965663,-0.0008870309689635045,-0.20309810671256456,-0.0004632969385414917
25420,"Harrisburg-Carlisle, PA",2025,-0.2690200852099818,-0.48812095032397407,,,-0.2690200852099818,,-0.48812095032397407,
25540,"Hartford-West Hartford-East Hartford, CT",2023,,,,,,,,
25540,"Hartford-West Hartford-East Hartford, CT",2024,-0.08309037900874638,-0.155956678700361,-0.00035873808362675737,-0.0004419298918851215,-0.08309037900874638,-0.00035873808362675737,-0.155956678700361,-0.0004419298918851215
25540,"Hartford-West Hartford-East Hartford, CT",2025,-0.20296767355590883,-0.2378100940975193,,,-0.20296767355590883,,-0.2378100940975193,
26420,"Houston-Pasadena-The Woodlands, TX",1990,,,,,,,,
26420,"Houston-Pasadena-The Woodlands, TX",1991,0.2937467157120337,0.5867589787970575,,,0.2937467157120337,,0.5867589787970575,
26420,"Houston-Pasadena-The Woodlands, TX",1992,0.07502611117558322,-0.08890100899918185,,,0.07502611117558322,,-0.08890100899918185,
26420,"Houston-Pasadena-The Woodlands, TX",1993,0.06212554649970303,0.16342412451361876,,,0.06212554649970303,,0.16342412451361876,
26420,"Houston-Pasadena-The Woodlands, TX",1994,0.14427279195040144,0.721378955492668,,,0.14427279195040144,,0.721378955492668,
26420,"Houston-Pasadena-The Woodlands, TX",1995,-0.035750766087844776,-0.2851591690330294,,,-0.035750766087844776,,-0.2851591690330294,
26420,"Houston-Pasadena-The Woodlands, TX",1996,0.11224207811348563,-0.05937696006690363,,,0.11224207811348563,,-0.05937696006690363,
26420,"Houston-Pasadena-The Woodlands, TX",1997,0.34026253675100415,1.5038897532785063,,,0.34026253675100415,,1.5038897532785063,
26420,"Houston-Pasadena-The Woodlands, TX",1998,0.448866094049311,0.7921881935197514,,,0.448866094049311,,0.7921881935197514,
26420,"Houston-Pasadena-The Woodlands, TX",1999,-0.21725593892608863,-0.4972509782554857,,,-0.21725593892608863,,-0.4972509782554857,
26420,"Houston-Pasadena-The Woodlands, TX",2000,-0.01855282515120149,-0.24817733990147783,,,-0.01855282515120149,,-0.24817733990147783,
26420,"Houston-Pasadena-The Woodlands, TX",2001,0.044080499653018634,-0.12947189097103917,,,0.044080499653018634,,-0.12947189097103917,
26420,"Houston-Pasadena-The Woodlands, TX",2002,0.25201393135352146,0.7133825079030558,,,0.25201393135352146,,0.7133825079030558,
26420,"Houston-Pasadena-The Woodlands, TX",2003,0.20128684277584297,0.4572131435600071,,,0.20128684277584297,,0.4572131435600071,
26420,"Houston-Pasadena-The Woodlands, TX",2004,-0.009457142352088499,-0.36078620523332927,,,-0.009457142352088499,,-0.36078620523332927,
26420,"Houston-Pasadena-The Woodlands, TX",2005,0.10866228852880289,-0.012639124693454074,,,0.10866228852880289,,-0.012639124693454074,
26420,"Houston-Pasadena-The Woodlands, TX",2006,0.15443058350100602,0.5029614061902943,,,0.15443058350100602,,0.5029614061902943,
26420,"Houston-Pasadena-The Woodlands, TX",2007,-0.11775122352514678,0.2910443017860549,,,-0.11775122352514678,,0.2910443017860549,
26420,"Houston-Pasadena-The Woodlands, TX",2008,-0.3247147327496286,-0.30262898779046865,,,-0.3247147327496286,,-0.30262898779046865,
26420,"Houston-Pasadena-The Woodlands, TX",2009,-0.360466204830556,-0.6675608895164137,,,-0.360466204830556,,-0.6675608895164137,
26420,"Houston-Pasadena-The Woodlands, TX",2010,0.0046109931932958315,0.031641537481418514,,,0.0046109931932958315,,0.031641537481418514,
26420,"Houston-Pasadena-The Woodlands, TX",2011,0.13911554713682062,0.7046109510086456,,,0.13911554713682062,,0.7046109510086456,
26420,"Houston-Pasadena-The Woodlands, TX",2012,0.3843497169901826,0.754015215553677,,,0.3843497169901826,,0.754015215553677,
26420,"Houston-Pasadena-The Woodlands, TX",2013,0.18579348579348576,0.14623063683304638,,,0.18579348579348576,,0.14623063683304638,
26420,"Houston-Pasadena-The Woodlands, TX",2014,0.2417548165897181,0.5042344885578713,,,0.2417548165897181,,0.5042344885578713,
26420,"Houston-Pasadena-The Woodlands, TX",2015,-0.10456050076086787,-0.20947133045839328,,,-0.10456050076086787,,-0.20947133045839328,
26420,"Houston-Pasadena-The Woodlands, TX",2016,-0.21165773152528122,-0.5426810788968583,-0.0051724253894295,-0.0043447321680774005,-0.21165773152528122,-0.0051724253894295,-0.5426810788968583,-0.0043447321680774005
26420,"Houston-Pasadena-The Woodlands, TX",2017,-0.049647754294730784,-0.3680141373978352,-0.0011356472639883937,-0.0013324167270707438,-0.049647754294730784,-0.0011356472639883937,-0.3680141373978352,-0.0013324167270707438
26420,"Houston-Pasadena-The Woodlands, TX",2018,0.3484554404508571,1.902306885704299,0.005371914596549707,0.004072235444818748,0.3484554404508571,0.005371914596549707,1.902306885704299,0.004072235444818748
26420,"Houston-Pasadena-The Woodlands, TX",2019,0.11102247502774687,0.43361233214909367,0.001925747701471709,0.002534300061908629,0.11102247502774687,0.001925747701471709,0.43361233214909367,0.002534300061908629
26420,"Houston-Pasadena-The Woodlands, TX",2020,0.10818530890019673,-0.14801747311827962,,,0.10818530890019673,,-0.14801747311827962,
26420,"Houston-Pasadena-The Woodlands, TX",2021,-0.01632463343521562,-0.22855452573456914,,,-0.01632463343521562,,-0.22855452573456914,
26420,"Houston-Pasadena-The Woodlands, TX",2022,0.09136859589335322,0.7333844580777096,0.0016275993462512676,0.003823844149487136,0.09136859589335322,0.0016275993462512676,0.7333844580777096,0.003823844149487136
26420,"Houston-Pasadena-The Woodlands, TX",2023,-0.09073852976291996,-0.3920144521457012,-0.0029692014720031183,-0.0038010734881199423,-0.09073852976291996,-0.0029692014720031183,-0.3920144521457012,-0.0038010734881199423
26420,"Houston-Pasadena-The Woodlands, TX",2024,-0.05131091006161348,-0.3023467345824995,-0.0016775324242779555,-0.0017590709955498224,-0.05131091006161348,-0.0016775324242779555,-0.3023467345824995,-0.0017590709955498224
26420,"Houston-Pasadena-The Woodlands, TX",2025,-0.010220998676745752,0.4241634072142546,,,-0.010220998676745752,,0.4241634072142546,
26620,"Huntsville, AL",1990,,,,,,,,
26620,"Huntsville, AL",1991,-0.3263747454175153,-0.6467991169977925,,,-0.3263747454175153,,-0.6467991169977925,
26620,"Huntsville, AL",1992,0.4520030234315948,1.74375,,,0.4520030234315948,,1.74375,
26620,"Huntsville, AL",1993,0.03852160333159804,0.37129840546697035,,,0.03852160333159804,,0.37129840546697035,
26620,"Huntsville, AL",1994,-0.5007518796992481,-0.9335548172757475,,,-0.2500303956138881,,-0.9273237356958287,
26620,"Huntsville, AL",1995,-0.2399598393574297,-1.0,,,-0.2399598393574297,,-0.8711305340829234,
26620,"Huntsville, AL",1996,0.2509907529722588,,,,0.2509907529722588,,,
26620,"Huntsville, AL",1997,0.7053854276663147,8.217391304347826,,,0.6127763772749626,,8.217391304347826,
26620,"Huntsville, AL",1998,0.0972136222910216,0.320754716981132,,,0.0972136222910216,,0.320754716981132,
26620,"Huntsville, AL",1999,-0.3295711060948081,-1.0,,,-0.28621707511973327,,-1.0,
26620,"Huntsville, AL",2000,0.0185185185185186,,,,0.0185185185185186,,,
26620,"Huntsville, AL",2001,0.34628099173553717,3.229166666666667,,,0.34628099173553717,,3.229166666666667,
26620,"Huntsville, AL",2002,0.018416206261510082,-0.3037766830870279,,,0.018416206261510082,,-0.3037766830870279,
26620,"Huntsville, AL",2003,0.44484629294755873,1.6462264150943398,,,0.44484629294755873,,1.6462264150943398,
26620,"Huntsville, AL",2004,0.5390070921985815,-0.7807486631016043,,,0.5379101899827287,,-0.7807486631016043,
26620,"Huntsville, AL",2005,-0.0672268907563025,-0.975609756097561,,,-0.0672268907563025,,-0.968235518292683,
26620,"Huntsville, AL",2006,0.29904097646033123,51.666666666666664,,,0.29381782812315593,,13.944981060606077,
26620,"Huntsville, AL",2007,-0.0015659955257271152,2.7436708860759493,,,-0.0015659955257271152,,2.7436708860759493,
26620,"Huntsville, AL",2008,-0.2910598252296661,-0.37531699070160607,,,-0.2910598252296661,,-0.37531699070160607,
26620,"Huntsville, AL",2009,-0.055625790139064435,-0.07442489851150202,,,-0.055625790139064435,,-0.07442489851150202,
26620,"Huntsville, AL",2010,-0.23862115127175365,-1.0,,,-0.23862115127175365,,-0.9986012861736334,
26620,"Huntsville, AL",2011,-0.11252747252747253,,,,-0.11252747252747253,,,
26620,"Huntsville, AL",2012,0.16245666171371975,,,,0.16245666171371975,,,
26620,"Huntsville, AL",2013,-0.04132935662547932,-0.3761904761904762,,,-0.04132935662547932,,-0.3761904761904762,
26620,"Huntsville, AL",2014,0.252,2.7519083969465647,,,0.252,,2.7519083969465647,
26620,"Huntsville, AL",2015,-0.07454739084132056,-0.525940996948118,,,-0.07454739084132056,,-0.525940996948118,
26620,"Huntsville, AL",2016,0.14767932489451474,0.4420600858369099,0.001809468081960636,0.0010274559760302944,0.14767932489451474,0.001809468081960636,0.4420600858369099,0.0010274559760302944
26620,"Huntsville, AL",2017,-0.011029411764705843,-0.43452380952380953,-0.00041267283569871444,-0.0015297897122987787,-0.011029411764705843,-0.00041267283569871444,-0.43452380952380953,-0.0015297897122987787
26620,"Huntsville, AL",2018,-0.006083136194660388,-0.9078947368421053,-0.0002956957075085139,-0.0017446063416447792,-0.006083136194660388,-0.0002956957075085139,-0.9078947368421053,-0.0017446063416447792
26620,"Huntsville, AL",2019,0.21251275076504594,1.4285714285714284,0.002916222043092059,0.00024432601144337615,0.21251275076504594,0.002916222043092059,1.4285714285714284,0.00024432601144337615
26620,"Huntsville, AL",2020,0.21733034212002234,0.05882352941176472,,,0.21733034212002234,,0.05882352941176472,
26620,"Huntsville, AL",2021,0.4217922137756278,20.22222222222222,,,0.4217922137756278,,19.485087145969487,
26620,"Huntsville, AL",2022,-0.34624108878807514,-0.7842931937172775,-0.010333397985089962,-0.006938967231797414,-0.34624108878807514,-0.010333397985089962,-0.7842931937172775,-0.006811193387718828
26620,"Huntsville, AL",2023,0.47211895910780677,3.7038834951456314,0.008073895038468323,0.006678503048090758,0.331730824922506,0.0038962521812099613,3.6135169065952515,0.003023332552394067
26620,"Huntsville, AL",2024,-0.12356902356902355,-0.3880288957688338,-0.003781195959028788,-0.0034325124193588805,-0.12356902356902355,-0.003781195959028788,-0.3880288957688338,-0.0034325124193588805
26620,"Huntsville, AL",2025,-0.13196311947752593,-0.050590219224283306,,,-0.13196311947752593,,-0.050590219224283306,
26900,"Indianapolis-Carmel-Greenwood, IN",1990,,,,,,,,
26900,"Indianapolis-Carmel-Greenwood, IN",1991,-0.11355932203389829,-0.5979081929110982,,,-0.11355932203389829,,-0.5979081929110982,
26900,"Indianapolis-Carmel-Greenwood, IN",1992,0.31255576800509877,0.5621387283236994,,,0.31255576800509877,,0.5621387283236994,
26900,"Indianapolis-Carmel-Greenwood, IN",1993,0.03894338156744692,0.07400555041628132,,,0.03894338156744692,,0.07400555041628132,
26900,"Indianapolis-Carmel-Greenwood, IN",1994,0.13366984483080957,0.34539190353143834,,,0.13366984483080957,,0.34539190353143834,
26900,"Indianapolis-Carmel-Greenwood, IN",1995,0.14025395778364125,0.6549295774647887,,,0.14025395778364125,,0.6549295774647887,
26900,"Indianapolis-Carmel-Greenwood, IN",1996,0.012943813724781261,0.017794970986460434,,,0.012943813724781261,,0.017794970986460434,
26900,"Indianapolis-Carmel-Greenwood, IN",1997,-0.03355225585379784,-0.15317369821360705,,,-0.03355225585379784,,-0.15317369821360705,
26900,"Indianapolis-Carmel-Greenwood, IN",1998,0.2150982419855223,0.36669658886894085,,,0.2150982419855223,,0.36669658886894085,
26900,"Indianapolis-Carmel-Greenwood, IN",1999,-0.022492401215805424,-0.4266009852216749,,,-0.022492401215805424,,-0.4266009852216749,
26900,"Indianapolis-Carmel-Greenwood, IN",2000,-0.03302238805970148,0.21305841924398616,,,-0.03302238805970148,,0.21305841924398616,
26900,"Indianapolis-Carmel-Greenwood, IN",2001,0.12245160460479765,-0.08498583569405094,,,0.12245160460479765,,-0.08498583569405094,
26900,"Indianapolis-Carmel-Greenwood, IN",2002,-0.03581046238469032,0.5056759545923633,,,-0.03581046238469032,,0.5056759545923633,
26900,"Indianapolis-Carmel-Greenwood, IN",2003,-0.02763251723318283,-0.1004112405757368,,,-0.02763251723318283,,-0.1004112405757368,
26900,"Indianapolis-Carmel-Greenwood, IN",2004,-0.03495691499113851,-0.11238095238095236,,,-0.03495691499113851,,-0.11238095238095236,
26900,"Indianapolis-Carmel-Greenwood, IN",2005,0.01614843898423146,0.052789699570815474,,,0.01614843898423146,,0.052789699570815474,
26900,"Indianapolis-Carmel-Greenwood, IN",2006,-0.27495949146204657,-0.44027721157766,,,-0.27495949146204657,,-0.44027721157766,
26900,"Indianapolis-Carmel-Greenwood, IN",2007,-0.27221935705690214,-0.45812090313182807,,,-0.27221935705690214,,-0.45812090313182807,
26900,"Indianapolis-Carmel-Greenwood, IN",2008,-0.1692453053029408,2.254032258064516,,,-0.1692453053029408,,2.254032258064516,
26900,"Indianapolis-Carmel-Greenwood, IN",2009,-0.1988911003696332,-0.22841800908715404,,,-0.1988911003696332,,-0.22841800908715404,
26900,"Indianapolis-Carmel-Greenwood, IN",2010,0.05465838509316767,-0.07655246252676662,,,0.05465838509316767,,-0.07655246252676662,
26900,"Indianapolis-Carmel-Greenwood, IN",2011,-0.10533400639407708,-0.14086956521739136,,,-0.10533400639407708,,-0.14086956521739136,
26900,"Indianapolis-Carmel-Greenwood, IN",2012,-0.06394583411698329,-0.50472334682861,,,-0.06394583411698329,,-0.50472334682861,
26900,"Indianapolis-Carmel-Greenwood, IN",2013,0.6427566807313643,2.885558583106267,,,0.6427566807313643,,2.885558583106267,
26900,"Indianapolis-Carmel-Greenwood, IN",2014,-0.02788649706457924,-0.032258064516129004,,,-0.02788649706457924,,-0.032258064516129004,
26900,"Indianapolis-Carmel-Greenwood, IN",2015,0.0932310015098139,0.21702898550724647,,,0.0932310015098139,,0.21702898550724647,
26900,"Indianapolis-Carmel-Greenwood, IN",2016,-0.11129013695477041,-0.5144388210777018,-0.0012384067979717035,-0.002081168157266414,-0.11129013695477041,-0.0012384067979717035,-0.5144388210777018,-0.002081168157266414
26900,"Indianapolis-Carmel-Greenwood, IN",2017,0.16355866355866366,0.3041079092581238,0.0014118432708753736,0.0005673517025733931,0.16355866355866366,0.0014118432708753736,0.3041079092581238,0.0005673517025733931
26900,"Indianapolis-Carmel-Greenwood, IN",2018,-0.02314969393433497,-0.30606488011283495,-0.0003388766588664511,-0.0007802687854026821,-0.02314969393433497,-0.0003388766588664511,-0.30606488011283495,-0.0007802687854026821
26900,"Indianapolis-Carmel-Greenwood, IN",2019,0.08624814857012653,0.5630081300813008,0.0007827560903674504,0.0009430426232722481,0.08624814857012653,0.0007827560903674504,0.5630081300813008,0.0009430426232722481
26900,"Indianapolis-Carmel-Greenwood, IN",2020,0.1392909586742186,-0.029475509319462523,,,0.1392909586742186,,-0.029475509319462523,
26900,"Indianapolis-Carmel-Greenwood, IN",2021,0.22739826919536,0.2862885216614559,,,0.22739826919536,,0.2862885216614559,
26900,"Indianapolis-Carmel-Greenwood, IN",2022,0.008175817581758116,0.621875,-7.983685757708033e-05,0.0019261827317026653,0.008175817581758116,-7.983685757708033e-05,0.621875,0.0019261827317026653
26900,"Indianapolis-Carmel-Greenwood, IN",2023,-0.07157205565062119,0.061871119674587804,-0.0012422189881248647,0.00024446598342851063,-0.07157205565062119,-0.0012422189881248647,0.061871119674587804,0.00024446598342851063
26900,"Indianapolis-Carmel-Greenwood, IN",2024,-0.05537302668483046,-0.5334677419354839,-0.0009068059236900256,-0.002901202485297593,-0.05537302668483046,-0.0009068059236900256,-0.5334677419354839,-0.002901202485297593
26900,"Indianapolis-Carmel-Greenwood, IN",2025,-0.027570410587037686,-0.14693171996542786,,,-0.027570410587037686,,-0.14693171996542786,
27140,"Jackson, MS",1990,,,,,,,,
27140,"Jackson, MS",1991,0.2584745762711864,0.3138686131386861,,,0.2584745762711864,,0.3138686131386861,
27140,"Jackson, MS",1992,0.2856341189674523,0.4833333333333334,,,0.2856341189674523,,0.4833333333333334,
27140,"Jackson, MS",1993,0.24312527280663465,-0.21722846441947563,,,0.24312527280663465,,-0.21722846441947563,
27140,"Jackson, MS",1994,0.2622893258426966,4.3253588516746415,,,0.2622893258426966,,4.3253588516746415,
27140,"Jackson, MS",1995,-0.1079276773296245,-0.34321653189577717,,,-0.1079276773296245,,-0.34321653189577717,
27140,"Jackson, MS",1996,-0.07452447770502024,-0.24623803009575929,,,-0.07452447770502024,,-0.24623803009575929,
27140,"Jackson, MS",1997,-0.05896226415094341,-0.4029038112522686,,,-0.05896226415094341,,-0.4029038112522686,
27140,"Jackson, MS",1998,0.3583959899749374,2.382978723404255,,,0.3583959899749374,,2.382978723404255,
27140,"Jackson, MS",1999,0.06352134949920929,0.20395327942497743,,,0.06352134949920929,,0.20395327942497743,
27140,"Jackson, MS",2000,-0.41957868649318464,-0.8007462686567164,,,-0.2984563478898483,,-0.8007462686567164,
27140,"Jackson, MS",2001,0.16268146883005974,0.28838951310861427,,,0.16268146883005974,,0.28838951310861427,
27140,"Jackson, MS",2002,0.2868160117517444,1.7877906976744184,,,0.2868160117517444,,1.7877906976744184,
27140,"Jackson, MS",2003,0.027397260273972712,-0.4953076120959332,,,0.027397260273972712,,-0.4953076120959332,
27140,"Jackson, MS",2004,0.2597222222222222,1.2561983471074378,,,0.2597222222222222,,1.2561983471074378,
27140,"Jackson, MS",2005,-0.21565600882028668,-1.0,,,-0.21565600882028668,,-0.968235518292683,
27140,"Jackson, MS",2006,0.05313466404273259,,,,0.05313466404273259,,,
27140,"Jackson, MS",2007,-0.1820608649225841,-0.75,,,-0.1820608649225841,,-0.75,
27140,"Jackson, MS",2008,-0.2907963446475196,-0.3191489361702128,,,-0.2907963446475196,,-0.3191489361702128,
27140,"Jackson, MS",2009,-0.4408651633686148,-1.0,,,-0.4408651633686148,,-1.0,
27140,"Jackson, MS",2010,0.1621399176954732,,,,0.1621399176954732,,,
27140,"Jackson, MS",2011,-0.03257790368271951,1.125,,,-0.03257790368271951,,1.125,
27140,"Jackson, MS",2012,0.049780380673499325,-1.0,,,0.049780380673499325,,-1.0,
27140,"Jackson, MS",2013,0.28940027894002784,,,,0.28940027894002784,,,
27140,"Jackson, MS",2014,0.06706327744726881,-1.0,,,0.06706327744726881,,-1.0,
27140,"Jackson, MS",2015,-0.19918905220476435,,,,-0.19918905220476435,,,
27140,"Jackson, MS",2016,0.06898734177215182,,0.00038379494230355617,0.0,0.06898734177215182,0.00038379494230355617,,0.0
27140,"Jackson, MS",2017,0.04026050917702784,,0.00021852006175783478,0.0001521676278588493,0.04026050917702784,0.00021852006175783478,,0.0001521676278588493
27140,"Jackson, MS",2018,-0.2276607854297097,-1.0,-0.0015555253564705218,-0.0001521676278588493,-0.2276607854297097,-0.0015555253564705218,-0.9944736842105263,-0.0001521676278588493
27140,"Jackson, MS",2019,0.015475313190862261,,5.5228862854828434e-05,0.0012037542084375648,0.015475313190862261,5.5228862854828434e-05,,0.0012037542084375648
27140,"Jackson, MS",2020,-0.13497822931785197,-1.0,,,-0.13497822931785197,,-0.996209476309227,
27140,"Jackson, MS",2021,0.19379194630872476,,,,0.19379194630872476,,,
27140,"Jackson, MS",2022,-0.1271960646521434,,-0.0006953516343456813,0.0,-0.1271960646521434,-0.0006953516343456813,,0.0
27140,"Jackson, MS",2023,-0.0032206119162641045,,-3.3266872835167535e-05,0.00032197752743211945,-0.0032206119162641045,-3.3266872835167535e-05,,0.00032197752743211945
27140,"Jackson, MS",2024,0.12924071082390953,-0.8522727272727273,0.0005627197870975683,-0.0002746236959607631,0.12924071082390953,0.0005627197870975683,-0.8009239212093211,-0.0002746236959607631
27140,"Jackson, MS",2025,0.12160228898426317,6.769230769230769,,,0.12160228898426317,,3.6960968896229027,
27260,"Jacksonville, FL",1990,,,,,,,,
27260,"Jacksonville, FL",1991,-0.10113856589147285,-0.4060665362035225,,,-0.10113856589147285,,-0.4060665362035225,
27260,"Jacksonville, FL",1992,-0.008758927368279212,-0.6062602965403625,,,-0.008758927368279212,,-0.6062602965403625,
27260,"Jacksonville, FL",1993,0.030451332245785778,-0.5711297071129707,,,0.030451332245785778,,-0.5711297071129707,
27260,"Jacksonville, FL",1994,0.1415567282321899,4.912195121951219,,,0.1415567282321899,,4.912195121951219,
27260,"Jacksonville, FL",1995,0.002195770253091478,0.6831683168316831,,,0.002195770253091478,,0.6831683168316831,
27260,"Jacksonville, FL",1996,0.3107702952029521,0.8362745098039215,,,0.3107702952029521,,0.8362745098039215,
27260,"Jacksonville, FL",1997,-0.23946511832497586,-0.5947677522690871,,,-0.23946511832497586,,-0.5947677522690871,
27260,"Jacksonville, FL",1998,0.10202429149797565,0.13109354413702246,,,0.10202429149797565,,0.13109354413702246,
27260,"Jacksonville, FL",1999,0.22819355515902173,1.008153756552126,,,0.22819355515902173,,1.008153756552126,
27260,"Jacksonville, FL",2000,-0.08708657379711138,-0.255800464037123,,,-0.08708657379711138,,-0.255800464037123,
27260,"Jacksonville, FL",2001,0.19359670473694068,0.15237724084177717,,,0.19359670473694068,,0.15237724084177717,
27260,"Jacksonville, FL",2002,0.12635294117647056,0.11396685830233344,,,0.12635294117647056,,0.11396685830233344,
27260,"Jacksonville, FL",2003,0.10166422951047971,-0.12507589556769882,,,0.10166422951047971,,-0.12507589556769882,
27260,"Jacksonville, FL",2004,0.221540989823652,0.554823039555864,,,0.221540989823652,,0.554823039555864,
27260,"Jacksonville, FL",2005,0.29814757321742724,0.38049542512831946,,,0.29814757321742724,,0.38049542512831946,
27260,"Jacksonville, FL",2006,-0.32370057397959184,-0.17103136113805362,,,-0.32370057397959184,,-0.17103136113805362,
27260,"Jacksonville, FL",2007,-0.3559262097011846,-0.3367784711388455,,,-0.3559262097011846,,-0.3367784711388455,
27260,"Jacksonville, FL",2008,-0.3628294289897511,-0.49926492208174067,,,-0.3628294289897511,,-0.49926492208174067,
27260,"Jacksonville, FL",2009,-0.3298865431566853,-0.22665883734586023,,,-0.3298865431566853,,-0.22665883734586023,
27260,"Jacksonville, FL",2010,-0.2271753107586798,-0.8610478359908884,,,-0.2271753107586798,,-0.8610478359908884,
27260,"Jacksonville, FL",2011,0.08458125346644474,2.4153005464480874,,,0.08458125346644474,,2.4153005464480874,
27260,"Jacksonville, FL",2012,0.8322679621580158,3.0544000000000002,,,0.8322679621580158,,3.0544000000000002,
27260,"Jacksonville, FL",2013,0.026793190064192007,-0.5935280189423836,,,0.026793190064192007,,-0.5935280189423836,
27260,"Jacksonville, FL",2014,0.05748844794781194,0.1776699029126214,,,0.05748844794781194,,0.1776699029126214,
27260,"Jacksonville, FL",2015,0.24289937026089192,0.912613355317395,,,0.24289937026089192,,0.912613355317395,
27260,"Jacksonville, FL",2016,0.21683383310929583,0.3017241379310345,0.0031438630075035535,0.0010666814124949495,0.21683383310929583,0.0031438630075035535,0.3017241379310345,0.0010666814124949495
27260,"Jacksonville, FL",2017,0.10120666213460239,-0.00298013245033113,0.0014380202144090963,-0.00011923960603407203,0.10120666213460239,0.0014380202144090963,-0.00298013245033113,-0.00011923960603407203
27260,"Jacksonville, FL",2018,0.1922216220387376,0.5197608767851212,0.0034609180666135345,0.0023087571752456364,0.1922216220387376,0.0034609180666135345,0.5197608767851212,0.0023087571752456364
27260,"Jacksonville, FL",2019,-0.049385113268608394,-0.3459353146853147,-0.0016445051342158581,-0.002512997350966029,-0.049385113268608394,-0.0016445051342158581,-0.3459353146853147,-0.002512997350966029
27260,"Jacksonville, FL",2020,0.174235718662763,0.3123955897093218,,,0.174235718662763,,0.3123955897093218,
27260,"Jacksonville, FL",2021,0.31845065522439997,0.49516293279022405,,,0.31845065522439997,,0.49516293279022405,
27260,"Jacksonville, FL",2022,0.018691177764095457,0.4656904478120212,-0.00040549922825564716,0.0034807963577553978,0.018691177764095457,-0.00040549922825564716,0.4656904478120212,0.0034807963577553978
27260,"Jacksonville, FL",2023,-0.12247981694944521,-0.13870817843866168,-0.004729443351922043,-0.001942509362122074,-0.12247981694944521,-0.004729443351922043,-0.13870817843866168,-0.001942509362122074
27260,"Jacksonville, FL",2024,-0.2619305323231329,-0.7635554356622606,-0.007501397084248355,-0.007546775918791123,-0.2619305323231329,-0.007501397084248355,-0.7635554356622606,-0.007546775918791123
27260,"Jacksonville, FL",2025,-0.10311958405545929,1.1106674272675412,,,-0.10311958405545929,,1.1106674272675412,
28140,"Kansas City, MO-KS",1990,,,,,,,,
28140,"Kansas City, MO-KS",1991,0.019558275678552395,-0.5486577181208054,,,0.019558275678552395,,-0.5486577181208054,
28140,"Kansas City, MO-KS",1992,0.26164687459219627,0.721189591078067,,,0.26164687459219627,,0.721189591078067,
28140,"Kansas City, MO-KS",1993,0.016859743483657486,-0.12742980561555073,,,0.016859743483657486,,-0.12742980561555073,
28140,"Kansas City, MO-KS",1994,0.10711016173329257,1.967821782178218,,,0.10711016173329257,,1.967821782178218,
28140,"Kansas City, MO-KS",1995,0.03408673281881658,0.8865721434528775,,,0.03408673281881658,,0.8865721434528775,
28140,"Kansas City, MO-KS",1996,0.1026210573078632,-0.20866489832007074,,,0.1026210573078632,,-0.20866489832007074,
28140,"Kansas City, MO-KS",1997,0.0970185334407736,0.6351955307262569,,,0.0970185334407736,,0.6351955307262569,
28140,"Kansas City, MO-KS",1998,0.018877625973262813,-0.18380594465322853,,,0.018877625973262813,,-0.18380594465322853,
28140,"Kansas City, MO-KS",1999,0.18455771033090618,0.65257429886982,,,0.18455771033090618,,0.65257429886982,
28140,"Kansas City, MO-KS",2000,-0.2145943643113627,-0.327001013171226,,,-0.2145943643113627,,-0.327001013171226,
28140,"Kansas City, MO-KS",2001,0.16086788066640834,0.512984569062853,,,0.16086788066640834,,0.512984569062853,
28140,"Kansas City, MO-KS",2002,-0.0741606034310126,-0.5616915422885572,,,-0.0741606034310126,,-0.5616915422885572,
28140,"Kansas City, MO-KS",2003,0.0622927180966113,0.06186152099886488,,,0.0622927180966113,,0.06186152099886488,
28140,"Kansas City, MO-KS",2004,0.012488122709379601,-0.2677712453233565,,,0.012488122709379601,,-0.2677712453233565,
28140,"Kansas City, MO-KS",2005,0.005295616034320938,0.2956204379562044,,,0.005295616034320938,,0.2956204379562044,
28140,"Kansas City, MO-KS",2006,-0.1281589651263586,0.8135211267605633,,,-0.1281589651263586,,0.8135211267605633,
28140,"Kansas City, MO-KS",2007,-0.38630975143403445,-0.5818577197887542,,,-0.38630975143403445,,-0.5818577197887542,
28140,"Kansas City, MO-KS",2008,-0.3464606181455633,0.549034175334324,,,-0.3464606181455633,,0.549034175334324,
28140,"Kansas City, MO-KS",2009,-0.3583142639206712,-0.3270983213429257,,,-0.3583142639206712,,-0.3270983213429257,
28140,"Kansas City, MO-KS",2010,-0.20326894502228832,-0.6949394155381325,,,-0.20326894502228832,,-0.6949394155381325,
28140,"Kansas City, MO-KS",2011,0.2167101827676241,0.7710280373831775,,,0.2167101827676241,,0.7710280373831775,
28140,"Kansas City, MO-KS",2012,0.5193133047210301,0.9604221635883905,,,0.5193133047210301,,0.9604221635883905,
28140,"Kansas City, MO-KS",2013,0.5141242937853108,1.0908479138627185,,,0.5141242937853108,,1.0908479138627185,
28140,"Kansas City, MO-KS",2014,0.09288379530916835,0.17090440939813334,,,0.09288379530916835,,0.17090440939813334,
28140,"Kansas City, MO-KS",2015,0.09181807096695516,0.07778999450247381,,,0.09181807096695516,,0.07778999450247381,
28140,"Kansas City, MO-KS",2016,0.1602635693544785,0.13236419280795708,0.0015247591368050366,0.0005458137803317411,0.1602635693544785,0.0015247591368050366,0.13236419280795708,0.0005458137803317411
28140,"Kansas City, MO-KS",2017,-0.05178554240061606,-0.2783783783783784,-0.0007407264818444607,-0.001423098864218215,-0.05178554240061606,-0.0007407264818444607,-0.2783783783783784,-0.001423098864218215
28140,"Kansas City, MO-KS",2018,0.04233072784488878,0.252808988764045,0.00035162478562439196,0.0008490462422225159,0.04233072784488878,0.00035162478562439196,0.252808988764045,0.0008490462422225159
28140,"Kansas City, MO-KS",2019,-0.08969614335800546,-0.02067762830094666,-0.0010899839421107099,-0.00012685130495442443,-0.08969614335800546,-0.0010899839421107099,-0.02067762830094666,-0.00012685130495442443
28140,"Kansas City, MO-KS",2020,0.14774794051567341,-0.00152632917832618,,,0.14774794051567341,,-0.00152632917832618,
28140,"Kansas City, MO-KS",2021,0.04903057419835943,-0.10955414012738851,,,0.04903057419835943,,-0.10955414012738851,
28140,"Kansas City, MO-KS",2022,-0.0036431491025412654,0.542203147353362,-0.00017306246676071155,0.0019331035087049569,-0.0036431491025412654,-0.00017306246676071155,0.542203147353362,0.0019331035087049569
28140,"Kansas City, MO-KS",2023,-0.3298849549629894,-0.4929499072356215,-0.0039279037011233685,-0.002794650798289358,-0.3298849549629894,-0.0039279037011233685,-0.4929499072356215,-0.002794650798289358
28140,"Kansas City, MO-KS",2024,0.21746073995208937,0.24222466154409084,0.0016017366588372385,0.0006517733026278473,0.21746073995208937,0.0016017366588372385,0.24222466154409084,0.0006517733026278473
28140,"Kansas City, MO-KS",2025,0.08143856580673381,0.2600883652430044,,,0.08143856580673381,,0.2600883652430044,
28660,"Killeen-Temple, TX",1990,,,,,,,,
28660,"Killeen-Temple, TX",1991,0.7394636015325671,,,,0.7353500861137617,,,
28660,"Killeen-Temple, TX",1992,1.9030837004405288,,,,1.3047960992907792,,,
28660,"Killeen-Temple, TX",1993,0.3649468892261001,,,,0.3649468892261001,,,
28660,"Killeen-Temple, TX",1994,-0.1061700944969427,,,,-0.1061700944969427,,,
28660,"Killeen-Temple, TX",1995,0.36567164179104483,12.571428571428571,,,0.2903525830622395,,10.213392857142862,
28660,"Killeen-Temple, TX",1996,0.00910746812386165,-0.02894736842105261,,,0.00910746812386165,,-0.02894736842105261,
28660,"Killeen-Temple, TX",1997,-0.17148014440433212,-0.1544715447154471,,,-0.17148014440433212,,-0.1544715447154471,
28660,"Killeen-Temple, TX",1998,-0.08605664488017428,-0.4871794871794872,,,-0.08605664488017428,,-0.4871794871794872,
28660,"Killeen-Temple, TX",1999,-0.06674612634088195,-1.0,,,-0.06674612634088195,,-1.0,
28660,"Killeen-Temple, TX",2000,0.21136653895274593,,,,0.21136653895274593,,,
28660,"Killeen-Temple, TX",2001,0.22561939905113326,-0.4666666666666667,,,0.22561939905113326,,-0.4666666666666667,
28660,"Killeen-Temple, TX",2002,0.28344086021505377,11.0625,,,0.28344086021505377,,3.2238095238095235,
28660,"Killeen-Temple, TX",2003,-0.10355227882037532,0.09844559585492219,,,-0.10355227882037532,,0.09844559585492219,
28660,"Killeen-Temple, TX",2004,0.36373831775700927,0.28301886792452824,,,0.36373831775700927,,0.28301886792452824,
28660,"Killeen-Temple, TX",2005,0.16008771929824572,-0.08823529411764708,,,0.16008771929824572,,-0.08823529411764708,
28660,"Killeen-Temple, TX",2006,0.08057655954631371,1.939516129032258,,,0.08057655954631371,,1.939516129032258,
28660,"Killeen-Temple, TX",2007,-0.2982724688388366,-0.7887517146776406,,,-0.2982724688388366,,-0.7887517146776406,
28660,"Killeen-Temple, TX",2008,-0.2511685883452789,0.6623376623376624,,,-0.2511685883452789,,0.6623376623376624,
28660,"Killeen-Temple, TX",2009,-0.02621722846441943,-0.078125,,,-0.02621722846441943,,-0.078125,
28660,"Killeen-Temple, TX",2010,-0.04230769230769227,-0.23728813559322037,,,-0.04230769230769227,,-0.23728813559322037,
28660,"Killeen-Temple, TX",2011,-0.014725568942436373,0.37222222222222223,,,-0.014725568942436373,,0.37222222222222223,
28660,"Killeen-Temple, TX",2012,0.19836956521739135,0.19838056680161942,,,0.19836956521739135,,0.19838056680161942,
28660,"Killeen-Temple, TX",2013,-0.07256235827664403,-0.3783783783783784,,,-0.07256235827664403,,-0.3783783783783784,
28660,"Killeen-Temple, TX",2014,-0.03382233088834552,-0.5978260869565217,,,-0.03382233088834552,,-0.5978260869565217,
28660,"Killeen-Temple, TX",2015,-0.025727541121889463,0.08108108108108114,,,-0.025727541121889463,,0.08108108108108114,
28660,"Killeen-Temple, TX",2016,0.007792207792207684,2.625,-3.959673754208755e-05,0.001206461572845115,0.007792207792207684,-3.959673754208755e-05,2.625,0.001206461572845115
28660,"Killeen-Temple, TX",2017,0.054982817869415834,0.39655172413793105,0.0005582906597796436,0.000633701993958074,0.054982817869415834,0.0005582906597796436,0.39655172413793105,0.000633701993958074
28660,"Killeen-Temple, TX",2018,0.0016286644951140072,-0.7086419753086419,-0.00023745479405241736,-0.0016470560964611499,0.0016286644951140072,-0.00023745479405241736,-0.7086419753086419,-0.0016470560964611499
28660,"Killeen-Temple, TX",2019,0.04837398373983737,-1.0,0.0004967319588618218,-0.0006595716138264097,0.04837398373983737,0.0004967319588618218,-0.9932038834951457,-0.0006595716138264097
28660,"Killeen-Temple, TX",2020,0.407134548274525,,,,0.407134548274525,,,
28660,"Killeen-Temple, TX",2021,0.1882061173877101,6.697368421052632,,,0.1882061173877101,,6.697368421052632,
28660,"Killeen-Temple, TX",2022,-0.06864564007421148,-0.2846153846153846,-0.0021536323686032477,-0.0018769809442604124,-0.06864564007421148,-0.0021536323686032477,-0.2846153846153846,-0.0018769809442604124
28660,"Killeen-Temple, TX",2023,-0.10856573705179284,-0.4253285543608124,-0.002504646106904918,-0.0018579886732914752,-0.10856573705179284,-0.002504646106904918,-0.4253285543608124,-0.0018579886732914752
28660,"Killeen-Temple, TX",2024,0.01843575418994403,-0.48856548856548854,2.0341602975527256e-05,-0.001205219983730796,0.01843575418994403,2.0341602975527256e-05,-0.48856548856548854,-0.001205219983730796
28660,"Killeen-Temple, TX",2025,-0.07899067471201315,0.5691056910569106,,,-0.07899067471201315,,0.5691056910569106,
28880,"Kiryas Joel-Poughkeepsie-Newburgh, NY",1990,,,,,,,,
28880,"Kiryas Joel-Poughkeepsie-Newburgh, NY",1991,0.011033681765389103,0.1694915254237288,,,0.011033681765389103,,0.1694915254237288,
28880,"Kiryas Joel-Poughkeepsie-Newburgh, NY",1992,0.22630672027570364,0.3623188405797102,,,0.22630672027570364,,0.3623188405797102,
28880,"Kiryas Joel-Poughkeepsie-Newburgh, NY",1993,-0.2557377049180328,-0.7632978723404256,,,-0.25392093615719125,,-0.7632978723404256,
28880,"Kiryas Joel-Poughkeepsie-Newburgh, NY",1994,0.06607929515418509,0.8651685393258426,,,0.06607929515418509,,0.8651685393258426,
28880,"Kiryas Joel-Poughkeepsie-Newburgh, NY",1995,0.17296340023612755,2.216867469879518,,,0.17296340023612755,,2.216867469879518,
28880,"Kiryas Joel-Poughkeepsie-Newburgh, NY",1996,0.3482637141419225,1.0823970037453186,,,0.3482637141419225,,1.0823970037453186,
28880,"Kiryas Joel-Poughkeepsie-Newburgh, NY",1997,-0.2605449794699515,-0.8857913669064749,,,-0.2605449794699515,,-0.8677702388697834,
28880,"Kiryas Joel-Poughkeepsie-Newburgh, NY",1998,0.2549217566885411,1.393700787401575,,,0.2549217566885411,,1.393700787401575,
28880,"Kiryas Joel-Poughkeepsie-Newburgh, NY",1999,0.23893805309734506,0.7894736842105263,,,0.23893805309734506,,0.7894736842105263,
28880,"Kiryas Joel-Poughkeepsie-Newburgh, NY",2000,-0.025000000000000022,-0.3566176470588235,,,-0.025000000000000022,,-0.3566176470588235,
28880,"Kiryas Joel-Poughkeepsie-Newburgh, NY",2001,0.06826506826506828,0.8771428571428572,,,0.06826506826506828,,0.8771428571428572,
28880,"Kiryas Joel-Poughkeepsie-Newburgh, NY",2002,0.015897755610972508,-0.6133942161339422,,,0.015897755610972508,,-0.6133942161339422,
28880,"Kiryas Joel-Poughkeepsie-Newburgh, NY",2003,-0.10739490641301008,1.3622047244094486,,,-0.10739490641301008,,1.3622047244094486,
28880,"Kiryas Joel-Poughkeepsie-Newburgh, NY",2004,-0.05018906840838777,-0.4633333333333334,,,-0.05018906840838777,,-0.4633333333333334,
28880,"Kiryas Joel-Poughkeepsie-Newburgh, NY",2005,0.028592110025334794,1.0062111801242235,,,0.028592110025334794,,1.0062111801242235,
28880,"Kiryas Joel-Poughkeepsie-Newburgh, NY",2006,-0.2258972554539057,-0.36996904024767807,,,-0.2258972554539057,,-0.36996904024767807,
28880,"Kiryas Joel-Poughkeepsie-Newburgh, NY",2007,-0.08181818181818179,0.6019656019656019,,,-0.08181818181818179,,0.6019656019656019,
28880,"Kiryas Joel-Poughkeepsie-Newburgh, NY",2008,-0.04900990099009905,0.3742331288343559,,,-0.04900990099009905,,0.3742331288343559,
28880,"Kiryas Joel-Poughkeepsie-Newburgh, NY",2009,-0.5288912024986986,-0.7488839285714286,,,-0.5288912024986986,,-0.7488839285714286,
28880,"Kiryas Joel-Poughkeepsie-Newburgh, NY",2010,0.48397790055248624,1.3555555555555556,,,0.48397790055248624,,1.3555555555555556,
28880,"Kiryas Joel-Poughkeepsie-Newburgh, NY",2011,-0.11392405063291144,-0.0320754716981132,,,-0.11392405063291144,,-0.0320754716981132,
28880,"Kiryas Joel-Poughkeepsie-Newburgh, NY",2012,0.2058823529411764,0.18518518518518512,,,0.2058823529411764,,0.18518518518518512,
28880,"Kiryas Joel-Poughkeepsie-Newburgh, NY",2013,-0.1965156794425087,-0.5032894736842105,,,-0.1965156794425087,,-0.5032894736842105,
28880,"Kiryas Joel-Poughkeepsie-Newburgh, NY",2014,0.10494362532523849,0.7516556291390728,,,0.10494362532523849,,0.7516556291390728,
28880,"Kiryas Joel-Poughkeepsie-Newburgh, NY",2015,0.08634222919937207,0.4877126654064272,,,0.08634222919937207,,0.4877126654064272,
28880,"Kiryas Joel-Poughkeepsie-Newburgh, NY",2016,0.03540462427745661,-0.13977128335451083,0.0001617998907261723,-0.00043278006890233155,0.03540462427745661,0.0001617998907261723,-0.13977128335451083,-0.00043278006890233155
28880,"Kiryas Joel-Poughkeepsie-Newburgh, NY",2017,0.05373342637822742,-0.028064992614475592,0.00026523518538761927,-8.446957942673467e-05,0.05373342637822742,0.00026523518538761927,-0.028064992614475592,-8.446957942673467e-05
28880,"Kiryas Joel-Poughkeepsie-Newburgh, NY",2018,0.0629139072847682,0.28419452887538,0.00032875376208148926,0.0006919940406429695,0.0629139072847682,0.00032875376208148926,0.28419452887538,0.0006919940406429695
28880,"Kiryas Joel-Poughkeepsie-Newburgh, NY",2019,0.19190031152647968,0.2994082840236687,0.0011213406418709446,0.0009308575054850685,0.19190031152647968,0.0011213406418709446,0.2994082840236687,0.0009308575054850685
28880,"Kiryas Joel-Poughkeepsie-Newburgh, NY",2020,-0.11343439623627805,-0.2786885245901639,,,-0.11343439623627805,,-0.2786885245901639,
28880,"Kiryas Joel-Poughkeepsie-Newburgh, NY",2021,0.34551886792452824,0.6502525252525253,,,0.34551886792452824,,0.6502525252525253,
28880,"Kiryas Joel-Poughkeepsie-Newburgh, NY",2022,-0.2120946538124452,-0.34812547819433814,-0.0018384026084904033,-0.0017042699120824898,-0.2120946538124452,-0.0018384026084904033,-0.34812547819433814,-0.0017042699120824898
28880,"Kiryas Joel-Poughkeepsie-Newburgh, NY",2023,0.24026696329254738,0.6431924882629108,0.0015337119147418865,0.0019768784593936868,0.24026696329254738,0.0015337119147418865,0.6431924882629108,0.0019768784593936868
28880,"Kiryas Joel-Poughkeepsie-Newburgh, NY",2024,0.25784753363228696,0.4257142857142857,0.002017098891119413,0.002115717762151332,0.25784753363228696,0.002017098891119413,0.4257142857142857,0.002115717762151332
28880,"Kiryas Joel-Poughkeepsie-Newburgh, NY",2025,-0.20855614973262027,-0.3366733466933868,,,-0.20855614973262027,,-0.3366733466933868,
28940,"Knoxville, TN",1990,,,,,,,,
28940,"Knoxville, TN",1991,-0.050982800982800947,-0.3613445378151261,,,-0.050982800982800947,,-0.3613445378151261,
28940,"Knoxville, TN",1992,0.2216828478964401,0.2763157894736843,,,0.2216828478964401,,0.2763157894736843,
28940,"Knoxville, TN",1993,0.12397350993377487,3.0103092783505154,,,0.12397350993377487,,3.0103092783505154,
28940,"Knoxville, TN",1994,-0.009191609710110793,-0.3290488431876607,,,-0.009191609710110793,,-0.3290488431876607,
28940,"Knoxville, TN",1995,0.011417697431018059,0.9195402298850575,,,0.011417697431018059,,0.9195402298850575,
28940,"Knoxville, TN",1996,0.20743179680150514,1.0518962075848304,,,0.20743179680150514,,1.0518962075848304,
28940,"Knoxville, TN",1997,-0.15407089988313205,-0.05058365758754868,,,-0.15407089988313205,,-0.05058365758754868,
28940,"Knoxville, TN",1998,-0.14713331798296103,-0.4918032786885246,,,-0.14713331798296103,,-0.4918032786885246,
28940,"Knoxville, TN",1999,0.024298056155507508,0.048387096774193505,,,0.024298056155507508,,0.048387096774193505,
28940,"Knoxville, TN",2000,-0.05034264628360574,-0.09615384615384615,,,-0.05034264628360574,,-0.09615384615384615,
28940,"Knoxville, TN",2001,0.05467665834027202,0.029787234042553123,,,0.05467665834027202,,0.029787234042553123,
28940,"Knoxville, TN",2002,0.13289473684210518,0.051652892561983466,,,0.13289473684210518,,0.051652892561983466,
28940,"Knoxville, TN",2003,-0.06852497096399535,-0.8349705304518664,,,-0.06852497096399535,,-0.8349705304518664,
28940,"Knoxville, TN",2004,0.5104738154613466,9.714285714285714,,,0.5104738154613466,,9.526755674232302,
28940,"Knoxville, TN",2005,-0.0316988608221892,-0.5588888888888889,,,-0.0316988608221892,,-0.5588888888888889,
28940,"Knoxville, TN",2006,0.13060528559249795,1.8841309823677581,,,0.13060528559249795,,1.8841309823677581,
28940,"Knoxville, TN",2007,-0.24807721309003172,-0.3222707423580786,,,-0.24807721309003172,,-0.3222707423580786,
28940,"Knoxville, TN",2008,-0.374047332531087,-0.055412371134020644,,,-0.374047332531087,,-0.055412371134020644,
28940,"Knoxville, TN",2009,-0.3172060237103492,-0.2646657571623465,,,-0.3172060237103492,,-0.2646657571623465,
28940,"Knoxville, TN",2010,0.13890192397935253,0.5064935064935066,,,0.13890192397935253,,0.5064935064935066,
28940,"Knoxville, TN",2011,-0.453646477132262,-0.9408866995073891,,,-0.43793545591522803,,-0.9408866995073891,
28940,"Knoxville, TN",2012,0.5460030165912519,8.6875,,,0.5460030165912519,,8.648874999999999,
28940,"Knoxville, TN",2013,0.16146341463414626,-0.29032258064516125,,,0.16146341463414626,,-0.29032258064516125,
28940,"Knoxville, TN",2014,0.3057538849223016,2.0303030303030303,,,0.3057538849223016,,2.0303030303030303,
28940,"Knoxville, TN",2015,-0.01576069475715669,-0.536,,,-0.01576069475715669,,-0.536,
28940,"Knoxville, TN",2016,0.18856209150326797,0.5301724137931034,0.0014154828215642411,0.0006172709604300238,0.18856209150326797,0.0014154828215642411,0.5301724137931034,0.0006172709604300238
28940,"Knoxville, TN",2017,0.25762991476491615,0.6845070422535211,0.0022882024550845564,0.0012104838505831654,0.25762991476491615,0.0022882024550845564,0.6845070422535211,0.0012104838505831654
28940,"Knoxville, TN",2018,-0.03519895059029299,-0.4389632107023411,-0.0005242380485772618,-0.0013410569851183168,-0.03519895059029299,-0.0005242380485772618,-0.4389632107023411,-0.0013410569851183168
28940,"Knoxville, TN",2019,-0.09268071606616812,0.4217585692995529,-0.00111305208994039,0.0006833448657986251,-0.09268071606616812,-0.00111305208994039,0.4217585692995529,0.0006833448657986251
28940,"Knoxville, TN",2020,0.3641358641358641,0.43920335429769386,,,0.3641358641358641,,0.43920335429769386,
28940,"Knoxville, TN",2021,0.11168070303917976,-0.06773488710852149,,,0.11168070303917976,,-0.06773488710852149,
28940,"Knoxville, TN",2022,-0.19186429512516467,-0.22890624999999998,-0.0030206729986677564,-0.0007500422897706296,-0.19186429512516467,-0.0030206729986677564,-0.22890624999999998,-0.0007500422897706296
28940,"Knoxville, TN",2023,0.31832076625229266,0.9848024316109423,0.003485162746137643,0.002247494686269302,0.31832076625229266,0.003485162746137643,0.9848024316109423,0.002247494686269302
28940,"Knoxville, TN",2024,0.07373628072345029,0.04594180704441042,0.0008521143853733523,0.00013214888004040113,0.07373628072345029,0.0008521143853733523,0.04594180704441042,0.00013214888004040113
28940,"Knoxville, TN",2025,0.13086668586236683,0.3567593948267447,,,0.13086668586236683,,0.3567593948267447,
29460,"Lakeland-Winter Haven, FL",1990,,,,,,,,
29460,"Lakeland-Winter Haven, FL",1991,-0.07037701974865351,-0.26618705035971224,,,-0.07037701974865351,,-0.26618705035971224,
29460,"Lakeland-Winter Haven, FL",1992,-0.09269988412514485,-0.9764705882352941,,,-0.09269988412514485,,-0.9750428921568627,
29460,"Lakeland-Winter Haven, FL",1993,0.13026819923371646,1.0,,,0.13026819923371646,,1.0,
29460,"Lakeland-Winter Haven, FL",1994,0.010546139359698614,-0.16666666666666663,,,0.010546139359698614,,-0.16666666666666663,
29460,"Lakeland-Winter Haven, FL",1995,-0.11852404025344765,1.0,,,-0.11852404025344765,,1.0,
29460,"Lakeland-Winter Haven, FL",1996,0.1103594080338266,0.1499999999999999,,,0.1103594080338266,,0.1499999999999999,
29460,"Lakeland-Winter Haven, FL",1997,0.28027418126428016,13.891304347826088,,,0.28027418126428016,,13.55086956521738,
29460,"Lakeland-Winter Haven, FL",1998,-0.011600237953599102,-0.4613138686131387,,,-0.011600237953599102,,-0.4613138686131387,
29460,"Lakeland-Winter Haven, FL",1999,0.16731868793259097,1.1355013550135502,,,0.16731868793259097,,1.1355013550135502,
29460,"Lakeland-Winter Haven, FL",2000,0.22351121423047182,0.46954314720812174,,,0.22351121423047182,,0.46954314720812174,
29460,"Lakeland-Winter Haven, FL",2001,-0.047408343868520886,-0.4542314335060449,,,-0.047408343868520886,,-0.4542314335060449,
29460,"Lakeland-Winter Haven, FL",2002,0.0997566909975669,-0.16455696202531644,,,0.0997566909975669,,-0.16455696202531644,
29460,"Lakeland-Winter Haven, FL",2003,0.3722847948511665,-0.13636363636363635,,,0.3722847948511665,,-0.13636363636363635,
29460,"Lakeland-Winter Haven, FL",2004,0.5010992232155944,1.8793859649122808,,,0.5010992232155944,,1.8793859649122808,
29460,"Lakeland-Winter Haven, FL",2005,0.28676039835969536,-0.30921553693830917,,,0.28676039835969536,,-0.30921553693830917,
29460,"Lakeland-Winter Haven, FL",2006,-0.29258669094771983,0.8158765159867696,,,-0.29258669094771983,,0.8158765159867696,
29460,"Lakeland-Winter Haven, FL",2007,-0.5471414780650006,-0.7862780813600485,,,-0.5471414780650006,,-0.7862780813600485,
29460,"Lakeland-Winter Haven, FL",2008,-0.23045949786830888,1.6761363636363638,,,-0.23045949786830888,,1.6761363636363638,
29460,"Lakeland-Winter Haven, FL",2009,-0.6506617420744845,-1.0,,,-0.6506617420744845,,-1.0,
29460,"Lakeland-Winter Haven, FL",2010,0.05726872246696035,,,,0.05726872246696035,,,
29460,"Lakeland-Winter Haven, FL",2011,-0.036666666666666625,-0.125,,,-0.036666666666666625,,-0.125,
29460,"Lakeland-Winter Haven, FL",2012,0.31660899653979246,0.9714285714285715,,,0.31660899653979246,,0.9714285714285715,
29460,"Lakeland-Winter Haven, FL",2013,0.3363994743758212,-0.8115942028985508,,,0.3363994743758212,,-0.8115942028985508,
29460,"Lakeland-Winter Haven, FL",2014,0.25811209439528016,-1.0,,,0.25811209439528016,,-1.0,
29460,"Lakeland-Winter Haven, FL",2015,0.18757327080890973,,,,0.18757327080890973,,,
29460,"Lakeland-Winter Haven, FL",2016,0.5027969726883843,39.5,0.005254324081878864,0.0038598156278883628,0.5027969726883843,0.0050616667324760575,12.47426573426568,0.0038598156278883628
29460,"Lakeland-Winter Haven, FL",2017,0.008101598423472689,-0.9911816578483246,-0.00034153146419920073,-0.003924397831305761,0.008101598423472689,-0.00034153146419920073,-0.9897086362398015,-0.003924397831305761
29460,"Lakeland-Winter Haven, FL",2018,0.15790616854908768,-1.0,0.0022039089426958685,-3.3883143813615605e-05,0.15790616854908768,0.0022039089426958685,-0.9944736842105263,-3.3883143813615605e-05
29460,"Lakeland-Winter Haven, FL",2019,0.6368411179891202,,0.010858753871241432,0.007341348048876626,0.4191121877302552,0.005545532964717297,,0.006003529685001801
29460,"Lakeland-Winter Haven, FL",2020,0.087783635113454,-0.12035794183445192,,,0.087783635113454,,-0.12035794183445192,
29460,"Lakeland-Winter Haven, FL",2021,0.37705436156763583,0.22939979654120046,,,0.37705436156763583,,0.22939979654120046,
29460,"Lakeland-Winter Haven, FL",2022,-0.06579450692372424,0.23210591642532075,-0.0040403539847704145,0.001365759707263452,-0.06579450692372424,-0.0040403539847704145,0.23210591642532075,0.001365759707263452
29460,"Lakeland-Winter Haven, FL",2023,0.024731799197444948,0.06413700470114181,-0.0003482192922202726,0.0002478534844434256,0.024731799197444948,-0.0003482192922202726,0.06413700470114181,0.0002478534844434256
29460,"Lakeland-Winter Haven, FL",2024,-0.17014305122672424,-0.4585042600189334,-0.007017029277448999,-0.004282294996181002,-0.17014305122672424,-0.007017029277448999,-0.4585042600189334,-0.004282294996181002
29460,"Lakeland-Winter Haven, FL",2025,-0.20685670261941447,-0.2214452214452215,,,-0.20685670261941447,,-0.2214452214452215,
29540,"Lancaster, PA",1990,,,,,,,,
29540,"Lancaster, PA",1991,-0.03528974739970281,0.07439446366781999,,,-0.03528974739970281,,0.07439446366781999,
29540,"Lancaster, PA",1992,0.02271852137081254,-0.6682769726247988,,,0.02271852137081254,,-0.6682769726247988,
29540,"Lancaster, PA",1993,0.05798192771084332,1.436893203883495,,,0.05798192771084332,,1.436893203883495,
29540,"Lancaster, PA",1994,-0.13416370106761566,-0.5378486055776892,,,-0.13416370106761566,,-0.5378486055776892,
29540,"Lancaster, PA",1995,-0.20961775585696674,-0.09051724137931039,,,-0.20961775585696674,,-0.09051724137931039,
29540,"Lancaster, PA",1996,0.08320332813312525,0.14218009478672977,,,0.08320332813312525,,0.14218009478672977,
29540,"Lancaster, PA",1997,-0.02688430148823817,0.008298755186721962,,,-0.02688430148823817,,0.008298755186721962,
29540,"Lancaster, PA",1998,0.21065614208189443,0.7983539094650205,,,0.21065614208189443,,0.7983539094650205,
29540,"Lancaster, PA",1999,-0.07375713121434391,-0.562929061784897,,,-0.07375713121434391,,-0.562929061784897,
29540,"Lancaster, PA",2000,-0.11306643202815658,0.0732984293193717,,,-0.11306643202815658,,0.0732984293193717,
29540,"Lancaster, PA",2001,0.12450396825396814,0.19999999999999996,,,0.12450396825396814,,0.19999999999999996,
29540,"Lancaster, PA",2002,0.12395235994706666,0.6178861788617886,,,0.12395235994706666,,0.6178861788617886,
29540,"Lancaster, PA",2003,0.05572998430141296,-0.18844221105527637,,,0.05572998430141296,,-0.18844221105527637,
29540,"Lancaster, PA",2004,-0.005576208178438624,-0.2538699690402477,,,-0.005576208178438624,,-0.2538699690402477,
29540,"Lancaster, PA",2005,-0.23738317757009342,-0.6597510373443983,,,-0.23738317757009342,,-0.6597510373443983,
29540,"Lancaster, PA",2006,-0.07499999999999996,0.29268292682926833,,,-0.07499999999999996,,0.29268292682926833,
29540,"Lancaster, PA",2007,-0.08267090620031792,1.8396226415094339,,,-0.08267090620031792,,1.8396226415094339,
29540,"Lancaster, PA",2008,-0.14269208549971113,-0.0830564784053156,,,-0.14269208549971113,,-0.0830564784053156,
29540,"Lancaster, PA",2009,-0.1495956873315364,-0.39855072463768115,,,-0.1495956873315364,,-0.39855072463768115,
29540,"Lancaster, PA",2010,0.09429477020602217,0.0843373493975903,,,0.09429477020602217,,0.0843373493975903,
29540,"Lancaster, PA",2011,-0.12816799420709635,1.088888888888889,,,-0.12816799420709635,,1.088888888888889,
29540,"Lancaster, PA",2012,-0.03654485049833889,-0.2872340425531915,,,-0.03654485049833889,,-0.2872340425531915,
29540,"Lancaster, PA",2013,0.08448275862068955,-0.19402985074626866,,,0.08448275862068955,,-0.19402985074626866,
29540,"Lancaster, PA",2014,-0.11844197138314783,-0.5324074074074074,,,-0.11844197138314783,,-0.5324074074074074,
29540,"Lancaster, PA",2015,0.04057709648331831,0.6633663366336633,,,0.04057709648331831,,0.6633663366336633,
29540,"Lancaster, PA",2016,0.11525129982668969,0.4285714285714286,0.0006220008123809682,0.0003438525369877471,0.11525129982668969,0.0006220008123809682,0.4285714285714286,0.0003438525369877471
29540,"Lancaster, PA",2017,0.11577311577311566,0.6041666666666667,0.0006160872904245893,0.0006707044683853726,0.11577311577311566,0.0006160872904245893,0.6041666666666667,0.0006707044683853726
29540,"Lancaster, PA",2018,-0.12883008356545966,-0.4363636363636364,-0.0009151465856596982,-0.0008032092637902221,-0.12883008356545966,-0.0009151465856596982,-0.4363636363636364,-0.0008032092637902221
29540,"Lancaster, PA",2019,0.19584332533972826,1.0875576036866361,0.0011194414328566452,0.001101366306845025,0.19584332533972826,0.0011194414328566452,1.0875576036866361,0.001101366306845025
29540,"Lancaster, PA",2020,-0.10561497326203206,0.0066225165562914245,,,-0.10561497326203206,,0.0066225165562914245,
29540,"Lancaster, PA",2021,-0.22346786248131545,-0.5328947368421053,,,-0.22346786248131545,,-0.5328947368421053,
29540,"Lancaster, PA",2022,0.37536092396535126,0.9154929577464788,0.0017605612016596758,0.0008862886006477094,0.37536092396535126,0.0017605612016596758,0.9154929577464788,0.0008862886006477094
29540,"Lancaster, PA",2023,0.30090972708187547,0.49264705882352944,0.0019131446713442418,0.0009013380646846979,0.30090972708187547,0.0019131446713442418,0.49264705882352944,0.0009013380646846979
29540,"Lancaster, PA",2024,-0.3630984400215169,-0.3825944170771757,-0.0031061535600961383,-0.0010710356477293115,-0.3630984400215169,-0.0031061535600961383,-0.3825944170771757,-0.0010710356477293115
29540,"Lancaster, PA",2025,0.09459459459459452,0.14095744680851063,,,0.09459459459459452,,0.14095744680851063,
29820,"Las Vegas-Henderson-North Las Vegas, NV",1990,,,,,,,,
29820,"Las Vegas-Henderson-North Las Vegas, NV",1991,-0.1371298845577935,-0.43735814798002726,,,-0.1371298845577935,,-0.43735814798002726,
29820,"Las Vegas-Henderson-North Las Vegas, NV",1992,-0.24826466636811462,-0.3904800322710771,,,-0.22976657921334062,,-0.3904800322710771,
29820,"Las Vegas-Henderson-North Las Vegas, NV",1993,0.4175292277906024,-0.020516214427531487,,,0.4175292277906024,,-0.020516214427531487,
29820,"Las Vegas-Henderson-North Las Vegas, NV",1994,0.3432443790712334,1.291891891891892,,,0.3432443790712334,,1.291891891891892,
29820,"Las Vegas-Henderson-North Las Vegas, NV",1995,0.08771998435666806,0.2734375,,,0.08771998435666806,,0.2734375,
29820,"Las Vegas-Henderson-North Las Vegas, NV",1996,0.11224966742170928,0.2753790948026391,,,0.11224966742170928,,0.2753790948026391,
29820,"Las Vegas-Henderson-North Las Vegas, NV",1997,-0.056861160497817975,-0.17498638591395899,,,-0.056861160497817975,,-0.17498638591395899,
29820,"Las Vegas-Henderson-North Las Vegas, NV",1998,0.050315327666575316,0.13498349834983503,,,0.050315327666575316,,0.13498349834983503,
29820,"Las Vegas-Henderson-North Las Vegas, NV",1999,-0.1236131053387286,-0.3848987108655617,,,-0.1236131053387286,,-0.3848987108655617,
29820,"Las Vegas-Henderson-North Las Vegas, NV",2000,-0.023532916294310424,-0.26126693980460136,,,-0.023532916294310424,,-0.26126693980460136,
29820,"Las Vegas-Henderson-North Las Vegas, NV",2001,0.13281726662599147,0.5883105802047781,,,0.13281726662599147,,0.5883105802047781,
29820,"Las Vegas-Henderson-North Las Vegas, NV",2002,-0.018547817012825263,-0.08568358850389468,,,-0.018547817012825263,,-0.08568358850389468,
29820,"Las Vegas-Henderson-North Las Vegas, NV",2003,0.25984359994512274,0.2482373678025851,,,0.25984359994512274,,0.2482373678025851,
29820,"Las Vegas-Henderson-North Las Vegas, NV",2004,-0.009174561690079464,-0.6506236761590962,,,-0.009174561690079464,,-0.6506236761590962,
29820,"Las Vegas-Henderson-North Las Vegas, NV",2005,0.07808764940239055,1.528460761199057,,,0.07808764940239055,,1.528460761199057,
29820,"Las Vegas-Henderson-North Las Vegas, NV",2006,-0.14040319086576447,0.5185826561875584,,,-0.14040319086576447,,0.5185826561875584,
29820,"Las Vegas-Henderson-North Las Vegas, NV",2007,-0.2857862903225806,-0.11192982456140355,,,-0.2857862903225806,,-0.11192982456140355,
29820,"Las Vegas-Henderson-North Las Vegas, NV",2008,-0.47955498360247417,-0.36201106282101936,,,-0.47955498360247417,,-0.36201106282101936,
29820,"Las Vegas-Henderson-North Las Vegas, NV",2009,-0.5463029432878679,-0.7488775352221706,,,-0.5463029432878679,,-0.7488775352221706,
29820,"Las Vegas-Henderson-North Las Vegas, NV",2010,-0.03762306610407873,-0.56288532675709,,,-0.03762306610407873,,-0.56288532675709,
29820,"Las Vegas-Henderson-North Las Vegas, NV",2011,-0.0597369382535623,0.7870239774330043,,,-0.0597369382535623,,0.7870239774330043,
29820,"Las Vegas-Henderson-North Las Vegas, NV",2012,0.43287351855449785,-0.059984214680347314,,,0.43287351855449785,,-0.059984214680347314,
29820,"Las Vegas-Henderson-North Las Vegas, NV",2013,0.16244067796610162,0.07724601175482793,,,0.16244067796610162,,0.07724601175482793,
29820,"Las Vegas-Henderson-North Las Vegas, NV",2014,0.17065204712469373,1.4208885424785658,,,0.17065204712469373,,1.4208885424785658,
29820,"Las Vegas-Henderson-North Las Vegas, NV",2015,0.05669589477879633,-0.11558274307791372,,,0.05669589477879633,,-0.11558274307791372,
29820,"Las Vegas-Henderson-North Las Vegas, NV",2016,0.28024516737388017,0.7207863123407354,0.0032431681969177593,0.002213331146437419,0.28024516737388017,0.0032431681969177593,0.7207863123407354,0.002213331146437419
29820,"Las Vegas-Henderson-North Las Vegas, NV",2017,0.03653237092141115,-0.14364290247514278,0.0002345375358278612,-0.0008649421599982521,0.03653237092141115,0.0002345375358278612,-0.14364290247514278,-0.0008649421599982521
29820,"Las Vegas-Henderson-North Las Vegas, NV",2018,-0.14417679243942305,-0.4389822134387352,-0.00245515676837222,-0.002012746814661418,-0.14417679243942305,-0.00245515676837222,-0.4389822134387352,-0.002012746814661418
29820,"Las Vegas-Henderson-North Las Vegas, NV",2019,0.15435071404848877,0.6204315279612505,0.001851746974634057,0.001494032237539545,0.15435071404848877,0.001851746974634057,0.6204315279612505,0.001494032237539545
29820,"Las Vegas-Henderson-North Las Vegas, NV",2020,0.014169603682658405,-0.20108695652173914,,,0.014169603682658405,,-0.20108695652173914,
29820,"Las Vegas-Henderson-North Las Vegas, NV",2021,0.15652482269503554,0.1629251700680272,,,0.15652482269503554,,0.1629251700680272,
29820,"Las Vegas-Henderson-North Las Vegas, NV",2022,-0.19874900349543145,0.047382275519157746,-0.0037020254012603004,0.00010876646258413565,-0.19874900349543145,-0.0037020254012603004,0.047382275519157746,0.00010876646258413565
29820,"Las Vegas-Henderson-North Las Vegas, NV",2023,0.0005357416194704534,-0.23596760681373918,-0.00017162740714133339,-0.0009260664652829672,0.0005357416194704534,-0.00017162740714133339,-0.23596760681373918,-0.0009260664652829672
29820,"Las Vegas-Henderson-North Las Vegas, NV",2024,0.1285856345138836,-0.1589912280701754,0.001550725625579761,-0.0004817495742441974,0.1285856345138836,0.001550725625579761,-0.1589912280701754,-0.0004817495742441974
29820,"Las Vegas-Henderson-North Las Vegas, NV",2025,-0.01952013013420084,0.9730551933941765,,,-0.01952013013420084,,0.9730551933941765,
30460,"Lexington-Fayette, KY",1990,,,,,,,,
30460,"Lexington-Fayette, KY",1991,0.024018475750577473,-0.37755102040816324,,,0.024018475750577473,,-0.37755102040816324,
30460,"Lexington-Fayette, KY",1992,0.2498872350022554,0.360655737704918,,,0.2498872350022554,,0.360655737704918,
30460,"Lexington-Fayette, KY",1993,0.08805485384337786,0.963855421686747,,,0.08805485384337786,,0.963855421686747,
30460,"Lexington-Fayette, KY",1994,0.027860696517412853,0.2331288343558282,,,0.027860696517412853,,0.2331288343558282,
30460,"Lexington-Fayette, KY",1995,0.20587286221361722,3.0497512437810945,,,0.20587286221361722,,3.0497512437810945,
30460,"Lexington-Fayette, KY",1996,0.003478726251003428,0.09705159705159705,,,0.003478726251003428,,0.09705159705159705,
30460,"Lexington-Fayette, KY",1997,-0.09440000000000004,-0.4893617021276596,,,-0.09440000000000004,,-0.4893617021276596,
30460,"Lexington-Fayette, KY",1998,0.3274440518256774,1.4078947368421053,,,0.3274440518256774,,1.4078947368421053,
30460,"Lexington-Fayette, KY",1999,-0.14773735581188996,-0.6930783242258651,,,-0.14773735581188996,,-0.6930783242258651,
30460,"Lexington-Fayette, KY",2000,0.012493492972410314,0.8367952522255193,,,0.012493492972410314,,0.8367952522255193,
30460,"Lexington-Fayette, KY",2001,-0.19845758354755783,-0.9240710823909531,,,-0.19845758354755783,,-0.8248333333333333,
30460,"Lexington-Fayette, KY",2002,0.2617062219371391,2.872340425531915,,,0.2617062219371391,,2.872340425531915,
30460,"Lexington-Fayette, KY",2003,0.010421962379257854,-0.41208791208791207,,,0.010421962379257854,,-0.41208791208791207,
30460,"Lexington-Fayette, KY",2004,0.2883018867924527,6.588785046728972,,,0.2883018867924527,,6.588785046728972,
30460,"Lexington-Fayette, KY",2005,-0.022261277094317466,-0.2142857142857143,,,-0.022261277094317466,,-0.2142857142857143,
30460,"Lexington-Fayette, KY",2006,-0.2656281206311164,-0.21943573667711602,,,-0.2656281206311164,,-0.21943573667711602,
30460,"Lexington-Fayette, KY",2007,-0.30133260810443296,-0.6927710843373494,,,-0.30133260810443296,,-0.6927710843373494,
30460,"Lexington-Fayette, KY",2008,0.09731413001167777,7.366013071895425,,,-0.006886029526352486,,7.112129210658614,
30460,"Lexington-Fayette, KY",2009,-0.4207165661582122,-0.74375,,,-0.4207165661582122,,-0.74375,
30460,"Lexington-Fayette, KY",2010,-0.166564605021433,-0.4512195121951219,,,-0.166564605021433,,-0.4512195121951219,
30460,"Lexington-Fayette, KY",2011,0.10286554004408521,1.5666666666666669,,,0.10286554004408521,,1.5666666666666669,
30460,"Lexington-Fayette, KY",2012,0.5443037974683544,1.2510822510822512,,,0.5443037974683544,,1.2510822510822512,
30460,"Lexington-Fayette, KY",2013,-0.2864538395168249,-0.7653846153846153,,,-0.28531687844563586,,-0.7653846153846153,
30460,"Lexington-Fayette, KY",2014,0.14147521160822252,1.0737704918032787,,,0.14147521160822252,,1.0737704918032787,
30460,"Lexington-Fayette, KY",2015,0.16843220338983045,0.5355731225296443,,,0.16843220338983045,,0.5355731225296443,
30460,"Lexington-Fayette, KY",2016,0.23844061650045334,0.5444015444015444,0.002322187172541906,0.0019067624859090476,0.23844061650045334,0.002322187172541906,0.5444015444015444,0.0019067624859090476
30460,"Lexington-Fayette, KY",2017,-0.1486090775988287,-0.4716666666666667,-0.0019599171326599944,-0.0026197098405621026,-0.1486090775988287,-0.0019599171326599944,-0.4716666666666667,-0.0026197098405621026
30460,"Lexington-Fayette, KY",2018,0.1917454858125538,1.0189274447949526,0.0019173443402019357,0.002881864134250779,0.1917454858125538,0.0019173443402019357,1.0189274447949526,0.002881864134250779
30460,"Lexington-Fayette, KY",2019,-0.1897546897546898,-0.28984374999999996,-0.0024627340436892495,-0.0017080348841792955,-0.1897546897546898,-0.0024627340436892495,-0.28984374999999996,-0.0017080348841792955
30460,"Lexington-Fayette, KY",2020,0.037399821905609976,-0.1507150715071507,,,0.037399821905609976,,-0.1507150715071507,
30460,"Lexington-Fayette, KY",2021,0.26309012875536486,0.47538860103626934,,,0.26309012875536486,,0.47538860103626934,
30460,"Lexington-Fayette, KY",2022,-0.07951070336391441,0.014047410008779737,-0.0011526783930714234,1.4666125015617634e-05,-0.07951070336391441,-0.0011526783930714234,0.014047410008779737,1.4666125015617634e-05
30460,"Lexington-Fayette, KY",2023,-0.09856035437430788,-0.08831168831168834,-0.001257632918693916,-0.0004855160311475065,-0.09856035437430788,-0.001257632918693916,-0.08831168831168834,-0.0004855160311475065
30460,"Lexington-Fayette, KY",2024,-0.0986895986895987,-0.32573599240265905,-0.0011133894784194059,-0.0014949283963141173,-0.0986895986895987,-0.0011133894784194059,-0.32573599240265905,-0.0014949283963141173
30460,"Lexington-Fayette, KY",2025,0.05724670604270776,-0.06901408450704227,,,0.05724670604270776,,-0.06901408450704227,
30780,"Little Rock-North Little Rock-Conway, AR",1990,,,,,,,,
30780,"Little Rock-North Little Rock-Conway, AR",1991,0.14383989993746082,1.2325581395348837,,,0.14383989993746082,,1.2325581395348837,
30780,"Little Rock-North Little Rock-Conway, AR",1992,0.1044286495352651,-0.8055555555555556,,,0.1044286495352651,,-0.8055555555555556,
30780,"Little Rock-North Little Rock-Conway, AR",1993,0.3257425742574258,3.4642857142857144,,,0.3257425742574258,,3.4642857142857144,
30780,"Little Rock-North Little Rock-Conway, AR",1994,0.03846153846153855,-0.396,,,0.03846153846153855,,-0.396,
30780,"Little Rock-North Little Rock-Conway, AR",1995,0.1927364257461346,4.860927152317881,,,0.1927364257461346,,4.860927152317881,
30780,"Little Rock-North Little Rock-Conway, AR",1996,-0.1543563460958698,-0.3254237288135593,,,-0.1543563460958698,,-0.3254237288135593,
30780,"Little Rock-North Little Rock-Conway, AR",1997,0.26844919786096266,1.5360134003350083,,,0.26844919786096266,,1.5360134003350083,
30780,"Little Rock-North Little Rock-Conway, AR",1998,0.04721753794266448,-0.12615587846763543,,,0.04721753794266448,,-0.12615587846763543,
30780,"Little Rock-North Little Rock-Conway, AR",1999,0.038915727321524374,-0.17611489040060468,,,0.038915727321524374,,-0.17611489040060468,
30780,"Little Rock-North Little Rock-Conway, AR",2000,-0.2906225781451821,-0.8192660550458716,,,-0.2906225781451821,,-0.8192660550458716,
30780,"Little Rock-North Little Rock-Conway, AR",2001,0.10924981791697008,1.3451776649746194,,,0.10924981791697008,,1.3451776649746194,
30780,"Little Rock-North Little Rock-Conway, AR",2002,0.4891661195009849,2.567099567099567,,,0.4760351432937813,,2.567099567099567,
30780,"Little Rock-North Little Rock-Conway, AR",2003,-0.09656084656084651,-0.7129854368932038,,,-0.09656084656084651,,-0.7129854368932038,
30780,"Little Rock-North Little Rock-Conway, AR",2004,0.34821864324060514,2.8858350951374208,,,0.34821864324060514,,2.8858350951374208,
30780,"Little Rock-North Little Rock-Conway, AR",2005,0.04036199095022619,-0.19532100108813932,,,0.04036199095022619,,-0.19532100108813932,
30780,"Little Rock-North Little Rock-Conway, AR",2006,-0.27366040361864996,-0.7998647734956051,,,-0.27366040361864996,,-0.7998647734956051,
30780,"Little Rock-North Little Rock-Conway, AR",2007,-0.16718562874251497,0.5743243243243243,,,-0.16718562874251497,,0.5743243243243243,
30780,"Little Rock-North Little Rock-Conway, AR",2008,-0.18464193270060392,0.8304721030042919,,,-0.18464193270060392,,0.8304721030042919,
30780,"Little Rock-North Little Rock-Conway, AR",2009,0.07548500881834208,0.3903868698710433,,,0.07548500881834208,,0.3903868698710433,
30780,"Little Rock-North Little Rock-Conway, AR",2010,0.16726795670711714,0.20657672849915687,,,0.16726795670711714,,0.20657672849915687,
30780,"Little Rock-North Little Rock-Conway, AR",2011,-0.09244169710592864,0.1243885394828792,,,-0.09244169710592864,,0.1243885394828792,
30780,"Little Rock-North Little Rock-Conway, AR",2012,0.02569659442724448,-0.1615910503418272,,,0.02569659442724448,,-0.1615910503418272,
30780,"Little Rock-North Little Rock-Conway, AR",2013,-0.24690612737699968,-0.44848035581912526,,,-0.24690612737699968,,-0.44848035581912526,
30780,"Little Rock-North Little Rock-Conway, AR",2014,-0.1655310621242485,-0.3481182795698925,,,-0.1655310621242485,,-0.3481182795698925,
30780,"Little Rock-North Little Rock-Conway, AR",2015,0.2963496637848222,1.354639175257732,,,0.2963496637848222,,1.354639175257732,
30780,"Little Rock-North Little Rock-Conway, AR",2016,-0.13782882549092257,-0.4772329246935202,-0.0012154165557854701,-0.0017144917187770971,-0.13782882549092257,-0.0012154165557854701,-0.4772329246935202,-0.0017144917187770971
30780,"Little Rock-North Little Rock-Conway, AR",2017,0.3816072195960465,0.7872696817420435,0.002671902476721685,0.0014295485955309606,0.3816072195960465,0.002671902476721685,0.7872696817420435,0.0014295485955309606
30780,"Little Rock-North Little Rock-Conway, AR",2018,-0.32379471228615864,-0.7244611059044048,-0.003268268604996562,-0.002384385023967814,-0.32379471228615864,-0.003268268604996562,-0.7244611059044048,-0.002384385023967814
30780,"Little Rock-North Little Rock-Conway, AR",2019,0.38224471021159157,2.503401360544218,0.0024665884937186975,0.0022170703177455528,0.38224471021159157,0.0024665884937186975,2.503401360544218,0.0022170703177455528
30780,"Little Rock-North Little Rock-Conway, AR",2020,0.02529118136439279,-0.2951456310679612,,,0.02529118136439279,,-0.2951456310679612,
30780,"Little Rock-North Little Rock-Conway, AR",2021,0.17981174943200262,0.14738292011019283,,,0.17981174943200262,,0.14738292011019283,
30780,"Little Rock-North Little Rock-Conway, AR",2022,-0.08170563961485555,0.6998799519807923,-0.001006087021521768,0.0016578303548964789,-0.08170563961485555,-0.001006087021521768,0.6998799519807923,0.0016578303548964789
30780,"Little Rock-North Little Rock-Conway, AR",2023,-0.20191731575793892,-0.586864406779661,-0.002004157088828766,-0.0024211075518312886,-0.20191731575793892,-0.002004157088828766,-0.586864406779661,-0.0024211075518312886
30780,"Little Rock-North Little Rock-Conway, AR",2024,-0.02177177177177181,-0.22905982905982902,-0.000244087181296114,-0.0003995011179145438,-0.02177177177177181,-0.000244087181296114,-0.22905982905982902,-0.0003995011179145438
30780,"Little Rock-North Little Rock-Conway, AR",2025,0.20567920184190336,-0.11973392461197341,,,0.20567920184190336,,-0.11973392461197341,
31080,"Los Angeles-Long Beach-Anaheim, CA",1990,,,,,,,,
31080,"Los Angeles-Long Beach-Anaheim, CA",1991,-0.3944971434731055,-0.525022209061297,,,-0.3944971434731055,,-0.525022209061297,
31080,"Los Angeles-Long Beach-Anaheim, CA",1992,-0.20842049045351374,-0.38902743142144636,,,-0.20842049045351374,,-0.38902743142144636,
31080,"Los Angeles-Long Beach-Anaheim, CA",1993,-0.22545822557067352,-0.3329931972789115,,,-0.22545822557067352,,-0.3329931972789115,
31080,"Los Angeles-Long Beach-Anaheim, CA",1994,0.48040069686411146,0.7695053544110149,,,0.48040069686411146,,0.7695053544110149,
31080,"Los Angeles-Long Beach-Anaheim, CA",1995,-0.21761302343826616,-0.3655619596541787,,,-0.21761302343826616,,-0.3655619596541787,
31080,"Los Angeles-Long Beach-Anaheim, CA",1996,0.12208573577337689,0.2586872586872586,,,0.12208573577337689,,0.2586872586872586,
31080,"Los Angeles-Long Beach-Anaheim, CA",1997,0.23380250223413768,0.19722121977625395,,,0.23380250223413768,,0.19722121977625395,
31080,"Los Angeles-Long Beach-Anaheim, CA",1998,-0.05251244907197827,-0.054408440090429555,,,-0.05251244907197827,,-0.054408440090429555,
31080,"Los Angeles-Long Beach-Anaheim, CA",1999,0.25652173913043486,0.5202422696844118,,,0.25652173913043486,,0.5202422696844118,
31080,"Los Angeles-Long Beach-Anaheim, CA",2000,0.12125936347389632,0.35070245334451666,,,0.12125936347389632,,0.35070245334451666,
31080,"Los Angeles-Long Beach-Anaheim, CA",2001,-0.08759495387954419,-0.1231855934176822,,,-0.08759495387954419,,-0.1231855934176822,
31080,"Los Angeles-Long Beach-Anaheim, CA",2002,0.04999070804683137,0.0880842776203965,,,0.04999070804683137,,0.0880842776203965,
31080,"Los Angeles-Long Beach-Anaheim, CA",2003,0.06729203539823003,0.007322431047107614,,,0.06729203539823003,,0.007322431047107614,
31080,"Los Angeles-Long Beach-Anaheim, CA",2004,0.1868594739809626,0.3673370487036589,,,0.1868594739809626,,0.3673370487036589,
31080,"Los Angeles-Long Beach-Anaheim, CA",2005,-0.14374738018722932,-0.2739086774174494,,,-0.14374738018722932,,-0.2739086774174494,
31080,"Los Angeles-Long Beach-Anaheim, CA",2006,0.09346953428412919,0.4922713960299381,,,0.09346953428412919,,0.4922713960299381,
31080,"Los Angeles-Long Beach-Anaheim, CA",2007,-0.20561110282047457,-0.1299133184320994,,,-0.20561110282047457,,-0.1299133184320994,
31080,"Los Angeles-Long Beach-Anaheim, CA",2008,-0.4347385031559964,-0.3956766917293233,,,-0.4347385031559964,,-0.3956766917293233,
31080,"Los Angeles-Long Beach-Anaheim, CA",2009,-0.5160518444666002,-0.6846034214618973,,,-0.5160518444666002,,-0.6846034214618973,
31080,"Los Angeles-Long Beach-Anaheim, CA",2010,0.42755116055486875,0.8786982248520709,,,0.42755116055486875,,0.8786982248520709,
31080,"Los Angeles-Long Beach-Anaheim, CA",2011,0.3706946315181836,0.6846894138232722,,,0.3706946315181836,,0.6846894138232722,
31080,"Los Angeles-Long Beach-Anaheim, CA",2012,0.22460868954867697,0.2136476942251766,,,0.22460868954867697,,0.2136476942251766,
31080,"Los Angeles-Long Beach-Anaheim, CA",2013,0.44425975812460594,0.42858365425759515,,,0.44425975812460594,,0.42858365425759515,
31080,"Los Angeles-Long Beach-Anaheim, CA",2014,0.06952932772442266,0.06367938656922068,,,0.06952932772442266,,0.06367938656922068,
31080,"Los Angeles-Long Beach-Anaheim, CA",2015,0.2628571428571429,0.36691822482541103,,,0.2628571428571429,,0.36691822482541103,
31080,"Los Angeles-Long Beach-Anaheim, CA",2016,-0.056414174061232836,-0.1259939845906638,-0.00045751696309132006,-0.0006925274027735741,-0.056414174061232836,-0.00045751696309132006,-0.1259939845906638,-0.0006925274027735741
31080,"Los Angeles-Long Beach-Anaheim, CA",2017,-0.03207323908575699,-0.11714514684391641,-0.0002727147255061858,-0.0005686592863426146,-0.03207323908575699,-0.0002727147255061858,-0.11714514684391641,-0.0005686592863426146
31080,"Los Angeles-Long Beach-Anaheim, CA",2018,-0.05018659117230728,-0.06920119607005548,-0.0003735850684750139,-0.0003012940826192961,-0.05018659117230728,-0.0003735850684750139,-0.06920119607005548,-0.0003012940826192961
31080,"Los Angeles-Long Beach-Anaheim, CA",2019,0.03488687169760185,0.10119320789352915,0.00018575982799199937,0.00035573221652601553,0.03488687169760185,0.00018575982799199937,0.10119320789352915,0.00035573221652601553
31080,"Los Angeles-Long Beach-Anaheim, CA",2020,-0.11860967467434702,-0.19144613461137738,,,-0.11860967467434702,,-0.19144613461137738,
31080,"Los Angeles-Long Beach-Anaheim, CA",2021,0.15673969550686961,0.17692159010373043,,,0.15673969550686961,,0.17692159010373043,
31080,"Los Angeles-Long Beach-Anaheim, CA",2022,0.05527912426567361,0.07483440083210158,0.0003198884143555264,0.0002621847899681542,0.05527912426567361,0.0003198884143555264,0.07483440083210158,0.0002621847899681542
31080,"Los Angeles-Long Beach-Anaheim, CA",2023,-0.06406473397621149,-0.151777528776612,-0.0004938148018112792,-0.0006515751456239284,-0.06406473397621149,-0.0004938148018112792,-0.151777528776612,-0.0006515751456239284
31080,"Los Angeles-Long Beach-Anaheim, CA",2024,-0.12955439269347024,-0.20325447339978386,-0.0008724293729578054,-0.0007242664277776435,-0.12955439269347024,-0.0008724293729578054,-0.20325447339978386,-0.0007242664277776435
31080,"Los Angeles-Long Beach-Anaheim, CA",2025,0.017213696277211366,-0.056070540357223586,,,0.017213696277211366,,-0.056070540357223586,
31140,"Louisville/Jefferson County, KY-IN",1990,,,,,,,,
31140,"Louisville/Jefferson County, KY-IN",1991,-0.008937244997085703,-0.2119622245540399,,,-0.008937244997085703,,-0.2119622245540399,
31140,"Louisville/Jefferson County, KY-IN",1992,0.24014899039404036,-0.08921438082556588,,,0.24014899039404036,,-0.08921438082556588,
31140,"Louisville/Jefferson County, KY-IN",1993,0.03145747707872282,-0.17543859649122806,,,0.03145747707872282,,-0.17543859649122806,
31140,"Louisville/Jefferson County, KY-IN",1994,0.0948659003831418,1.0124113475177303,,,0.0948659003831418,,1.0124113475177303,
31140,"Louisville/Jefferson County, KY-IN",1995,-0.1093225083986562,-0.33392070484581493,,,-0.1093225083986562,,-0.33392070484581493,
31140,"Louisville/Jefferson County, KY-IN",1996,0.16407355021216397,0.6071428571428572,,,0.16407355021216397,,0.6071428571428572,
31140,"Louisville/Jefferson County, KY-IN",1997,-0.07789928446064531,-0.3687242798353909,,,-0.07789928446064531,,-0.3687242798353909,
31140,"Louisville/Jefferson County, KY-IN",1998,0.29399707174231327,0.9374185136897002,,,0.29399707174231327,,0.9374185136897002,
31140,"Louisville/Jefferson County, KY-IN",1999,0.011880515953835769,0.1561238223418573,,,0.011880515953835769,,0.1561238223418573,
31140,"Louisville/Jefferson County, KY-IN",2000,-0.11193111931119315,-0.2380675203725262,,,-0.11193111931119315,,-0.2380675203725262,
31140,"Louisville/Jefferson County, KY-IN",2001,-0.0059179048098715326,-0.21237585943468296,,,-0.0059179048098715326,,-0.21237585943468296,
31140,"Louisville/Jefferson County, KY-IN",2002,-0.006079797340088677,0.15518913676042678,,,-0.006079797340088677,,0.15518913676042678,
31140,"Louisville/Jefferson County, KY-IN",2003,0.1000382311711483,0.017632241813602123,,,0.1000382311711483,,0.017632241813602123,
31140,"Louisville/Jefferson County, KY-IN",2004,0.006603336422613459,-0.2747524752475248,,,0.006603336422613459,,-0.2747524752475248,
31140,"Louisville/Jefferson County, KY-IN",2005,-0.17896190585798133,-0.4300341296928327,,,-0.17896190585798133,,-0.4300341296928327,
31140,"Louisville/Jefferson County, KY-IN",2006,-0.20591533501541914,0.4910179640718564,,,-0.20591533501541914,,0.4910179640718564,
31140,"Louisville/Jefferson County, KY-IN",2007,0.07007943512797876,0.9585006693440428,,,0.07007943512797876,,0.9585006693440428,
31140,"Louisville/Jefferson County, KY-IN",2008,-0.3911250412405147,-0.27682843472317153,,,-0.3911250412405147,,-0.27682843472317153,
31140,"Louisville/Jefferson County, KY-IN",2009,-0.3470604172311027,-0.8440453686200378,,,-0.3470604172311027,,-0.8440453686200378,
31140,"Louisville/Jefferson County, KY-IN",2010,0.047717842323651505,1.787878787878788,,,0.047717842323651505,,1.787878787878788,
31140,"Louisville/Jefferson County, KY-IN",2011,-0.05069306930693074,0.2847826086956522,,,-0.05069306930693074,,0.2847826086956522,
31140,"Louisville/Jefferson County, KY-IN",2012,0.5314977054651648,1.05414551607445,,,0.5314977054651648,,1.05414551607445,
31140,"Louisville/Jefferson County, KY-IN",2013,0.09425224734404791,0.14250411861614487,,,0.09425224734404791,,0.14250411861614487,
31140,"Louisville/Jefferson County, KY-IN",2014,0.061239731142643805,0.10382119682768565,,,0.061239731142643805,,0.10382119682768565,
31140,"Louisville/Jefferson County, KY-IN",2015,-0.024395965282664744,-0.279555845852384,,,-0.024395965282664744,,-0.279555845852384,
31140,"Louisville/Jefferson County, KY-IN",2016,0.29045443616253896,0.7969174977334541,0.0020810395163508326,0.0015316785628302428,0.29045443616253896,0.0020810395163508326,0.7969174977334541,0.0015316785628302428
31140,"Louisville/Jefferson County, KY-IN",2017,0.12371902366312648,0.1427850655903129,0.001088839567158847,0.0004679045232262426,0.12371902366312648,0.001088839567158847,0.1427850655903129,0.0004679045232262426
31140,"Louisville/Jefferson County, KY-IN",2018,-0.043773835184878096,0.0459161147902869,-0.0005424521411104034,0.00014710866237351277,-0.043773835184878096,-0.0005424521411104034,0.0459161147902869,0.00014710866237351277
31140,"Louisville/Jefferson County, KY-IN",2019,0.06970695335529742,0.08653440270156176,0.0006125785505165741,0.00031995531986018805,0.06970695335529742,0.0006125785505165741,0.08653440270156176,0.00031995531986018805
31140,"Louisville/Jefferson County, KY-IN",2020,-0.1954935970173448,-0.6891996891996892,,,-0.1954935970173448,,-0.6891996891996892,
31140,"Louisville/Jefferson County, KY-IN",2021,0.19564779367318152,0.6275,,,0.19564779367318152,,0.6275,
31140,"Louisville/Jefferson County, KY-IN",2022,-0.01921132457027297,0.5168970814132103,-0.000269037680125735,0.0010997187006413058,-0.01921132457027297,-0.000269037680125735,0.5168970814132103,0.0010997187006413058
31140,"Louisville/Jefferson County, KY-IN",2023,0.22491408934707913,0.8713924050632911,0.0020799363291111594,0.0028087134113634793,0.22491408934707913,0.0020799363291111594,0.8713924050632911,0.0028087134113634793
31140,"Louisville/Jefferson County, KY-IN",2024,-0.18698274652826485,-0.4875541125541125,-0.0022888292484737286,-0.0029984209991592145,-0.18698274652826485,-0.0022888292484737286,-0.4875541125541125,-0.0029984209991592145
31140,"Louisville/Jefferson County, KY-IN",2025,0.05296756383712897,0.28616684266103487,,,0.05296756383712897,,0.28616684266103487,
31540,"Madison, WI",1990,,,,,,,,
31540,"Madison, WI",1991,0.043519098309330095,0.05331882480957573,,,0.043519098309330095,,0.05331882480957573,
31540,"Madison, WI",1992,0.20732073207320734,-0.06611570247933884,,,0.20732073207320734,,-0.06611570247933884,
31540,"Madison, WI",1993,0.13792246520874762,0.22123893805309724,,,0.13792246520874762,,0.22123893805309724,
31540,"Madison, WI",1994,0.008298755186721962,0.33605072463768115,,,0.008298755186721962,,0.33605072463768115,
31540,"Madison, WI",1995,-0.09140134286333113,0.05559322033898306,,,-0.09140134286333113,,0.05559322033898306,
31540,"Madison, WI",1996,-0.09058402860548276,-0.43994861913937056,,,-0.09058402860548276,,-0.43994861913937056,
31540,"Madison, WI",1997,-0.02595019659239839,0.1777522935779816,,,-0.02595019659239839,,0.1777522935779816,
31540,"Madison, WI",1998,0.16173304628632934,0.3476144109055501,,,0.16173304628632934,,0.3476144109055501,
31540,"Madison, WI",1999,0.03590456335418124,-0.08526011560693647,,,0.03590456335418124,,-0.08526011560693647,
31540,"Madison, WI",2000,0.06797853309481217,0.13349131121642976,,,0.06797853309481217,,0.13349131121642976,
31540,"Madison, WI",2001,0.19262981574539362,0.4766550522648083,,,0.19262981574539362,,0.4766550522648083,
31540,"Madison, WI",2002,-0.0869030898876404,-0.3001415762151959,,,-0.0869030898876404,,-0.3001415762151959,
31540,"Madison, WI",2003,0.23630071140165354,0.5461901550910317,,,0.23630071140165354,,0.5461901550910317,
31540,"Madison, WI",2004,-0.1328149300155521,-0.36676842564326206,,,-0.1328149300155521,,-0.36676842564326206,
31540,"Madison, WI",2005,-0.03317790530846487,0.22038567493112948,,,-0.03317790530846487,,0.22038567493112948,
31540,"Madison, WI",2006,-0.2749026154702282,-0.16309255079006768,,,-0.2749026154702282,,-0.16309255079006768,
31540,"Madison, WI",2007,-0.29726272704016377,-0.38233310856372216,,,-0.29726272704016377,,-0.38233310856372216,
31540,"Madison, WI",2008,-0.28358208955223885,0.0393013100436681,,,-0.28358208955223885,,0.0393013100436681,
31540,"Madison, WI",2009,-0.2510162601626016,-0.36344537815126055,,,-0.2510162601626016,,-0.36344537815126055,
31540,"Madison, WI",2010,-0.15061058344640432,-0.4273927392739274,,,-0.15061058344640432,,-0.4273927392739274,
31540,"Madison, WI",2011,0.16613418530351431,0.9394812680115274,,,0.16613418530351431,,0.9394812680115274,
31540,"Madison, WI",2012,0.6931506849315068,1.24962852897474,,,0.6931506849315068,,1.24962852897474,
31540,"Madison, WI",2013,0.21642394822006472,0.09775429326287988,,,0.21642394822006472,,0.09775429326287988,
31540,"Madison, WI",2014,0.2653807781842368,0.4855595667870036,,,0.2653807781842368,,0.4855595667870036,
31540,"Madison, WI",2015,-0.08068331143232588,-0.20939651680842442,,,-0.08068331143232588,,-0.20939651680842442,
31540,"Madison, WI",2016,0.4159519725557461,0.603483606557377,0.00504173630153487,0.004114486211698111,0.4159519725557461,0.00504173630153487,0.603483606557377,0.0040992059766695255
31540,"Madison, WI",2017,-0.06480920654149003,-0.09329073482428119,-0.0014481219303551437,-0.001226053725705457,-0.06480920654149003,-0.0014481219303551437,-0.09329073482428119,-0.001226053725705457
31540,"Madison, WI",2018,-0.2115716753022453,-0.34989429175475684,-0.003601070743894553,-0.003555849100655795,-0.2115716753022453,-0.003601070743894553,-0.34989429175475684,-0.00352210371420334
31540,"Madison, WI",2019,-0.08461117196056955,-0.09539295392953928,-0.0011857410815028068,-0.0006666882688112392,-0.08461117196056955,-0.0011857410815028068,-0.09539295392953928,-0.0006666882688112392
31540,"Madison, WI",2020,0.5758300927310798,1.0131815458358298,,,0.5203390741325652,,1.0131815458358298,
31540,"Madison, WI",2021,0.36560364464692485,0.5580357142857142,,,0.36560364464692485,,0.5580357142857142,
31540,"Madison, WI",2022,-0.22449263274951348,-0.2672397325692455,-0.005632530130131371,-0.004809403163820981,-0.22449263274951348,-0.005632530130131371,-0.2672397325692455,-0.004809403163820981
31540,"Madison, WI",2023,-0.03907510306506545,-0.08029197080291972,-0.00096124858052005,-0.0011551105508760887,-0.03907510306506545,-0.00096124858052005,-0.08029197080291972,-0.0011551105508760887
31540,"Madison, WI",2024,0.08897593732512599,0.12301587301587302,0.0011243344831573902,0.0011077268244117366,0.08897593732512599,0.0011243344831573902,0.12301587301587302,0.0011077268244117366
31540,"Madison, WI",2025,0.1899623158615964,0.2640080767289248,,,0.1899623158615964,,0.2640080767289248,
32580,"McAllen-Edinburg-Mission, TX",1990,,,,,,,,
32580,"McAllen-Edinburg-Mission, TX",1991,1.55206847360913,-0.012195121951219523,,,0.7353500861137617,,-0.012195121951219523,
32580,"McAllen-Edinburg-Mission, TX",1992,0.0027948574622693734,1.4938271604938271,,,0.0027948574622693734,,1.4938271604938271,
32580,"McAllen-Edinburg-Mission, TX",1993,0.7243589743589745,0.5396039603960396,,,0.5298803294175521,,0.5396039603960396,
32580,"McAllen-Edinburg-Mission, TX",1994,-0.2500404073056408,0.26045016077170424,,,-0.2500303956138881,,0.26045016077170424,
32580,"McAllen-Edinburg-Mission, TX",1995,-0.028017241379310387,0.028061224489795977,,,-0.028017241379310387,,0.028061224489795977,
32580,"McAllen-Edinburg-Mission, TX",1996,0.1838137472283814,0.11414392059553347,,,0.1838137472283814,,0.11414392059553347,
32580,"McAllen-Edinburg-Mission, TX",1997,-0.011799962539801423,0.04899777282850781,,,-0.011799962539801423,,0.04899777282850781,
32580,"McAllen-Edinburg-Mission, TX",1998,0.17816527672479143,-0.11889596602972397,,,0.17816527672479143,,-0.11889596602972397,
32580,"McAllen-Edinburg-Mission, TX",1999,-0.08301158301158296,-0.5108433734939759,,,-0.08301158301158296,,-0.5108433734939759,
32580,"McAllen-Edinburg-Mission, TX",2000,-0.007192982456140307,0.21674876847290636,,,-0.007192982456140307,,0.21674876847290636,
32580,"McAllen-Edinburg-Mission, TX",2001,0.2201802438593392,2.4331983805668016,,,0.2201802438593392,,2.4331983805668016,
32580,"McAllen-Edinburg-Mission, TX",2002,0.08283852280955828,-0.5577830188679245,,,0.08283852280955828,,-0.5577830188679245,
32580,"McAllen-Edinburg-Mission, TX",2003,0.07797244884311882,1.5333333333333332,,,0.07797244884311882,,1.5333333333333332,
32580,"McAllen-Edinburg-Mission, TX",2004,0.15558312655086848,0.15157894736842104,,,0.15558312655086848,,0.15157894736842104,
32580,"McAllen-Edinburg-Mission, TX",2005,-0.04563023405625943,-0.1243144424131627,,,-0.04563023405625943,,-0.1243144424131627,
32580,"McAllen-Edinburg-Mission, TX",2006,-0.09483631454606822,-0.4237995824634656,,,-0.09483631454606822,,-0.4237995824634656,
32580,"McAllen-Edinburg-Mission, TX",2007,-0.19736515038528457,0.326086956521739,,,-0.19736515038528457,,0.326086956521739,
32580,"McAllen-Edinburg-Mission, TX",2008,-0.42799628367915765,-0.8114754098360656,,,-0.42799628367915765,,-0.8114754098360656,
32580,"McAllen-Edinburg-Mission, TX",2009,-0.14564158094206825,0.28985507246376807,,,-0.14564158094206825,,0.28985507246376807,
32580,"McAllen-Edinburg-Mission, TX",2010,0.12547528517110274,0.6685393258426966,,,0.12547528517110274,,0.6685393258426966,
32580,"McAllen-Edinburg-Mission, TX",2011,-0.12584459459459463,-0.9158249158249159,,,-0.12584459459459463,,-0.9158249158249159,
32580,"McAllen-Edinburg-Mission, TX",2012,0.12463768115942031,9.16,,,0.12463768115942031,,8.648874999999999,
32580,"McAllen-Edinburg-Mission, TX",2013,-0.05670103092783507,-0.3188976377952756,,,-0.05670103092783507,,-0.3188976377952756,
32580,"McAllen-Edinburg-Mission, TX",2014,0.05434122647237394,0.21387283236994215,,,0.05434122647237394,,0.21387283236994215,
32580,"McAllen-Edinburg-Mission, TX",2015,0.23985027353872734,3.723809523809524,,,0.23985027353872734,,3.723809523809524,
32580,"McAllen-Edinburg-Mission, TX",2016,0.060845332094751514,0.063508064516129,0.0007206679037928439,0.0001758513879258428,0.060845332094751514,0.0007206679037928439,0.063508064516129,0.0001758513879258428
32580,"McAllen-Edinburg-Mission, TX",2017,-0.05932574430823112,-0.28625592417061607,-0.0014676581708049606,-0.0012040188278646742,-0.05932574430823112,-0.0014676581708049606,-0.28625592417061607,-0.0012040188278646742
32580,"McAllen-Edinburg-Mission, TX",2018,0.08028857342331852,-0.031872509960159334,0.0009549562395646145,-0.0001325156719149869,0.08028857342331852,0.0009549562395646145,-0.031872509960159334,-0.0001325156719149869
32580,"McAllen-Edinburg-Mission, TX",2019,0.1568289530374838,0.25240054869684503,0.0022953303602109357,0.0006040794535495178,0.1568289530374838,0.0022953303602109357,0.25240054869684503,0.0006040794535495178
32580,"McAllen-Edinburg-Mission, TX",2020,-0.08864059590316575,-0.4830230010952903,,,-0.08864059590316575,,-0.4830230010952903,
32580,"McAllen-Edinburg-Mission, TX",2021,0.23722926031875757,-0.5360169491525424,,,0.23722926031875757,,-0.5360169491525424,
32580,"McAllen-Edinburg-Mission, TX",2022,-0.017175887696118886,1.3881278538812785,-0.0007722552229214308,0.000970011364329356,-0.017175887696118886,-0.0007722552229214308,1.3881278538812785,0.000970011364329356
32580,"McAllen-Edinburg-Mission, TX",2023,0.15930095782221465,0.1988527724665392,0.002631630634971887,0.0002970277611780742,0.15930095782221465,0.002631630634971887,0.1988527724665392,0.0002970277611780742
32580,"McAllen-Edinburg-Mission, TX",2024,0.0569647775039861,0.04146730462519943,0.0007248189302522696,3.568730339588086e-05,0.0569647775039861,0.0007248189302522696,0.04146730462519943,3.568730339588086e-05
32580,"McAllen-Edinburg-Mission, TX",2025,0.0012342292923752662,-0.1271056661562021,,,0.0012342292923752662,,-0.1271056661562021,
32820,"Memphis, TN-MS-AR",1990,,,,,,,,
32820,"Memphis, TN-MS-AR",1991,-0.06817821468209928,-0.6392352452202826,,,-0.06817821468209928,,-0.6392352452202826,
32820,"Memphis, TN-MS-AR",1992,0.2320912029947253,-0.3110599078341014,,,0.2320912029947253,,-0.3110599078341014,
32820,"Memphis, TN-MS-AR",1993,0.09929567739262524,0.17725752508361214,,,0.09929567739262524,,0.17725752508361214,
32820,"Memphis, TN-MS-AR",1994,-0.036683417085427106,0.6051136363636365,,,-0.036683417085427106,,0.6051136363636365,
32820,"Memphis, TN-MS-AR",1995,0.23435054773082942,1.5929203539823007,,,0.23435054773082942,,1.5929203539823007,
32820,"Memphis, TN-MS-AR",1996,0.07237189646064457,1.515358361774744,,,0.07237189646064457,,1.515358361774744,
32820,"Memphis, TN-MS-AR",1997,-0.18581280788177335,-0.5831750339213027,,,-0.18581280788177335,,-0.5831750339213027,
32820,"Memphis, TN-MS-AR",1998,0.07429816069699902,-0.388671875,,,0.07429816069699902,,-0.388671875,
32820,"Memphis, TN-MS-AR",1999,0.24487497184050455,1.8903088391906282,,,0.24487497184050455,,1.8903088391906282,
32820,"Memphis, TN-MS-AR",2000,-0.028320665942815793,0.5386882829771555,,,-0.028320665942815793,,0.5386882829771555,
32820,"Memphis, TN-MS-AR",2001,-0.24946456839556752,-0.6901340996168582,,,-0.24640414930468693,,-0.6901340996168582,
32820,"Memphis, TN-MS-AR",2002,0.1271712158808933,0.16074188562596592,,,0.1271712158808933,,0.16074188562596592,
32820,"Memphis, TN-MS-AR",2003,0.057347275729223934,-0.33022636484687085,,,0.057347275729223934,,-0.33022636484687085,
32820,"Memphis, TN-MS-AR",2004,0.05465334166146163,0.1312127236580516,,,0.05465334166146163,,0.1312127236580516,
32820,"Memphis, TN-MS-AR",2005,0.06544270062185364,-0.07029876977152905,,,0.06544270062185364,,-0.07029876977152905,
32820,"Memphis, TN-MS-AR",2006,-0.05030572540300171,0.34688090737240085,,,-0.05030572540300171,,0.34688090737240085,
32820,"Memphis, TN-MS-AR",2007,-0.21197931909082046,0.631578947368421,,,-0.21197931909082046,,0.631578947368421,
32820,"Memphis, TN-MS-AR",2008,-0.6154988858628374,-0.7225806451612904,,,-0.6154988858628374,,-0.7225806451612904,
32820,"Memphis, TN-MS-AR",2009,-0.3451384417256922,-0.2806201550387597,,,-0.3451384417256922,,-0.2806201550387597,
32820,"Memphis, TN-MS-AR",2010,0.19419862340216332,0.3987068965517242,,,0.19419862340216332,,0.3987068965517242,
32820,"Memphis, TN-MS-AR",2011,-0.09016055990119387,-0.1510015408320493,,,-0.09016055990119387,,-0.1510015408320493,
32820,"Memphis, TN-MS-AR",2012,0.5868778280542986,0.6769509981851181,,,0.5868778280542986,,0.6769509981851181,
32820,"Memphis, TN-MS-AR",2013,0.04134587966923298,0.1071428571428572,,,0.04134587966923298,,0.1071428571428572,
32820,"Memphis, TN-MS-AR",2014,-0.13636363636363635,-0.40664711632453565,,,-0.13636363636363635,,-0.40664711632453565,
32820,"Memphis, TN-MS-AR",2015,0.25269499048826893,1.257001647446458,,,0.25269499048826893,,1.257001647446458,
32820,"Memphis, TN-MS-AR",2016,0.10199949379903828,-0.039416058394160625,0.0006746801445366053,-0.000107036709638084,0.10199949379903828,0.0006746801445366053,-0.039416058394160625,-0.000107036709638084
32820,"Memphis, TN-MS-AR",2017,-0.11345888837850249,-0.5615501519756838,-0.0009083955654772017,-0.0013064607155928948,-0.11345888837850249,-0.0009083955654772017,-0.5615501519756838,-0.0013064607155928948
32820,"Memphis, TN-MS-AR",2018,0.16373056994818658,1.2616984402079723,0.0010675441948757294,0.00126277556009963,0.16373056994818658,0.0010675441948757294,1.2616984402079723,0.00126277556009963
32820,"Memphis, TN-MS-AR",2019,-0.1821015138023152,-0.7371647509578544,-0.0014613913910747527,-0.0016786355180206762,-0.1821015138023152,-0.0014613913910747527,-0.7371647509578544,-0.0016786355180206762
32820,"Memphis, TN-MS-AR",2020,0.30566140446379975,1.5422740524781342,,,0.30566140446379975,,1.5422740524781342,
32820,"Memphis, TN-MS-AR",2021,0.08505315822389004,0.026376146788990917,,,0.08505315822389004,,0.026376146788990917,
32820,"Memphis, TN-MS-AR",2022,-0.17367915465898176,-0.09050279329608935,-0.0016168063502887764,-0.00014985022945464017,-0.17367915465898176,-0.0016168063502887764,-0.09050279329608935,-0.00014985022945464017
32820,"Memphis, TN-MS-AR",2023,-0.056498488723552676,0.203931203931204,-0.0004548012399006726,0.00027697908133745663,-0.056498488723552676,-0.0004548012399006726,0.203931203931204,0.00027697908133745663
32820,"Memphis, TN-MS-AR",2024,0.04484967964514541,0.47244897959183674,0.00026253352651454,0.000776203877848164,0.04484967964514541,0.00026253352651454,0.47244897959183674,0.000776203877848164
32820,"Memphis, TN-MS-AR",2025,-0.22216981132075475,-0.8648648648648649,,,-0.22216981132075475,,-0.8072558996527531,
33100,"Miami-Fort Lauderdale-West Palm Beach, FL",1990,,,,,,,,
33100,"Miami-Fort Lauderdale-West Palm Beach, FL",1991,-0.31921397379912664,-0.5934139784946236,,,-0.31921397379912664,,-0.5934139784946236,
33100,"Miami-Fort Lauderdale-West Palm Beach, FL",1992,0.21409735585489265,-0.04380165289256199,,,0.21409735585489265,,-0.04380165289256199,
33100,"Miami-Fort Lauderdale-West Palm Beach, FL",1993,0.2838861168183153,0.2561221549985595,,,0.2838861168183153,,0.2561221549985595,
33100,"Miami-Fort Lauderdale-West Palm Beach, FL",1994,0.2514745553472635,0.7396788990825689,,,0.2514745553472635,,0.7396788990825689,
33100,"Miami-Fort Lauderdale-West Palm Beach, FL",1995,-0.15403163932629427,-0.07000659195781145,,,-0.15403163932629427,,-0.07000659195781145,
33100,"Miami-Fort Lauderdale-West Palm Beach, FL",1996,0.05333621248110565,-0.15905869010490503,,,0.05333621248110565,,-0.15905869010490503,
33100,"Miami-Fort Lauderdale-West Palm Beach, FL",1997,-0.09942599425994258,0.28472690492245456,,,-0.09942599425994258,,0.28472690492245456,
33100,"Miami-Fort Lauderdale-West Palm Beach, FL",1998,0.011518324607329822,-0.14788085553077024,,,0.011518324607329822,,-0.14788085553077024,
33100,"Miami-Fort Lauderdale-West Palm Beach, FL",1999,0.6242686110360969,1.0294117647058822,,,0.43951736287693954,,1.0294117647058822,
33100,"Miami-Fort Lauderdale-West Palm Beach, FL",2000,-0.031561737973841764,-0.10797480840731466,,,-0.031561737973841764,,-0.10797480840731466,
33100,"Miami-Fort Lauderdale-West Palm Beach, FL",2001,0.01668145011302191,-0.004848587955086803,,,0.01668145011302191,,-0.004848587955086803,
33100,"Miami-Fort Lauderdale-West Palm Beach, FL",2002,0.1143194866599122,0.4808958030600905,,,0.1143194866599122,,0.4808958030600905,
33100,"Miami-Fort Lauderdale-West Palm Beach, FL",2003,2.5256351972480218e-05,-0.1407215007215007,,,2.5256351972480218e-05,,-0.1407215007215007,
33100,"Miami-Fort Lauderdale-West Palm Beach, FL",2004,0.16388432882939763,0.3788540337206958,,,0.16388432882939763,,0.3788540337206958,
33100,"Miami-Fort Lauderdale-West Palm Beach, FL",2005,-0.011327141741168334,0.08213572368100541,,,-0.011327141741168334,,0.08213572368100541,
33100,"Miami-Fort Lauderdale-West Palm Beach, FL",2006,-0.22940169439445157,-0.12816818979876654,,,-0.22940169439445157,,-0.12816818979876654,
33100,"Miami-Fort Lauderdale-West Palm Beach, FL",2007,-0.5686414127029336,-0.6150469895693483,,,-0.5686414127029336,,-0.6150469895693483,
33100,"Miami-Fort Lauderdale-West Palm Beach, FL",2008,-0.4835919445361505,-0.4371562709590878,,,-0.4835919445361505,,-0.4371562709590878,
33100,"Miami-Fort Lauderdale-West Palm Beach, FL",2009,-0.5045390615010867,-0.6739752144899904,,,-0.5045390615010867,,-0.6739752144899904,
33100,"Miami-Fort Lauderdale-West Palm Beach, FL",2010,0.5166451612903227,0.8421052631578947,,,0.5166451612903227,,0.8421052631578947,
33100,"Miami-Fort Lauderdale-West Palm Beach, FL",2011,0.2816062616981454,0.23055555555555562,,,0.2816062616981454,,0.23055555555555562,
33100,"Miami-Fort Lauderdale-West Palm Beach, FL",2012,0.7606213489113118,1.5901322154143824,,,0.7606213489113118,,1.5901322154143824,
33100,"Miami-Fort Lauderdale-West Palm Beach, FL",2013,0.5022245682829349,0.6638446215139442,,,0.5022245682829349,,0.6638446215139442,
33100,"Miami-Fort Lauderdale-West Palm Beach, FL",2014,-0.23402439636564432,-0.30619574977551633,,,-0.23402439636564432,,-0.30619574977551633,
33100,"Miami-Fort Lauderdale-West Palm Beach, FL",2015,0.5367979553050659,0.7319887834339949,,,0.5367979553050659,,0.7319887834339949,
33100,"Miami-Fort Lauderdale-West Palm Beach, FL",2016,-0.20076759061833693,-0.26931938476866557,-0.001935471859439244,-0.0017608896646785794,-0.20076759061833693,-0.001935471859439244,-0.26931938476866557,-0.0017608896646785794
33100,"Miami-Fort Lauderdale-West Palm Beach, FL",2017,0.05234233272863098,0.09059144366797334,0.0003670391109485069,0.00040684386868476696,0.05234233272863098,0.0003670391109485069,0.09059144366797334,0.00040684386868476696
33100,"Miami-Fort Lauderdale-West Palm Beach, FL",2018,-0.008619378390711363,-0.06986012346643744,-0.00010917545223338397,-0.0003783009077523332,-0.008619378390711363,-0.00010917545223338397,-0.06986012346643744,-0.0003783009077523332
33100,"Miami-Fort Lauderdale-West Palm Beach, FL",2019,0.05804735846161724,0.08913719230446104,0.0004022531394695479,0.0003892886094740847,0.05804735846161724,0.0004022531394695479,0.08913719230446104,0.0003892886094740847
33100,"Miami-Fort Lauderdale-West Palm Beach, FL",2020,0.051720804331013115,0.021829682196852884,,,0.051720804331013115,,0.021829682196852884,
33100,"Miami-Fort Lauderdale-West Palm Beach, FL",2021,0.16338817906057534,0.24926398429833174,,,0.16338817906057534,,0.24926398429833174,
33100,"Miami-Fort Lauderdale-West Palm Beach, FL",2022,-0.22091415478212773,-0.2551211553568191,-0.002157951641404237,-0.001621767240248595,-0.22091415478212773,-0.002157951641404237,-0.2551211553568191,-0.001621767240248595
33100,"Miami-Fort Lauderdale-West Palm Beach, FL",2023,0.08108108108108114,0.23525594224060997,0.0005513122186816943,0.0010488598118020926,0.08108108108108114,0.0005513122186816943,0.23525594224060997,0.0010488598118020926
33100,"Miami-Fort Lauderdale-West Palm Beach, FL",2024,-0.23302063789868666,-0.34294345570368423,-0.0018769785772445573,-0.0019571098104720435,-0.23302063789868666,-0.0018769785772445573,-0.34294345570368423,-0.0019571098104720435
33100,"Miami-Fort Lauderdale-West Palm Beach, FL",2025,0.434258806262231,0.6690654672663667,,,0.434258806262231,,0.6690654672663667,
33340,"Milwaukee-Waukesha, WI",1990,,,,,,,,
33340,"Milwaukee-Waukesha, WI",1991,-0.2667156502571638,-0.48225469728601256,,,-0.2667156502571638,,-0.48225469728601256,
33340,"Milwaukee-Waukesha, WI",1992,0.25567802271209095,0.24445564516129026,,,0.25567802271209095,,0.24445564516129026,
33340,"Milwaukee-Waukesha, WI",1993,-0.042292858092831453,-0.12393681652490884,,,-0.042292858092831453,,-0.12393681652490884,
33340,"Milwaukee-Waukesha, WI",1994,-0.03555061796972647,-0.09246417013407304,,,-0.03555061796972647,,-0.09246417013407304,
33340,"Milwaukee-Waukesha, WI",1995,-0.11072714182865373,0.06571574121242985,,,-0.11072714182865373,,0.06571574121242985,
33340,"Milwaukee-Waukesha, WI",1996,0.043717616580310814,0.054971319311663436,,,0.043717616580310814,,0.054971319311663436,
33340,"Milwaukee-Waukesha, WI",1997,-0.0026372944461681147,0.09243316719528782,,,-0.0026372944461681147,,0.09243316719528782,
33340,"Milwaukee-Waukesha, WI",1998,0.11074817234406598,0.10493571132310242,,,0.11074817234406598,,0.10493571132310242,
33340,"Milwaukee-Waukesha, WI",1999,0.004481165102926843,-0.10585585585585588,,,0.004481165102926843,,-0.10585585585585588,
33340,"Milwaukee-Waukesha, WI",2000,-0.21497281472187368,-0.36523929471032746,,,-0.21497281472187368,,-0.36523929471032746,
33340,"Milwaukee-Waukesha, WI",2001,0.044041910850648236,0.19708994708994698,,,0.044041910850648236,,0.19708994708994698,
33340,"Milwaukee-Waukesha, WI",2002,0.009695526450076652,0.05414364640883984,,,0.009695526450076652,,0.05414364640883984,
33340,"Milwaukee-Waukesha, WI",2003,0.08945417789757415,0.06341719077568131,,,0.08945417789757415,,0.06341719077568131,
33340,"Milwaukee-Waukesha, WI",2004,-0.08736663058605232,-0.21389847215377034,,,-0.08736663058605232,,-0.21389847215377034,
33340,"Milwaukee-Waukesha, WI",2005,-0.07760081328363266,-0.008777429467084596,,,-0.07760081328363266,,-0.008777429467084596,
33340,"Milwaukee-Waukesha, WI",2006,-0.21197648787656131,-0.16002530044275776,,,-0.21197648787656131,,-0.16002530044275776,
33340,"Milwaukee-Waukesha, WI",2007,-0.2386946386946387,-0.2612951807228916,,,-0.2386946386946387,,-0.2612951807228916,
33340,"Milwaukee-Waukesha, WI",2008,-0.25168401714635635,0.12232415902140681,,,-0.25168401714635635,,0.12232415902140681,
33340,"Milwaukee-Waukesha, WI",2009,-0.40957446808510634,-0.5658492279745686,,,-0.40957446808510634,,-0.5658492279745686,
33340,"Milwaukee-Waukesha, WI",2010,0.345114345114345,0.889121338912134,,,0.345114345114345,,0.889121338912134,
33340,"Milwaukee-Waukesha, WI",2011,-0.1792890262751159,-0.34219269102990035,,,-0.1792890262751159,,-0.34219269102990035,
33340,"Milwaukee-Waukesha, WI",2012,0.12554927809165095,0.11784511784511786,,,0.12554927809165095,,0.11784511784511786,
33340,"Milwaukee-Waukesha, WI",2013,0.1154489682097044,-0.09036144578313254,,,0.1154489682097044,,-0.09036144578313254,
33340,"Milwaukee-Waukesha, WI",2014,0.20799999999999996,0.685430463576159,,,0.20799999999999996,,0.685430463576159,
33340,"Milwaukee-Waukesha, WI",2015,0.2615894039735098,0.5599214145383105,,,0.2615894039735098,,0.5599214145383105,
33340,"Milwaukee-Waukesha, WI",2016,0.33038057742782145,0.4659949622166246,0.001480454217277512,0.00109046123173369,0.33038057742782145,0.001480454217277512,0.4659949622166246,0.00109046123173369
33340,"Milwaukee-Waukesha, WI",2017,-0.08927250308261403,-0.1430412371134021,-0.0005690413197353764,-0.0005110883450638744,-0.08927250308261403,-0.0005690413197353764,-0.1430412371134021,-0.0005110883450638744
33340,"Milwaukee-Waukesha, WI",2018,0.026536691037097215,-0.0446115288220551,0.00012461896289960722,-0.0001410385694042538,0.026536691037097215,0.00012461896289960722,-0.0446115288220551,-0.0001410385694042538
33340,"Milwaukee-Waukesha, WI",2019,-0.3563703508309153,-0.6295907660020986,-0.001995665371913104,-0.001765131158408158,-0.2852494441018843,-0.001995665371913104,-0.6295907660020986,-0.001765131158408158
33340,"Milwaukee-Waukesha, WI",2020,0.12827868852459012,0.1402266288951841,,,0.12827868852459012,,0.1402266288951841,
33340,"Milwaukee-Waukesha, WI",2021,0.0828187431892482,-0.022360248447204967,,,0.0828187431892482,,-0.022360248447204967,
33340,"Milwaukee-Waukesha, WI",2022,0.07380073800738018,0.5870393900889455,0.0003039389818012836,0.0006592336718709937,0.07380073800738018,0.0003039389818012836,0.5870393900889455,0.0006592336718709937
33340,"Milwaukee-Waukesha, WI",2023,-0.10527960012496096,-0.07606084867894314,-0.0004950615923142139,-0.00014100902341296264,-0.10527960012496096,-0.0004950615923142139,-0.07606084867894314,-0.00014100902341296264
33340,"Milwaukee-Waukesha, WI",2024,0.41689944134078205,0.7469670710571923,0.0016410789476809092,0.001199500193961834,0.41689944134078205,0.0016410789476809092,0.7469670710571923,0.001199500193961834
33340,"Milwaukee-Waukesha, WI",2025,-0.23484475110892067,-0.4384920634920635,,,-0.23484475110892067,,-0.4384920634920635,
33460,"Minneapolis-St. Paul-Bloomington, MN-WI",1990,,,,,,,,
33460,"Minneapolis-St. Paul-Bloomington, MN-WI",1991,-0.0895371598156216,-0.5726779252110977,,,-0.0895371598156216,,-0.5726779252110977,
33460,"Minneapolis-St. Paul-Bloomington, MN-WI",1992,0.2977321589569317,0.3895553987297107,,,0.2977321589569317,,0.3895553987297107,
33460,"Minneapolis-St. Paul-Bloomington, MN-WI",1993,0.0448375374091492,0.19146775012696793,,,0.0448375374091492,,0.19146775012696793,
33460,"Minneapolis-St. Paul-Bloomington, MN-WI",1994,-0.08521303258145363,-0.020886615515771534,,,-0.08521303258145363,,-0.020886615515771534,
33460,"Minneapolis-St. Paul-Bloomington, MN-WI",1995,0.009449259155717149,0.36134087940792337,,,0.009449259155717149,,0.36134087940792337,
33460,"Minneapolis-St. Paul-Bloomington, MN-WI",1996,0.028303976958014898,-0.24976015350175884,,,0.028303976958014898,,-0.24976015350175884,
33460,"Minneapolis-St. Paul-Bloomington, MN-WI",1997,-0.08860759493670889,-0.11253196930946296,,,-0.08860759493670889,,-0.11253196930946296,
33460,"Minneapolis-St. Paul-Bloomington, MN-WI",1998,0.252482269503546,0.40874159462055726,,,0.252482269503546,,0.40874159462055726,
33460,"Minneapolis-St. Paul-Bloomington, MN-WI",1999,0.10735183087957711,0.2816229116945108,,,0.10735183087957711,,0.2816229116945108,
33460,"Minneapolis-St. Paul-Bloomington, MN-WI",2000,-0.032556355733583286,0.2229316307528597,,,-0.032556355733583286,,0.2229316307528597,
33460,"Minneapolis-St. Paul-Bloomington, MN-WI",2001,0.03263885830066515,0.028279312595170802,,,0.03263885830066515,,0.028279312595170802,
33460,"Minneapolis-St. Paul-Bloomington, MN-WI",2002,0.11751407609622921,0.5096255553204994,,,0.11751407609622921,,0.5096255553204994,
33460,"Minneapolis-St. Paul-Bloomington, MN-WI",2003,0.0734379174777664,-0.15554932735426008,,,0.0734379174777664,,-0.15554932735426008,
33460,"Minneapolis-St. Paul-Bloomington, MN-WI",2004,0.0067915940689116105,0.09741121805509456,,,0.0067915940689116105,,0.09741121805509456,
33460,"Minneapolis-St. Paul-Bloomington, MN-WI",2005,-0.20315038496856674,-0.32738545289581134,,,-0.20315038496856674,,-0.32738545289581134,
33460,"Minneapolis-St. Paul-Bloomington, MN-WI",2006,-0.28955766332771915,-0.19829136690647486,,,-0.28955766332771915,,-0.19829136690647486,
33460,"Minneapolis-St. Paul-Bloomington, MN-WI",2007,-0.3632790567097136,-0.3799775659001683,,,-0.3632790567097136,,-0.3799775659001683,
33460,"Minneapolis-St. Paul-Bloomington, MN-WI",2008,-0.42475014697236924,-0.3229308005427408,,,-0.42475014697236924,,-0.3229308005427408,
33460,"Minneapolis-St. Paul-Bloomington, MN-WI",2009,-0.19383409981263844,-0.35070140280561124,,,-0.19383409981263844,,-0.35070140280561124,
33460,"Minneapolis-St. Paul-Bloomington, MN-WI",2010,0.22100147897739286,0.808641975308642,,,0.22100147897739286,,0.808641975308642,
33460,"Minneapolis-St. Paul-Bloomington, MN-WI",2011,-0.09724865893753243,-0.22184300341296925,,,-0.09724865893753243,,-0.22184300341296925,
33460,"Minneapolis-St. Paul-Bloomington, MN-WI",2012,1.2162162162162162,3.1074561403508776,,,1.068717303700803,,3.1074561403508776,
33460,"Minneapolis-St. Paul-Bloomington, MN-WI",2013,0.04817505621864737,-0.15180637124043428,,,0.04817505621864737,,-0.15180637124043428,
33460,"Minneapolis-St. Paul-Bloomington, MN-WI",2014,-0.058668206947767976,-0.03294167016365923,,,-0.058668206947767976,,-0.03294167016365923,
33460,"Minneapolis-St. Paul-Bloomington, MN-WI",2015,0.021300841514726443,0.036233456281189014,,,0.021300841514726443,,0.036233456281189014,
33460,"Minneapolis-St. Paul-Bloomington, MN-WI",2016,0.21388721998111748,0.2784757118927974,0.001689321024177003,0.0009084043032159665,0.21388721998111748,0.001689321024177003,0.2784757118927974,0.0009084043032159665
33460,"Minneapolis-St. Paul-Bloomington, MN-WI",2017,0.06589832425935094,-0.003930560104814962,0.0005640735086315986,-5.241242469069835e-05,0.06589832425935094,0.0005640735086315986,-0.003930560104814962,-5.241242469069835e-05
33460,"Minneapolis-St. Paul-Bloomington, MN-WI",2018,0.20570480928689894,0.4791187109503452,0.002039781385080963,0.0019668485507264664,0.20570480928689894,0.002039781385080963,0.4791187109503452,0.0019668485507264664
33460,"Minneapolis-St. Paul-Bloomington, MN-WI",2019,0.23316461267605626,0.39695420186749675,0.0027472419047686897,0.0023622452679931717,0.23316461267605626,0.0027472419047686897,0.39695420186749675,0.0023622452679931717
33460,"Minneapolis-St. Paul-Bloomington, MN-WI",2020,-0.0032568930132952367,-0.06278348054428262,,,-0.0032568930132952367,,-0.06278348054428262,
33460,"Minneapolis-St. Paul-Bloomington, MN-WI",2021,0.1672261760888054,0.17948717948717952,,,0.1672261760888054,,0.17948717948717952,
33460,"Minneapolis-St. Paul-Bloomington, MN-WI",2022,-0.09019442420523838,0.023970630578750374,-0.0017788674015512037,7.358024867592378e-05,-0.09019442420523838,-0.0017788674015512037,0.023970630578750374,7.358024867592378e-05
33460,"Minneapolis-St. Paul-Bloomington, MN-WI",2023,-0.21462592202318231,-0.2942003514938488,-0.003443940681634068,-0.002783758084258013,-0.21462592202318231,-0.003443940681634068,-0.2942003514938488,-0.002783758084258013
33460,"Minneapolis-St. Paul-Bloomington, MN-WI",2024,-0.2474641764611174,-0.568426294820717,-0.0030216294291462564,-0.0036531072208180644,-0.2474641764611174,-0.0030216294291462564,-0.568426294820717,-0.0036531072208180644
33460,"Minneapolis-St. Paul-Bloomington, MN-WI",2025,0.035230352303523116,0.23286406646665125,,,0.035230352303523116,,0.23286406646665125,
33700,"Modesto, CA",1990,,,,,,,,
33700,"Modesto, CA",1991,-0.5860500379075058,-0.6504854368932038,,,-0.49797969361225947,,-0.6504854368932038,
33700,"Modesto, CA",1992,0.25457875457875456,-0.9166666666666666,,,0.25457875457875456,,-0.9166666666666666,
33700,"Modesto, CA",1993,-0.03795620437956204,4.333333333333333,,,-0.03795620437956204,,4.333333333333333,
33700,"Modesto, CA",1994,-0.24987354577642895,-1.0,,,-0.24987354577642895,,-0.9273237356958287,
33700,"Modesto, CA",1995,-0.11665542818610919,,,,-0.11665542818610919,,,
33700,"Modesto, CA",1996,0.06946564885496187,,,,0.06946564885496187,,,
33700,"Modesto, CA",1997,0.029264810849393363,0.6499999999999999,,,0.029264810849393363,,0.6499999999999999,
33700,"Modesto, CA",1998,0.3529819694868239,0.2727272727272727,,,0.3529819694868239,,0.2727272727272727,
33700,"Modesto, CA",1999,0.11891337775499733,-0.7619047619047619,,,0.11891337775499733,,-0.7619047619047619,
33700,"Modesto, CA",2000,0.38479157123224916,8.75,,,0.27933025410531526,,5.60387096774195,
33700,"Modesto, CA",2001,0.06351306649024147,-0.2666666666666667,,,0.06351306649024147,,-0.2666666666666667,
33700,"Modesto, CA",2002,-0.013063763608087142,-0.5874125874125874,,,-0.013063763608087142,,-0.5874125874125874,
33700,"Modesto, CA",2003,0.29814056098329655,0.423728813559322,,,0.29814056098329655,,0.423728813559322,
33700,"Modesto, CA",2004,0.09759650400582665,3.9642857142857144,,,0.09759650400582665,,3.9642857142857144,
33700,"Modesto, CA",2005,0.0008847600088475183,-0.05755395683453235,,,0.0008847600088475183,,-0.05755395683453235,
33700,"Modesto, CA",2006,-0.4156906077348066,-0.25445292620865145,,,-0.4156906077348066,,-0.25445292620865145,
33700,"Modesto, CA",2007,-0.29462934947049924,0.5733788395904438,,,-0.29462934947049924,,0.5733788395904438,
33700,"Modesto, CA",2008,-0.7420911528150134,-0.96529284164859,,,-0.7273076964491509,,-0.8225841069194813,
33700,"Modesto, CA",2009,-0.2432432432432432,4.3125,,,-0.2432432432432432,,4.230980769230766,
33700,"Modesto, CA",2010,-0.19780219780219777,0.5647058823529412,,,-0.19780219780219777,,0.5647058823529412,
33700,"Modesto, CA",2011,-0.4383561643835616,-0.6165413533834587,,,-0.43793545591522803,,-0.6165413533834587,
33700,"Modesto, CA",2012,0.7378048780487805,0.9607843137254901,,,0.7378048780487805,,0.9607843137254901,
33700,"Modesto, CA",2013,0.11929824561403501,-0.61,,,0.11929824561403501,,-0.61,
33700,"Modesto, CA",2014,0.4231974921630095,0.28205128205128216,,,0.4231974921630095,,0.28205128205128216,
33700,"Modesto, CA",2015,-0.0903083700440529,-1.0,,,-0.0903083700440529,,-0.9502796782785815,
33700,"Modesto, CA",2016,0.38740920096852305,,0.0008839129849154519,0.0,0.38740920096852305,0.0008839129849154519,,0.0
33700,"Modesto, CA",2017,0.2547993019197208,,0.0007904979185688697,0.0003689528896720725,0.2547993019197208,0.0007904979185688697,,0.0003689528896720725
33700,"Modesto, CA",2018,0.0556328233657859,-0.02985074626865669,0.0002039925088103793,-1.2407539846231172e-05,0.0556328233657859,0.0002039925088103793,-0.02985074626865669,-1.2407539846231172e-05
33700,"Modesto, CA",2019,-0.07905138339920947,0.24615384615384617,-0.0003434091300973589,8.610904638809737e-05,-0.07905138339920947,-0.0003434091300973589,0.24615384615384617,8.610904638809737e-05
33700,"Modesto, CA",2020,-0.2103004291845494,-0.5555555555555556,,,-0.2103004291845494,,-0.5555555555555556,
33700,"Modesto, CA",2021,0.4692028985507246,2.888888888888889,,,0.4692028985507246,,2.888888888888889,
33700,"Modesto, CA",2022,-0.1689272503082614,-0.7928571428571428,-0.0007601856797871741,-0.0006042093992156349,-0.1689272503082614,-0.0007601856797871741,-0.7928571428571428,-0.0006042093992156349
33700,"Modesto, CA",2023,0.20178041543026715,1.896551724137931,0.0006994139496791624,0.00029397591650721043,0.20178041543026715,0.0006994139496791624,1.896551724137931,0.00029397591650721043
33700,"Modesto, CA",2024,0.11358024691358026,-0.25,0.00047375998336123513,-0.00011416173439766502,0.11358024691358026,0.00047375998336123513,-0.25,-0.00011416173439766502
33700,"Modesto, CA",2025,0.33592017738359203,3.761904761904762,,,0.33592017738359203,,3.6960968896229027,
34980,"Nashville-Davidson--Murfreesboro--Franklin, TN",1990,,,,,,,,
34980,"Nashville-Davidson--Murfreesboro--Franklin, TN",1991,-0.09449146662966557,-0.6352497643732328,,,-0.09449146662966557,,-0.6352497643732328,
34980,"Nashville-Davidson--Murfreesboro--Franklin, TN",1992,0.15798345081213605,-0.6382428940568475,,,0.15798345081213605,,-0.6382428940568475,
34980,"Nashville-Davidson--Murfreesboro--Franklin, TN",1993,0.25181950509461437,1.9500000000000002,,,0.25181950509461437,,1.9500000000000002,
34980,"Nashville-Davidson--Murfreesboro--Franklin, TN",1994,0.1699788583509514,2.8692493946731235,,,0.1699788583509514,,2.8692493946731235,
34980,"Nashville-Davidson--Murfreesboro--Franklin, TN",1995,0.11230574629562695,0.40863579474342937,,,0.11230574629562695,,0.40863579474342937,
34980,"Nashville-Davidson--Murfreesboro--Franklin, TN",1996,0.35748517585898787,1.4229231452687694,,,0.35748517585898787,,1.4229231452687694,
34980,"Nashville-Davidson--Murfreesboro--Franklin, TN",1997,-0.18364049784585923,-0.431059772643931,,,-0.18364049784585923,,-0.431059772643931,
34980,"Nashville-Davidson--Murfreesboro--Franklin, TN",1998,-0.027706516162134376,-0.46696745085401226,,,-0.027706516162134376,,-0.46696745085401226,
34980,"Nashville-Davidson--Murfreesboro--Franklin, TN",1999,0.09626837542404831,0.46795646916565903,,,0.09626837542404831,,0.46795646916565903,
34980,"Nashville-Davidson--Murfreesboro--Franklin, TN",2000,-0.2095997799477376,-0.30766062602965405,,,-0.2095997799477376,,-0.30766062602965405,
34980,"Nashville-Davidson--Murfreesboro--Franklin, TN",2001,0.13111188446145805,-0.14158239143367046,,,0.13111188446145805,,-0.14158239143367046,
34980,"Nashville-Davidson--Murfreesboro--Franklin, TN",2002,0.0020767633258980123,-0.41718641718641714,,,0.0020767633258980123,,-0.41718641718641714,
34980,"Nashville-Davidson--Murfreesboro--Franklin, TN",2003,0.14645379183297513,1.1058263971462545,,,0.14645379183297513,,1.1058263971462545,
34980,"Nashville-Davidson--Murfreesboro--Franklin, TN",2004,0.2040037493304767,0.6629023150762281,,,0.2040037493304767,,0.6629023150762281,
34980,"Nashville-Davidson--Murfreesboro--Franklin, TN",2005,0.03375410109547916,-0.2587436332767402,,,0.03375410109547916,,-0.2587436332767402,
34980,"Nashville-Davidson--Murfreesboro--Franklin, TN",2006,-0.07030661646046266,-0.39395327530920754,,,-0.07030661646046266,,-0.39395327530920754,
34980,"Nashville-Davidson--Murfreesboro--Franklin, TN",2007,-0.1401955678990916,0.9863945578231292,,,-0.1401955678990916,,0.9863945578231292,
34980,"Nashville-Davidson--Murfreesboro--Franklin, TN",2008,-0.40672947510094215,-0.06430745814307459,,,-0.40672947510094215,,-0.06430745814307459,
34980,"Nashville-Davidson--Murfreesboro--Franklin, TN",2009,-0.3988203266787659,-0.6209841398942659,,,-0.3988203266787659,,-0.6209841398942659,
34980,"Nashville-Davidson--Murfreesboro--Franklin, TN",2010,0.025094339622641515,0.1684549356223175,,,0.025094339622641515,,0.1684549356223175,
34980,"Nashville-Davidson--Murfreesboro--Franklin, TN",2011,0.06681391496410827,0.11845730027548207,,,0.06681391496410827,,0.11845730027548207,
34980,"Nashville-Davidson--Murfreesboro--Franklin, TN",2012,0.5163906142167012,1.3407224958949095,,,0.5163906142167012,,1.3407224958949095,
34980,"Nashville-Davidson--Murfreesboro--Franklin, TN",2013,0.31732847878029347,0.26902841108383013,,,0.31732847878029347,,0.26902841108383013,
34980,"Nashville-Davidson--Murfreesboro--Franklin, TN",2014,0.2907237864916221,0.5961857379767828,,,0.2907237864916221,,0.5961857379767828,
34980,"Nashville-Davidson--Murfreesboro--Franklin, TN",2015,0.22396948608137035,0.16813852813852814,,,0.22396948608137035,,0.16813852813852814,
34980,"Nashville-Davidson--Murfreesboro--Franklin, TN",2016,0.1033841780110436,0.06715090423954928,0.001944040167115347,0.0003959123608541868,0.1033841780110436,0.001944040167115347,0.06715090423954928,0.0003959123608541868
34980,"Nashville-Davidson--Murfreesboro--Franklin, TN",2017,0.02224754731939349,-0.055563272676760644,-5.797297224895137e-05,-0.0007389095833855424,0.02224754731939349,-5.797297224895137e-05,-0.055563272676760644,-0.0007389095833855424
34980,"Nashville-Davidson--Murfreesboro--Franklin, TN",2018,-0.07134894091415833,-0.17782026768642445,-0.00247709216278702,-0.001722224517097382,-0.07134894091415833,-0.00247709216278702,-0.17782026768642445,-0.001722224517097382
34980,"Nashville-Davidson--Murfreesboro--Franklin, TN",2019,0.19066757137637658,0.45527728085867625,0.003954146551409833,0.002964716403215972,0.19066757137637658,0.003954146551409833,0.45527728085867625,0.002964716403215972
34980,"Nashville-Davidson--Murfreesboro--Franklin, TN",2020,0.1941960371734175,0.3836508912108174,,,0.1941960371734175,,0.3836508912108174,
34980,"Nashville-Davidson--Murfreesboro--Franklin, TN",2021,0.1864767638205711,0.28624733475479736,,,0.1864767638205711,,0.28624733475479736,
34980,"Nashville-Davidson--Murfreesboro--Franklin, TN",2022,-0.12016583132231917,-0.1301284707832574,-0.005590067861718694,-0.0026642755862774353,-0.12016583132231917,-0.005590067861718694,-0.1301284707832574,-0.0026642755862774353
34980,"Nashville-Davidson--Murfreesboro--Franklin, TN",2023,-0.16745200084394118,-0.23955851993012545,-0.00604147421183486,-0.003656121757155994,-0.16745200084394118,-0.00604147421183486,-0.23955851993012545,-0.003656121757155994
34980,"Nashville-Davidson--Murfreesboro--Franklin, TN",2024,-0.15365771245142756,-0.4351049389161533,-0.004434610635315982,-0.004636322397724575,-0.15365771245142756,-0.004434610635315982,-0.4351049389161533,-0.004636322397724575
34980,"Nashville-Davidson--Murfreesboro--Franklin, TN",2025,-0.04167082543167977,0.07707948243992613,,,-0.04167082543167977,,0.07707948243992613,
35300,"New Haven, CT",2023,,,,,,,,
35300,"New Haven, CT",2024,-0.2894183601962158,-0.3666666666666667,-0.0016771189262632762,-0.001691678519175498,-0.2894183601962158,-0.0016771189262632762,-0.3666666666666667,-0.001691678519175498
35300,"New Haven, CT",2025,0.00591715976331364,0.05540166204986141,,,0.00591715976331364,,0.05540166204986141,
35380,"New Orleans-Metairie, LA",1990,,,,,,,,
35380,"New Orleans-Metairie, LA",1991,-0.04215976331360949,-0.6940298507462687,,,-0.04215976331360949,,-0.6940298507462687,
35380,"New Orleans-Metairie, LA",1992,0.2169884169884171,0.7560975609756098,,,0.2169884169884171,,0.7560975609756098,
35380,"New Orleans-Metairie, LA",1993,-0.022208121827411165,0.08333333333333326,,,-0.022208121827411165,,0.08333333333333326,
35380,"New Orleans-Metairie, LA",1994,0.25502920181700195,0.6153846153846154,,,0.25502920181700195,,0.6153846153846154,
35380,"New Orleans-Metairie, LA",1995,-0.06876938986556358,0.2777777777777777,,,-0.06876938986556358,,0.2777777777777777,
35380,"New Orleans-Metairie, LA",1996,0.42865074958356475,1.5217391304347827,,,0.42865074958356475,,1.5217391304347827,
35380,"New Orleans-Metairie, LA",1997,-0.28060629615235133,-0.874384236453202,,,-0.28060629615235133,,-0.8677702388697834,
35380,"New Orleans-Metairie, LA",1998,0.16207455429497575,1.7058823529411766,,,0.16207455429497575,,1.7058823529411766,
35380,"New Orleans-Metairie, LA",1999,0.3342631334263133,1.9855072463768115,,,0.3342631334263133,,1.9855072463768115,
35380,"New Orleans-Metairie, LA",2000,-0.24599303135888506,-0.5934466019417476,,,-0.24599303135888506,,-0.5934466019417476,
35380,"New Orleans-Metairie, LA",2001,0.20887245841035118,1.1343283582089554,,,0.20887245841035118,,1.1343283582089554,
35380,"New Orleans-Metairie, LA",2002,0.027140672782874686,-0.448951048951049,,,0.027140672782874686,,-0.448951048951049,
35380,"New Orleans-Metairie, LA",2003,0.12951246743580191,-0.9771573604060914,,,0.12951246743580191,,-0.9007265338473776,
35380,"New Orleans-Metairie, LA",2004,0.00626029654036242,15.777777777777779,,,0.00626029654036242,,9.526755674232302,
35380,"New Orleans-Metairie, LA",2005,-0.1997380484610347,-0.5629139072847682,,,-0.1997380484610347,,-0.5629139072847682,
35380,"New Orleans-Metairie, LA",2006,0.18330605564648117,1.893939393939394,,,0.18330605564648117,,1.893939393939394,
35380,"New Orleans-Metairie, LA",2007,0.6386583679114799,9.151832460732985,,,0.1281145676382601,,8.21679519478925,
35380,"New Orleans-Metairie, LA",2008,-0.20405148765562353,-0.33367715317173796,,,-0.20405148765562353,,-0.33367715317173796,
35380,"New Orleans-Metairie, LA",2009,-0.39528101802757154,-0.7639318885448916,,,-0.39528101802757154,,-0.7639318885448916,
35380,"New Orleans-Metairie, LA",2010,-0.28408592722490134,-0.7278688524590164,,,-0.28408592722490134,,-0.7278688524590164,
35380,"New Orleans-Metairie, LA",2011,0.02082057562767914,0.2530120481927711,,,0.02082057562767914,,0.2530120481927711,
35380,"New Orleans-Metairie, LA",2012,-0.1613677264547091,-0.5384615384615384,,,-0.1613677264547091,,-0.5384615384615384,
35380,"New Orleans-Metairie, LA",2013,0.05579399141630903,-0.45833333333333337,,,0.05579399141630903,,-0.45833333333333337,
35380,"New Orleans-Metairie, LA",2014,0.1355013550135502,9.5,,,0.1355013550135502,,9.5,
35380,"New Orleans-Metairie, LA",2015,-0.2601431980906921,0.25274725274725274,,,-0.2601431980906921,,0.25274725274725274,
35380,"New Orleans-Metairie, LA",2016,0.27016129032258074,0.08479532163742687,0.000736892591616866,6.364616572066559e-05,0.27016129032258074,0.000736892591616866,0.08479532163742687,6.364616572066559e-05
35380,"New Orleans-Metairie, LA",2017,-0.02984126984126989,-0.7358490566037736,-0.00010791666289870945,-0.0006014186649641466,-0.02984126984126989,-0.00010791666289870945,-0.7358490566037736,-0.0006014186649641466
35380,"New Orleans-Metairie, LA",2018,0.5929319371727748,5.346938775510204,0.001987812083874505,0.0011511492750797586,0.5882513789282461,0.001987812083874505,5.346938775510204,0.0011511492750797586
35380,"New Orleans-Metairie, LA",2019,-0.01766639276910431,-0.16077170418006426,-0.00010847840822927456,-0.00022277607213507856,-0.01766639276910431,-0.00010847840822927456,-0.16077170418006426,-0.00022277607213507856
35380,"New Orleans-Metairie, LA",2020,0.12212463404433294,-0.08045977011494254,,,0.12212463404433294,,-0.08045977011494254,
35380,"New Orleans-Metairie, LA",2021,0.23816623183004104,0.925,,,0.23816623183004104,,0.925,
35380,"New Orleans-Metairie, LA",2022,-0.4127031908488862,-0.8917748917748918,-0.0029742403106759532,-0.001778550686964796,-0.4087154647252375,-0.0029742403106759532,-0.8072017680867919,-0.001778550686964796
35380,"New Orleans-Metairie, LA",2023,0.151204510507432,5.96,0.0006178160292225777,0.0012757997880205973,0.151204510507432,0.0006178160292225777,3.6135169065952515,0.0012757997880205973
35380,"New Orleans-Metairie, LA",2024,-0.28272484416740873,-0.6149425287356323,-0.0013688722999077151,-0.0009181621709722658,-0.28272484416740873,-0.0013688722999077151,-0.6149425287356323,-0.0009181621709722658
35380,"New Orleans-Metairie, LA",2025,0.051520794537554204,0.18656716417910446,,,0.051520794537554204,,0.18656716417910446,
35620,"New York-Newark-Jersey City, NY-NJ",1990,,,,,,,,
35620,"New York-Newark-Jersey City, NY-NJ",1991,-0.18110139213995313,-0.5902410346854792,,,-0.18110139213995313,,-0.5902410346854792,
35620,"New York-Newark-Jersey City, NY-NJ",1992,0.12827842134296175,-0.03407460545193686,,,0.12827842134296175,,-0.03407460545193686,
35620,"New York-Newark-Jersey City, NY-NJ",1993,0.23578825725587804,0.5076123282584479,,,0.23578825725587804,,0.5076123282584479,
35620,"New York-Newark-Jersey City, NY-NJ",1994,0.0030211480362538623,-0.036945812807881784,,,0.0030211480362538623,,-0.036945812807881784,
35620,"New York-Newark-Jersey City, NY-NJ",1995,-0.052208835341365445,0.08849104859335033,,,-0.052208835341365445,,0.08849104859335033,
35620,"New York-Newark-Jersey City, NY-NJ",1996,0.25393462469733663,0.9400845864661653,,,0.25393462469733663,,0.9400845864661653,
35620,"New York-Newark-Jersey City, NY-NJ",1997,0.09051412020275174,0.12450042388276605,,,0.09051412020275174,,0.12450042388276605,
35620,"New York-Newark-Jersey City, NY-NJ",1998,0.12992474546259403,0.16618201400107702,,,0.12992474546259403,,0.16618201400107702,
35620,"New York-Newark-Jersey City, NY-NJ",1999,0.0603085210577865,0.08450314000738834,,,0.0603085210577865,,0.08450314000738834,
35620,"New York-Newark-Jersey City, NY-NJ",2000,0.12544165531256501,0.3987056118538703,,,0.12544165531256501,,0.3987056118538703,
35620,"New York-Newark-Jersey City, NY-NJ",2001,-0.10737662870626863,-0.1084322678843227,,,-0.10737662870626863,,-0.1084322678843227,
35620,"New York-Newark-Jersey City, NY-NJ",2002,0.05266424532205405,0.12878994810161148,,,0.05266424532205405,,0.12878994810161148,
35620,"New York-Newark-Jersey City, NY-NJ",2003,0.06837289542069747,0.11185722928009678,,,0.06837289542069747,,0.11185722928009678,
35620,"New York-Newark-Jersey City, NY-NJ",2004,0.1409737552121657,0.2218292616573263,,,0.1409737552121657,,0.2218292616573263,
35620,"New York-Newark-Jersey City, NY-NJ",2005,0.1854678346858709,0.4389472746704668,,,0.1854678346858709,,0.4389472746704668,
35620,"New York-Newark-Jersey City, NY-NJ",2006,-0.09357149333575121,-0.033454027790672525,,,-0.09357149333575121,,-0.033454027790672525,
35620,"New York-Newark-Jersey City, NY-NJ",2007,-0.07148811310059688,0.09944928278688514,,,-0.07148811310059688,,0.09944928278688514,
35620,"New York-Newark-Jersey City, NY-NJ",2008,-0.08115775487485188,0.14135942687401704,,,-0.08115775487485188,,0.14135942687401704,
35620,"New York-Newark-Jersey City, NY-NJ",2009,-0.6780200883261032,-0.7841651357419881,,,-0.6780200883261032,,-0.7841651357419881,
35620,"New York-Newark-Jersey City, NY-NJ",2010,0.12150270073435698,0.11230641919848683,,,0.12150270073435698,,0.11230641919848683,
35620,"New York-Newark-Jersey City, NY-NJ",2011,0.15974890416148058,0.4496758422786693,,,0.15974890416148058,,0.4496758422786693,
35620,"New York-Newark-Jersey City, NY-NJ",2012,0.2514581680742849,0.322434017595308,,,0.2514581680742849,,0.322434017595308,
35620,"New York-Newark-Jersey City, NY-NJ",2013,0.4820283370618941,0.5157445393059097,,,0.4820283370618941,,0.5157445393059097,
35620,"New York-Newark-Jersey City, NY-NJ",2014,0.17301499446513025,0.21601258183680194,,,0.17301499446513025,,0.21601258183680194,
35620,"New York-Newark-Jersey City, NY-NJ",2015,0.8222841823056299,1.1686167172978013,,,0.8222841823056299,,1.1686167172978013,
35620,"New York-Newark-Jersey City, NY-NJ",2016,-0.5089331952356292,-0.5882662968099861,-0.005709129390860754,-0.005593642676861717,-0.4975956003150786,-0.005676927150774879,-0.5882662968099861,-0.0055578371309811594
35620,"New York-Newark-Jersey City, NY-NJ",2017,0.17398077798815992,0.20386714276089735,0.0009184546073614276,0.0007690649076770996,0.17398077798815992,0.0009184546073614276,0.20386714276089735,0.0007690649076770996
35620,"New York-Newark-Jersey City, NY-NJ",2018,-0.020252337593401615,-0.0198947898595333,-0.00016208069634164862,-0.00011660056240640673,-0.020252337593401615,-0.00016208069634164862,-0.0198947898595333,-0.00011660056240640673
35620,"New York-Newark-Jersey City, NY-NJ",2019,0.2722442175453219,0.34242156051046346,0.001649055499095377,0.0015203919364397793,0.2722442175453219,0.001649055499095377,0.34242156051046346,0.0015203919364397793
35620,"New York-Newark-Jersey City, NY-NJ",2020,-0.10382442060437314,-0.12081835775504557,,,-0.10382442060437314,,-0.12081835775504557,
35620,"New York-Newark-Jersey City, NY-NJ",2021,0.028657065574968943,-0.007087566521528754,,,0.028657065574968943,,-0.007087566521528754,
35620,"New York-Newark-Jersey City, NY-NJ",2022,0.2335477222656528,0.3405364582064463,0.001593593670065156,0.001708434789272858,0.2335477222656528,0.001593593670065156,0.3405364582064463,0.001708434789272858
35620,"New York-Newark-Jersey City, NY-NJ",2023,-0.09494591597171209,-0.11747387551113131,-0.0008625373286799652,-0.000836942156773878,-0.09494591597171209,-0.0008625373286799652,-0.11747387551113131,-0.000836942156773878
35620,"New York-Newark-Jersey City, NY-NJ",2024,-0.07810684787625122,-0.12372068120508228,-0.0006481979517804588,-0.0007733867034278429,-0.07810684787625122,-0.0006481979517804588,-0.12372068120508228,-0.0007733867034278429
35620,"New York-Newark-Jersey City, NY-NJ",2025,-0.23278496090041256,-0.25857166357248607,,,-0.23278496090041256,,-0.25857166357248607,
35840,"North Port-Bradenton-Sarasota, FL",1990,,,,,,,,
35840,"North Port-Bradenton-Sarasota, FL",1991,-0.3432174505794138,-0.4237089201877934,,,-0.3432174505794138,,-0.4237089201877934,
35840,"North Port-Bradenton-Sarasota, FL",1992,0.04203425012973527,-0.47657841140529533,,,0.04203425012973527,,-0.47657841140529533,
35840,"North Port-Bradenton-Sarasota, FL",1993,0.14990039840637448,0.2859922178988328,,,0.14990039840637448,,0.2859922178988328,
35840,"North Port-Bradenton-Sarasota, FL",1994,0.11628410567345182,0.2586989409984872,,,0.11628410567345182,,0.2586989409984872,
35840,"North Port-Bradenton-Sarasota, FL",1995,-0.027934044616876874,0.43509615384615374,,,-0.027934044616876874,,0.43509615384615374,
35840,"North Port-Bradenton-Sarasota, FL",1996,0.2356815006984634,0.6264656616415409,,,0.2356815006984634,,0.6264656616415409,
35840,"North Port-Bradenton-Sarasota, FL",1997,0.014050387596899139,-0.13748712667353247,,,0.014050387596899139,,-0.13748712667353247,
35840,"North Port-Bradenton-Sarasota, FL",1998,0.183627966236662,0.23582089552238816,,,0.183627966236662,,0.23582089552238816,
35840,"North Port-Bradenton-Sarasota, FL",1999,-0.057050592034445624,-0.4198067632850242,,,-0.057050592034445624,,-0.4198067632850242,
35840,"North Port-Bradenton-Sarasota, FL",2000,0.014554794520547976,-0.06744379683597002,,,0.014554794520547976,,-0.06744379683597002,
35840,"North Port-Bradenton-Sarasota, FL",2001,0.3569620253164556,1.0732142857142857,,,0.3569620253164556,,1.0732142857142857,
35840,"North Port-Bradenton-Sarasota, FL",2002,0.055762852404643404,0.2842377260981912,,,0.055762852404643404,,0.2842377260981912,
35840,"North Port-Bradenton-Sarasota, FL",2003,-0.11397997251129,-0.7565392354124748,,,-0.11397997251129,,-0.7565392354124748,
35840,"North Port-Bradenton-Sarasota, FL",2004,0.6062049861495844,2.931129476584022,,,0.5379101899827287,,2.931129476584022,
35840,"North Port-Bradenton-Sarasota, FL",2005,-0.031112030905077304,-0.18570427470217243,,,-0.031112030905077304,,-0.18570427470217243,
35840,"North Port-Bradenton-Sarasota, FL",2006,-0.4538269846920613,-0.34552495697074015,,,-0.4538269846920613,,-0.34552495697074015,
35840,"North Port-Bradenton-Sarasota, FL",2007,-0.6505018902359536,-0.754766600920447,,,-0.648630436745943,,-0.754766600920447,
35840,"North Port-Bradenton-Sarasota, FL",2008,-0.22715404699738906,0.03217158176943702,,,-0.22715404699738906,,0.03217158176943702,
35840,"North Port-Bradenton-Sarasota, FL",2009,-0.14913127413127414,0.023376623376623273,,,-0.14913127413127414,,0.023376623376623273,
35840,"North Port-Bradenton-Sarasota, FL",2010,0.10890527509926251,-0.5380710659898478,,,0.10890527509926251,,-0.5380710659898478,
35840,"North Port-Bradenton-Sarasota, FL",2011,0.21994884910485935,1.6428571428571428,,,0.21994884910485935,,1.6428571428571428,
35840,"North Port-Bradenton-Sarasota, FL",2012,0.30062893081761,-0.32640332640332637,,,0.30062893081761,,-0.32640332640332637,
35840,"North Port-Bradenton-Sarasota, FL",2013,0.74822695035461,3.530864197530864,,,0.74822695035461,,3.530864197530864,
35840,"North Port-Bradenton-Sarasota, FL",2014,0.04333394799926249,-0.18664850136239786,,,0.04333394799926249,,-0.18664850136239786,
35840,"North Port-Bradenton-Sarasota, FL",2015,0.2621067515022977,0.5795644891122278,,,0.2621067515022977,,0.5795644891122278,
35840,"North Port-Bradenton-Sarasota, FL",2016,0.13485506231620215,0.04559915164369044,0.002032346696639511,0.00013688236553927643,0.13485506231620215,0.002032346696639511,0.04559915164369044,0.00013688236553927643
35840,"North Port-Bradenton-Sarasota, FL",2017,0.009254689042448083,-0.00963488843813387,-0.0002758729092995696,-0.00015354884729150593,0.009254689042448083,-0.0002758729092995696,-0.00963488843813387,-0.00015354884729150593
35840,"North Port-Bradenton-Sarasota, FL",2018,0.2579777478909402,0.9339477726574501,0.004484522606138509,0.004080875888191679,0.2579777478909402,0.004484522606138509,0.9339477726574501,0.004080357461589304
35840,"North Port-Bradenton-Sarasota, FL",2019,-0.027213529011565707,-0.13926396611066982,-0.0011304698436445798,-0.0013591295265875407,-0.027213529011565707,-0.0011304698436445798,-0.13926396611066982,-0.0013591295265875407
35840,"North Port-Bradenton-Sarasota, FL",2020,-0.05195324208212604,-0.7600738234389419,,,-0.05195324208212604,,-0.7600738234389419,
35840,"North Port-Bradenton-Sarasota, FL",2021,0.6781536515965856,3.4923076923076923,,,0.6781536515965856,,3.4923076923076923,
35840,"North Port-Bradenton-Sarasota, FL",2022,-0.009042954031650341,0.24486301369863006,-0.0013728133066183978,0.0015255224787342429,-0.009042954031650341,-0.0013728133066183978,0.24486301369863006,0.0015255224787342429
35840,"North Port-Bradenton-Sarasota, FL",2023,0.009378960709759188,0.20082530949105926,-0.000676749767667302,0.001476956566891563,0.009378960709759188,-0.000676749767667302,0.20082530949105926,0.001476956566891563
35840,"North Port-Bradenton-Sarasota, FL",2024,-0.06215469613259672,-0.251622756777396,-0.0028488765877016445,-0.0028562153959934477,-0.06215469613259672,-0.0028488765877016445,-0.251622756777396,-0.0028562153959934477
35840,"North Port-Bradenton-Sarasota, FL",2025,0.18101486142723267,0.49413265306122445,,,0.18101486142723267,,0.49413265306122445,
36260,"Ogden, UT",1990,,,,,,,,
36260,"Ogden, UT",1991,0.09097222222222223,-0.3023255813953488,,,0.09097222222222223,,-0.3023255813953488,
36260,"Ogden, UT",1992,0.48758752387014637,1.7000000000000002,,,0.48758752387014637,,1.7000000000000002,
36260,"Ogden, UT",1993,0.19768934531450588,0.33333333333333326,,,0.19768934531450588,,0.33333333333333326,
36260,"Ogden, UT",1994,0.12718828152911765,1.6851851851851851,,,0.12718828152911765,,1.6851851851851851,
36260,"Ogden, UT",1995,0.08621236133122023,0.5241379310344827,,,0.08621236133122023,,0.5241379310344827,
36260,"Ogden, UT",1996,0.24832214765100669,-0.11764705882352944,,,0.24832214765100669,,-0.11764705882352944,
36260,"Ogden, UT",1997,0.20079476390836848,1.7102564102564104,,,0.20079476390836848,,1.7102564102564104,
36260,"Ogden, UT",1998,-0.12166634222308736,-0.35761589403973515,,,-0.12166634222308736,,-0.35761589403973515,
36260,"Ogden, UT",1999,-0.03390957446808507,-0.43446244477172313,,,-0.03390957446808507,,-0.43446244477172313,
36260,"Ogden, UT",2000,-0.16724019270474877,-0.42447916666666663,,,-0.16724019270474877,,-0.42447916666666663,
36260,"Ogden, UT",2001,0.1336088154269972,1.678733031674208,,,0.1336088154269972,,1.678733031674208,
36260,"Ogden, UT",2002,-0.019684082624544352,-0.6182432432432432,,,-0.019684082624544352,,-0.6182432432432432,
36260,"Ogden, UT",2003,0.0961824491819534,-0.3938053097345132,,,0.0961824491819534,,-0.3938053097345132,
36260,"Ogden, UT",2004,0.05721393034825861,-0.06569343065693434,,,0.05721393034825861,,-0.06569343065693434,
36260,"Ogden, UT",2005,0.05197860962566847,-0.828125,,,0.05197860962566847,,-0.828125,
36260,"Ogden, UT",2006,0.0008133387555917526,8.545454545454545,,,0.0008133387555917526,,8.545454545454545,
36260,"Ogden, UT",2007,-0.3023161316537992,0.40476190476190466,,,-0.3023161316537992,,0.40476190476190466,
36260,"Ogden, UT",2008,-0.42341292952824694,0.535593220338983,,,-0.42341292952824694,,0.535593220338983,
36260,"Ogden, UT",2009,-0.19646464646464645,-0.9337748344370861,,,-0.19646464646464645,,-0.9337748344370861,
36260,"Ogden, UT",2010,-0.05153991200502828,1.5,,,-0.05153991200502828,,1.5,
36260,"Ogden, UT",2011,0.2253147779986746,7.133333333333333,,,0.2253147779986746,,7.133333333333333,
36260,"Ogden, UT",2012,0.4678204434829638,0.21475409836065573,,,0.4678204434829638,,0.21475409836065573,
36260,"Ogden, UT",2013,-0.008106116433308719,-0.4385964912280702,,,-0.008106116433308719,,-0.4385964912280702,
36260,"Ogden, UT",2014,-0.06612184249628528,0.29807692307692313,,,-0.06612184249628528,,0.29807692307692313,
36260,"Ogden, UT",2015,0.14717581543357205,0.2148148148148148,,,0.14717581543357205,,0.2148148148148148,
36260,"Ogden, UT",2016,0.18723994452149784,0.6128048780487805,0.00248882573680481,0.001955581302437809,0.18723994452149784,0.00248882573680481,0.6128048780487805,0.001955581302437809
36260,"Ogden, UT",2017,-0.05636682242990654,-0.39697542533081287,-0.0012202877571162417,-0.0021416758662567603,-0.05636682242990654,-0.0012202877571162417,-0.39697542533081287,-0.0021416758662567603
36260,"Ogden, UT",2018,0.04549675023212618,-0.028213166144200663,0.0004775140162569802,-0.00013261497733560532,0.04549675023212618,0.0004775140162569802,-0.028213166144200663,-0.00013261497733560532
36260,"Ogden, UT",2019,0.05831853167554768,0.30645161290322576,0.0006817105291158192,0.0008558467826584731,0.05831853167554768,0.0006817105291158192,0.30645161290322576,0.0008558467826584731
36260,"Ogden, UT",2020,0.37874125874125864,0.10123456790123453,,,0.37874125874125864,,0.10123456790123453,
36260,"Ogden, UT",2021,0.33921687969162106,2.0908071748878925,,,0.33921687969162106,,2.0908071748878925,
36260,"Ogden, UT",2022,-0.31086199060748376,-0.3594486760972071,-0.009904744224398899,-0.004728135836391395,-0.31086199060748376,-0.009904744224398899,-0.3594486760972071,-0.004728135836391395
36260,"Ogden, UT",2023,-0.3119366893822818,-0.23952434881087203,-0.006528497127129362,-0.001980825777213962,-0.3119366893822818,-0.006528497127129362,-0.23952434881087203,-0.001980825777213962
36260,"Ogden, UT",2024,0.05239616613418541,-0.21221146686522707,0.0005244067869441572,-0.0012935085828312109,0.05239616613418541,0.0005244067869441572,-0.21221146686522707,-0.0012935085828312109
36260,"Ogden, UT",2025,0.09259259259259256,0.5652173913043479,,,0.09259259259259256,,0.5652173913043479,
36420,"Oklahoma City, OK",1990,,,,,,,,
36420,"Oklahoma City, OK",1991,0.32195845697329384,,,,0.32195845697329384,,,
36420,"Oklahoma City, OK",1992,0.39393939393939403,7.583333333333334,,,0.39393939393939403,,7.583333333333334,
36420,"Oklahoma City, OK",1993,0.06253354804079447,-0.9611650485436893,,,0.06253354804079447,,-0.9578403978214539,
36420,"Oklahoma City, OK",1994,0.07779742359181618,31.875,,,0.07779742359181618,,7.977191529264656,
36420,"Oklahoma City, OK",1995,0.011249121162409281,0.832699619771863,,,0.011249121162409281,,0.832699619771863,
36420,"Oklahoma City, OK",1996,0.16570104287369647,0.3838174273858921,,,0.16570104287369647,,0.3838174273858921,
36420,"Oklahoma City, OK",1997,0.09880715705765408,1.1994002998500748,,,0.09880715705765408,,1.1994002998500748,
36420,"Oklahoma City, OK",1998,0.22326759544056451,0.29175187457396046,,,0.22326759544056451,,0.29175187457396046,
36420,"Oklahoma City, OK",1999,-0.014346990090223333,-0.5498680738786279,,,-0.014346990090223333,,-0.5498680738786279,
36420,"Oklahoma City, OK",2000,-0.19117647058823528,0.3458382180539272,,,-0.19117647058823528,,0.3458382180539272,
36420,"Oklahoma City, OK",2001,0.1072356215213357,0.0,,,0.1072356215213357,,0.0,
36420,"Oklahoma City, OK",2002,0.06434316353887404,-0.6437282229965157,,,0.06434316353887404,,-0.6437282229965157,
36420,"Oklahoma City, OK",2003,0.27235516372795976,1.4083129584352077,,,0.27235516372795976,,1.4083129584352077,
36420,"Oklahoma City, OK",2004,0.1545409552091066,0.3360406091370558,,,0.1545409552091066,,0.3360406091370558,
36420,"Oklahoma City, OK",2005,-0.030221841174579378,-0.4407294832826748,,,-0.030221841174579378,,-0.4407294832826748,
36420,"Oklahoma City, OK",2006,-0.1785832688694884,-0.4633152173913043,,,-0.1785832688694884,,-0.4633152173913043,
36420,"Oklahoma City, OK",2007,-0.15579173953988967,0.5088607594936709,,,-0.15579173953988967,,0.5088607594936709,
36420,"Oklahoma City, OK",2008,-0.34677290836653385,-0.6291946308724832,,,-0.34677290836653385,,-0.6291946308724832,
36420,"Oklahoma City, OK",2009,-0.1578433764332764,0.05882352941176472,,,-0.1578433764332764,,0.05882352941176472,
36420,"Oklahoma City, OK",2010,0.053012746234067265,1.1153846153846154,,,0.053012746234067265,,1.1153846153846154,
36420,"Oklahoma City, OK",2011,-0.10288858321870697,-0.696969696969697,,,-0.10288858321870697,,-0.696969696969697,
36420,"Oklahoma City, OK",2012,1.0168659920269856,5.52,,,1.0168659920269856,,5.52,
36420,"Oklahoma City, OK",2013,0.14109776493842174,0.036809815950920255,,,0.14109776493842174,,0.036809815950920255,
36420,"Oklahoma City, OK",2014,0.04863424383744164,0.665680473372781,,,0.04863424383744164,,0.665680473372781,
36420,"Oklahoma City, OK",2015,-0.23710292249047016,-0.8306690349319124,,,-0.23710292249047016,,-0.8306690349319124,
36420,"Oklahoma City, OK",2016,0.12258494337108594,4.22027972027972,0.0011955544226432222,0.0021142316507653316,0.12258494337108594,0.0011955544226432222,4.22027972027972,0.0021142316507653316
36420,"Oklahoma City, OK",2017,-0.1959940652818991,-0.9638312123241795,-0.00240880061235472,-0.002526985734309553,-0.1959940652818991,-0.00240880061235472,-0.9638312123241795,-0.002526985734309553
36420,"Oklahoma City, OK",2018,0.05739066248385316,-0.42592592592592593,0.00046634571748461855,-4.03966891867092e-05,0.05739066248385316,0.00046634571748461855,-0.42592592592592593,-4.03966891867092e-05
36420,"Oklahoma City, OK",2019,0.1443280977312391,7.548387096774194,0.0013612040293048949,0.0004011836908336161,0.1443280977312391,0.0013612040293048949,7.37657819518168,0.0004011836908336161
36420,"Oklahoma City, OK",2020,0.13329266432819886,-0.07169811320754715,,,0.13329266432819886,,-0.07169811320754715,
36420,"Oklahoma City, OK",2021,0.08733683218947652,-0.30487804878048785,,,0.08733683218947652,,-0.30487804878048785,
36420,"Oklahoma City, OK",2022,-0.12772277227722773,1.5555555555555554,-0.0018133673297669826,0.00042349745269346507,-0.12772277227722773,-0.0018133673297669826,1.5555555555555554,0.00042349745269346507
36420,"Oklahoma City, OK",2023,-0.04426787741203175,-0.06864988558352403,-0.0006016356864569968,-5.424082138939042e-05,-0.04426787741203175,-0.0006016356864569968,-0.06864988558352403,-5.424082138939042e-05
36420,"Oklahoma City, OK",2024,0.14415083135391926,2.095823095823096,0.0014330763525056672,0.0013378933075068778,0.14415083135391926,0.0014330763525056672,2.095823095823096,0.0013378933075068778
36420,"Oklahoma City, OK",2025,0.11275463864019719,0.058730158730158744,,,0.11275463864019719,,0.058730158730158744,
36540,"Omaha, NE-IA",1990,,,,,,,,
36540,"Omaha, NE-IA",1991,-0.10508378301618859,-0.6163194444444444,,,-0.10508378301618859,,-0.6163194444444444,
36540,"Omaha, NE-IA",1992,0.16947000952078706,0.8438914027149322,,,0.16947000952078706,,0.8438914027149322,
36540,"Omaha, NE-IA",1993,0.1096336499321573,0.136196319018405,,,0.1096336499321573,,0.136196319018405,
36540,"Omaha, NE-IA",1994,-0.15040352164343362,-0.43412526997840173,,,-0.15040352164343362,,-0.43412526997840173,
36540,"Omaha, NE-IA",1995,0.2121473805411629,1.299618320610687,,,0.2121473805411629,,1.299618320610687,
36540,"Omaha, NE-IA",1996,0.369508430301591,0.8132780082987552,,,0.369508430301591,,0.8132780082987552,
36540,"Omaha, NE-IA",1997,-0.01525923357031389,0.009153318077803174,,,-0.01525923357031389,,0.009153318077803174,
36540,"Omaha, NE-IA",1998,0.012150026413100923,-0.0680272108843537,,,0.012150026413100923,,-0.0680272108843537,
36540,"Omaha, NE-IA",1999,-0.06054279749478075,-0.497323600973236,,,-0.06054279749478075,,-0.497323600973236,
36540,"Omaha, NE-IA",2000,0.09722222222222232,0.6631171345595352,,,0.09722222222222232,,0.6631171345595352,
36540,"Omaha, NE-IA",2001,-0.1392405063291139,-0.4307334109429569,,,-0.1392405063291139,,-0.4307334109429569,
36540,"Omaha, NE-IA",2002,0.1605882352941177,0.27300613496932513,,,0.1605882352941177,,0.27300613496932513,
36540,"Omaha, NE-IA",2003,0.07619530326068591,-0.2995983935742972,,,0.07619530326068591,,-0.2995983935742972,
36540,"Omaha, NE-IA",2004,0.0047095761381474865,-0.14220183486238536,,,0.0047095761381474865,,-0.14220183486238536,
36540,"Omaha, NE-IA",2005,0.036093750000000036,-0.16310160427807485,,,0.036093750000000036,,-0.16310160427807485,
36540,"Omaha, NE-IA",2006,-0.17568994118534154,0.7476038338658146,,,-0.17568994118534154,,0.7476038338658146,
36540,"Omaha, NE-IA",2007,-0.07647274057811926,0.02833638025594154,,,-0.07647274057811926,,0.02833638025594154,
36540,"Omaha, NE-IA",2008,-0.1043977812995246,0.16533333333333333,,,-0.1043977812995246,,0.16533333333333333,
36540,"Omaha, NE-IA",2009,-0.23379783233797835,-0.7269260106788711,,,-0.23379783233797835,,-0.7269260106788711,
36540,"Omaha, NE-IA",2010,-0.06957274826789839,1.430167597765363,,,-0.06957274826789839,,1.430167597765363,
36540,"Omaha, NE-IA",2011,-0.027924294135898253,0.10689655172413803,,,-0.027924294135898253,,0.10689655172413803,
36540,"Omaha, NE-IA",2012,0.10501117140121297,-0.015576323987538943,,,0.10501117140121297,,-0.015576323987538943,
36540,"Omaha, NE-IA",2013,0.28942807625649913,0.4451476793248945,,,0.28942807625649913,,0.4451476793248945,
36540,"Omaha, NE-IA",2014,-0.06093189964157708,0.11897810218978111,,,-0.06093189964157708,,0.11897810218978111,
36540,"Omaha, NE-IA",2015,-0.008349236641221336,-0.2400521852576647,,,-0.008349236641221336,,-0.2400521852576647,
36540,"Omaha, NE-IA",2016,0.019966321866730752,0.09785407725321882,0.0001248062530841334,0.0002730246085493812,0.019966321866730752,0.0001248062530841334,0.09785407725321882,0.0002730246085493812
36540,"Omaha, NE-IA",2017,0.16863207547169812,0.3854573885848318,0.0016988801833544235,0.0012300971432731727,0.16863207547169812,0.0016988801833544235,0.3854573885848318,0.0012300971432731727
36540,"Omaha, NE-IA",2018,-0.03370332996972758,0.09029345372460496,-0.0005574521296640902,0.00036347678025709564,-0.03370332996972758,-0.0005574521296640902,0.09029345372460496,0.00036347678025709564
36540,"Omaha, NE-IA",2019,-0.14369256474519632,-0.25931677018633537,-0.0018664732033324954,-0.0013196821373740127,-0.14369256474519632,-0.0018664732033324954,-0.25931677018633537,-0.0013196821373740127
36540,"Omaha, NE-IA",2020,0.3348780487804879,0.36687631027253675,,,0.3348780487804879,,0.36687631027253675,
36540,"Omaha, NE-IA",2021,0.1660880687008952,0.32310838445807777,,,0.1660880687008952,,0.32310838445807777,
36540,"Omaha, NE-IA",2022,-0.041052961454089654,0.2063369397217929,-0.0008622524313206432,0.0012012118153220414,-0.041052961454089654,-0.0008622524313206432,0.2063369397217929,0.0012012118153220414
36540,"Omaha, NE-IA",2023,-0.22892156862745094,-0.3939782190903267,-0.0035433697520195796,-0.0030394626479951243,-0.22892156862745094,-0.0035433697520195796,-0.3939782190903267,-0.0030394626479951243
36540,"Omaha, NE-IA",2024,0.5251112523839796,0.8726215644820297,0.005764885472085833,0.0038685864504458146,0.5251112523839796,0.00561503704941976,0.8726215644820297,0.003814561934498586
36540,"Omaha, NE-IA",2025,-0.11393636237321103,-0.20519333897826697,,,-0.11393636237321103,,-0.20519333897826697,
36740,"Orlando-Kissimmee-Sanford, FL",1990,,,,,,,,
36740,"Orlando-Kissimmee-Sanford, FL",1991,-0.2724852633580529,-0.4257439257439257,,,-0.2724852633580529,,-0.4257439257439257,
36740,"Orlando-Kissimmee-Sanford, FL",1992,-0.06285938316779927,-0.45899690991205133,,,-0.06285938316779927,,-0.45899690991205133,
36740,"Orlando-Kissimmee-Sanford, FL",1993,0.16001952307906842,0.7513181019332162,,,0.16001952307906842,,0.7513181019332162,
36740,"Orlando-Kissimmee-Sanford, FL",1994,0.0010218188375308301,0.004515805318615174,,,0.0010218188375308301,,0.004515805318615174,
36740,"Orlando-Kissimmee-Sanford, FL",1995,-0.03842920619670953,0.23576423576423577,,,-0.03842920619670953,,0.23576423576423577,
36740,"Orlando-Kissimmee-Sanford, FL",1996,0.004371175221681067,-0.2742522231204527,,,0.004371175221681067,,-0.2742522231204527,
36740,"Orlando-Kissimmee-Sanford, FL",1997,0.3299552350161652,1.0693400167084377,,,0.3299552350161652,,1.0693400167084377,
36740,"Orlando-Kissimmee-Sanford, FL",1998,0.20415127857510162,0.42484187861660616,,,0.20415127857510162,,0.42484187861660616,
36740,"Orlando-Kissimmee-Sanford, FL",1999,0.14888578305769085,0.2176048356630147,,,0.14888578305769085,,0.2176048356630147,
36740,"Orlando-Kissimmee-Sanford, FL",2000,-0.15777379785760148,-0.28769779708346266,,,-0.15777379785760148,,-0.28769779708346266,
36740,"Orlando-Kissimmee-Sanford, FL",2001,-0.06439576311988449,-0.3064358052923881,,,-0.06439576311988449,,-0.3064358052923881,
36740,"Orlando-Kissimmee-Sanford, FL",2002,0.12389038981088385,0.35217459569791165,,,0.12389038981088385,,0.35217459569791165,
36740,"Orlando-Kissimmee-Sanford, FL",2003,0.07726648351648358,-0.34602879702740363,,,0.07726648351648358,,-0.34602879702740363,
36740,"Orlando-Kissimmee-Sanford, FL",2004,0.20398115680232354,0.08771306818181812,,,0.20398115680232354,,0.08771306818181812,
36740,"Orlando-Kissimmee-Sanford, FL",2005,0.06310308307837142,0.4689846555664381,,,0.06310308307837142,,0.4689846555664381,
36740,"Orlando-Kissimmee-Sanford, FL",2006,-0.14259623100976837,-0.2420268918768752,,,-0.14259623100976837,,-0.2420268918768752,
36740,"Orlando-Kissimmee-Sanford, FL",2007,-0.3984637232119804,-0.025216243952499662,,,-0.3984637232119804,,-0.025216243952499662,
36740,"Orlando-Kissimmee-Sanford, FL",2008,-0.4509604034767679,-0.27146939389381863,,,-0.4509604034767679,,-0.27146939389381863,
36740,"Orlando-Kissimmee-Sanford, FL",2009,-0.5615166617805141,-0.8515689512799339,,,-0.5615166617805141,,-0.8515689512799339,
36740,"Orlando-Kissimmee-Sanford, FL",2010,0.17093826610207263,0.3435326842837274,,,0.17093826610207263,,0.3435326842837274,
36740,"Orlando-Kissimmee-Sanford, FL",2011,0.23810430148458317,0.9668737060041408,,,0.23810430148458317,,0.9668737060041408,
36740,"Orlando-Kissimmee-Sanford, FL",2012,0.8456571867794005,1.4157894736842107,,,0.8456571867794005,,1.4157894736842107,
36740,"Orlando-Kissimmee-Sanford, FL",2013,0.29626853240046636,0.2549019607843137,,,0.29626853240046636,,0.2549019607843137,
36740,"Orlando-Kissimmee-Sanford, FL",2014,0.035468739960161866,0.06006944444444451,,,0.035468739960161866,,0.06006944444444451,
36740,"Orlando-Kissimmee-Sanford, FL",2015,0.2704933291964009,0.3458892892237144,,,0.2704933291964009,,0.3458892892237144,
36740,"Orlando-Kissimmee-Sanford, FL",2016,0.13578196737325388,0.04757848624969574,0.0023772197374170335,0.00023476584191283595,0.13578196737325388,0.0023772197374170335,0.04757848624969574,0.00023476584191283595
36740,"Orlando-Kissimmee-Sanford, FL",2017,-0.1801410510019782,-0.5030781740039494,-0.004628260251675256,-0.004404131910093325,-0.1801410510019782,-0.0037543056191152407,-0.5030781740039494,-0.004375347865366071
36740,"Orlando-Kissimmee-Sanford, FL",2018,0.5149226330972987,1.8335670874240297,0.009037484723600706,0.007396970340057697,0.5149226330972987,0.00740053904295635,1.8335670874240297,0.004080357461589304
36740,"Orlando-Kissimmee-Sanford, FL",2019,-0.1527595041894606,-0.25193862398944067,-0.00477040148191973,-0.0031183655655286635,-0.1527595041894606,-0.004706610983623034,-0.25193862398944067,-0.0031183655655286635
36740,"Orlando-Kissimmee-Sanford, FL",2020,0.0011851246424192663,-0.04135421261579175,,,0.0011851246424192663,,-0.04135421261579175,
36740,"Orlando-Kissimmee-Sanford, FL",2021,0.24976529654271595,0.4326469573219831,,,0.24976529654271595,,0.4326469573219831,
36740,"Orlando-Kissimmee-Sanford, FL",2022,-0.06319811875367431,-0.027300465713826938,-0.002389975395056341,-0.0005822142521224698,-0.06319811875367431,-0.002389975395056341,-0.027300465713826938,-0.0005822142521224698
36740,"Orlando-Kissimmee-Sanford, FL",2023,-0.11393508349893666,-0.32144626052501235,-0.003361125789731894,-0.0035614484589137855,-0.11393508349893666,-0.003361125789731894,-0.32144626052501235,-0.0035614484589137855
36740,"Orlando-Kissimmee-Sanford, FL",2024,-0.05036395829234708,0.035523114355231034,-0.0014981366222501999,0.0001050856361189817,-0.05036395829234708,-0.0014981366222501999,0.035523114355231034,0.0001050856361189817
36740,"Orlando-Kissimmee-Sanford, FL",2025,0.15371866583799454,0.5816494360902256,,,0.15371866583799454,,0.5816494360902256,
37100,"Oxnard-Thousand Oaks-Ventura, CA",1990,,,,,,,,
37100,"Oxnard-Thousand Oaks-Ventura, CA",1991,-0.16259541984732828,-0.16055045871559637,,,-0.16259541984732828,,-0.16055045871559637,
37100,"Oxnard-Thousand Oaks-Ventura, CA",1992,-0.21604375569735645,-0.6666666666666667,,,-0.21604375569735645,,-0.6666666666666667,
37100,"Oxnard-Thousand Oaks-Ventura, CA",1993,-0.20232558139534884,-0.7803278688524591,,,-0.20232558139534884,,-0.7803278688524591,
37100,"Oxnard-Thousand Oaks-Ventura, CA",1994,0.7900874635568513,8.074626865671641,,,0.5139442072704089,,7.977191529264656,
37100,"Oxnard-Thousand Oaks-Ventura, CA",1995,-0.12785016286644946,-0.875,,,-0.12785016286644946,,-0.8711305340829234,
37100,"Oxnard-Thousand Oaks-Ventura, CA",1996,0.0835667600373482,0.39473684210526305,,,0.0835667600373482,,0.39473684210526305,
37100,"Oxnard-Thousand Oaks-Ventura, CA",1997,0.0034467901766479514,-0.7641509433962264,,,0.0034467901766479514,,-0.7641509433962264,
37100,"Oxnard-Thousand Oaks-Ventura, CA",1998,0.416058394160584,12.0,,,0.416058394160584,,6.618434423813734,
37100,"Oxnard-Thousand Oaks-Ventura, CA",1999,0.3395997574287446,1.2953846153846156,,,0.3395997574287446,,1.2953846153846156,
37100,"Oxnard-Thousand Oaks-Ventura, CA",2000,-0.1036668175645088,0.21715817694369965,,,-0.1036668175645088,,0.21715817694369965,
37100,"Oxnard-Thousand Oaks-Ventura, CA",2001,-0.12803030303030305,-0.7048458149779735,,,-0.12803030303030305,,-0.7048458149779735,
37100,"Oxnard-Thousand Oaks-Ventura, CA",2002,-0.26875181002027226,-0.13432835820895528,,,-0.262170426431009,,-0.13432835820895528,
37100,"Oxnard-Thousand Oaks-Ventura, CA",2003,0.4126732673267326,4.448275862068965,,,0.4126732673267326,,4.345944036178637,
37100,"Oxnard-Thousand Oaks-Ventura, CA",2004,-0.26633024950939166,-0.38291139240506333,,,-0.2506145951781458,,-0.38291139240506333,
37100,"Oxnard-Thousand Oaks-Ventura, CA",2005,0.7237294612151319,1.1653846153846152,,,0.434079602881149,,1.1653846153846152,
37100,"Oxnard-Thousand Oaks-Ventura, CA",2006,-0.5025493238749723,-0.6234458259325044,,,-0.4783665796595069,,-0.6234458259325044,
37100,"Oxnard-Thousand Oaks-Ventura, CA",2007,-0.2892156862745098,-0.07075471698113212,,,-0.2892156862745098,,-0.07075471698113212,
37100,"Oxnard-Thousand Oaks-Ventura, CA",2008,-0.4401253918495298,-0.3299492385786802,,,-0.4401253918495298,,-0.3299492385786802,
37100,"Oxnard-Thousand Oaks-Ventura, CA",2009,-0.6058230683090706,-0.7904040404040404,,,-0.6058230683090706,,-0.7904040404040404,
37100,"Oxnard-Thousand Oaks-Ventura, CA",2010,0.6761363636363635,3.3253012048192767,,,0.6761363636363635,,3.3253012048192767,
37100,"Oxnard-Thousand Oaks-Ventura, CA",2011,-0.037288135593220306,-0.28412256267409475,,,-0.037288135593220306,,-0.28412256267409475,
37100,"Oxnard-Thousand Oaks-Ventura, CA",2012,-0.0035211267605633756,0.04280155642023353,,,-0.0035211267605633756,,0.04280155642023353,
37100,"Oxnard-Thousand Oaks-Ventura, CA",2013,0.7685512367491165,0.9029850746268657,,,0.7685512367491165,,0.9029850746268657,
37100,"Oxnard-Thousand Oaks-Ventura, CA",2014,0.31268731268731265,0.34705882352941186,,,0.31268731268731265,,0.34705882352941186,
37100,"Oxnard-Thousand Oaks-Ventura, CA",2015,0.09056316590563163,-0.033478893740902516,,,0.09056316590563163,,-0.033478893740902516,
37100,"Oxnard-Thousand Oaks-Ventura, CA",2016,0.12281926029309131,0.286144578313253,0.0005956932299736916,0.000654015297682622,0.12281926029309131,0.0005956932299736916,0.286144578313253,0.000654015297682622
37100,"Oxnard-Thousand Oaks-Ventura, CA",2017,0.5941578620261032,0.6100702576112411,0.0032741274474507647,0.0017848480060453412,0.5862618036268371,0.0032741274474507647,0.6100702576112411,0.0017848480060453412
37100,"Oxnard-Thousand Oaks-Ventura, CA",2018,-0.5306042884990254,-0.6203636363636363,-0.004744571027256169,-0.002967529978830284,-0.3608772081901462,-0.004693125440161024,-0.6203636363636363,-0.002967529978830284
37100,"Oxnard-Thousand Oaks-Ventura, CA",2019,-0.048172757475083094,-0.09578544061302685,-0.00020692895622155972,-0.00017496312106431502,-0.048172757475083094,-0.00020692895622155972,-0.09578544061302685,-0.00017496312106431502
37100,"Oxnard-Thousand Oaks-Ventura, CA",2020,0.3097731239092496,0.6144067796610169,,,0.3097731239092496,,0.6144067796610169,
37100,"Oxnard-Thousand Oaks-Ventura, CA",2021,-0.0159893404397069,-0.06955380577427817,,,-0.0159893404397069,,-0.06955380577427817,
37100,"Oxnard-Thousand Oaks-Ventura, CA",2022,-0.07379823967501697,0.19464033850493645,-0.0003932504811559913,0.0004539254569476572,-0.07379823967501697,-0.0003932504811559913,0.19464033850493645,0.0004539254569476572
37100,"Oxnard-Thousand Oaks-Ventura, CA",2023,-0.14985380116959068,-0.20661157024793386,-0.000714072370086357,-0.000603556879680325,-0.14985380116959068,-0.000714072370086357,-0.20661157024793386,-0.000603556879680325
37100,"Oxnard-Thousand Oaks-Ventura, CA",2024,0.417024935511608,0.6651785714285714,0.001617373059967819,0.0014933961614583967,0.417024935511608,0.001617373059967819,0.6651785714285714,0.0014933961614583967
37100,"Oxnard-Thousand Oaks-Ventura, CA",2025,-0.023665048543689338,-0.06881143878462914,,,-0.023665048543689338,,-0.06881143878462914,
37340,"Palm Bay-Melbourne-Titusville, FL",1990,,,,,,,,
37340,"Palm Bay-Melbourne-Titusville, FL",1991,-0.3288505988653079,-0.6869455006337135,,,-0.3288505988653079,,-0.6869455006337135,
37340,"Palm Bay-Melbourne-Titusville, FL",1992,0.16155291170945518,-0.611336032388664,,,0.16155291170945518,,-0.611336032388664,
37340,"Palm Bay-Melbourne-Titusville, FL",1993,0.06442048517520216,1.3854166666666665,,,0.06442048517520216,,1.3854166666666665,
37340,"Palm Bay-Melbourne-Titusville, FL",1994,0.014687262598126027,0.6026200873362446,,,0.014687262598126027,,0.6026200873362446,
37340,"Palm Bay-Melbourne-Titusville, FL",1995,-0.3102071375093586,-0.3978201634877384,,,-0.3100513855822103,,-0.3978201634877384,
37340,"Palm Bay-Melbourne-Titusville, FL",1996,0.19428364688856736,0.6153846153846154,,,0.19428364688856736,,0.6153846153846154,
37340,"Palm Bay-Melbourne-Titusville, FL",1997,0.019085125719478846,-0.165266106442577,,,0.019085125719478846,,-0.165266106442577,
37340,"Palm Bay-Melbourne-Titusville, FL",1998,0.1361474435196195,0.7214765100671141,,,0.1361474435196195,,0.7214765100671141,
37340,"Palm Bay-Melbourne-Titusville, FL",1999,0.2189952904238619,1.401559454191033,,,0.2189952904238619,,1.401559454191033,
37340,"Palm Bay-Melbourne-Titusville, FL",2000,-0.08048937540244683,-0.3433441558441559,,,-0.08048937540244683,,-0.3433441558441559,
37340,"Palm Bay-Melbourne-Titusville, FL",2001,0.1774042950513539,-0.21878862793572307,,,0.1774042950513539,,-0.21878862793572307,
37340,"Palm Bay-Melbourne-Titusville, FL",2002,0.3128469468675654,1.5458860759493671,,,0.3128469468675654,,1.5458860759493671,
37340,"Palm Bay-Melbourne-Titusville, FL",2003,-0.06840833585019634,-0.6650093225605966,,,-0.06840833585019634,,-0.6650093225605966,
37340,"Palm Bay-Melbourne-Titusville, FL",2004,0.44674987842437996,3.3487940630797777,,,0.44674987842437996,,3.3487940630797777,
37340,"Palm Bay-Melbourne-Titusville, FL",2005,-0.01546218487394957,-0.4014505119453925,,,-0.01546218487394957,,-0.4014505119453925,
37340,"Palm Bay-Melbourne-Titusville, FL",2006,-0.42597018322521907,-0.255167498218104,,,-0.42597018322521907,,-0.255167498218104,
37340,"Palm Bay-Melbourne-Titusville, FL",2007,-0.41970658207771605,-0.16842105263157892,,,-0.41970658207771605,,-0.16842105263157892,
37340,"Palm Bay-Melbourne-Titusville, FL",2008,-0.44482405193030405,-0.5903337169159955,,,-0.44482405193030405,,-0.5903337169159955,
37340,"Palm Bay-Melbourne-Titusville, FL",2009,-0.38769230769230767,-0.696629213483146,,,-0.38769230769230767,,-0.696629213483146,
37340,"Palm Bay-Melbourne-Titusville, FL",2010,0.14974874371859292,1.0185185185185186,,,0.14974874371859292,,1.0185185185185186,
37340,"Palm Bay-Melbourne-Titusville, FL",2011,-0.22902097902097907,-0.8761467889908257,,,-0.22902097902097907,,-0.8761467889908257,
37340,"Palm Bay-Melbourne-Titusville, FL",2012,0.2789115646258504,-0.7037037037037037,,,0.2789115646258504,,-0.7037037037037037,
37340,"Palm Bay-Melbourne-Titusville, FL",2013,0.2171985815602837,2.0,,,0.2171985815602837,,2.0,
37340,"Palm Bay-Melbourne-Titusville, FL",2014,-0.06336489439184267,0.7916666666666667,,,-0.06336489439184267,,0.7916666666666667,
37340,"Palm Bay-Melbourne-Titusville, FL",2015,0.4914463452566096,5.953488372093023,,,0.4914463452566096,,5.886598006644515,
37340,"Palm Bay-Melbourne-Titusville, FL",2016,0.5198123044838374,1.4381270903010033,0.0035948316143928167,0.0015604662436974946,0.5187913845761102,0.0035948316143928167,1.4381270903010033,0.0015604662436974946
37340,"Palm Bay-Melbourne-Titusville, FL",2017,-0.05557461406518005,-0.2016460905349794,-0.0007190971152496936,-0.0005626880728971974,-0.05557461406518005,-0.0007190971152496936,-0.2016460905349794,-0.0005626880728971974
37340,"Palm Bay-Melbourne-Titusville, FL",2018,0.07446422084998194,0.0068728522336769515,0.0006516629067404248,-2.532793947033086e-06,0.07446422084998194,0.0006516629067404248,0.0068728522336769515,-2.532793947033086e-06
37340,"Palm Bay-Melbourne-Titusville, FL",2019,0.42055442866801895,1.9692832764505122,0.004307389585255717,0.004062159358634831,0.4191121877302552,0.004307389585255717,1.9692832764505122,0.004062159358634831
37340,"Palm Bay-Melbourne-Titusville, FL",2020,0.12779628748215144,-0.22758620689655173,,,0.12779628748215144,,-0.22758620689655173,
37340,"Palm Bay-Melbourne-Titusville, FL",2021,0.09179151719772105,-0.484375,,,0.09179151719772105,,-0.484375,
37340,"Palm Bay-Melbourne-Titusville, FL",2022,0.016235021260146976,0.39249639249639245,-5.647066850283239e-06,0.0008709935970354931,0.016235021260146976,-5.647066850283239e-06,0.39249639249639245,0.0008709935970354931
37340,"Palm Bay-Melbourne-Titusville, FL",2023,0.2432483834157475,0.6072538860103627,0.003922491932384791,0.0018752659699375748,0.2432483834157475,0.0038962521812099613,0.6072538860103627,0.0018752659699375748
37340,"Palm Bay-Melbourne-Titusville, FL",2024,-0.295854367446841,-0.5473887814313346,-0.006658284634271712,-0.002837805532108085,-0.295854367446841,-0.006658284634271712,-0.5473887814313346,-0.002837805532108085
37340,"Palm Bay-Melbourne-Titusville, FL",2025,0.004562242016076468,0.7521367521367521,,,0.004562242016076468,,0.7521367521367521,
37860,"Pensacola-Ferry Pass-Brent, FL",1990,,,,,,,,
37860,"Pensacola-Ferry Pass-Brent, FL",1991,0.026539809714571927,3.375,,,0.026539809714571927,,3.3272884615384597,
37860,"Pensacola-Ferry Pass-Brent, FL",1992,0.5341463414634147,0.24285714285714288,,,0.5341463414634147,,0.24285714285714288,
37860,"Pensacola-Ferry Pass-Brent, FL",1993,-0.05437201907790146,-0.5172413793103448,,,-0.05437201907790146,,-0.5172413793103448,
37860,"Pensacola-Ferry Pass-Brent, FL",1994,0.10053799596503032,1.7619047619047619,,,0.10053799596503032,,1.7619047619047619,
37860,"Pensacola-Ferry Pass-Brent, FL",1995,-0.13107241063244734,2.810344827586207,,,-0.13107241063244734,,2.810344827586207,
37860,"Pensacola-Ferry Pass-Brent, FL",1996,0.6051336146272854,1.6515837104072397,,,0.5945446427246618,,1.6515837104072397,
37860,"Pensacola-Ferry Pass-Brent, FL",1997,-0.19058050383351588,-0.5938566552901023,,,-0.19058050383351588,,-0.5938566552901023,
37860,"Pensacola-Ferry Pass-Brent, FL",1998,-0.12746955345060895,-0.4117647058823529,,,-0.12746955345060895,,-0.4117647058823529,
37860,"Pensacola-Ferry Pass-Brent, FL",1999,-0.09615384615384615,-0.3464285714285714,,,-0.09615384615384615,,-0.3464285714285714,
37860,"Pensacola-Ferry Pass-Brent, FL",2000,-0.13829787234042556,-0.8142076502732241,,,-0.13829787234042556,,-0.8142076502732241,
37860,"Pensacola-Ferry Pass-Brent, FL",2001,0.2672242134607725,5.647058823529412,,,0.2672242134607725,,5.647058823529412,
37860,"Pensacola-Ferry Pass-Brent, FL",2002,0.009742300439974816,0.5221238938053097,,,0.009742300439974816,,0.5221238938053097,
37860,"Pensacola-Ferry Pass-Brent, FL",2003,0.4942421413009648,2.316860465116279,,,0.4942421413009648,,2.316860465116279,
37860,"Pensacola-Ferry Pass-Brent, FL",2004,-0.034576129972922254,-0.3023663453111306,,,-0.034576129972922254,,-0.3023663453111306,
37860,"Pensacola-Ferry Pass-Brent, FL",2005,-0.1464940668824164,-0.4057788944723618,,,-0.1464940668824164,,-0.4057788944723618,
37860,"Pensacola-Ferry Pass-Brent, FL",2006,-0.28943377148634986,0.2642706131078225,,,-0.28943377148634986,,0.2642706131078225,
37860,"Pensacola-Ferry Pass-Brent, FL",2007,-0.06723585912486663,0.23745819397993317,,,-0.06723585912486663,,0.23745819397993317,
37860,"Pensacola-Ferry Pass-Brent, FL",2008,-0.5080091533180777,-0.7918918918918919,,,-0.5080091533180777,,-0.7918918918918919,
37860,"Pensacola-Ferry Pass-Brent, FL",2009,-0.19224806201550393,-0.5194805194805194,,,-0.19224806201550393,,-0.5194805194805194,
37860,"Pensacola-Ferry Pass-Brent, FL",2010,0.6833013435700577,4.54054054054054,,,0.6833013435700577,,4.54054054054054,
37860,"Pensacola-Ferry Pass-Brent, FL",2011,-0.31299885974914476,-1.0,,,-0.31299885974914476,,-0.9976354679802956,
37860,"Pensacola-Ferry Pass-Brent, FL",2012,0.2398340248962656,,,,0.2398340248962656,,,
37860,"Pensacola-Ferry Pass-Brent, FL",2013,0.4263721552878179,8.142857142857142,,,0.4263721552878179,,6.0006034482758555,
37860,"Pensacola-Ferry Pass-Brent, FL",2014,-0.14359455654622244,-0.3125,,,-0.14359455654622244,,-0.3125,
37860,"Pensacola-Ferry Pass-Brent, FL",2015,0.4432876712328768,2.403409090909091,,,0.4432876712328768,,2.403409090909091,
37860,"Pensacola-Ferry Pass-Brent, FL",2016,0.09073652239939256,-0.1886477462437396,0.001005269900115919,-0.000568885981895681,0.09073652239939256,0.001005269900115919,-0.1886477462437396,-0.000568885981895681
37860,"Pensacola-Ferry Pass-Brent, FL",2017,-0.09189001044204659,-0.9897119341563786,-0.0014596231287959949,-0.002292543379528215,-0.09189001044204659,-0.0014596231287959949,-0.9897086362398015,-0.002292543379528215
37860,"Pensacola-Ferry Pass-Brent, FL",2018,-0.01571483326945189,6.2,-0.0003154489383559774,0.00014360488963316163,-0.01571483326945189,-0.0003154489383559774,6.2,0.00014360488963316163
37860,"Pensacola-Ferry Pass-Brent, FL",2019,0.25467289719626174,10.027777777777779,0.0028865751916774436,0.0016568497131336476,0.25467289719626174,0.0028865751916774436,7.37657819518168,0.0016568497131336476
37860,"Pensacola-Ferry Pass-Brent, FL",2020,0.3628181253879579,-0.34508816120906805,,,0.3628181253879579,,-0.34508816120906805,
37860,"Pensacola-Ferry Pass-Brent, FL",2021,-0.07743110908676842,-0.050000000000000044,,,-0.07743110908676842,,-0.050000000000000044,
37860,"Pensacola-Ferry Pass-Brent, FL",2022,-0.13132559861762527,-0.3441295546558705,-0.0026090026524111173,-0.000387765727701682,-0.13132559861762527,-0.0026090026524111173,-0.3441295546558705,-0.000387765727701682
37860,"Pensacola-Ferry Pass-Brent, FL",2023,-0.19778346121057122,-0.9691358024691358,-0.003196116375903899,-0.0006833695091452352,-0.19778346121057122,-0.003196116375903899,-0.9671280386916126,-0.0006833695091452352
37860,"Pensacola-Ferry Pass-Brent, FL",2024,0.22033297910024796,24.6,0.002515548739416097,0.0005221188232270656,0.22033297910024796,0.002515548739416097,6.508613861386143,0.0005221188232270656
37860,"Pensacola-Ferry Pass-Brent, FL",2025,-0.034252539912917324,-0.75,,,-0.034252539912917324,,-0.75,
37980,"Philadelphia-Camden-Wilmington, PA-NJ-DE-MD",1990,,,,,,,,
37980,"Philadelphia-Camden-Wilmington, PA-NJ-DE-MD",1991,-0.10621483214263139,-0.4647137150466045,,,-0.10621483214263139,,-0.4647137150466045,
37980,"Philadelphia-Camden-Wilmington, PA-NJ-DE-MD",1992,0.17408219565678706,-0.1766169154228856,,,0.17408219565678706,,-0.1766169154228856,
37980,"Philadelphia-Camden-Wilmington, PA-NJ-DE-MD",1993,0.12736474274008924,0.1943605236656596,,,0.12736474274008924,,0.1943605236656596,
37980,"Philadelphia-Camden-Wilmington, PA-NJ-DE-MD",1994,-0.0358058999572467,-0.25463743676222594,,,-0.0358058999572467,,-0.25463743676222594,
37980,"Philadelphia-Camden-Wilmington, PA-NJ-DE-MD",1995,-0.10724975058197539,0.30995475113122173,,,-0.10724975058197539,,0.30995475113122173,
37980,"Philadelphia-Camden-Wilmington, PA-NJ-DE-MD",1996,0.08704290060222264,0.7426597582037997,,,0.08704290060222264,,0.7426597582037997,
37980,"Philadelphia-Camden-Wilmington, PA-NJ-DE-MD",1997,0.12279399166143135,0.7091179385530229,,,0.12279399166143135,,0.7091179385530229,
37980,"Philadelphia-Camden-Wilmington, PA-NJ-DE-MD",1998,0.06338063991047349,-0.09567990721948394,,,0.06338063991047349,,-0.09567990721948394,
37980,"Philadelphia-Camden-Wilmington, PA-NJ-DE-MD",1999,-0.04410428127242283,-0.16447579352356523,,,-0.04410428127242283,,-0.16447579352356523,
37980,"Philadelphia-Camden-Wilmington, PA-NJ-DE-MD",2000,-0.023169694240104066,0.2379125095932464,,,-0.023169694240104066,,0.2379125095932464,
37980,"Philadelphia-Camden-Wilmington, PA-NJ-DE-MD",2001,-0.08575819672131146,-0.13856168629882204,,,-0.08575819672131146,,-0.13856168629882204,
37980,"Philadelphia-Camden-Wilmington, PA-NJ-DE-MD",2002,0.06326347640927943,-0.19179560993163003,,,0.06326347640927943,,-0.19179560993163003,
37980,"Philadelphia-Camden-Wilmington, PA-NJ-DE-MD",2003,0.11093544137022393,1.35040071237756,,,0.11093544137022393,,1.35040071237756,
37980,"Philadelphia-Camden-Wilmington, PA-NJ-DE-MD",2004,-0.0033206831119544367,-0.050198901307065724,,,-0.0033206831119544367,,-0.050198901307065724,
37980,"Philadelphia-Camden-Wilmington, PA-NJ-DE-MD",2005,-0.036554021894335986,-0.06900678101316315,,,-0.036554021894335986,,-0.06900678101316315,
37980,"Philadelphia-Camden-Wilmington, PA-NJ-DE-MD",2006,-0.14968876593222014,0.06212510711225372,,,-0.14968876593222014,,0.06212510711225372,
37980,"Philadelphia-Camden-Wilmington, PA-NJ-DE-MD",2007,-0.2169997676039972,-0.2811617587736991,,,-0.2169997676039972,,-0.2811617587736991,
37980,"Philadelphia-Camden-Wilmington, PA-NJ-DE-MD",2008,-0.21570082362543597,-0.15123456790123457,,,-0.21570082362543597,,-0.15123456790123457,
37980,"Philadelphia-Camden-Wilmington, PA-NJ-DE-MD",2009,-0.32894985808893096,-0.3973553719008265,,,-0.32894985808893096,,-0.3973553719008265,
37980,"Philadelphia-Camden-Wilmington, PA-NJ-DE-MD",2010,-0.005639362752009047,-0.2660449808008777,,,-0.005639362752009047,,-0.2660449808008777,
37980,"Philadelphia-Camden-Wilmington, PA-NJ-DE-MD",2011,-0.010491989224443499,0.5448430493273542,,,-0.010491989224443499,,0.5448430493273542,
37980,"Philadelphia-Camden-Wilmington, PA-NJ-DE-MD",2012,0.3282705258633043,0.7111756168359942,,,0.3282705258633043,,0.7111756168359942,
37980,"Philadelphia-Camden-Wilmington, PA-NJ-DE-MD",2013,0.21003236245954682,0.1959287531806615,,,0.21003236245954682,,0.1959287531806615,
37980,"Philadelphia-Camden-Wilmington, PA-NJ-DE-MD",2014,0.21520905768030674,0.542080378250591,,,0.21520905768030674,,0.542080378250591,
37980,"Philadelphia-Camden-Wilmington, PA-NJ-DE-MD",2015,-0.09639791651382879,-0.22428330522765594,,,-0.09639791651382879,,-0.22428330522765594,
37980,"Philadelphia-Camden-Wilmington, PA-NJ-DE-MD",2016,-0.005845579280668978,-0.11798418972332014,-4.28258515855727e-05,-0.00024804478529485583,-0.005845579280668978,-4.28258515855727e-05,-0.11798418972332014,-0.00024804478529485583
37980,"Philadelphia-Camden-Wilmington, PA-NJ-DE-MD",2017,0.10608411596570022,0.2413174994398386,0.00047033526293227806,0.00041399808926506675,0.10608411596570022,0.00047033526293227806,0.2413174994398386,0.00041399808926506675
37980,"Philadelphia-Camden-Wilmington, PA-NJ-DE-MD",2018,-0.028647371529828658,-0.029783393501805033,-0.00017571204475851348,-7.439276403256156e-05,-0.028647371529828658,-0.00017571204475851348,-0.029783393501805033,-7.439276403256156e-05
37980,"Philadelphia-Camden-Wilmington, PA-NJ-DE-MD",2019,0.18630282760717543,0.40279069767441866,0.0009564800934271462,0.0008548451345066744,0.18630282760717543,0.0009564800934271462,0.40279069767441866,0.0008548451345066744
37980,"Philadelphia-Camden-Wilmington, PA-NJ-DE-MD",2020,0.03805984494137249,-0.07811671087533156,,,0.03805984494137249,,-0.07811671087533156,
37980,"Philadelphia-Camden-Wilmington, PA-NJ-DE-MD",2021,1.2410345040429602,2.658034815134513,,,0.97742208900642,,2.658034815134513,
37980,"Philadelphia-Camden-Wilmington, PA-NJ-DE-MD",2022,-0.6041810119260749,-0.8076454162897707,-0.008492385718583876,-0.007911403015550746,-0.4087154647252375,-0.008492385718583876,-0.8072017680867919,-0.006811193387718828
37980,"Philadelphia-Camden-Wilmington, PA-NJ-DE-MD",2023,-0.1636629322942036,0.04804743406256384,-0.0009093001596980066,8.218806505600525e-05,-0.1636629322942036,-0.0009093001596980066,0.04804743406256384,8.218806505600525e-05
37980,"Philadelphia-Camden-Wilmington, PA-NJ-DE-MD",2024,0.18262750644812376,-0.015996878657822844,0.000813636442217042,-3.690601693689564e-05,0.18262750644812376,0.000813636442217042,-0.015996878657822844,-3.690601693689564e-05
37980,"Philadelphia-Camden-Wilmington, PA-NJ-DE-MD",2025,-0.09244406922752213,-0.021609833465503603,,,-0.09244406922752213,,-0.021609833465503603,
38060,"Phoenix-Mesa-Chandler, AZ",1990,,,,,,,,
38060,"Phoenix-Mesa-Chandler, AZ",1991,0.15323665719838542,-0.5017614494212381,,,0.15323665719838542,,-0.5017614494212381,
38060,"Phoenix-Mesa-Chandler, AZ",1992,0.3621985999481463,0.3101010101010102,,,0.3621985999481463,,0.3101010101010102,
38060,"Phoenix-Mesa-Chandler, AZ",1993,0.21202893033878945,0.4780262143407865,,,0.21202893033878945,,0.4780262143407865,
38060,"Phoenix-Mesa-Chandler, AZ",1994,0.36522456030150763,2.1251956181533647,,,0.36522456030150763,,2.1251956181533647,
38060,"Phoenix-Mesa-Chandler, AZ",1995,0.07939611790079071,0.400767818394258,,,0.07939611790079071,,0.400767818394258,
38060,"Phoenix-Mesa-Chandler, AZ",1996,0.056212702472293374,0.16229742612011444,,,0.056212702472293374,,0.16229742612011444,
38060,"Phoenix-Mesa-Chandler, AZ",1997,0.09024870100388438,0.08878408857904452,,,0.09024870100388438,,0.08878408857904452,
38060,"Phoenix-Mesa-Chandler, AZ",1998,0.10591338145474727,0.01930320150659126,,,0.10591338145474727,,0.01930320150659126,
38060,"Phoenix-Mesa-Chandler, AZ",1999,-0.0018618467846533981,-0.19870669745958425,,,-0.0018618467846533981,,-0.19870669745958425,
38060,"Phoenix-Mesa-Chandler, AZ",2000,-0.05036363255297294,0.18641918376758126,,,-0.05036363255297294,,0.18641918376758126,
38060,"Phoenix-Mesa-Chandler, AZ",2001,0.017435444714191117,-0.19900884267806818,,,0.017435444714191117,,-0.19900884267806818,
38060,"Phoenix-Mesa-Chandler, AZ",2002,0.03902386117136669,-0.10918354967851507,,,0.03902386117136669,,-0.10918354967851507,
38060,"Phoenix-Mesa-Chandler, AZ",2003,0.14532662477295988,-0.07081574288437964,,,0.14532662477295988,,-0.07081574288437964,
38060,"Phoenix-Mesa-Chandler, AZ",2004,0.1895552314983595,-0.0776784405686648,,,0.1895552314983595,,-0.0776784405686648,
38060,"Phoenix-Mesa-Chandler, AZ",2005,-0.0404848373404435,0.18798665183537255,,,-0.0404848373404435,,0.18798665183537255,
38060,"Phoenix-Mesa-Chandler, AZ",2006,-0.29284379641311464,-0.13028357410379887,,,-0.29284379641311464,,-0.13028357410379887,
38060,"Phoenix-Mesa-Chandler, AZ",2007,-0.15826558265582658,0.5004613964933866,,,-0.15826558265582658,,0.5004613964933866,
38060,"Phoenix-Mesa-Chandler, AZ",2008,-0.502763468555484,-0.4451619516195162,,,-0.502763468555484,,-0.4451619516195162,
38060,"Phoenix-Mesa-Chandler, AZ",2009,-0.4997032320725193,-0.8865693700351007,,,-0.4997032320725193,,-0.8865693700351007,
38060,"Phoenix-Mesa-Chandler, AZ",2010,-0.1048317515099223,0.6351791530944626,,,-0.1048317515099223,,0.6351791530944626,
38060,"Phoenix-Mesa-Chandler, AZ",2011,0.09409638554216859,0.6792828685258965,,,0.09409638554216859,,0.6792828685258965,
38060,"Phoenix-Mesa-Chandler, AZ",2012,0.758286532320229,1.193950177935943,,,0.758286532320229,,1.193950177935943,
38060,"Phoenix-Mesa-Chandler, AZ",2013,0.1734828082921025,0.4731008380643418,,,0.1734828082921025,,0.4731008380643418,
38060,"Phoenix-Mesa-Chandler, AZ",2014,0.08560602017398722,0.5604698109744908,,,0.08560602017398722,,0.5604698109744908,
38060,"Phoenix-Mesa-Chandler, AZ",2015,0.1013224521901579,-0.3617546748206515,,,0.1013224521901579,,-0.3617546748206515,
38060,"Phoenix-Mesa-Chandler, AZ",2016,0.27591286492277467,0.7650635710337204,0.003143421253567853,0.002171968378048,0.27591286492277467,0.003143421253567853,0.7650635710337204,0.002171968378048
38060,"Phoenix-Mesa-Chandler, AZ",2017,0.025504670608403668,-0.13070257855726064,0.00014475460981115858,-0.0007341273550034678,0.025504670608403668,0.00014475460981115858,-0.13070257855726064,-0.0007341273550034678
38060,"Phoenix-Mesa-Chandler, AZ",2018,0.06928902838427953,-0.14158760658100156,0.0008232647035600789,-0.0006711867728381973,0.06928902838427953,0.0008232647035600789,-0.14158760658100156,-0.0006711867728381973
38060,"Phoenix-Mesa-Chandler, AZ",2019,0.14452987907985837,0.4002518186905428,0.002048806521694861,0.0013948055910903132,0.14452987907985837,0.002048806521694861,0.4002518186905428,0.0013948055910903132
38060,"Phoenix-Mesa-Chandler, AZ",2020,0.3441585593621943,0.5658906983714658,,,0.3441585593621943,,0.5658906983714658,
38060,"Phoenix-Mesa-Chandler, AZ",2021,0.04898484000082948,-0.05034135136859563,,,0.04898484000082948,,-0.05034135136859563,
38060,"Phoenix-Mesa-Chandler, AZ",2022,-0.05490203831478224,0.29279763504434286,-0.0017679116279877317,0.001988051100942848,-0.05490203831478224,-0.0017679116279877317,0.29279763504434286,0.001988051100942848
38060,"Phoenix-Mesa-Chandler, AZ",2023,-0.045770228432767124,-0.010705747843259505,-0.0014853296158232575,-0.0002771406821881362,-0.045770228432767124,-0.0014853296158232575,-0.010705747843259505,-0.0002771406821881362
38060,"Phoenix-Mesa-Chandler, AZ",2024,0.005875131532795619,-0.2732191636898508,-0.00033285654626253117,-0.0026111363055121434,0.005875131532795619,-0.00033285654626253117,-0.2732191636898508,-0.0026111363055121434
38060,"Phoenix-Mesa-Chandler, AZ",2025,-0.13479644320460293,0.06975063245392121,,,-0.13479644320460293,,0.06975063245392121,
38300,"Pittsburgh, PA",1990,,,,,,,,
38300,"Pittsburgh, PA",1991,-0.040115532734274706,0.007360672975814886,,,-0.040115532734274706,,0.007360672975814886,
38300,"Pittsburgh, PA",1992,0.06352390504847882,-0.4290187891440501,,,0.06352390504847882,,-0.4290187891440501,
38300,"Pittsburgh, PA",1993,0.06051556114429424,-0.0621572212065814,,,0.06051556114429424,,-0.0621572212065814,
38300,"Pittsburgh, PA",1994,0.044315992292870865,0.16764132553606248,,,0.044315992292870865,,0.16764132553606248,
38300,"Pittsburgh, PA",1995,-0.18336644904910593,-0.11519198664440733,,,-0.18336644904910593,,-0.11519198664440733,
38300,"Pittsburgh, PA",1996,0.03997219325686485,0.350943396226415,,,0.03997219325686485,,0.350943396226415,
38300,"Pittsburgh, PA",1997,0.06935160427807485,0.8547486033519553,,,0.06935160427807485,,0.8547486033519553,
38300,"Pittsburgh, PA",1998,0.07751211126738555,0.0075301204819278045,,,0.07751211126738555,,0.0075301204819278045,
38300,"Pittsburgh, PA",1999,0.06207396664249454,0.12032884902840069,,,0.06207396664249454,,0.12032884902840069,
38300,"Pittsburgh, PA",2000,-0.0644544585552369,-0.3155436957971981,,,-0.0644544585552369,,-0.3155436957971981,
38300,"Pittsburgh, PA",2001,0.03853452050795503,0.5730994152046784,,,0.03853452050795503,,0.5730994152046784,
38300,"Pittsburgh, PA",2002,0.020660576247364615,-0.16728624535315983,,,0.020660576247364615,,-0.16728624535315983,
38300,"Pittsburgh, PA",2003,-0.07546130542550267,-0.4352678571428571,,,-0.07546130542550267,,-0.4352678571428571,
38300,"Pittsburgh, PA",2004,0.0551087280309801,0.1488801054018445,,,0.0551087280309801,,0.1488801054018445,
38300,"Pittsburgh, PA",2005,-0.1854884246188594,-0.28555045871559637,,,-0.1854884246188594,,-0.28555045871559637,
38300,"Pittsburgh, PA",2006,-0.0031195840554593124,0.6452648475120386,,,-0.0031195840554593124,,0.6452648475120386,
38300,"Pittsburgh, PA",2007,-0.1695062586926287,-0.46243902439024387,,,-0.1695062586926287,,-0.46243902439024387,
38300,"Pittsburgh, PA",2008,-0.1879840904333263,-0.49183303085299457,,,-0.1879840904333263,,-0.49183303085299457,
38300,"Pittsburgh, PA",2009,-0.1918020108275329,0.0035714285714285587,,,-0.1918020108275329,,0.0035714285714285587,
38300,"Pittsburgh, PA",2010,0.1866028708133971,-0.8683274021352313,,,0.1866028708133971,,-0.8683274021352313,
38300,"Pittsburgh, PA",2011,-0.20725806451612905,3.4594594594594597,,,-0.20725806451612905,,3.4594594594594597,
38300,"Pittsburgh, PA",2012,0.18921668362156674,1.1757575757575758,,,0.18921668362156674,,1.1757575757575758,
38300,"Pittsburgh, PA",2013,0.31337325349301404,2.367688022284123,,,0.31337325349301404,,2.367688022284123,
38300,"Pittsburgh, PA",2014,-0.08141554494138081,-0.2084367245657568,,,-0.08141554494138081,,-0.2084367245657568,
38300,"Pittsburgh, PA",2015,0.25667690853226177,0.8213166144200628,,,0.25667690853226177,,0.8213166144200628,
38300,"Pittsburgh, PA",2016,-0.15347000188075988,-0.31956397016637983,-0.0007191141747759449,-0.0004844981938504163,-0.15347000188075988,-0.0007191141747759449,-0.31956397016637983,-0.0004844981938504163
38300,"Pittsburgh, PA",2017,-0.013996889580093264,-0.05227655986509272,-6.647703557365004e-05,-5.6400910891896486e-05,-0.013996889580093264,-6.647703557365004e-05,-0.05227655986509272,-5.6400910891896486e-05
38300,"Pittsburgh, PA",2018,-0.07999098693105,-0.1841637010676157,-0.000315169854322294,-0.00017979003748338617,-0.07999098693105,-0.000315169854322294,-0.1841637010676157,-0.00017979003748338617
38300,"Pittsburgh, PA",2019,-0.005143277002204294,0.09487459105779728,-2.7969911704781632e-05,7.179607225490611e-05,-0.005143277002204294,-2.7969911704781632e-05,0.09487459105779728,7.179607225490611e-05
38300,"Pittsburgh, PA",2020,0.20334810438207773,0.042828685258964105,,,0.20334810438207773,,0.042828685258964105,
38300,"Pittsburgh, PA",2021,0.08224222585924723,-0.0009551098376313627,,,0.08224222585924723,,-0.0009551098376313627,
38300,"Pittsburgh, PA",2022,0.11890359168241971,1.4512428298279159,0.0005181388168921247,0.0012898851157445526,0.11890359168241971,0.0005181388168921247,1.4512428298279159,0.0012898851157445526
38300,"Pittsburgh, PA",2023,0.07146477445514443,0.10413416536661457,0.00033712207236226595,0.00021709828529678293,0.07146477445514443,0.00033712207236226595,0.10413416536661457,0.00021709828529678293
38300,"Pittsburgh, PA",2024,-0.14664143803216656,-0.38219710349699754,-0.0008109353250806382,-0.0009250320085360901,-0.14664143803216656,-0.0008109353250806382,-0.38219710349699754,-0.0009250320085360901
38300,"Pittsburgh, PA",2025,0.07113821138211374,0.26815323041738126,,,0.07113821138211374,,0.26815323041738126,
38860,"Portland-South Portland, ME",1990,,,,,,,,
38860,"Portland-South Portland, ME",1991,-0.2213941253836037,-0.7683397683397684,,,-0.2213941253836037,,-0.7683397683397684,
38860,"Portland-South Portland, ME",1992,0.2989864864864864,0.6833333333333333,,,0.2989864864864864,,0.6833333333333333,
38860,"Portland-South Portland, ME",1993,-0.12787169484178584,-0.3366336633663366,,,-0.12787169484178584,,-0.3366336633663366,
38860,"Portland-South Portland, ME",1994,0.05467196819085496,-0.6417910447761195,,,0.05467196819085496,,-0.6417910447761195,
38860,"Portland-South Portland, ME",1995,-0.0664467483506126,3.541666666666667,,,-0.0664467483506126,,3.541666666666667,
38860,"Portland-South Portland, ME",1996,0.09641595153962634,-0.03669724770642202,,,0.09641595153962634,,-0.03669724770642202,
38860,"Portland-South Portland, ME",1997,0.023020257826887658,-0.01904761904761909,,,0.023020257826887658,,-0.01904761904761909,
38860,"Portland-South Portland, ME",1998,0.40594059405940586,2.087378640776699,,,0.40594059405940586,,2.087378640776699,
38860,"Portland-South Portland, ME",1999,-0.05921895006402045,-0.8805031446540881,,,-0.05921895006402045,,-0.8805031446540881,
38860,"Portland-South Portland, ME",2000,0.06805035726437558,0.6578947368421053,,,0.06805035726437558,,0.6578947368421053,
38860,"Portland-South Portland, ME",2001,0.004141446320484299,1.6031746031746033,,,0.004141446320484299,,1.6031746031746033,
38860,"Portland-South Portland, ME",2002,0.12626903553299496,0.6829268292682926,,,0.12626903553299496,,0.6829268292682926,
38860,"Portland-South Portland, ME",2003,-0.012676056338028152,-0.644927536231884,,,-0.012676056338028152,,-0.644927536231884,
38860,"Portland-South Portland, ME",2004,0.04907275320970039,1.4285714285714284,,,0.04907275320970039,,1.4285714285714284,
38860,"Portland-South Portland, ME",2005,0.028011966276856093,0.4453781512605042,,,0.028011966276856093,,0.4453781512605042,
38860,"Portland-South Portland, ME",2006,-0.15291005291005288,-0.34302325581395354,,,-0.15291005291005288,,-0.34302325581395354,
38860,"Portland-South Portland, ME",2007,-0.16552154903185512,0.8495575221238938,,,-0.16552154903185512,,0.8495575221238938,
38860,"Portland-South Portland, ME",2008,-0.5288173652694611,-0.799043062200957,,,-0.5288173652694611,,-0.799043062200957,
38860,"Portland-South Portland, ME",2009,-0.0413026211278793,-0.8690476190476191,,,-0.0413026211278793,,-0.8690476190476191,
38860,"Portland-South Portland, ME",2010,0.043910521955260906,0.0,,,0.043910521955260906,,0.0,
38860,"Portland-South Portland, ME",2011,-0.11746031746031749,11.272727272727273,,,-0.11746031746031749,,11.165018181818166,
38860,"Portland-South Portland, ME",2012,0.25,-0.2962962962962963,,,0.25,,-0.2962962962962963,
38860,"Portland-South Portland, ME",2013,0.30791366906474815,1.7473684210526317,,,0.30791366906474815,,1.7473684210526317,
38860,"Portland-South Portland, ME",2014,-0.0671067106710671,-0.2068965517241379,,,-0.0671067106710671,,-0.2068965517241379,
38860,"Portland-South Portland, ME",2015,0.1674528301886793,0.4444444444444444,,,0.1674528301886793,,0.4444444444444444,
38860,"Portland-South Portland, ME",2016,0.21060606060606069,0.44147157190635444,0.001514204096191644,0.00048574674119654295,0.21060606060606069,0.001514204096191644,0.44147157190635444,0.00048574674119654295
38860,"Portland-South Portland, ME",2017,0.050062578222778376,0.07192575406032486,0.0002790161678914889,8.463532832134906e-05,0.050062578222778376,0.0002790161678914889,0.07192575406032486,8.463532832134906e-05
38860,"Portland-South Portland, ME",2018,0.04251092570520454,0.2099567099567099,0.00031119602557243276,0.00033771121100121724,0.04251092570520454,0.00031119602557243276,0.2099567099567099,0.00033771121100121724
38860,"Portland-South Portland, ME",2019,0.09565548780487809,0.6386404293381038,0.0008180272158332044,0.0012654372515084169,0.09565548780487809,0.0008180272158332044,0.6386404293381038,0.0012654372515084169
38860,"Portland-South Portland, ME",2020,-0.006956521739130417,-0.2893013100436681,,,-0.006956521739130417,,-0.2893013100436681,
38860,"Portland-South Portland, ME",2021,0.3001751313485115,0.31490015360983103,,,0.3001751313485115,,0.31490015360983103,
38860,"Portland-South Portland, ME",2022,0.01346982758620685,0.7313084112149533,9.110845374481896e-06,0.0021384213608411223,0.01346982758620685,9.110845374481896e-06,0.7313084112149533,0.0021384213608411223
38860,"Portland-South Portland, ME",2023,-0.18341307814992025,-0.35964912280701755,-0.0025316637865856213,-0.0018940837052370718,-0.18341307814992025,-0.0025316637865856213,-0.35964912280701755,-0.0018940837052370718
38860,"Portland-South Portland, ME",2024,-0.03059895833333337,-0.14225500526870394,-0.0004231056793029542,-0.0004909511948105231,-0.03059895833333337,-0.0004231056793029542,-0.14225500526870394,-0.0004909511948105231
38860,"Portland-South Portland, ME",2025,0.17092008059100072,0.6990171990171989,,,0.17092008059100072,,0.6990171990171989,
38900,"Portland-Vancouver-Hillsboro, OR-WA",1990,,,,,,,,
38900,"Portland-Vancouver-Hillsboro, OR-WA",1991,-0.3504771347130995,-0.5887323943661972,,,-0.3504771347130995,,-0.5887323943661972,
38900,"Portland-Vancouver-Hillsboro, OR-WA",1992,0.13461171532150362,-0.013295729250604404,,,0.13461171532150362,,-0.013295729250604404,
38900,"Portland-Vancouver-Hillsboro, OR-WA",1993,0.16127133608004707,0.14944875459371176,,,0.16127133608004707,,0.14944875459371176,
38900,"Portland-Vancouver-Hillsboro, OR-WA",1994,0.23814350879733537,0.7761989342806395,,,0.23814350879733537,,0.7761989342806395,
38900,"Portland-Vancouver-Hillsboro, OR-WA",1995,0.05894736842105264,0.17379999999999995,,,0.05894736842105264,,0.17379999999999995,
38900,"Portland-Vancouver-Hillsboro, OR-WA",1996,0.011431411530815172,0.015845970352700522,,,0.011431411530815172,,0.015845970352700522,
38900,"Portland-Vancouver-Hillsboro, OR-WA",1997,0.07998907998907989,0.19087554511908755,,,0.07998907998907989,,0.19087554511908755,
38900,"Portland-Vancouver-Hillsboro, OR-WA",1998,-0.09216380182002026,-0.21873239436619718,,,-0.09216380182002026,,-0.21873239436619718,
38900,"Portland-Vancouver-Hillsboro, OR-WA",1999,-0.1578771509717659,-0.3890391202451776,,,-0.1578771509717659,,-0.3890391202451776,
38900,"Portland-Vancouver-Hillsboro, OR-WA",2000,-0.14045761142705993,-0.21333726763056948,,,-0.14045761142705993,,-0.21333726763056948,
38900,"Portland-Vancouver-Hillsboro, OR-WA",2001,0.06739498384366827,-0.011627906976744207,,,0.06739498384366827,,-0.011627906976744207,
38900,"Portland-Vancouver-Hillsboro, OR-WA",2002,0.03632694248234114,0.19924098671726753,,,0.03632694248234114,,0.19924098671726753,
38900,"Portland-Vancouver-Hillsboro, OR-WA",2003,0.11301989150090419,0.5088607594936709,,,0.11301989150090419,,0.5088607594936709,
38900,"Portland-Vancouver-Hillsboro, OR-WA",2004,-0.008998312816346887,-0.17827181208053688,,,-0.008998312816346887,,-0.17827181208053688,
38900,"Portland-Vancouver-Hillsboro, OR-WA",2005,0.0877735040040355,-0.04083716181725372,,,0.0877735040040355,,-0.04083716181725372,
38900,"Portland-Vancouver-Hillsboro, OR-WA",2006,-0.10868935134195123,0.2416178818520489,,,-0.10868935134195123,,0.2416178818520489,
38900,"Portland-Vancouver-Hillsboro, OR-WA",2007,-0.14704734651404783,-0.09087012430347197,,,-0.14704734651404783,,-0.09087012430347197,
38900,"Portland-Vancouver-Hillsboro, OR-WA",2008,-0.43515059092642017,-0.30881659594530886,,,-0.43515059092642017,,-0.30881659594530886,
38900,"Portland-Vancouver-Hillsboro, OR-WA",2009,-0.45734341252699784,-0.6845156889495225,,,-0.45734341252699784,,-0.6845156889495225,
38900,"Portland-Vancouver-Hillsboro, OR-WA",2010,0.11343283582089558,0.07135135135135129,,,0.11343283582089558,,0.07135135135135129,
38900,"Portland-Vancouver-Hillsboro, OR-WA",2011,0.16465594280607676,1.0121089808274468,,,0.16465594280607676,,1.0121089808274468,
38900,"Portland-Vancouver-Hillsboro, OR-WA",2012,0.49338192979090745,0.5581745235707121,,,0.49338192979090745,,0.5581745235707121,
38900,"Portland-Vancouver-Hillsboro, OR-WA",2013,0.5067437379576107,0.8867074348245896,,,0.5067437379576107,,0.8867074348245896,
38900,"Portland-Vancouver-Hillsboro, OR-WA",2014,0.0533674339300938,0.13971340839304003,,,0.0533674339300938,,0.13971340839304003,
38900,"Portland-Vancouver-Hillsboro, OR-WA",2015,0.13038200064745875,-0.019009130369705085,,,0.13038200064745875,,-0.019009130369705085,
38900,"Portland-Vancouver-Hillsboro, OR-WA",2016,0.054557170473258365,0.08300274641440342,0.0006105357067969983,0.00047827865499468214,0.054557170473258365,0.0006105357067969983,0.08300274641440342,0.00047827865499468214
38900,"Portland-Vancouver-Hillsboro, OR-WA",2017,0.08513816280806563,0.3389687235841081,0.0009511115982638596,0.0022735667773284424,0.08513816280806563,0.0009511115982638596,0.3389687235841081,0.0022735667773284424
38900,"Portland-Vancouver-Hillsboro, OR-WA",2018,-0.11280735781768125,-0.25841750841750843,-0.0020430759056698986,-0.0025870412364300127,-0.11280735781768125,-0.0020430759056698986,-0.25841750841750843,-0.0025870412364300127
38900,"Portland-Vancouver-Hillsboro, OR-WA",2019,0.18582510578279265,0.23708853575482403,0.002395605082344217,0.0015442883313288962,0.18582510578279265,0.002395605082344217,0.23708853575482403,0.0015442883313288962
38900,"Portland-Vancouver-Hillsboro, OR-WA",2020,-0.20035682426405,-0.348434453492373,,,-0.20035682426405,,-0.348434453492373,
38900,"Portland-Vancouver-Hillsboro, OR-WA",2021,0.11728395061728403,0.1524379510649534,,,0.11728395061728403,,0.1524379510649534,
38900,"Portland-Vancouver-Hillsboro, OR-WA",2022,-0.1361246089329694,0.03161753474873996,-0.002112187946192251,0.00011023215089502915,-0.1361246089329694,-0.002112187946192251,0.03161753474873996,0.00011023215089502915
38900,"Portland-Vancouver-Hillsboro, OR-WA",2023,-0.12297734627831713,-0.2887177968611193,-0.0016176891576061784,-0.0018807180179478697,-0.12297734627831713,-0.0016176891576061784,-0.2887177968611193,-0.0018807180179478697
38900,"Portland-Vancouver-Hillsboro, OR-WA",2024,-0.1694781233526621,-0.3936303080766028,-0.001868545708877652,-0.0017790504418408498,-0.1694781233526621,-0.001868545708877652,-0.3936303080766028,-0.0017790504418408498
38900,"Portland-Vancouver-Hillsboro, OR-WA",2025,-0.12006770337459005,-0.3151390319258497,,,-0.12006770337459005,,-0.3151390319258497,
38940,"Port St. Lucie, FL",1990,,,,,,,,
38940,"Port St. Lucie, FL",1991,-0.3170989941768131,-0.09696969696969693,,,-0.3170989941768131,,-0.09696969696969693,
38940,"Port St. Lucie, FL",1992,0.07945736434108519,0.42281879194630867,,,0.07945736434108519,,0.42281879194630867,
38940,"Port St. Lucie, FL",1993,0.11526032315978463,-0.014150943396226467,,,0.11526032315978463,,-0.014150943396226467,
38940,"Port St. Lucie, FL",1994,0.046361880231809316,0.507177033492823,,,0.046361880231809316,,0.507177033492823,
38940,"Port St. Lucie, FL",1995,-0.14123076923076927,-0.2523809523809524,,,-0.14123076923076927,,-0.2523809523809524,
38940,"Port St. Lucie, FL",1996,0.1680401289860265,0.197452229299363,,,0.1680401289860265,,0.197452229299363,
38940,"Port St. Lucie, FL",1997,-0.05644171779141105,0.0851063829787233,,,-0.05644171779141105,,0.0851063829787233,
38940,"Port St. Lucie, FL",1998,0.1267880364109233,0.4656862745098038,,,0.1267880364109233,,0.4656862745098038,
38940,"Port St. Lucie, FL",1999,-0.03433352567801495,-0.3433667781493869,,,-0.03433352567801495,,-0.3433667781493869,
38940,"Port St. Lucie, FL",2000,0.03884075291305655,0.08998302207130737,,,0.03884075291305655,,0.08998302207130737,
38940,"Port St. Lucie, FL",2001,0.17227494966925505,0.3707165109034267,,,0.17227494966925505,,0.3707165109034267,
38940,"Port St. Lucie, FL",2002,0.4798822374877332,0.3306818181818181,,,0.4760351432937813,,0.3306818181818181,
38940,"Port St. Lucie, FL",2003,0.6064323607427056,0.14773697694278387,,,0.5700424220004605,,0.14773697694278387,
38940,"Port St. Lucie, FL",2004,0.08937048503611966,0.08184523809523814,,,0.08937048503611966,,0.08184523809523814,
38940,"Port St. Lucie, FL",2005,0.021409624857900766,-0.030261348005502064,,,0.021409624857900766,,-0.030261348005502064,
38940,"Port St. Lucie, FL",2006,-0.4130959005750324,-0.5439716312056737,,,-0.4130959005750324,,-0.5439716312056737,
38940,"Port St. Lucie, FL",2007,-0.6193109987357774,-0.4696734059097978,,,-0.6193109987357774,,-0.4696734059097978,
38940,"Port St. Lucie, FL",2008,-0.47986716479867164,0.04105571847507328,,,-0.47986716479867164,,0.04105571847507328,
38940,"Port St. Lucie, FL",2009,-0.693535514764565,-0.9605633802816902,,,-0.6860221795116006,,-0.9605633802816902,
38940,"Port St. Lucie, FL",2010,0.28125,2.7142857142857144,,,0.28125,,2.7142857142857144,
38940,"Port St. Lucie, FL",2011,0.09552845528455278,-0.019230769230769273,,,0.09552845528455278,,-0.019230769230769273,
38940,"Port St. Lucie, FL",2012,0.17810760667903525,-0.3529411764705882,,,0.17810760667903525,,-0.3529411764705882,
38940,"Port St. Lucie, FL",2013,0.7590551181102363,-0.21212121212121215,,,0.7590551181102363,,-0.21212121212121215,
38940,"Port St. Lucie, FL",2014,0.24798567591763643,11.346153846153847,,,0.24798567591763643,,11.346153846153847,
38940,"Port St. Lucie, FL",2015,0.14849354375896695,-0.07788161993769471,,,0.14849354375896695,,-0.07788161993769471,
38940,"Port St. Lucie, FL",2016,0.20986883198001238,-0.5912162162162162,0.0014954986223457822,-0.0008084006265519772,0.20986883198001238,0.0014954986223457822,-0.5912162162162162,-0.0008084006265519772
38940,"Port St. Lucie, FL",2017,0.18069179143004654,-0.6033057851239669,0.0014775894639729968,-0.0003365926697964816,0.18069179143004654,0.0014775894639729968,-0.6033057851239669,-0.0003365926697964816
38940,"Port St. Lucie, FL",2018,0.7358985570616527,16.166666666666668,0.007449387709981695,0.003475269781149259,0.5882513789282461,0.00740053904295635,16.166666666666668,0.003475269781149259
38940,"Port St. Lucie, FL",2019,0.07732997481108317,-0.3228155339805825,0.0010654936799368991,-0.0012323911697563125,0.07732997481108317,0.0010654936799368991,-0.3228155339805825,-0.0012323911697563125
38940,"Port St. Lucie, FL",2020,0.22469020341360757,-0.6003584229390682,,,0.22469020341360757,,-0.6003584229390682,
38940,"Port St. Lucie, FL",2021,0.6042382588774342,6.63677130044843,,,0.6042382588774342,,6.63677130044843,
38940,"Port St. Lucie, FL",2022,-0.07128406521480424,0.3576042278332354,-0.003660353484180208,0.002257316785747885,-0.07128406521480424,-0.003660353484180208,0.3576042278332354,0.002257316785747885
38940,"Port St. Lucie, FL",2023,-0.21360840594566888,-0.7811418685121108,-0.007593891619272361,-0.007477517514860474,-0.21360840594566888,-0.007593891619272361,-0.7811418685121108,-0.007450723072445862
38940,"Port St. Lucie, FL",2024,-0.10135245233827606,-0.25296442687747034,-0.0029717486243670335,-0.0005438039830022523,-0.10135245233827606,-0.0029717486243670335,-0.25296442687747034,-0.0005438039830022523
38940,"Port St. Lucie, FL",2025,-0.12003626473254758,0.1693121693121693,,,-0.12003626473254758,,0.1693121693121693,
39300,"Providence-Warwick, RI-MA",1990,,,,,,,,
39300,"Providence-Warwick, RI-MA",1991,-0.174398249452954,-0.5303030303030303,,,-0.174398249452954,,-0.5303030303030303,
39300,"Providence-Warwick, RI-MA",1992,0.13941160879936398,-0.3963133640552995,,,0.13941160879936398,,-0.3963133640552995,
39300,"Providence-Warwick, RI-MA",1993,0.03745056989997675,-0.22137404580152675,,,0.03745056989997675,,-0.22137404580152675,
39300,"Providence-Warwick, RI-MA",1994,0.0053811659192826156,0.32352941176470584,,,0.0053811659192826156,,0.32352941176470584,
39300,"Providence-Warwick, RI-MA",1995,-0.1460749330954505,0.32592592592592595,,,-0.1460749330954505,,0.32592592592592595,
39300,"Providence-Warwick, RI-MA",1996,0.08043875685557578,0.6648044692737429,,,0.08043875685557578,,0.6648044692737429,
39300,"Providence-Warwick, RI-MA",1997,0.02586415276770615,-0.09060402684563762,,,0.02586415276770615,,-0.09060402684563762,
39300,"Providence-Warwick, RI-MA",1998,0.06338360037700275,-0.45018450184501846,,,0.06338360037700275,,-0.45018450184501846,
39300,"Providence-Warwick, RI-MA",1999,0.15355639264347443,2.859060402684564,,,0.15355639264347443,,2.859060402684564,
39300,"Providence-Warwick, RI-MA",2000,-0.18440261237034195,-0.6156521739130435,,,-0.18440261237034195,,-0.6156521739130435,
39300,"Providence-Warwick, RI-MA",2001,-0.0810174281676872,-0.3393665158371041,,,-0.0810174281676872,,-0.3393665158371041,
39300,"Providence-Warwick, RI-MA",2002,0.16632496155817522,2.76027397260274,,,0.16632496155817522,,2.76027397260274,
39300,"Providence-Warwick, RI-MA",2003,-0.11338167435728408,-0.0018214936247723523,,,-0.11338167435728408,,-0.0018214936247723523,
39300,"Providence-Warwick, RI-MA",2004,0.09293680297397766,0.468978102189781,,,0.09293680297397766,,0.468978102189781,
39300,"Providence-Warwick, RI-MA",2005,0.055102040816326525,0.3440993788819875,,,0.055102040816326525,,0.3440993788819875,
39300,"Providence-Warwick, RI-MA",2006,-0.20803782505910162,-0.6848428835489834,,,-0.20803782505910162,,-0.6848428835489834,
39300,"Providence-Warwick, RI-MA",2007,-0.16282225237449122,0.46041055718475077,,,-0.16282225237449122,,0.46041055718475077,
39300,"Providence-Warwick, RI-MA",2008,-0.48200972447325774,-0.8232931726907631,,,-0.48200972447325774,,-0.8225841069194813,
39300,"Providence-Warwick, RI-MA",2009,-0.10075093867334173,0.5113636363636365,,,-0.10075093867334173,,0.5113636363636365,
39300,"Providence-Warwick, RI-MA",2010,0.0013917884481557952,0.03007518796992481,,,0.0013917884481557952,,0.03007518796992481,
39300,"Providence-Warwick, RI-MA",2011,-0.1813759555246699,-0.583941605839416,,,-0.1813759555246699,,-0.583941605839416,
39300,"Providence-Warwick, RI-MA",2012,0.1553480475382003,1.6140350877192984,,,0.1553480475382003,,1.6140350877192984,
39300,"Providence-Warwick, RI-MA",2013,0.4504041146216018,1.5838926174496644,,,0.4504041146216018,,1.5838926174496644,
39300,"Providence-Warwick, RI-MA",2014,-0.10081053698074971,-0.4571428571428572,,,-0.10081053698074971,,-0.4571428571428572,
39300,"Providence-Warwick, RI-MA",2015,0.02422535211267607,-0.08133971291866027,,,0.02422535211267607,,-0.08133971291866027,
39300,"Providence-Warwick, RI-MA",2016,0.4103410341034104,2.5572916666666665,0.0010719120688165826,0.0007065868895373192,0.4103410341034104,0.0010719120688165826,2.5572916666666665,0.0007065868895373192
39300,"Providence-Warwick, RI-MA",2017,-0.2160686427457098,-0.7657393850658858,-0.0008347023813181668,-0.0007558199018448559,-0.21486416809788117,-0.0008347023813181668,-0.7657393850658858,-0.0007558199018448559
39300,"Providence-Warwick, RI-MA",2018,-0.023383084577114466,0.3062499999999999,-7.359083767795099e-05,6.89034817363736e-05,-0.023383084577114466,-7.359083767795099e-05,0.3062499999999999,6.89034817363736e-05
39300,"Providence-Warwick, RI-MA",2019,0.043301069791136015,-0.16267942583732053,0.00011384144200253,-4.876342878443104e-05,0.043301069791136015,0.00011384144200253,-0.16267942583732053,-4.876342878443104e-05
39300,"Providence-Warwick, RI-MA",2020,0.009765625,-0.2628571428571429,,,0.009765625,,-0.2628571428571429,
39300,"Providence-Warwick, RI-MA",2021,0.0918762088974856,0.4883720930232558,,,0.0918762088974856,,0.4883720930232558,
39300,"Providence-Warwick, RI-MA",2022,-0.05978742249778568,0.33854166666666674,-0.00019274107392379825,8.822499207876801e-05,-0.05978742249778568,-0.00019274107392379825,0.33854166666666674,8.822499207876801e-05
39300,"Providence-Warwick, RI-MA",2023,-0.09090909090909094,0.7042801556420233,-0.0002704588761120578,0.00024611952977445997,-0.09090909090909094,-0.0002704588761120578,0.7042801556420233,0.00024611952977445997
39300,"Providence-Warwick, RI-MA",2024,0.3575129533678756,0.8675799086757991,0.0009343337841808386,0.0005162757001748432,0.3575129533678756,0.0009343337841808386,0.8675799086757991,0.0005162757001748432
39300,"Providence-Warwick, RI-MA",2025,0.1045801526717558,0.44254278728606367,,,0.1045801526717558,,0.44254278728606367,
39340,"Provo-Orem-Lehi, UT",1990,,,,,,,,
39340,"Provo-Orem-Lehi, UT",1991,0.27043544690603505,-0.05833333333333335,,,0.27043544690603505,,-0.05833333333333335,
39340,"Provo-Orem-Lehi, UT",1992,0.6181599518941672,1.106194690265487,,,0.6181599518941672,,1.106194690265487,
39340,"Provo-Orem-Lehi, UT",1993,0.28242289111854335,-0.14495798319327735,,,0.28242289111854335,,-0.14495798319327735,
39340,"Provo-Orem-Lehi, UT",1994,0.10547667342799194,0.4176904176904177,,,0.10547667342799194,,0.4176904176904177,
39340,"Provo-Orem-Lehi, UT",1995,0.1674967234600262,0.6481802426343155,,,0.1674967234600262,,0.6481802426343155,
39340,"Provo-Orem-Lehi, UT",1996,-0.09744050291872475,0.07886435331230279,,,-0.09744050291872475,,0.07886435331230279,
39340,"Provo-Orem-Lehi, UT",1997,-0.17412935323383083,-0.38401559454191037,,,-0.17412935323383083,,-0.38401559454191037,
39340,"Provo-Orem-Lehi, UT",1998,0.25933734939759034,0.384493670886076,,,0.25933734939759034,,0.384493670886076,
39340,"Provo-Orem-Lehi, UT",1999,0.007892848600813185,-0.4582857142857143,,,0.007892848600813185,,-0.4582857142857143,
39340,"Provo-Orem-Lehi, UT",2000,-0.09444708115804457,-0.35232067510548526,,,-0.09444708115804457,,-0.35232067510548526,
39340,"Provo-Orem-Lehi, UT",2001,0.025419287211740027,0.3452768729641693,,,0.025419287211740027,,0.3452768729641693,
39340,"Provo-Orem-Lehi, UT",2002,-0.02811142346026063,0.5423728813559323,,,-0.02811142346026063,,0.5423728813559323,
39340,"Provo-Orem-Lehi, UT",2003,0.1414672626873521,0.2951334379905808,,,0.1414672626873521,,0.2951334379905808,
39340,"Provo-Orem-Lehi, UT",2004,0.05067956692006459,-0.12969696969696964,,,0.05067956692006459,,-0.12969696969696964,
39340,"Provo-Orem-Lehi, UT",2005,0.1830738873054154,-0.3147632311977716,,,0.1830738873054154,,-0.3147632311977716,
39340,"Provo-Orem-Lehi, UT",2006,0.20200148257968875,0.6280487804878048,,,0.20200148257968875,,0.6280487804878048,
39340,"Provo-Orem-Lehi, UT",2007,-0.3065063213074314,-0.4694132334581773,,,-0.3065063213074314,,-0.4694132334581773,
39340,"Provo-Orem-Lehi, UT",2008,-0.7054246331702979,-0.5152941176470589,,,-0.7054246331702979,,-0.5152941176470589,
39340,"Provo-Orem-Lehi, UT",2009,0.15018867924528312,-0.30097087378640774,,,0.15018867924528312,,-0.30097087378640774,
39340,"Provo-Orem-Lehi, UT",2010,0.30249343832021003,1.375,,,0.30249343832021003,,1.375,
39340,"Provo-Orem-Lehi, UT",2011,-0.026700251889168802,0.26900584795321647,,,-0.026700251889168802,,0.26900584795321647,
39340,"Provo-Orem-Lehi, UT",2012,0.26242236024844723,-0.6912442396313364,,,0.26242236024844723,,-0.6912442396313364,
39340,"Provo-Orem-Lehi, UT",2013,0.4034440344403445,3.9179104477611943,,,0.4034440344403445,,3.9179104477611943,
39340,"Provo-Orem-Lehi, UT",2014,0.546888694127958,2.6737481031866466,,,0.546888694127958,,2.6737481031866466,
39340,"Provo-Orem-Lehi, UT",2015,-0.14088762983947123,-0.4617926476662536,,,-0.14088762983947123,,-0.4617926476662536,
39340,"Provo-Orem-Lehi, UT",2016,0.16882831391514608,-0.419800460475825,0.003823938740897575,-0.0034096989745481376,0.16882831391514608,0.003823938740897575,-0.419800460475825,-0.0034096989745481376
39340,"Provo-Orem-Lehi, UT",2017,0.3626104946398345,1.2208994708994707,0.009881854618098564,0.005087090014207232,0.3626104946398345,0.005059877835047263,1.2208994708994707,0.0034957255124353735
39340,"Provo-Orem-Lehi, UT",2018,-0.055762594893029704,-0.25312686122692074,-0.003887144575670416,-0.0027039940159280457,-0.055762594893029704,-0.003887144575670416,-0.25312686122692074,-0.0027039940159280457
39340,"Provo-Orem-Lehi, UT",2019,0.015494810700189987,0.14433811802232865,-0.0008136899907673911,0.000697681167833762,0.015494810700189987,-0.0008136899907673911,0.14433811802232865,0.000697681167833762
39340,"Provo-Orem-Lehi, UT",2020,0.1468259680437598,-0.4954703832752613,,,0.1468259680437598,,-0.4954703832752613,
39340,"Provo-Orem-Lehi, UT",2021,0.4026609765281788,3.5096685082872927,,,0.4026609765281788,,3.5096685082872927,
39340,"Provo-Orem-Lehi, UT",2022,-0.2584340044742729,-0.13506891271056665,-0.016251980712964513,-0.002893206046154855,-0.2584340044742729,-0.010635189251661391,-0.13506891271056665,-0.002893206046154855
39340,"Provo-Orem-Lehi, UT",2023,-0.2541329793652709,-0.523371104815864,-0.010726724624031955,-0.0070309434746169365,-0.2541329793652709,-0.010549840420553241,-0.523371104815864,-0.0070309434746169365
39340,"Provo-Orem-Lehi, UT",2024,0.03996117133149979,-0.22213967310549776,0.00040550088213468435,-0.0014400011280986443,0.03996117133149979,0.00040550088213468435,-0.22213967310549776,-0.0014400011280986443
39340,"Provo-Orem-Lehi, UT",2025,0.13627878033602991,0.6189111747851004,,,0.13627878033602991,,0.6189111747851004,
39580,"Raleigh-Cary, NC",1990,,,,,,,,
39580,"Raleigh-Cary, NC",1991,0.09408760557847184,-0.2078346028291621,,,0.09408760557847184,,-0.2078346028291621,
39580,"Raleigh-Cary, NC",1992,0.26157989228007184,-0.23076923076923073,,,0.26157989228007184,,-0.23076923076923073,
39580,"Raleigh-Cary, NC",1993,0.16393909207343116,0.4392857142857143,,,0.16393909207343116,,0.4392857142857143,
39580,"Raleigh-Cary, NC",1994,0.3972368260178505,3.1712158808933006,,,0.3972368260178505,,3.1712158808933006,
39580,"Raleigh-Cary, NC",1995,-0.09380469023451177,-0.17965496728138008,,,-0.09380469023451177,,-0.17965496728138008,
39580,"Raleigh-Cary, NC",1996,0.03601776747779062,-0.24256707759245832,,,0.03601776747779062,,-0.24256707759245832,
39580,"Raleigh-Cary, NC",1997,0.11072793363780398,0.12494016275730013,,,0.11072793363780398,,0.12494016275730013,
39580,"Raleigh-Cary, NC",1998,0.20844172190987664,0.41957446808510634,,,0.20844172190987664,,0.41957446808510634,
39580,"Raleigh-Cary, NC",1999,0.11742240122213743,0.35881294964028787,,,0.11742240122213743,,0.35881294964028787,
39580,"Raleigh-Cary, NC",2000,-0.1174496644295302,0.0022060445621001623,,,-0.1174496644295302,,0.0022060445621001623,
39580,"Raleigh-Cary, NC",2001,-0.029573299535276765,-0.3594541052168171,,,-0.029573299535276765,,-0.3594541052168171,
39580,"Raleigh-Cary, NC",2002,-0.1526628936293717,-0.756701030927835,,,-0.1526628936293717,,-0.7499226624519558,
39580,"Raleigh-Cary, NC",2003,0.08408974139407444,1.823446327683616,,,0.08408974139407444,,1.823446327683616,
39580,"Raleigh-Cary, NC",2004,0.13775671406003154,0.09954977488744365,,,0.13775671406003154,,0.09954977488744365,
39580,"Raleigh-Cary, NC",2005,0.01457928353235216,-0.7825295723384895,,,0.01457928353235216,,-0.7825295723384895,
39580,"Raleigh-Cary, NC",2006,0.21198850417407966,7.384937238493723,,,0.21198850417407966,,7.384937238493723,
39580,"Raleigh-Cary, NC",2007,-0.061991869918699205,-0.08732534930139724,,,-0.061991869918699205,,-0.08732534930139724,
39580,"Raleigh-Cary, NC",2008,-0.31401227880101124,0.31000546746856195,,,-0.31401227880101124,,0.31000546746856195,
39580,"Raleigh-Cary, NC",2009,-0.5705887514258139,-0.8954507512520868,,,-0.5705887514258139,,-0.8954507512520868,
39580,"Raleigh-Cary, NC",2010,0.06518185533306098,0.08383233532934131,,,0.06518185533306098,,0.08383233532934131,
39580,"Raleigh-Cary, NC",2011,0.22117782466909652,1.9300184162062615,,,0.22117782466909652,,1.9300184162062615,
39580,"Raleigh-Cary, NC",2012,1.0304743952246307,3.0201131363922062,,,1.0304743952246307,,3.0201131363922062,
39580,"Raleigh-Cary, NC",2013,-0.11565836298932386,-0.4704502814258912,,,-0.11565836298932386,,-0.4704502814258912,
39580,"Raleigh-Cary, NC",2014,0.01889598460327191,0.17006200177147912,,,0.01889598460327191,,0.17006200177147912,
39580,"Raleigh-Cary, NC",2015,0.029192066626599233,-0.17562452687358066,,,0.029192066626599233,,-0.17562452687358066,
39580,"Raleigh-Cary, NC",2016,0.12738800367064318,0.23569023569023573,0.00244761193490246,0.001346934138185315,0.12738800367064318,0.00244761193490246,0.23569023569023573,0.001346934138185315
39580,"Raleigh-Cary, NC",2017,0.04928222583986974,-0.1587812732226901,0.0005414545014234967,-0.0014084391380893698,0.04928222583986974,0.0005414545014234967,-0.1587812732226901,-0.0014084391380893698
39580,"Raleigh-Cary, NC",2018,0.12482369534555704,0.3807420494699647,0.002587475899599595,0.0022050483930989235,0.12482369534555704,0.002587475899599595,0.3807420494699647,0.0022050483930989235
39580,"Raleigh-Cary, NC",2019,-0.16489028213166146,-0.5485178076348902,-0.005433939424901647,-0.0047928671283210935,-0.16489028213166146,-0.004706610983623034,-0.5485178076348902,-0.0038583115447272803
39580,"Raleigh-Cary, NC",2020,0.27312312312312303,0.997638167217761,,,0.27312312312312303,,0.997638167217761,
39580,"Raleigh-Cary, NC",2021,0.27662460195777805,0.742255852447387,,,0.27662460195777805,,0.742255852447387,
39580,"Raleigh-Cary, NC",2022,0.03422790891034233,0.3363192182410424,-3.579232517160469e-05,0.0035967152942612927,0.03422790891034233,-3.579232517160469e-05,0.3363192182410424,0.0035967152942612927
39580,"Raleigh-Cary, NC",2023,-0.07909781152300133,-0.14818200284379446,-0.004064908426469824,-0.002851044761757463,-0.07909781152300133,-0.004064908426469824,-0.14818200284379446,-0.002851044761757463
39580,"Raleigh-Cary, NC",2024,-0.07953828992676659,-0.335400023846429,-0.003448204801439609,-0.004657784340272562,-0.07953828992676659,-0.003448204801439609,-0.335400023846429,-0.004657784340272562
39580,"Raleigh-Cary, NC",2025,-0.07566257442436375,-0.005740940078937884,,,-0.07566257442436375,,-0.005740940078937884,
39900,"Reno, NV",1990,,,,,,,,
39900,"Reno, NV",1991,-0.3413639733135656,-0.9392523364485982,,,-0.3413639733135656,,-0.9388753528654041,
39900,"Reno, NV",1992,0.2841868317388858,0.8461538461538463,,,0.2841868317388858,,0.8461538461538463,
39900,"Reno, NV",1993,0.21954425942155997,1.9722222222222223,,,0.21954425942155997,,1.9722222222222223,
39900,"Reno, NV",1994,0.31872080488681287,1.7102803738317758,,,0.31872080488681287,,1.7102803738317758,
39900,"Reno, NV",1995,-0.05367847411444138,0.1827586206896552,,,-0.05367847411444138,,0.1827586206896552,
39900,"Reno, NV",1996,0.3314137633170169,1.0860058309037899,,,0.3314137633170169,,1.0860058309037899,
39900,"Reno, NV",1997,-0.16457612456747406,-0.4521313766596785,,,-0.16457612456747406,,-0.4521313766596785,
39900,"Reno, NV",1998,0.3326430235568212,1.121173469387755,,,0.3326430235568212,,1.121173469387755,
39900,"Reno, NV",1999,-0.09557109557109555,-0.20384846662657852,,,-0.09557109557109555,,-0.20384846662657852,
39900,"Reno, NV",2000,0.031142611683848687,0.051359516616314105,,,0.031142611683848687,,0.051359516616314105,
39900,"Reno, NV",2001,0.07935846698604454,-0.21264367816091956,,,0.07935846698604454,,-0.21264367816091956,
39900,"Reno, NV",2002,0.01389424932458505,-0.21897810218978098,,,0.01389424932458505,,-0.21897810218978098,
39900,"Reno, NV",2003,0.05062809288161407,-0.1460280373831776,,,0.05062809288161407,,-0.1460280373831776,
39900,"Reno, NV",2004,0.20905797101449286,-0.045143638850889234,,,0.20905797101449286,,-0.045143638850889234,
39900,"Reno, NV",2005,0.05813605034462088,0.646131805157593,,,0.05813605034462088,,0.646131805157593,
39900,"Reno, NV",2006,-0.3919569527046163,-0.7432550043516101,,,-0.3919569527046163,,-0.7432550043516101,
39900,"Reno, NV",2007,-0.4254774103400093,-0.8338983050847457,,,-0.4254774103400093,,-0.7926248367298979,
39900,"Reno, NV",2008,-0.1791649777057155,18.79591836734694,,,-0.1791649777057155,,7.112129210658614,
39900,"Reno, NV",2009,-0.5990123456790124,-0.7195876288659794,,,-0.5990123456790124,,-0.7195876288659794,
39900,"Reno, NV",2010,-0.18842364532019706,-0.5073529411764706,,,-0.18842364532019706,,-0.5073529411764706,
39900,"Reno, NV",2011,-0.08345978755690442,-0.835820895522388,,,-0.08345978755690442,,-0.835820895522388,
39900,"Reno, NV",2012,0.48509933774834435,2.0,,,0.48509933774834435,,2.0,
39900,"Reno, NV",2013,1.0345596432552955,6.015151515151516,,,1.018599138864924,,6.0006034482758555,
39900,"Reno, NV",2014,0.290958904109589,0.48164146868250546,,,0.290958904109589,,0.48164146868250546,
39900,"Reno, NV",2015,0.2589134125636672,0.1268221574344024,,,0.2589134125636672,,0.1268221574344024,
39900,"Reno, NV",2016,0.289278489548213,1.0827943078913327,0.003751443986897073,0.003787618350972801,0.289278489548213,0.003751443986897073,1.0827943078913327,0.003787618350972801
39900,"Reno, NV",2017,0.28399581589958167,0.5006211180124223,0.004600055223208964,0.003507802527855238,0.28399581589958167,0.004600055223208964,0.5006211180124223,0.0034957255124353735
39900,"Reno, NV",2018,-0.026272912423625283,-0.10802980132450335,-0.001039140882314344,-0.0013821674027546266,-0.026272912423625283,-0.001039140882314344,-0.10802980132450335,-0.0013821674027546266
39900,"Reno, NV",2019,0.16251830161054182,0.3930394431554525,0.0029242589971170962,0.0034634568589033046,0.16251830161054182,0.0029242589971170962,0.3930394431554525,0.0034634568589033046
39900,"Reno, NV",2020,-0.13044260525368834,-0.4073950699533644,,,-0.13044260525368834,,-0.4073950699533644,
39900,"Reno, NV",2021,0.2729153734740326,0.521079258010118,,,0.2729153734740326,,0.521079258010118,
39900,"Reno, NV",2022,-0.016092327698309483,0.27235772357723587,-0.0010349163109718423,0.002721182978702087,-0.016092327698309483,-0.0010349163109718423,0.27235772357723587,0.002721182978702087
39900,"Reno, NV",2023,-0.2317858912935734,-0.3772872494917223,-0.006158418980840682,-0.0054932343062987655,-0.2317858912935734,-0.006158418980840682,-0.3772872494917223,-0.0054932343062987655
39900,"Reno, NV",2024,-0.055698924731182764,-0.20055970149253732,-0.001341406166219427,-0.0018303017894054545,-0.055698924731182764,-0.001341406166219427,-0.20055970149253732,-0.0018303017894054545
39900,"Reno, NV",2025,-0.3279435208380779,-0.43698949824970823,,,-0.3279435208380779,,-0.43698949824970823,
40060,"Richmond, VA",1990,,,,,,,,
40060,"Richmond, VA",1991,-0.2206692079627277,-0.8968133535660091,,,-0.2206692079627277,,-0.8968133535660091,
40060,"Richmond, VA",1992,0.10380434782608705,2.338235294117647,,,0.10380434782608705,,2.338235294117647,
40060,"Richmond, VA",1993,0.10914163794518306,0.4757709251101321,,,0.10914163794518306,,0.4757709251101321,
40060,"Richmond, VA",1994,0.00917431192660545,-0.12238805970149258,,,0.00917431192660545,,-0.12238805970149258,
40060,"Richmond, VA",1995,-0.09164222873900296,0.23469387755102034,,,-0.09164222873900296,,0.23469387755102034,
40060,"Richmond, VA",1996,0.038579499596448796,0.9090909090909092,,,0.038579499596448796,,0.9090909090909092,
40060,"Richmond, VA",1997,0.19583462853590294,1.4603174603174605,,,0.19583462853590294,,1.4603174603174605,
40060,"Richmond, VA",1998,-0.014036911879386493,-0.4258064516129032,,,-0.014036911879386493,,-0.4258064516129032,
40060,"Richmond, VA",1999,0.06366991827049828,0.2870275791624106,,,0.06366991827049828,,0.2870275791624106,
40060,"Richmond, VA",2000,-0.24278101375635142,-0.9404761904761905,,,-0.24278101375635142,,-0.9386158192090396,
40060,"Richmond, VA",2001,0.36955810147299517,18.706666666666667,,,0.36880233690360276,,13.568259740259727,
40060,"Richmond, VA",2002,0.0650095602294456,0.1596752368064953,,,0.0650095602294456,,0.1596752368064953,
40060,"Richmond, VA",2003,-0.07394524236983846,-0.2322053675612602,,,-0.07394524236983846,,-0.2322053675612602,
40060,"Richmond, VA",2004,-0.021931418877983777,-0.17477203647416417,,,-0.021931418877983777,,-0.17477203647416417,
40060,"Richmond, VA",2005,0.040014866204162614,-0.19797421731123388,,,0.040014866204162614,,-0.19797421731123388,
40060,"Richmond, VA",2006,-0.17939249553305536,-0.6383467278989667,,,-0.17939249553305536,,-0.6383467278989667,
40060,"Richmond, VA",2007,-0.09028886630860788,1.8952380952380952,,,-0.09028886630860788,,1.8952380952380952,
40060,"Richmond, VA",2008,-0.28865485878410724,0.05043859649122817,,,-0.28865485878410724,,0.05043859649122817,
40060,"Richmond, VA",2009,-0.3299685957828623,-0.44258872651356995,,,-0.3299685957828623,,-0.44258872651356995,
40060,"Richmond, VA",2010,0.06360897221292272,0.6685393258426966,,,0.06360897221292272,,0.6685393258426966,
40060,"Richmond, VA",2011,-0.20679886685552407,-0.6408529741863076,,,-0.20679886685552407,,-0.6408529741863076,
40060,"Richmond, VA",2012,0.584126984126984,2.90625,,,0.584126984126984,,2.90625,
40060,"Richmond, VA",2013,0.18912825651302612,0.0928,,,0.18912825651302612,,0.0928,
40060,"Richmond, VA",2014,-0.104276385085317,-0.2635431918008785,,,-0.104276385085317,,-0.2635431918008785,
40060,"Richmond, VA",2015,0.1314675446848541,0.14711729622266412,,,0.1314675446848541,,0.14711729622266412,
40060,"Richmond, VA",2016,0.004780710870920801,-0.3266897746967071,-2.0926185553538784e-05,-0.0007456567891641324,0.004780710870920801,-2.0926185553538784e-05,-0.3266897746967071,-0.0007456567891641324
40060,"Richmond, VA",2017,0.4625568887050062,2.0244530244530243,0.004234318421683253,0.003014074606734193,0.4625568887050062,0.004234318421683253,2.0244530244530243,0.003014074606734193
40060,"Richmond, VA",2018,-0.15530410183875532,-0.4961702127659574,-0.002237785644580449,-0.002267049739960229,-0.15530410183875532,-0.002237785644580449,-0.4961702127659574,-0.002267049739960229
40060,"Richmond, VA",2019,0.39651707970529126,1.9467905405405403,0.004362985889929876,0.004324589678684416,0.39651707970529126,0.004362985889929876,1.9467905405405403,0.004324589678684416
40060,"Richmond, VA",2020,-0.017985611510791366,-0.352536543422184,,,-0.017985611510791366,,-0.352536543422184,
40060,"Richmond, VA",2021,0.16568986568986577,0.3961930057547587,,,0.16568986568986577,,0.3961930057547587,
40060,"Richmond, VA",2022,0.09081386823085791,0.8281547241597971,0.001275398634300505,0.004508406265543397,0.09081386823085791,0.001275398634300505,0.8281547241597971,0.004508406265543397
40060,"Richmond, VA",2023,-0.04234684079124251,-0.10665972944849111,-0.0010530117769711848,-0.001224401691649871,-0.04234684079124251,-0.0010530117769711848,-0.10665972944849111,-0.001224401691649871
40060,"Richmond, VA",2024,-0.13346034292589992,-0.3383808969132207,-0.0025253371886340414,-0.003102689274972363,-0.13346034292589992,-0.0025253371886340414,-0.3383808969132207,-0.003102689274972363
40060,"Richmond, VA",2025,0.0519555658412405,0.28286384976525825,,,0.0519555658412405,,0.28286384976525825,
40140,"Riverside-San Bernardino-Ontario, CA",1990,,,,,,,,
40140,"Riverside-San Bernardino-Ontario, CA",1991,-0.43757863833356636,-0.4868502795609857,,,-0.43757863833356636,,-0.4868502795609857,
40140,"Riverside-San Bernardino-Ontario, CA",1992,-0.038590604026845665,-0.5996771589991929,,,-0.038590604026845665,,-0.5996771589991929,
40140,"Riverside-San Bernardino-Ontario, CA",1993,-0.15635705513541465,-0.4889112903225806,,,-0.15635705513541465,,-0.4889112903225806,
40140,"Riverside-San Bernardino-Ontario, CA",1994,-0.017468587189702678,-0.6193293885601578,,,-0.017468587189702678,,-0.6193293885601578,
40140,"Riverside-San Bernardino-Ontario, CA",1995,-0.16578290704928256,-0.23834196891191706,,,-0.16578290704928256,,-0.23834196891191706,
40140,"Riverside-San Bernardino-Ontario, CA",1996,0.1555430921667602,2.931972789115646,,,0.1555430921667602,,2.7339130434782604,
40140,"Riverside-San Bernardino-Ontario, CA",1997,0.22917003721080742,1.105536332179931,,,0.22917003721080742,,1.105536332179931,
40140,"Riverside-San Bernardino-Ontario, CA",1998,0.22764067127344512,0.877567789646672,,,0.22764067127344512,,0.877567789646672,
40140,"Riverside-San Bernardino-Ontario, CA",1999,0.12152889460705474,-0.24288840262582057,,,0.12152889460705474,,-0.24288840262582057,
40140,"Riverside-San Bernardino-Ontario, CA",2000,0.027484345872568205,0.2705202312138728,,,0.027484345872568205,,0.2705202312138728,
40140,"Riverside-San Bernardino-Ontario, CA",2001,0.275446594715296,0.5859872611464969,,,0.275446594715296,,0.5859872611464969,
40140,"Riverside-San Bernardino-Ontario, CA",2002,0.1844476055002371,-0.39386115892139983,,,0.1844476055002371,,-0.39386115892139983,
40140,"Riverside-San Bernardino-Ontario, CA",2003,0.30110242039785673,1.635115948887837,,,0.30110242039785673,,1.635115948887837,
40140,"Riverside-San Bernardino-Ontario, CA",2004,0.21800151472119667,0.2995689655172413,,,0.21800151472119667,,0.2995689655172413,
40140,"Riverside-San Bernardino-Ontario, CA",2005,-0.008841303460738748,-0.38474295190713104,,,-0.008841303460738748,,-0.38474295190713104,
40140,"Riverside-San Bernardino-Ontario, CA",2006,-0.25327399623588454,-0.18508535489667566,,,-0.25327399623588454,,-0.18508535489667566,
40140,"Riverside-San Bernardino-Ontario, CA",2007,-0.47265614744414397,-0.077728776185226,,,-0.47265614744414397,,-0.077728776185226,
40140,"Riverside-San Bernardino-Ontario, CA",2008,-0.5546151548342129,-0.12343096234309625,,,-0.5546151548342129,,-0.12343096234309625,
40140,"Riverside-San Bernardino-Ontario, CA",2009,-0.2918622848200313,-0.5294919877258779,,,-0.2918622848200313,,-0.5294919877258779,
40140,"Riverside-San Bernardino-Ontario, CA",2010,0.000157853196527169,-0.3659420289855072,,,0.000157853196527169,,-0.3659420289855072,
40140,"Riverside-San Bernardino-Ontario, CA",2011,-0.2525252525252525,0.47085714285714286,,,-0.2525252525252525,,0.47085714285714286,
40140,"Riverside-San Bernardino-Ontario, CA",2012,0.25612331081081074,0.034965034965035,,,0.25612331081081074,,0.034965034965035,
40140,"Riverside-San Bernardino-Ontario, CA",2013,0.5713565305093293,0.927927927927928,,,0.5713565305093293,,0.927927927927928,
40140,"Riverside-San Bernardino-Ontario, CA",2014,0.087505348737698,0.031542056074766345,,,0.087505348737698,,0.031542056074766345,
40140,"Riverside-San Bernardino-Ontario, CA",2015,-0.02360810544953762,-0.2902982257455644,,,-0.02360810544953762,,-0.2902982257455644,
40140,"Riverside-San Bernardino-Ontario, CA",2016,0.10024178924037885,0.02872340425531905,0.0006135254740877692,2.9220319246124702e-05,0.10024178924037885,0.0006135254740877692,0.02872340425531905,2.9220319246124702e-05
40140,"Riverside-San Bernardino-Ontario, CA",2017,0.3438329823276256,0.6928645294725957,0.0023454190183627007,0.0008481897526194772,0.3438329823276256,0.0023454190183627007,0.6928645294725957,0.0008481897526194772
40140,"Riverside-San Bernardino-Ontario, CA",2018,0.009062414826928267,-0.15302382406841786,-5.390116759811103e-06,-0.0003382286644309288,0.009062414826928267,-5.390116759811103e-06,-0.15302382406841786,-0.0003382286644309288
40140,"Riverside-San Bernardino-Ontario, CA",2019,-0.014180565872104811,0.14352686620988098,-0.0002153594173884693,0.00023495925636051883,-0.014180565872104811,-0.0002153594173884693,0.14352686620988098,0.00023495925636051883
40140,"Riverside-San Bernardino-Ontario, CA",2020,0.043359134187272996,-0.43235572374645226,,,0.043359134187272996,,-0.43235572374645226,
40140,"Riverside-San Bernardino-Ontario, CA",2021,0.024553571428571397,0.6988888888888889,,,0.024553571428571397,,0.6988888888888889,
40140,"Riverside-San Bernardino-Ontario, CA",2022,0.0731129052928361,0.19587965990843692,0.0006143703868046937,0.00035355257978041273,0.0731129052928361,0.0006143703868046937,0.19587965990843692,0.00035355257978041273
40140,"Riverside-San Bernardino-Ontario, CA",2023,0.2102466113333732,1.009297238173366,0.002052395521552149,0.002243672229923405,0.2102466113333732,0.002052395521552149,1.009297238173366,0.002243672229923405
40140,"Riverside-San Bernardino-Ontario, CA",2024,-0.21926189066508783,-0.49265106151333693,-0.002824731885840516,-0.0022464768238457155,-0.21926189066508783,-0.002824731885840516,-0.49265106151333693,-0.0022464768238457155
40140,"Riverside-San Bernardino-Ontario, CA",2025,0.0071410515672396535,0.4525214592274678,,,0.0071410515672396535,,0.4525214592274678,
40380,"Rochester, NY",1990,,,,,,,,
40380,"Rochester, NY",1991,-0.1478953356086462,-0.4554140127388535,,,-0.1478953356086462,,-0.4554140127388535,
40380,"Rochester, NY",1992,0.22162883845126835,1.7777777777777777,,,0.22162883845126835,,1.7777777777777777,
40380,"Rochester, NY",1993,-0.12076502732240435,-0.05894736842105264,,,-0.12076502732240435,,-0.05894736842105264,
40380,"Rochester, NY",1994,0.041951522684897435,0.7337807606263982,,,0.041951522684897435,,0.7337807606263982,
40380,"Rochester, NY",1995,-0.1872949597375485,-0.43870967741935485,,,-0.1872949597375485,,-0.43870967741935485,
40380,"Rochester, NY",1996,0.09577981651376155,0.193103448275862,,,0.09577981651376155,,0.193103448275862,
40380,"Rochester, NY",1997,-0.0321500334896182,0.3082851637764932,,,-0.0321500334896182,,0.3082851637764932,
40380,"Rochester, NY",1998,0.08581314878892732,0.032400589101620136,,,0.08581314878892732,,0.032400589101620136,
40380,"Rochester, NY",1999,0.30815806246016564,1.0185449358059913,,,0.30815806246016564,,1.0185449358059913,
40380,"Rochester, NY",2000,-0.19975639464068207,-0.4318021201413428,,,-0.19975639464068207,,-0.4318021201413428,
40380,"Rochester, NY",2001,-0.08554033485540335,-0.4614427860696517,,,-0.08554033485540335,,-0.4614427860696517,
40380,"Rochester, NY",2002,-0.004327563249001298,-0.06928406466512704,,,-0.004327563249001298,,-0.06928406466512704,
40380,"Rochester, NY",2003,0.14409896355733864,0.5260545905707197,,,0.14409896355733864,,0.5260545905707197,
40380,"Rochester, NY",2004,-0.11016949152542377,-0.15934959349593492,,,-0.11016949152542377,,-0.15934959349593492,
40380,"Rochester, NY",2005,-0.10344827586206895,-0.1895551257253385,,,-0.10344827586206895,,-0.1895551257253385,
40380,"Rochester, NY",2006,-0.16190476190476188,-0.44152744630071594,,,-0.16190476190476188,,-0.44152744630071594,
40380,"Rochester, NY",2007,-0.16695804195804198,-0.05555555555555558,,,-0.16695804195804198,,-0.05555555555555558,
40380,"Rochester, NY",2008,-0.0041972717733472775,0.44796380090497734,,,-0.006886029526352486,,0.44796380090497734,
40380,"Rochester, NY",2009,-0.14383561643835618,0.171875,,,-0.14383561643835618,,0.171875,
40380,"Rochester, NY",2010,-0.10830769230769233,-0.4853333333333333,,,-0.10830769230769233,,-0.4853333333333333,
40380,"Rochester, NY",2011,0.05106970324361626,0.31088082901554404,,,0.05106970324361626,,0.31088082901554404,
40380,"Rochester, NY",2012,0.050558108995403916,0.383399209486166,,,0.050558108995403916,,0.383399209486166,
40380,"Rochester, NY",2013,-0.1925,-0.5685714285714285,,,-0.1925,,-0.5685714285714285,
40380,"Rochester, NY",2014,0.33204334365325083,1.834437086092715,,,0.33204334365325083,,1.834437086092715,
40380,"Rochester, NY",2015,0.5119116792562464,1.5046728971962615,,,0.5119116792562464,,1.5046728971962615,
40380,"Rochester, NY",2016,-0.2252113758647194,-0.4319029850746269,-0.0012880630702497573,-0.0010071003299833767,-0.2252113758647194,-0.0012880630702497573,-0.4319029850746269,-0.0010071003299833767
40380,"Rochester, NY",2017,-0.14781746031746035,-0.10837438423645318,-0.0006537682212660054,-0.00014602437926921718,-0.14781746031746035,-0.0006537682212660054,-0.10837438423645318,-0.00014602437926921718
40380,"Rochester, NY",2018,0.2421420256111757,0.7826887661141806,0.0008758740629523391,0.0009036083635645593,0.2421420256111757,0.0008758740629523391,0.7826887661141806,0.0009036083635645593
40380,"Rochester, NY",2019,-0.11246485473289602,-0.2324380165289256,-0.0005287440593516888,-0.0004868385796692313,-0.11246485473289602,-0.0005287440593516888,-0.2324380165289256,-0.0004868385796692313
40380,"Rochester, NY",2020,0.14255543822597683,0.297442799461642,,,0.14255543822597683,,0.297442799461642,
40380,"Rochester, NY",2021,-0.21164510166358597,-0.5300829875518672,,,-0.21164510166358597,,-0.5300829875518672,
40380,"Rochester, NY",2022,0.5105509964830011,1.8079470198675498,0.0017973361803676354,0.001698995197859134,0.5105509964830011,0.0017973361803676354,1.8079470198675498,0.001698995197859134
40380,"Rochester, NY",2023,-0.35739231664726423,-0.4952830188679245,-0.0019307260313777904,-0.0013159005243687137,-0.35739231664726423,-0.0019307260313777904,-0.4952830188679245,-0.0013159005243687137
40380,"Rochester, NY",2024,0.08756038647343001,0.12772585669781922,0.00028909182853708226,0.00016527135139227968,0.08756038647343001,0.00028909182853708226,0.12772585669781922,0.00016527135139227968
40380,"Rochester, NY",2025,-0.02831760133259298,-0.4419889502762431,,,-0.02831760133259298,,-0.4419889502762431,
40900,"Sacramento-Roseville-Folsom, CA",1990,,,,,,,,
40900,"Sacramento-Roseville-Folsom, CA",1991,-0.3988987457938208,-0.3137404580152672,,,-0.3988987457938208,,-0.3137404580152672,
40900,"Sacramento-Roseville-Folsom, CA",1992,-0.08162849872773537,-0.46496106785317015,,,-0.08162849872773537,,-0.46496106785317015,
40900,"Sacramento-Roseville-Folsom, CA",1993,-0.04300121910672727,-0.41683991683991684,,,-0.04300121910672727,,-0.41683991683991684,
40900,"Sacramento-Roseville-Folsom, CA",1994,0.08199189345686153,-0.3262032085561497,,,0.08199189345686153,,-0.3262032085561497,
40900,"Sacramento-Roseville-Folsom, CA",1995,-0.1391416033393985,0.06349206349206349,,,-0.1391416033393985,,0.06349206349206349,
40900,"Sacramento-Roseville-Folsom, CA",1996,0.11575282854656233,1.0298507462686568,,,0.11575282854656233,,1.0298507462686568,
40900,"Sacramento-Roseville-Folsom, CA",1997,0.09248941386226872,0.47549019607843146,,,0.09248941386226872,,0.47549019607843146,
40900,"Sacramento-Roseville-Folsom, CA",1998,0.4622603019175846,1.8413621262458473,,,0.4622603019175846,,1.8413621262458473,
40900,"Sacramento-Roseville-Folsom, CA",1999,0.00969587053571419,-0.030692779888921384,,,0.00969587053571419,,-0.030692779888921384,
40900,"Sacramento-Roseville-Folsom, CA",2000,0.16013816925734026,-0.038299155609167634,,,0.16013816925734026,,-0.038299155609167634,
40900,"Sacramento-Roseville-Folsom, CA",2001,0.09771928779848738,0.08247099404201941,,,0.09771928779848738,,0.08247099404201941,
40900,"Sacramento-Roseville-Folsom, CA",2002,0.19881740262558312,0.2114716106604866,,,0.19881740262558312,,0.2114716106604866,
40900,"Sacramento-Roseville-Folsom, CA",2003,0.033168921670663876,0.06312769010043051,,,0.033168921670663876,,0.06312769010043051,
40900,"Sacramento-Roseville-Folsom, CA",2004,-0.03648388227049759,-0.28699955015744494,,,-0.03648388227049759,,-0.28699955015744494,
40900,"Sacramento-Roseville-Folsom, CA",2005,-0.08259466339379062,0.10189274447949526,,,-0.08259466339379062,,0.10189274447949526,
40900,"Sacramento-Roseville-Folsom, CA",2006,-0.4115053017540382,-0.1817921557400516,,,-0.4115053017540382,,-0.1817921557400516,
40900,"Sacramento-Roseville-Folsom, CA",2007,-0.32221941567735957,-0.6770468859342198,,,-0.32221941567735957,,-0.6770468859342198,
40900,"Sacramento-Roseville-Folsom, CA",2008,-0.3154037267080745,0.6522210184182016,,,-0.3154037267080745,,0.6522210184182016,
40900,"Sacramento-Roseville-Folsom, CA",2009,-0.5082562148430412,-0.8301639344262295,,,-0.5082562148430412,,-0.8301639344262295,
40900,"Sacramento-Roseville-Folsom, CA",2010,-0.002952029520295163,0.9536679536679538,,,-0.002952029520295163,,0.9536679536679538,
40900,"Sacramento-Roseville-Folsom, CA",2011,-0.07809030347890455,0.2055335968379446,,,-0.07809030347890455,,0.2055335968379446,
40900,"Sacramento-Roseville-Folsom, CA",2012,0.36812525090325177,-0.15081967213114755,,,0.36812525090325177,,-0.15081967213114755,
40900,"Sacramento-Roseville-Folsom, CA",2013,0.22916666666666674,0.15444015444015435,,,0.22916666666666674,,0.15444015444015435,
40900,"Sacramento-Roseville-Folsom, CA",2014,-0.007161613750298446,-0.29264214046822745,,,-0.007161613750298446,,-0.29264214046822745,
40900,"Sacramento-Roseville-Folsom, CA",2015,0.48689588843471987,1.1394799054373523,,,0.48689588843471987,,1.1394799054373523,
40900,"Sacramento-Roseville-Folsom, CA",2016,0.16494178525226388,0.037569060773480656,0.0011037245863865664,3.256617731657021e-05,0.16494178525226388,0.0011037245863865664,0.037569060773480656,3.256617731657021e-05
40900,"Sacramento-Roseville-Folsom, CA",2017,0.31912826207662404,1.764643237486688,0.0024766675279635376,0.001827706060821648,0.31912826207662404,0.0024766675279635376,1.764643237486688,0.001827706060821648
40900,"Sacramento-Roseville-Folsom, CA",2018,-0.17152478164790064,-0.4510785824345146,-0.0018958921723481823,-0.0013143477722081284,-0.17152478164790064,-0.0018958921723481823,-0.4510785824345146,-0.0013143477722081284
40900,"Sacramento-Roseville-Folsom, CA",2019,0.19789152800711296,0.42947368421052623,0.001624107773751186,0.0006531213292832099,0.19789152800711296,0.001624107773751186,0.42947368421052623,0.0006531213292832099
40900,"Sacramento-Roseville-Folsom, CA",2020,0.18375569928957702,0.8085419734904271,,,0.18375569928957702,,0.8085419734904271,
40900,"Sacramento-Roseville-Folsom, CA",2021,0.11375850949480482,-0.2247557003257329,,,0.11375850949480482,,-0.2247557003257329,
40900,"Sacramento-Roseville-Folsom, CA",2022,-0.13141386520829978,-0.18522408963585435,-0.0018776974450508237,-0.0005920830840218504,-0.13141386520829978,-0.0018776974450508237,-0.18522408963585435,-0.0005920830840218504
40900,"Sacramento-Roseville-Folsom, CA",2023,0.10564814814814816,0.6368715083798884,0.0010678953977601123,0.0015103881594092255,0.10564814814814816,0.0010678953977601123,0.6368715083798884,0.0015103881594092255
40900,"Sacramento-Roseville-Folsom, CA",2024,-0.02746838623230885,-0.29088999737463905,-0.0004400937824726916,-0.0011709106309395934,-0.02746838623230885,-0.0004400937824726916,-0.29088999737463905,-0.0011709106309395934
40900,"Sacramento-Roseville-Folsom, CA",2025,-0.07956600361663657,-0.055905220288781976,,,-0.07956600361663657,,-0.055905220288781976,
41180,"St. Louis, MO-IL",1990,,,,,,,,
41180,"St. Louis, MO-IL",1991,0.008458646616541277,-0.1880108991825613,,,0.008458646616541277,,-0.1880108991825613,
41180,"St. Louis, MO-IL",1992,0.25209692451071763,-0.41946308724832215,,,0.25209692451071763,,-0.41946308724832215,
41180,"St. Louis, MO-IL",1993,0.10401935243766292,0.5,,,0.10401935243766292,,0.5,
41180,"St. Louis, MO-IL",1994,0.12042811393898534,0.4065510597302504,,,0.12042811393898534,,0.4065510597302504,
41180,"St. Louis, MO-IL",1995,-0.12478375329071079,0.28356164383561633,,,-0.12478375329071079,,0.28356164383561633,
41180,"St. Louis, MO-IL",1996,0.09779993124785147,0.11419423692636066,,,0.09779993124785147,,0.11419423692636066,
41180,"St. Louis, MO-IL",1997,-0.12517613903240954,0.04885057471264376,,,-0.12517613903240954,,0.04885057471264376,
41180,"St. Louis, MO-IL",1998,0.1107829977628636,0.14520547945205475,,,0.1107829977628636,,0.14520547945205475,
41180,"St. Louis, MO-IL",1999,0.026262789011520127,0.13795853269537472,,,0.026262789011520127,,0.13795853269537472,
41180,"St. Louis, MO-IL",2000,-0.033911610016484794,0.4337771548703573,,,-0.033911610016484794,,0.4337771548703573,
41180,"St. Louis, MO-IL",2001,-0.018688551231006767,-0.31720430107526887,,,-0.018688551231006767,,-0.31720430107526887,
41180,"St. Louis, MO-IL",2002,0.18738097209571913,0.423765211166786,,,0.18738097209571913,,0.423765211166786,
41180,"St. Louis, MO-IL",2003,0.028800557880055866,-0.11664152840623432,,,0.028800557880055866,,-0.11664152840623432,
41180,"St. Louis, MO-IL",2004,0.06507151087914331,-0.08195788275469551,,,0.06507151087914331,,-0.08195788275469551,
41180,"St. Louis, MO-IL",2005,-0.01342837141220643,-0.09423434593924362,,,-0.01342837141220643,,-0.09423434593924362,
41180,"St. Louis, MO-IL",2006,-0.23835634111727522,-0.16221765913757702,,,-0.23835634111727522,,-0.16221765913757702,
41180,"St. Louis, MO-IL",2007,-0.1267044973320911,0.326797385620915,,,-0.1267044973320911,,0.326797385620915,
41180,"St. Louis, MO-IL",2008,-0.44389486955678403,-0.5461822660098522,,,-0.44389486955678403,,-0.5461822660098522,
41180,"St. Louis, MO-IL",2009,-0.10010463899546562,0.16689280868385348,,,-0.10010463899546562,,0.16689280868385348,
41180,"St. Louis, MO-IL",2010,0.09573643410852717,0.2127906976744185,,,0.09573643410852717,,0.2127906976744185,
41180,"St. Louis, MO-IL",2011,-0.2212592854616201,-0.30201342281879195,,,-0.2212592854616201,,-0.30201342281879195,
41180,"St. Louis, MO-IL",2012,0.24665001135589382,0.7843406593406594,,,0.24665001135589382,,0.7843406593406594,
41180,"St. Louis, MO-IL",2013,0.010748770267808405,-0.43879907621247116,,,0.010748770267808405,,-0.43879907621247116,
41180,"St. Louis, MO-IL",2014,0.26027397260273966,2.122085048010974,,,0.26027397260273966,,2.122085048010974,
41180,"St. Louis, MO-IL",2015,0.10097254004576661,0.09622144112478037,,,0.10097254004576661,,0.09622144112478037,
41180,"St. Louis, MO-IL",2016,0.0016887503247595692,-0.11623246492985972,-1.3344148529171804e-05,-0.00024035679767430915,0.0016887503247595692,-1.3344148529171804e-05,-0.11623246492985972,-0.00024035679767430915
41180,"St. Louis, MO-IL",2017,-0.053948904162884226,-0.28707482993197275,-0.0003812587664802306,-0.0005180632675214506,-0.053948904162884226,-0.0003812587664802306,-0.28707482993197275,-0.0005180632675214506
41180,"St. Louis, MO-IL",2018,0.005894448252227624,0.24300254452926207,8.165010873831431e-06,0.0002970326289100445,0.005894448252227624,8.165010873831431e-06,0.24300254452926207,0.0002970326289100445
41180,"St. Louis, MO-IL",2019,-0.03870264377214505,-0.16581371545547596,-0.000247456545194342,-0.0002618608272957825,-0.03870264377214505,-0.000247456545194342,-0.16581371545547596,-0.0002618608272957825
41180,"St. Louis, MO-IL",2020,0.11468670258009639,0.2128834355828222,,,0.11468670258009639,,0.2128834355828222,
41180,"St. Louis, MO-IL",2021,0.05888337784560593,0.23166413758219528,,,0.05888337784560593,,0.23166413758219528,
41180,"St. Louis, MO-IL",2022,0.09656497717991841,0.7256673511293634,0.0005966107705521655,0.0013779351003404467,0.09656497717991841,0.0005966107705521655,0.7256673511293634,0.0013779351003404467
41180,"St. Louis, MO-IL",2023,-0.2215772179627601,-0.45692527367920033,-0.0016200173643489413,-0.0015182411281530169,-0.2215772179627601,-0.0016200173643489413,-0.45692527367920033,-0.0015182411281530169
41180,"St. Louis, MO-IL",2024,-0.012663571127057849,-0.11612620508326033,-9.64516193452539e-05,-0.00021455429077998586,-0.012663571127057849,-9.64516193452539e-05,-0.11612620508326033,-0.00021455429077998586
41180,"St. Louis, MO-IL",2025,-0.13552800342026505,-0.24491819533961323,,,-0.13552800342026505,,-0.24491819533961323,
41620,"Salt Lake City-Murray, UT",1990,,,,,,,,
41620,"Salt Lake City-Murray, UT",1991,0.3324011186576108,-0.5741626794258373,,,0.3324011186576108,,-0.5741626794258373,
41620,"Salt Lake City-Murray, UT",1992,0.2653673163418291,0.8764044943820224,,,0.2653673163418291,,0.8764044943820224,
41620,"Salt Lake City-Murray, UT",1993,0.4895734597156398,7.790419161676647,,,0.4895734597156398,,7.754357950765131,
41620,"Salt Lake City-Murray, UT",1994,-0.06379255488386892,-0.26634877384196187,,,-0.06379255488386892,,-0.26634877384196187,
41620,"Salt Lake City-Murray, UT",1995,0.29124893797790996,0.9108635097493036,,,0.2903525830622395,,0.9108635097493036,
41620,"Salt Lake City-Murray, UT",1996,0.21371233056981187,0.39990281827016516,,,0.21371233056981187,,0.39990281827016516,
41620,"Salt Lake City-Murray, UT",1997,-0.3418627344681774,-0.615411315515446,,,-0.3381873481692278,,-0.615411315515446,
41620,"Salt Lake City-Murray, UT",1998,0.14975288303130152,0.1543321299638989,,,0.14975288303130152,,0.1543321299638989,
41620,"Salt Lake City-Murray, UT",1999,-0.1126235850408368,-0.12900703674745895,,,-0.1126235850408368,,-0.12900703674745895,
41620,"Salt Lake City-Murray, UT",2000,-0.1467786210237365,-0.3491921005385996,,,-0.1467786210237365,,-0.3491921005385996,
41620,"Salt Lake City-Murray, UT",2001,0.13815291445874345,0.9227586206896552,,,0.13815291445874345,,0.9227586206896552,
41620,"Salt Lake City-Murray, UT",2002,0.032923179248420364,-0.08321377331420376,,,0.032923179248420364,,-0.08321377331420376,
41620,"Salt Lake City-Murray, UT",2003,0.21007726980038632,0.1619718309859155,,,0.21007726980038632,,0.1619718309859155,
41620,"Salt Lake City-Murray, UT",2004,-0.07409870959159237,-0.3023569023569024,,,-0.07409870959159237,,-0.3023569023569024,
41620,"Salt Lake City-Murray, UT",2005,0.19755747126436773,0.5057915057915059,,,0.19755747126436773,,0.5057915057915059,
41620,"Salt Lake City-Murray, UT",2006,-0.17528494301139774,-0.5147435897435897,,,-0.17528494301139774,,-0.5147435897435897,
41620,"Salt Lake City-Murray, UT",2007,-0.2590922315973232,0.7635402906208719,,,-0.2590922315973232,,0.7635402906208719,
41620,"Salt Lake City-Murray, UT",2008,-0.24680934616139805,0.5865168539325842,,,-0.24680934616139805,,0.5865168539325842,
41620,"Salt Lake City-Murray, UT",2009,0.12356621480709062,0.2922568460812087,,,0.12356621480709062,,0.2922568460812087,
41620,"Salt Lake City-Murray, UT",2010,-0.362877030162413,-0.6832298136645962,,,-0.3275476617569345,,-0.6832298136645962,
41620,"Salt Lake City-Murray, UT",2011,0.21959213401310995,0.41983852364475194,,,0.21959213401310995,,0.41983852364475194,
41620,"Salt Lake City-Murray, UT",2012,0.12391758733950442,-0.18440292445166528,,,0.12391758733950442,,-0.18440292445166528,
41620,"Salt Lake City-Murray, UT",2013,0.4086078639744952,0.7918326693227091,,,0.4086078639744952,,0.7918326693227091,
41620,"Salt Lake City-Murray, UT",2014,0.003017729158808047,0.1172873818788216,,,0.003017729158808047,,0.1172873818788216,
41620,"Salt Lake City-Murray, UT",2015,0.27021436630312157,0.3965174129353233,,,0.27021436630312157,,0.3965174129353233,
41620,"Salt Lake City-Murray, UT",2016,0.2925240562546263,0.5023156394727466,0.0045970293530650935,0.0033551435488418796,0.2925240562546263,0.0045970293530650935,0.5023156394727466,0.0033551435488418796
41620,"Salt Lake City-Murray, UT",2017,-0.15622494559615163,-0.4723737253972018,-0.003840188917419104,-0.005036578542648814,-0.15622494559615163,-0.0037543056191152407,-0.4723737253972018,-0.004375347865366071
41620,"Salt Lake City-Murray, UT",2018,0.18772906203339224,0.28629213483146065,0.002950673080116137,0.0014057839472491089,0.18772906203339224,0.002950673080116137,0.28629213483146065,0.0014057839472491089
41620,"Salt Lake City-Murray, UT",2019,0.22057142857142864,0.9468902865129281,0.004038591893435851,0.006103446886389417,0.22057142857142864,0.004038591893435851,0.9468902865129281,0.006003529685001801
41620,"Salt Lake City-Murray, UT",2020,0.033052434456928736,-0.050610193826274186,,,0.033052434456928736,,-0.050610193826274186,
41620,"Salt Lake City-Murray, UT",2021,0.05519804223692559,0.1060491493383744,,,0.05519804223692559,,0.1060491493383744,
41620,"Salt Lake City-Murray, UT",2022,-0.13227967703143795,0.013843787386771389,-0.0038406831051233763,-0.00013464096213855643,-0.13227967703143795,-0.0038406831051233763,0.013843787386771389,-0.00013464096213855643
41620,"Salt Lake City-Murray, UT",2023,-0.08582458919025937,-0.042144302090357355,-0.002160244563432244,-0.0007338565567825382,-0.08582458919025937,-0.002160244563432244,-0.042144302090357355,-0.0007338565567825382
41620,"Salt Lake City-Murray, UT",2024,-0.41017866811044934,-0.7067933826117565,-0.008028482868521678,-0.008351676704395801,-0.40594144758244544,-0.007981045147937078,-0.7067933826117565,-0.0082867230371471
41620,"Salt Lake City-Murray, UT",2025,0.41398935193684605,1.683673469387755,,,0.41398935193684605,,1.683673469387755,
41700,"San Antonio-New Braunfels, TX",1990,,,,,,,,
41700,"San Antonio-New Braunfels, TX",1991,0.1942826892535734,-0.5571428571428572,,,0.1942826892535734,,-0.5571428571428572,
41700,"San Antonio-New Braunfels, TX",1992,0.8577127659574468,10.774193548387096,,,0.8577127659574468,,7.789166666666668,
41700,"San Antonio-New Braunfels, TX",1993,0.5313767597232164,2.4465753424657533,,,0.5298803294175521,,2.4465753424657533,
41700,"San Antonio-New Braunfels, TX",1994,0.5146463072608289,1.4809220985691574,,,0.5139442072704089,,1.4809220985691574,
41700,"San Antonio-New Braunfels, TX",1995,-0.11994650756095049,-0.456264017942967,,,-0.11994650756095049,,-0.456264017942967,
41700,"San Antonio-New Braunfels, TX",1996,0.16797194623027467,0.5839717147908072,,,0.16797194623027467,,0.5839717147908072,
41700,"San Antonio-New Braunfels, TX",1997,-0.06114891913530829,-0.2064732142857143,,,-0.06114891913530829,,-0.2064732142857143,
41700,"San Antonio-New Braunfels, TX",1998,0.06832960238780506,-0.5011720581340835,,,0.06832960238780506,,-0.5011720581340835,
41700,"San Antonio-New Braunfels, TX",1999,0.41847934544003196,3.682330827067669,,,0.41847934544003196,,3.662695325269695,
41700,"San Antonio-New Braunfels, TX",2000,-0.2279122115925718,-0.5859092733841831,,,-0.2279122115925718,,-0.5859092733841831,
41700,"San Antonio-New Braunfels, TX",2001,0.19679300291545188,0.6539020843431895,,,0.19679300291545188,,0.6539020843431895,
41700,"San Antonio-New Braunfels, TX",2002,0.0089068209500609,-0.2570339976553341,,,0.0089068209500609,,-0.2570339976553341,
41700,"San Antonio-New Braunfels, TX",2003,0.009205462914057216,-0.11794871794871797,,,0.009205462914057216,,-0.11794871794871797,
41700,"San Antonio-New Braunfels, TX",2004,0.3113271028037383,1.0295169946332736,,,0.3113271028037383,,1.0295169946332736,
41700,"San Antonio-New Braunfels, TX",2005,0.27173727122412905,0.6073159982371088,,,0.27173727122412905,,0.6073159982371088,
41700,"San Antonio-New Braunfels, TX",2006,-0.11405514458641564,-0.2621332602138744,,,-0.11405514458641564,,-0.2621332602138744,
41700,"San Antonio-New Braunfels, TX",2007,-0.32721016142907744,-0.32422891118543296,,,-0.32721016142907744,,-0.32422891118543296,
41700,"San Antonio-New Braunfels, TX",2008,-0.20466340729597599,0.20346439373109715,,,-0.20466340729597599,,0.20346439373109715,
41700,"San Antonio-New Braunfels, TX",2009,-0.43975789672782295,-0.9182088188256797,,,-0.43975789672782295,,-0.9182088188256797,
41700,"San Antonio-New Braunfels, TX",2010,0.1588453747467926,3.594972067039106,,,0.1588453747467926,,3.594972067039106,
41700,"San Antonio-New Braunfels, TX",2011,0.03816460305899483,0.6316109422492402,,,0.03816460305899483,,0.6316109422492402,
41700,"San Antonio-New Braunfels, TX",2012,0.12305317805528282,0.028315946348733245,,,0.12305317805528282,,0.028315946348733245,
41700,"San Antonio-New Braunfels, TX",2013,-0.23438280859570215,-0.9358695652173913,,,-0.23438280859570215,,-0.8718404318249039,
41700,"San Antonio-New Braunfels, TX",2014,0.6860313315926894,20.90960451977401,,,0.6776827733448052,,16.39089622641509,
41700,"San Antonio-New Braunfels, TX",2015,-0.24274099883855982,-0.6941722537390407,,,-0.24274099883855982,,-0.6941722537390407,
41700,"San Antonio-New Braunfels, TX",2016,0.5645449897750512,3.578414839797639,0.004925834512542667,0.0048058074281768755,0.5187913845761102,0.004925834512542667,3.578414839797639,0.0040992059766695255
41700,"San Antonio-New Braunfels, TX",2017,0.022465484846009298,-0.1535911602209945,0.00011029908914766268,-0.0010212583614230102,0.022465484846009298,0.00011029908914766268,-0.1535911602209945,-0.0010212583614230102
41700,"San Antonio-New Braunfels, TX",2018,-0.08141578779162673,-0.2689295039164491,-0.0013195151978936809,-0.0014358989163220249,-0.08141578779162673,-0.0013195151978936809,-0.2689295039164491,-0.0014358989163220249
41700,"San Antonio-New Braunfels, TX",2019,0.3825345742367574,0.9494047619047619,0.004690987648049436,0.0034538815838664524,0.3825345742367574,0.004690987648049436,0.9494047619047619,0.0034538815838664524
41700,"San Antonio-New Braunfels, TX",2020,0.05045611827618757,-0.10900763358778631,,,0.05045611827618757,,-0.10900763358778631,
41700,"San Antonio-New Braunfels, TX",2021,0.3334131879978439,0.3838245373543523,,,0.3334131879978439,,0.3838245373543523,
41700,"San Antonio-New Braunfels, TX",2022,0.09306503772906938,0.7010896483407627,0.00152910389184574,0.00519899269725479,0.09306503772906938,0.00152910389184574,0.7010896483407627,0.00519899269725479
41700,"San Antonio-New Braunfels, TX",2023,-0.32260848126232744,-0.4724122870869122,-0.007778654566053403,-0.006293565690009957,-0.32260848126232744,-0.007778654566053403,-0.4724122870869122,-0.006293565690009957
41700,"San Antonio-New Braunfels, TX",2024,-0.09875644525326055,-0.47530353200883,-0.0016919398915409625,-0.0032324158257274497,-0.09875644525326055,-0.0016919398915409625,-0.47530353200883,-0.0032324158257274497
41700,"San Antonio-New Braunfels, TX",2025,-0.290166251598573,-0.514593741782803,,,-0.290166251598573,,-0.514593741782803,
41740,"San Diego-Chula Vista-Carlsbad, CA",1990,,,,,,,,
41740,"San Diego-Chula Vista-Carlsbad, CA",1991,-0.4984108822781592,-0.7876273104488872,,,-0.49797969361225947,,-0.7876273104488872,
41740,"San Diego-Chula Vista-Carlsbad, CA",1992,-0.2306425041186162,0.0331557134399052,,,-0.22976657921334062,,0.0331557134399052,
41740,"San Diego-Chula Vista-Carlsbad, CA",1993,-0.05287432054027341,-0.34555873925501435,,,-0.05287432054027341,,-0.34555873925501435,
41740,"San Diego-Chula Vista-Carlsbad, CA",1994,0.2074782608695651,-0.030647985989492144,,,0.2074782608695651,,-0.030647985989492144,
41740,"San Diego-Chula Vista-Carlsbad, CA",1995,-0.04464928705170679,0.21589882565492324,,,-0.04464928705170679,,0.21589882565492324,
41740,"San Diego-Chula Vista-Carlsbad, CA",1996,0.032413689130107004,-0.6441307578008915,,,0.032413689130107004,,-0.6441307578008915,
41740,"San Diego-Chula Vista-Carlsbad, CA",1997,0.626606308411215,3.979123173277662,,,0.6127763772749626,,3.979123173277662,
41740,"San Diego-Chula Vista-Carlsbad, CA",1998,0.06751054852320681,-0.039412997903563896,,,0.06751054852320681,,-0.039412997903563896,
41740,"San Diego-Chula Vista-Carlsbad, CA",1999,0.3703641409469347,1.5700567437800088,,,0.3703641409469347,,1.5700567437800088,
41740,"San Diego-Chula Vista-Carlsbad, CA",2000,-0.043142068119054966,-0.03549592391304346,,,-0.043142068119054966,,-0.03549592391304346,
41740,"San Diego-Chula Vista-Carlsbad, CA",2001,-0.011993329912775796,-0.029230498327170285,,,-0.011993329912775796,,-0.029230498327170285,
41740,"San Diego-Chula Vista-Carlsbad, CA",2002,-0.11171697500811428,-0.24433157990204968,,,-0.11171697500811428,,-0.24433157990204968,
41740,"San Diego-Chula Vista-Carlsbad, CA",2003,0.31767027185033614,0.6790686509841575,,,0.31767027185033614,,0.6790686509841575,
41740,"San Diego-Chula Vista-Carlsbad, CA",2004,-0.13554434030281182,-0.25403859899928516,,,-0.13554434030281182,,-0.25403859899928516,
41740,"San Diego-Chula Vista-Carlsbad, CA",2005,-0.08218387117469683,0.08317362974319664,,,-0.08218387117469683,,0.08317362974319664,
41740,"San Diego-Chula Vista-Carlsbad, CA",2006,-0.3575422899482734,-0.30166312809624907,,,-0.3575422899482734,,-0.30166312809624907,
41740,"San Diego-Chula Vista-Carlsbad, CA",2007,-0.1910564682841911,-0.10235621991385868,,,-0.1910564682841911,,-0.10235621991385868,
41740,"San Diego-Chula Vista-Carlsbad, CA",2008,-0.2794889038332212,-0.20180637877504937,,,-0.2794889038332212,,-0.20180637877504937,
41740,"San Diego-Chula Vista-Carlsbad, CA",2009,-0.450065335075602,-0.6262376237623762,,,-0.450065335075602,,-0.6262376237623762,
41740,"San Diego-Chula Vista-Carlsbad, CA",2010,0.18601493550577053,-0.022705771050141932,,,0.18601493550577053,,-0.022705771050141932,
41740,"San Diego-Chula Vista-Carlsbad, CA",2011,0.5369204350314825,1.8635043562439497,,,0.5237256962161291,,1.8635043562439497,
41740,"San Diego-Chula Vista-Carlsbad, CA",2012,0.05512104283053998,0.02096010818120342,,,0.05512104283053998,,0.02096010818120342,
41740,"San Diego-Chula Vista-Carlsbad, CA",2013,0.45852453229791745,0.7764900662251655,,,0.45852453229791745,,0.7764900662251655,
41740,"San Diego-Chula Vista-Carlsbad, CA",2014,-0.1680784123910939,-0.23634669151910537,,,-0.1680784123910939,,-0.23634669151910537,
41740,"San Diego-Chula Vista-Carlsbad, CA",2015,0.43752727272727276,0.5567488406150842,,,0.43752727272727276,,0.5567488406150842,
41740,"San Diego-Chula Vista-Carlsbad, CA",2016,0.09187493676009306,0.2525870178739418,0.0007007770213080071,0.0013047287511673304,0.09187493676009306,0.0007007770213080071,0.2525870178739418,0.0013047287511673304
41740,"San Diego-Chula Vista-Carlsbad, CA",2017,-0.03243443610416086,-0.2881462010264113,-0.00037599850712379673,-0.001960759636937476,-0.03243443610416086,-0.00037599850712379673,-0.2881462010264113,-0.001960759636937476
41740,"San Diego-Chula Vista-Carlsbad, CA",2018,-0.05813619385116364,-0.003516792685071213,-0.0005668201947307983,-5.504130050621586e-05,-0.05813619385116364,-0.0005668201947307983,-0.003516792685071213,-5.504130050621586e-05
41740,"San Diego-Chula Vista-Carlsbad, CA",2019,-0.1645312182224934,-0.1739897653079231,-0.0013733164196529238,-0.0008348355583435328,-0.1645312182224934,-0.0013733164196529238,-0.1739897653079231,-0.0008348355583435328
41740,"San Diego-Chula Vista-Carlsbad, CA",2020,0.15287244401168443,0.304422132023072,,,0.15287244401168443,,0.304422132023072,
41740,"San Diego-Chula Vista-Carlsbad, CA",2021,0.060810810810810745,0.04798558794628227,,,0.060810810810810745,,0.04798558794628227,
41740,"San Diego-Chula Vista-Carlsbad, CA",2022,-0.06986464968152861,-0.16533833411470544,-0.0006252712984100945,-0.0008880148599686695,-0.06986464968152861,-0.0006252712984100945,-0.16533833411470544,-0.0008880148599686695
41740,"San Diego-Chula Vista-Carlsbad, CA",2023,0.22715600256794355,0.4888597640891219,0.001594851823195285,0.0020189930215037235,0.22715600256794355,0.001594851823195285,0.4888597640891219,0.0020189930215037235
41740,"San Diego-Chula Vista-Carlsbad, CA",2024,0.008980730665271608,-0.08853118712273644,1.0751778834219156e-05,-0.0006022305318638061,0.008980730665271608,1.0751778834219156e-05,-0.08853118712273644,-0.0006022305318638061
41740,"San Diego-Chula Vista-Carlsbad, CA",2025,0.011666090563428932,0.008692052980132425,,,0.011666090563428932,,0.008692052980132425,
41860,"San Francisco-Oakland-Fremont, CA",1990,,,,,,,,
41860,"San Francisco-Oakland-Fremont, CA",1991,-0.06782106782106778,0.12832852101379522,,,-0.06782106782106778,,0.12832852101379522,
41860,"San Francisco-Oakland-Fremont, CA",1992,-0.02410437859354264,-0.4168325277224908,,,-0.02410437859354264,,-0.4168325277224908,
41860,"San Francisco-Oakland-Fremont, CA",1993,-0.15205075912077948,-0.09946367625548513,,,-0.15205075912077948,,-0.09946367625548513,
41860,"San Francisco-Oakland-Fremont, CA",1994,0.22407803313735974,0.018949648077964287,,,0.22407803313735974,,0.018949648077964287,
41860,"San Francisco-Oakland-Fremont, CA",1995,-0.06167448968453226,-0.19287991498405954,,,-0.06167448968453226,,-0.19287991498405954,
41860,"San Francisco-Oakland-Fremont, CA",1996,0.16903210795718948,0.6662277814351547,,,0.16903210795718948,,0.6662277814351547,
41860,"San Francisco-Oakland-Fremont, CA",1997,0.3570504527813714,0.6914263137099961,,,0.3570504527813714,,0.6914263137099961,
41860,"San Francisco-Oakland-Fremont, CA",1998,0.11718119821075024,0.36533520205559444,,,0.11718119821075024,,0.36533520205559444,
41860,"San Francisco-Oakland-Fremont, CA",1999,-0.0021660649819494893,-0.28212147134302823,,,-0.0021660649819494893,,-0.28212147134302823,
41860,"San Francisco-Oakland-Fremont, CA",2000,-0.005854492829890812,0.3779790276453765,,,-0.005854492829890812,,0.3779790276453765,
41860,"San Francisco-Oakland-Fremont, CA",2001,-0.26546681664791905,-0.35385679695607053,,,-0.24640414930468693,,-0.35385679695607053,
41860,"San Francisco-Oakland-Fremont, CA",2002,0.12971804341951176,-0.04443254817987152,,,0.12971804341951176,,-0.04443254817987152,
41860,"San Francisco-Oakland-Fremont, CA",2003,0.18236185312176056,0.60812324929972,,,0.18236185312176056,,0.60812324929972,
41860,"San Francisco-Oakland-Fremont, CA",2004,0.027717831130294135,0.18359170876153974,,,0.027717831130294135,,0.18359170876153974,
41860,"San Francisco-Oakland-Fremont, CA",2005,-0.023361112933919514,-0.05680647534952166,,,-0.023361112933919514,,-0.05680647534952166,
41860,"San Francisco-Oakland-Fremont, CA",2006,-0.02687630182086942,0.2814791699173038,,,-0.02687630182086942,,0.2814791699173038,
41860,"San Francisco-Oakland-Fremont, CA",2007,-0.2708692950355589,-0.36673566297333493,,,-0.2708692950355589,,-0.36673566297333493,
41860,"San Francisco-Oakland-Fremont, CA",2008,-0.2845643939393939,-0.03480099980772933,,,-0.2845643939393939,,-0.03480099980772933,
41860,"San Francisco-Oakland-Fremont, CA",2009,-0.5301125082726671,-0.7749003984063745,,,-0.5301125082726671,,-0.7749003984063745,
41860,"San Francisco-Oakland-Fremont, CA",2010,0.3016901408450705,1.0761061946902655,,,0.3016901408450705,,1.0761061946902655,
41860,"San Francisco-Oakland-Fremont, CA",2011,0.2514607227872754,0.592071611253197,,,0.2514607227872754,,0.592071611253197,
41860,"San Francisco-Oakland-Fremont, CA",2012,0.5844717274770881,0.5641231593038822,,,0.5844717274770881,,0.5641231593038822,
41860,"San Francisco-Oakland-Fremont, CA",2013,0.1919676961693768,0.2081478945566586,,,0.1919676961693768,,0.2081478945566586,
41860,"San Francisco-Oakland-Fremont, CA",2014,-0.08432521516205826,-0.13204873901955227,,,-0.08432521516205826,,-0.13204873901955227,
41860,"San Francisco-Oakland-Fremont, CA",2015,0.33846615338466157,0.3609206660137121,,,0.33846615338466157,,0.3609206660137121,
41860,"San Francisco-Oakland-Fremont, CA",2016,0.104661586732407,0.1496941345807845,0.0007403236073212811,0.0006705623449612206,0.104661586732407,0.0007403236073212811,0.1496941345807845,0.0006705623449612206
41860,"San Francisco-Oakland-Fremont, CA",2017,0.14641238926083733,0.23870631194574865,0.0011209394221829757,0.0012156464061229173,0.14641238926083733,0.0011209394221829757,0.23870631194574865,0.0012156464061229173
41860,"San Francisco-Oakland-Fremont, CA",2018,0.02766635205285506,0.0915522614335047,0.00017321417123958988,0.0005368966503673479,0.02766635205285506,0.00017321417123958988,0.0915522614335047,0.0005368966503673479
41860,"San Francisco-Oakland-Fremont, CA",2019,-0.20320303082486657,-0.26481481481481484,-0.0020084292552544625,-0.0019276445709172606,-0.20320303082486657,-0.0020084292552544625,-0.26481481481481484,-0.0019276445709172606
41860,"San Francisco-Oakland-Fremont, CA",2020,-0.2683524241769325,-0.3087741393786734,,,-0.2683524241769325,,-0.3087741393786734,
41860,"San Francisco-Oakland-Fremont, CA",2021,0.33970066955494294,0.36106893410264207,,,0.33970066955494294,,0.36106893410264207,
41860,"San Francisco-Oakland-Fremont, CA",2022,-0.17830368954872855,-0.15595716198125842,-0.001341434362319308,-0.0007771003984423973,-0.17830368954872855,-0.001341434362319308,-0.15595716198125842,-0.0007771003984423973
41860,"San Francisco-Oakland-Fremont, CA",2023,-0.32647584973166366,-0.42479513613534237,-0.0019846283496877505,-0.0017351829233993431,-0.32647584973166366,-0.0019846283496877505,-0.42479513613534237,-0.0017351829233993431
41860,"San Francisco-Oakland-Fremont, CA",2024,-0.21460823373173976,-0.31295955882352944,-0.0008703427030153847,-0.0007272854103570314,-0.21460823373173976,-0.0008703427030153847,-0.31295955882352944,-0.0007272854103570314
41860,"San Francisco-Oakland-Fremont, CA",2025,0.3104497801826176,0.6334448160535118,,,0.3104497801826176,,0.6334448160535118,
41940,"San Jose-Sunnyvale-Santa Clara, CA",1990,,,,,,,,
41940,"San Jose-Sunnyvale-Santa Clara, CA",1991,-0.23836657169990505,-0.3509933774834437,,,-0.23836657169990505,,-0.3509933774834437,
41940,"San Jose-Sunnyvale-Santa Clara, CA",1992,-0.14812967581047387,-0.3107142857142857,,,-0.14812967581047387,,-0.3107142857142857,
41940,"San Jose-Sunnyvale-Santa Clara, CA",1993,0.13173302107728335,0.10584752035529243,,,0.13173302107728335,,0.10584752035529243,
41940,"San Jose-Sunnyvale-Santa Clara, CA",1994,0.152871184687015,0.04886211512717531,,,0.152871184687015,,0.04886211512717531,
41940,"San Jose-Sunnyvale-Santa Clara, CA",1995,-0.14179941664796947,-0.3305679642629228,,,-0.14179941664796947,,-0.3305679642629228,
41940,"San Jose-Sunnyvale-Santa Clara, CA",1996,1.0951633986928107,2.013346043851287,,,0.5945446427246618,,2.013346043851287,
41940,"San Jose-Sunnyvale-Santa Clara, CA",1997,0.10406788120788613,0.2230306864916165,,,0.10406788120788613,,0.2230306864916165,
41940,"San Jose-Sunnyvale-Santa Clara, CA",1998,-0.08759041591320071,-0.14278323848939467,,,-0.08759041591320071,,-0.14278323848939467,
41940,"San Jose-Sunnyvale-Santa Clara, CA",1999,-0.095503530286139,0.00844900422450201,,,-0.095503530286139,,0.00844900422450201,
41940,"San Jose-Sunnyvale-Santa Clara, CA",2000,-0.017118597644480982,0.07330939557151406,,,-0.017118597644480982,,0.07330939557151406,
41940,"San Jose-Sunnyvale-Santa Clara, CA",2001,-0.1220565695973248,0.18204627822693054,,,-0.1220565695973248,,0.18204627822693054,
41940,"San Jose-Sunnyvale-Santa Clara, CA",2002,-0.2666243453420092,-0.47853773584905657,,,-0.262170426431009,,-0.47853773584905657,
41940,"San Jose-Sunnyvale-Santa Clara, CA",2003,0.5371131789655919,0.9846223428312981,,,0.5371131789655919,,0.9846223428312981,
41940,"San Jose-Sunnyvale-Santa Clara, CA",2004,-0.22680557510910881,-0.43094804010938925,,,-0.22680557510910881,,-0.43094804010938925,
41940,"San Jose-Sunnyvale-Santa Clara, CA",2005,0.04442825928623462,0.23748498197837398,,,0.04442825928623462,,0.23748498197837398,
41940,"San Jose-Sunnyvale-Santa Clara, CA",2006,0.07217573221757312,0.2618122977346278,,,0.07217573221757312,,0.2618122977346278,
41940,"San Jose-Sunnyvale-Santa Clara, CA",2007,-0.3180487804878048,-0.44780713003334194,,,-0.3180487804878048,,-0.44780713003334194,
41940,"San Jose-Sunnyvale-Santa Clara, CA",2008,-0.167858845970434,0.1300510915002322,,,-0.167858845970434,,0.1300510915002322,
41940,"San Jose-Sunnyvale-Santa Clara, CA",2009,-0.6865329512893983,-0.8286066584463625,,,-0.6860221795116006,,-0.8286066584463625,
41940,"San Jose-Sunnyvale-Santa Clara, CA",2010,2.819926873857404,6.892086330935252,,,1.3731332784933672,,6.892086330935252,
41940,"San Jose-Sunnyvale-Santa Clara, CA",2011,-0.25891361569753535,-0.3792160437556974,,,-0.25891361569753535,,-0.3792160437556974,
41940,"San Jose-Sunnyvale-Santa Clara, CA",2012,0.7862447529867613,0.9290259422418012,,,0.7862447529867613,,0.9290259422418012,
41940,"San Jose-Sunnyvale-Santa Clara, CA",2013,0.40347071583514094,0.46105049479827453,,,0.40347071583514094,,0.46105049479827453,
41940,"San Jose-Sunnyvale-Santa Clara, CA",2014,0.29276146316331797,0.39232372351510936,,,0.29276146316331797,,0.39232372351510936,
41940,"San Jose-Sunnyvale-Santa Clara, CA",2015,-0.42333366543787987,-0.5286266683297991,,,-0.418026668767421,,-0.5286266683297991,
41940,"San Jose-Sunnyvale-Santa Clara, CA",2016,0.06548030407740146,0.04366234453559148,0.0004962264444392534,0.0002033591809039578,0.06548030407740146,0.0004962264444392534,0.04366234453559148,0.0002033591809039578
41940,"San Jose-Sunnyvale-Santa Clara, CA",2017,0.3846278579536242,0.4870689655172413,0.0033521949565322832,0.002729360417353786,0.3846278579536242,0.0033521949565322832,0.4870689655172413,0.002729360417353786
41940,"San Jose-Sunnyvale-Santa Clara, CA",2018,0.02400749502283639,0.06325660699062241,0.00015322196200085424,0.00043505530573364863,0.02400749502283639,0.00015322196200085424,0.06325660699062241,0.00043505530573364863
41940,"San Jose-Sunnyvale-Santa Clara, CA",2019,-0.2875114364135407,-0.4304041051956382,-0.003707226510308118,-0.003905542139144213,-0.2852494441018843,-0.003707226510308118,-0.4304041051956382,-0.0038583115447272803
41940,"San Jose-Sunnyvale-Santa Clara, CA",2020,-0.060834670947030545,0.1283783783783783,,,-0.060834670947030545,,0.1283783783783783,
41940,"San Jose-Sunnyvale-Santa Clara, CA",2021,-0.22594428302854208,-0.4792914171656687,,,-0.2257956977957085,,-0.4792914171656687,
41940,"San Jose-Sunnyvale-Santa Clara, CA",2022,1.0816957385736368,1.621945376137997,0.006781486932870393,0.004694287953390533,1.062280375582175,0.005665387128299964,1.621945376137997,0.004694287953390533
41940,"San Jose-Sunnyvale-Santa Clara, CA",2023,-0.339520577004667,-0.24506578947368418,-0.004540842325351046,-0.0019232039577597344,-0.339520577004667,-0.004540842325351046,-0.24506578947368418,-0.0019232039577597344
41940,"San Jose-Sunnyvale-Santa Clara, CA",2024,-0.33916813875060225,-0.5463568143306705,-0.0029415845476283625,-0.0031245450595736393,-0.33916813875060225,-0.0029415845476283625,-0.5463568143306705,-0.0031245450595736393
41940,"San Jose-Sunnyvale-Santa Clara, CA",2025,0.35358444714459303,0.8585912486659553,,,0.35358444714459303,,0.8585912486659553,
42540,"Scranton--Wilkes-Barre, PA",1990,,,,,,,,
42540,"Scranton--Wilkes-Barre, PA",1991,-0.14578947368421058,-0.9266862170087976,,,-0.14578947368421058,,-0.9266862170087976,
42540,"Scranton--Wilkes-Barre, PA",1992,0.04251386321626627,0.6399999999999999,,,0.04251386321626627,,0.6399999999999999,
42540,"Scranton--Wilkes-Barre, PA",1993,-0.17198581560283688,-0.8780487804878049,,,-0.17198581560283688,,-0.8780487804878049,
42540,"Scranton--Wilkes-Barre, PA",1994,-0.04496788008565311,0.0,,,-0.04496788008565311,,0.0,
42540,"Scranton--Wilkes-Barre, PA",1995,-0.1337817638266069,7.199999999999999,,,-0.1337817638266069,,7.199999999999999,
42540,"Scranton--Wilkes-Barre, PA",1996,0.030198446937014678,0.6097560975609757,,,0.030198446937014678,,0.6097560975609757,
42540,"Scranton--Wilkes-Barre, PA",1997,0.08710217755443894,0.8484848484848484,,,0.08710217755443894,,0.8484848484848484,
42540,"Scranton--Wilkes-Barre, PA",1998,-0.10785824345146378,-0.6475409836065573,,,-0.10785824345146378,,-0.6475409836065573,
42540,"Scranton--Wilkes-Barre, PA",1999,-0.00949913644214162,-0.06976744186046513,,,-0.00949913644214162,,-0.06976744186046513,
42540,"Scranton--Wilkes-Barre, PA",2000,0.06451612903225801,2.0,,,0.06451612903225801,,2.0,
42540,"Scranton--Wilkes-Barre, PA",2001,-0.03521703521703523,-0.825,,,-0.03521703521703523,,-0.8248333333333333,
42540,"Scranton--Wilkes-Barre, PA",2002,0.2911714770797962,3.238095238095238,,,0.2911714770797962,,3.2238095238095235,
42540,"Scranton--Wilkes-Barre, PA",2003,0.00591715976331364,-0.348314606741573,,,0.00591715976331364,,-0.348314606741573,
42540,"Scranton--Wilkes-Barre, PA",2004,0.04444444444444451,-0.2586206896551724,,,0.04444444444444451,,-0.2586206896551724,
42540,"Scranton--Wilkes-Barre, PA",2005,-0.1351689612015019,-0.2790697674418605,,,-0.1351689612015019,,-0.2790697674418605,
42540,"Scranton--Wilkes-Barre, PA",2006,0.06657018813314042,1.6129032258064515,,,0.06657018813314042,,1.6129032258064515,
42540,"Scranton--Wilkes-Barre, PA",2007,-0.03934871099050208,0.24691358024691357,,,-0.03934871099050208,,0.24691358024691357,
42540,"Scranton--Wilkes-Barre, PA",2008,-0.5056497175141244,-0.7128712871287128,,,-0.5056497175141244,,-0.7128712871287128,
42540,"Scranton--Wilkes-Barre, PA",2009,0.011428571428571344,0.17241379310344818,,,0.011428571428571344,,0.17241379310344818,
42540,"Scranton--Wilkes-Barre, PA",2010,-0.029661016949152574,-1.0,,,-0.029661016949152574,,-0.9986012861736334,
42540,"Scranton--Wilkes-Barre, PA",2011,-0.3609898107714702,,,,-0.3609898107714702,,,
42540,"Scranton--Wilkes-Barre, PA",2012,0.07061503416856496,-1.0,,,0.07061503416856496,,-1.0,
42540,"Scranton--Wilkes-Barre, PA",2013,0.09787234042553195,,,,0.09787234042553195,,,
42540,"Scranton--Wilkes-Barre, PA",2014,3.4593023255813957,0.2615384615384615,,,0.6776827733448052,,0.2615384615384615,
42540,"Scranton--Wilkes-Barre, PA",2015,-0.6388526727509778,-0.8658536585365854,,,-0.418026668767421,,-0.8658536585365854,
42540,"Scranton--Wilkes-Barre, PA",2016,0.22503008423586035,12.818181818181818,0.0007195179507403513,0.0005424877816668546,0.22503008423586035,0.0007195179507403513,12.47426573426568,0.0005424877816668546
42540,"Scranton--Wilkes-Barre, PA",2017,-0.4302554027504911,-0.22368421052631582,-0.0017208831908743843,-0.0001380777194300417,-0.21486416809788117,-0.0017208831908743843,-0.22368421052631582,-0.0001380777194300417
42540,"Scranton--Wilkes-Barre, PA",2018,-0.04655172413793107,-0.728813559322034,-0.00010519406937970367,-0.0003257558905262533,-0.04655172413793107,-0.00010519406937970367,-0.728813559322034,-0.0003257558905262533
42540,"Scranton--Wilkes-Barre, PA",2019,-0.0452079566003617,0.90625,-9.699901810439121e-05,0.00010934644598666545,-0.0452079566003617,-9.699901810439121e-05,0.90625,0.00010934644598666545
42540,"Scranton--Wilkes-Barre, PA",2020,0.10606060606060597,0.8688524590163935,,,0.10606060606060597,,0.8688524590163935,
42540,"Scranton--Wilkes-Barre, PA",2021,0.10273972602739723,-0.32456140350877194,,,0.10273972602739723,,-0.32456140350877194,
42540,"Scranton--Wilkes-Barre, PA",2022,-0.05590062111801242,-0.4025974025974026,-0.00014075056347065016,-0.00011780647968806184,-0.05590062111801242,-0.00014075056347065016,-0.4025974025974026,-0.00011780647968806184
42540,"Scranton--Wilkes-Barre, PA",2023,-0.05756578947368418,-0.23913043478260865,-0.00013629275429496036,-4.1846473600003106e-05,-0.05756578947368418,-0.00013629275429496036,-0.23913043478260865,-4.1846473600003106e-05
42540,"Scranton--Wilkes-Barre, PA",2024,0.04013961605584648,-0.5428571428571429,8.329591800245112e-05,-7.183418602008717e-05,0.04013961605584648,8.329591800245112e-05,-0.5428571428571429,-7.183418602008717e-05
42540,"Scranton--Wilkes-Barre, PA",2025,0.07214765100671139,2.4375,,,0.07214765100671139,,2.4375,
42660,"Seattle-Tacoma-Bellevue, WA",1990,,,,,,,,
42660,"Seattle-Tacoma-Bellevue, WA",1991,-0.4912244045131634,-0.6830281581781812,,,-0.4912244045131634,,-0.6830281581781812,
42660,"Seattle-Tacoma-Bellevue, WA",1992,0.2835728952772074,0.2757281553398059,,,0.2835728952772074,,0.2757281553398059,
42660,"Seattle-Tacoma-Bellevue, WA",1993,-0.04015357542793152,-0.14783105022831056,,,-0.04015357542793152,,-0.14783105022831056,
42660,"Seattle-Tacoma-Bellevue, WA",1994,0.033777777777777684,-0.07814244250948876,,,0.033777777777777684,,-0.07814244250948876,
42660,"Seattle-Tacoma-Bellevue, WA",1995,-0.06427343078245917,0.10559457495761682,,,-0.06427343078245917,,0.10559457495761682,
42660,"Seattle-Tacoma-Bellevue, WA",1996,0.14047783138065695,0.27667031763417316,,,0.14047783138065695,,0.27667031763417316,
42660,"Seattle-Tacoma-Bellevue, WA",1997,0.12206667338100519,0.19389155799588198,,,0.12206667338100519,,0.19389155799588198,
42660,"Seattle-Tacoma-Bellevue, WA",1998,0.22138946234628842,0.5724346076458753,,,0.22138946234628842,,0.5724346076458753,
42660,"Seattle-Tacoma-Bellevue, WA",1999,-0.09090575050523608,-0.08975413581939495,,,-0.09090575050523608,,-0.08975413581939495,
42660,"Seattle-Tacoma-Bellevue, WA",2000,-0.08956792368942246,-0.1032232151822472,,,-0.08956792368942246,,-0.1032232151822472,
42660,"Seattle-Tacoma-Bellevue, WA",2001,-0.06339622641509435,-0.11163363565110285,,,-0.06339622641509435,,-0.11163363565110285,
42660,"Seattle-Tacoma-Bellevue, WA",2002,-0.005024411053704325,-0.2951852785480211,,,-0.005024411053704325,,-0.2951852785480211,
42660,"Seattle-Tacoma-Bellevue, WA",2003,-0.01857939116764329,-0.2669885550786838,,,-0.01857939116764329,,-0.2669885550786838,
42660,"Seattle-Tacoma-Bellevue, WA",2004,0.17154507062763935,0.523054403513052,,,0.17154507062763935,,0.523054403513052,
42660,"Seattle-Tacoma-Bellevue, WA",2005,0.05734410607002283,0.01954188691334302,,,0.05734410607002283,,0.01954188691334302,
42660,"Seattle-Tacoma-Bellevue, WA",2006,0.008777773423723545,0.3750196386488609,,,0.008777773423723545,,0.3750196386488609,
42660,"Seattle-Tacoma-Bellevue, WA",2007,-0.013207473876393538,0.19938299817184646,,,-0.013207473876393538,,0.19938299817184646,
42660,"Seattle-Tacoma-Bellevue, WA",2008,-0.38936346100854224,-0.32637896541869105,,,-0.38936346100854224,,-0.32637896541869105,
42660,"Seattle-Tacoma-Bellevue, WA",2009,-0.5217251160391955,-0.7539244802715316,,,-0.5217251160391955,,-0.7539244802715316,
42660,"Seattle-Tacoma-Bellevue, WA",2010,0.3532821134923845,1.0017241379310344,,,0.3532821134923845,,1.0017241379310344,
42660,"Seattle-Tacoma-Bellevue, WA",2011,0.11852589641434252,0.3718059144415733,,,0.11852589641434252,,0.3718059144415733,
42660,"Seattle-Tacoma-Bellevue, WA",2012,0.5731077471059662,0.9167015487651737,,,0.5731077471059662,,0.9167015487651737,
42660,"Seattle-Tacoma-Bellevue, WA",2013,0.10477753877504803,0.10657348766106134,,,0.10477753877504803,,0.10657348766106134,
42660,"Seattle-Tacoma-Bellevue, WA",2014,0.12481426448736999,0.22370238800078934,,,0.12481426448736999,,0.22370238800078934,
42660,"Seattle-Tacoma-Bellevue, WA",2015,0.13916093472418356,0.23514232723167483,,,0.13916093472418356,,0.23514232723167483,
42660,"Seattle-Tacoma-Bellevue, WA",2016,0.019233845169545738,-0.015146569171508806,7.539162493604493e-05,-0.00029307160047140936,0.019233845169545738,7.539162493604493e-05,-0.015146569171508806,-0.00029307160047140936
42660,"Seattle-Tacoma-Bellevue, WA",2017,0.07238416571854533,0.0764998342724561,0.000762372762821855,0.0004902184988147557,0.07238416571854533,0.000762372762821855,0.0764998342724561,0.0004902184988147557
42660,"Seattle-Tacoma-Bellevue, WA",2018,0.031169971464110713,0.08356425888293617,0.00024361288828585875,0.0006707686505098703,0.031169971464110713,0.00024361288828585875,0.08356425888293617,0.0006707686505098703
42660,"Seattle-Tacoma-Bellevue, WA",2019,-0.056304548357340556,-0.0664923846328711,-0.0012540848110349674,-0.0008918962914056337,-0.056304548357340556,-0.0012540848110349674,-0.0664923846328711,-0.0008918962914056337
42660,"Seattle-Tacoma-Bellevue, WA",2020,-0.13383961803075306,-0.2125897966638256,,,-0.13383961803075306,,-0.2125897966638256,
42660,"Seattle-Tacoma-Bellevue, WA",2021,0.3343895134337427,0.5711303541054584,,,0.3343895134337427,,0.5711303541054584,
42660,"Seattle-Tacoma-Bellevue, WA",2022,-0.13277819340988195,-0.11520102357167461,-0.002716769183339327,-0.0015868576226805101,-0.13277819340988195,-0.002716769183339327,-0.11520102357167461,-0.0015868576226805101
42660,"Seattle-Tacoma-Bellevue, WA",2023,-0.3540002250478227,-0.46412680756395996,-0.005663791990189357,-0.0049612546057075674,-0.3540002250478227,-0.005663791990189357,-0.46412680756395996,-0.0049612546057075674
42660,"Seattle-Tacoma-Bellevue, WA",2024,0.04046914010335012,0.042864556305137524,0.0002943023304239154,0.0001778088415282219,0.04046914010335012,0.0002943023304239154,0.042864556305137524,0.0001778088415282219
42660,"Seattle-Tacoma-Bellevue, WA",2025,-0.12617187500000004,-0.18401671974522293,,,-0.12617187500000004,,-0.18401671974522293,
44060,"Spokane-Spokane Valley, WA",1990,,,,,,,,
44060,"Spokane-Spokane Valley, WA",1991,0.37943632567849694,1.3396226415094339,,,0.37943632567849694,,1.3396226415094339,
44060,"Spokane-Spokane Valley, WA",1992,0.15058645478622767,-0.040322580645161255,,,0.15058645478622767,,-0.040322580645161255,
44060,"Spokane-Spokane Valley, WA",1993,0.1831634330812233,0.330532212885154,,,0.1831634330812233,,0.330532212885154,
44060,"Spokane-Spokane Valley, WA",1994,-0.009449694274596965,0.05052631578947375,,,-0.009449694274596965,,0.05052631578947375,
44060,"Spokane-Spokane Valley, WA",1995,-0.1689113355780022,0.06813627254509025,,,-0.1689113355780022,,0.06813627254509025,
44060,"Spokane-Spokane Valley, WA",1996,0.2049291019581363,0.5797373358348967,,,0.2049291019581363,,0.5797373358348967,
44060,"Spokane-Spokane Valley, WA",1997,-0.4337349397590361,-0.7019002375296912,,,-0.3381873481692278,,-0.7019002375296912,
44060,"Spokane-Spokane Valley, WA",1998,0.3478476001979218,0.6633466135458168,,,0.3478476001979218,,0.6633466135458168,
44060,"Spokane-Spokane Valley, WA",1999,-0.11563876651982374,-0.3269461077844311,,,-0.11563876651982374,,-0.3269461077844311,
44060,"Spokane-Spokane Valley, WA",2000,-0.07638024076380245,0.1903914590747331,,,-0.07638024076380245,,0.1903914590747331,
44060,"Spokane-Spokane Valley, WA",2001,0.06426966292134839,-0.07025411061285503,,,0.06426966292134839,,-0.07025411061285503,
44060,"Spokane-Spokane Valley, WA",2002,-0.017314189189189144,-0.14147909967845662,,,-0.017314189189189144,,-0.14147909967845662,
44060,"Spokane-Spokane Valley, WA",2003,0.1611516974645466,0.09550561797752799,,,0.1611516974645466,,0.09550561797752799,
44060,"Spokane-Spokane Valley, WA",2004,0.5207253886010363,1.7230769230769232,,,0.5207253886010363,,1.7230769230769232,
44060,"Spokane-Spokane Valley, WA",2005,0.12411779021659775,-0.6076585059635907,,,0.12411779021659775,,-0.6076585059635907,
44060,"Spokane-Spokane Valley, WA",2006,-0.14093959731543626,0.6576,,,-0.14093959731543626,,0.6576,
44060,"Spokane-Spokane Valley, WA",2007,-0.23664314516129037,-0.43050193050193053,,,-0.23664314516129037,,-0.43050193050193053,
44060,"Spokane-Spokane Valley, WA",2008,-0.16077913502806207,0.8627118644067797,,,-0.16077913502806207,,0.8627118644067797,
44060,"Spokane-Spokane Valley, WA",2009,-0.26357199055861524,-0.15559599636032762,,,-0.26357199055861524,,-0.15559599636032762,
44060,"Spokane-Spokane Valley, WA",2010,-0.1020299145299145,-0.3017241379310345,,,-0.1020299145299145,,-0.3017241379310345,
44060,"Spokane-Spokane Valley, WA",2011,0.09399167162403321,0.5138888888888888,,,0.09399167162403321,,0.5138888888888888,
44060,"Spokane-Spokane Valley, WA",2012,-0.22566612289287658,-0.7003058103975535,,,-0.22180821910658652,,-0.7003058103975535,
44060,"Spokane-Spokane Valley, WA",2013,0.2064606741573034,-0.12925170068027214,,,0.2064606741573034,,-0.12925170068027214,
44060,"Spokane-Spokane Valley, WA",2014,0.1164144353899883,1.8203125,,,0.1164144353899883,,1.8203125,
44060,"Spokane-Spokane Valley, WA",2015,0.4030239833159541,0.6371191135734071,,,0.4030239833159541,,0.6371191135734071,
44060,"Spokane-Spokane Valley, WA",2016,0.37681159420289845,0.5135363790186125,0.004187595964886702,0.0025274302493147067,0.37681159420289845,0.004187595964886702,0.5135363790186125,0.0025274302493147067
44060,"Spokane-Spokane Valley, WA",2017,-0.028340080971659964,-0.06931246506428168,-0.0006887372159517235,-0.0006397224418880501,-0.028340080971659964,-0.0006887372159517235,-0.06931246506428168,-0.0006397224418880501
44060,"Spokane-Spokane Valley, WA",2018,-0.1316666666666667,-0.4204204204204204,-0.002181000105847257,-0.002993425993114876,-0.1316666666666667,-0.002181000105847257,-0.4204204204204204,-0.002993425993114876
44060,"Spokane-Spokane Valley, WA",2019,0.05566218809980805,0.22383419689119166,0.0005485782816272919,0.0008309419575268425,0.05566218809980805,0.0005485782816272919,0.22383419689119166,0.0008309419575268425
44060,"Spokane-Spokane Valley, WA",2020,0.018787878787878798,0.11346316680779012,,,0.018787878787878798,,0.11346316680779012,
44060,"Spokane-Spokane Valley, WA",2021,0.015764425936942272,-0.07908745247148286,,,0.015764425936942272,,-0.07908745247148286,
44060,"Spokane-Spokane Valley, WA",2022,0.17774524158125926,0.48307184145334436,0.002172331155816285,0.0022281172752875444,0.17774524158125926,0.002172331155816285,0.48307184145334436,0.0022281172752875444
44060,"Spokane-Spokane Valley, WA",2023,-0.0295872700149179,0.06403118040089084,-0.0007251702849388354,0.00032805695127452635,-0.0295872700149179,-0.0007251702849388354,0.06403118040089084,0.00032805695127452635
44060,"Spokane-Spokane Valley, WA",2024,0.014860363822700506,-0.024594453165881713,7.2256225081262365e-06,-0.0002846395537074199,0.014860363822700506,7.2256225081262365e-06,-0.024594453165881713,-0.0002846395537074199
44060,"Spokane-Spokane Valley, WA",2025,-0.19919212320121182,-0.23551502145922742,,,-0.19919212320121182,,-0.23551502145922742,
44700,"Stockton-Lodi, CA",1990,,,,,,,,
44700,"Stockton-Lodi, CA",1991,-0.32569814872921243,-0.16842105263157892,,,-0.32569814872921243,,-0.16842105263157892,
44700,"Stockton-Lodi, CA",1992,0.28478362028850635,0.11392405063291133,,,0.28478362028850635,,0.11392405063291133,
44700,"Stockton-Lodi, CA",1993,-0.03839188699746465,-0.7954545454545454,,,-0.03839188699746465,,-0.7954545454545454,
44700,"Stockton-Lodi, CA",1994,-0.13408662900188328,-0.7777777777777778,,,-0.13408662900188328,,-0.7777777777777778,
44700,"Stockton-Lodi, CA",1995,0.00043497172683770735,8.5,,,0.00043497172683770735,,8.5,
44700,"Stockton-Lodi, CA",1996,0.016086956521739193,1.736842105263158,,,0.016086956521739193,,1.736842105263158,
44700,"Stockton-Lodi, CA",1997,0.08600770218228493,0.3221153846153846,,,0.08600770218228493,,0.3221153846153846,
44700,"Stockton-Lodi, CA",1998,0.3136327817178881,-0.9818181818181818,,,0.3136327817178881,,-0.9146190472430376,
44700,"Stockton-Lodi, CA",1999,0.26064787042591475,-1.0,,,0.26064787042591475,,-1.0,
44700,"Stockton-Lodi, CA",2000,0.2828931715441352,,,,0.27933025410531526,,,
44700,"Stockton-Lodi, CA",2001,-0.1952893175074184,13.909090909090908,,,-0.1952893175074184,,13.568259740259727,
44700,"Stockton-Lodi, CA",2002,0.4157640009218715,0.4725609756097562,,,0.4157640009218715,,0.4725609756097562,
44700,"Stockton-Lodi, CA",2003,0.14618264691518812,-0.834368530020704,,,0.14618264691518812,,-0.834368530020704,
44700,"Stockton-Lodi, CA",2004,-0.04502201391847749,4.7125,,,-0.04502201391847749,,4.7125,
44700,"Stockton-Lodi, CA",2005,-0.12715645449137414,-0.7330415754923414,,,-0.12715645449137414,,-0.7330415754923414,
44700,"Stockton-Lodi, CA",2006,-0.3777474867950247,0.08196721311475419,,,-0.3777474867950247,,0.08196721311475419,
44700,"Stockton-Lodi, CA",2007,-0.33570646221248635,0.553030303030303,,,-0.33570646221248635,,0.553030303030303,
44700,"Stockton-Lodi, CA",2008,-0.6624072547403133,-0.7951219512195122,,,-0.6624072547403133,,-0.7951219512195122,
44700,"Stockton-Lodi, CA",2009,-0.03296703296703296,-1.0,,,-0.03296703296703296,,-1.0,
44700,"Stockton-Lodi, CA",2010,0.026515151515151603,,,,0.026515151515151603,,,
44700,"Stockton-Lodi, CA",2011,0.14760147601476015,18.0,,,0.14760147601476015,,11.165018181818166,
44700,"Stockton-Lodi, CA",2012,0.07824222936763126,-1.0,,,0.07824222936763126,,-1.0,
44700,"Stockton-Lodi, CA",2013,0.12723658051689868,,,,0.12723658051689868,,,
44700,"Stockton-Lodi, CA",2014,0.11552028218694876,-0.7142857142857143,,,0.11552028218694876,,-0.7142857142857143,
44700,"Stockton-Lodi, CA",2015,0.9217391304347826,33.95,,,0.9157718335470332,,5.886598006644515,
44700,"Stockton-Lodi, CA",2016,-0.1781160016454134,-0.8111587982832618,-0.0018838718640084955,-0.0023806826836801297,-0.1781160016454134,-0.0018838718640084955,-0.8111587982832618,-0.0023806826836801297
44700,"Stockton-Lodi, CA",2017,0.3908908908908908,3.9393939393939394,0.0031410262256660604,0.002136518101751445,0.3908908908908908,0.0031410262256660604,3.938787878787879,0.002136518101751445
44700,"Stockton-Lodi, CA",2018,0.18028067650233903,-0.5920245398773006,0.0019125255000580973,-0.001601871588079893,0.18028067650233903,0.0019125255000580973,-0.5920245398773006,-0.001601871588079893
44700,"Stockton-Lodi, CA",2019,0.06676829268292672,2.1052631578947367,0.00071351729879599,0.0022383973173590414,0.06676829268292672,0.00071351729879599,2.1052631578947367,0.0022383973173590414
44700,"Stockton-Lodi, CA",2020,0.1186053158045155,-0.02784503631961255,,,0.1186053158045155,,-0.02784503631961255,
44700,"Stockton-Lodi, CA",2021,0.12135922330097082,-0.16936488169364883,,,0.12135922330097082,,-0.16936488169364883,
44700,"Stockton-Lodi, CA",2022,-0.2059694691273639,-0.616191904047976,-0.003768256777041748,-0.0016271036674584045,-0.2059694691273639,-0.003768256777041748,-0.616191904047976,-0.0016271036674584045
44700,"Stockton-Lodi, CA",2023,-0.37733142037302725,-1.0,-0.005246379219553983,-0.0009865429377398918,-0.37733142037302725,-0.005246379219553983,-0.9671280386916126,-0.0009865429377398918
44700,"Stockton-Lodi, CA",2024,0.7414746543778803,,0.0059732442219058,0.0,0.7220019481984284,0.00561503704941976,,0.0
44700,"Stockton-Lodi, CA",2025,-0.33262767928023285,,,,-0.33262767928023285,,,
45060,"Syracuse, NY",1990,,,,,,,,
45060,"Syracuse, NY",1991,-0.01925925925925931,1.7846153846153845,,,-0.01925925925925931,,1.7846153846153845,
45060,"Syracuse, NY",1992,0.031722054380664666,-0.4779005524861878,,,0.031722054380664666,,-0.4779005524861878,
45060,"Syracuse, NY",1993,-0.054660810151293315,1.0,,,-0.054660810151293315,,1.0,
45060,"Syracuse, NY",1994,-0.13732576148683528,-0.43121693121693117,,,-0.13732576148683528,,-0.43121693121693117,
45060,"Syracuse, NY",1995,-0.35008976660682223,-0.6790697674418604,,,-0.3100513855822103,,-0.6790697674418604,
45060,"Syracuse, NY",1996,0.19889502762430933,2.608695652173913,,,0.19889502762430933,,2.608695652173913,
45060,"Syracuse, NY",1997,-0.2319508448540707,-0.7590361445783133,,,-0.2319508448540707,,-0.7590361445783133,
45060,"Syracuse, NY",1998,0.274,1.0166666666666666,,,0.274,,1.0166666666666666,
45060,"Syracuse, NY",1999,0.05965463108320246,-0.743801652892562,,,0.05965463108320246,,-0.743801652892562,
45060,"Syracuse, NY",2000,0.17851851851851852,5.67741935483871,,,0.17851851851851852,,5.60387096774195,
45060,"Syracuse, NY",2001,-0.00439974858579506,-0.35748792270531404,,,-0.00439974858579506,,-0.35748792270531404,
45060,"Syracuse, NY",2002,0.2127525252525253,1.18796992481203,,,0.2127525252525253,,1.18796992481203,
45060,"Syracuse, NY",2003,-0.11348256116605937,-0.5738831615120275,,,-0.11348256116605937,,-0.5738831615120275,
45060,"Syracuse, NY",2004,-0.041103934233705175,-0.6774193548387097,,,-0.041103934233705175,,-0.6774193548387097,
45060,"Syracuse, NY",2005,0.007960808328230318,2.775,,,0.007960808328230318,,2.775,
45060,"Syracuse, NY",2006,0.017010935601458055,0.8278145695364238,,,0.017010935601458055,,0.8278145695364238,
45060,"Syracuse, NY",2007,-0.15173237753882918,-0.33333333333333337,,,-0.15173237753882918,,-0.33333333333333337,
45060,"Syracuse, NY",2008,-0.20352112676056333,-0.03260869565217395,,,-0.20352112676056333,,-0.03260869565217395,
45060,"Syracuse, NY",2009,-0.08664898320070735,0.08426966292134841,,,-0.08664898320070735,,0.08426966292134841,
45060,"Syracuse, NY",2010,0.1026137463697967,0.528497409326425,,,0.1026137463697967,,0.528497409326425,
45060,"Syracuse, NY",2011,0.0711150131694469,0.7186440677966102,,,0.0711150131694469,,0.7186440677966102,
45060,"Syracuse, NY",2012,0.22868852459016398,0.42800788954635105,,,0.22868852459016398,,0.42800788954635105,
45060,"Syracuse, NY",2013,-0.3022014676450967,-0.5552486187845305,,,-0.28531687844563586,,-0.5552486187845305,
45060,"Syracuse, NY",2014,0.11185468451242819,0.3633540372670807,,,0.11185468451242819,,0.3633540372670807,
45060,"Syracuse, NY",2015,0.02665520206362859,0.2665148063781322,,,0.02665520206362859,,0.2665148063781322,
45060,"Syracuse, NY",2016,0.1474036850921272,0.2985611510791366,0.0005974721396130355,0.0005670600811413188,0.1474036850921272,0.0005974721396130355,0.2985611510791366,0.0005670600811413188
45060,"Syracuse, NY",2017,-0.15401459854014599,-0.16620498614958445,-0.0007844468707353253,-0.000443207814460327,-0.15401459854014599,-0.0007844468707353253,-0.16620498614958445,-0.000443207814460327
45060,"Syracuse, NY",2018,-0.363244176013805,-0.7558139534883721,-0.0014337354854790413,-0.001542136149880936,-0.3608772081901462,-0.0014337354854790413,-0.7558139534883721,-0.001542136149880936
45060,"Syracuse, NY",2019,0.0257452574525745,0.4013605442176871,5.899337039103362e-05,0.00019769010716236214,0.0257452574525745,5.899337039103362e-05,0.4013605442176871,0.00019769010716236214
45060,"Syracuse, NY",2020,0.026420079260237816,-0.03883495145631066,,,0.026420079260237816,,-0.03883495145631066,
45060,"Syracuse, NY",2021,-0.10810810810810811,-0.2777777777777778,,,-0.10810810810810811,,-0.2777777777777778,
45060,"Syracuse, NY",2022,-0.23232323232323238,-0.6923076923076923,-0.0005451866364442539,-0.00033346245509863827,-0.23232323232323238,-0.0005451866364442539,-0.6923076923076923,-0.00033346245509863827
45060,"Syracuse, NY",2023,0.2086466165413534,1.8863636363636362,0.00036956523241443435,0.00027816333878550594,0.2086466165413534,0.00036956523241443435,1.8863636363636362,0.00027816333878550594
45060,"Syracuse, NY",2024,0.4556765163297045,1.7244094488188977,0.0009781865297399921,0.0007328599623605644,0.4556765163297045,0.0009781865297399921,1.7244094488188977,0.0007328599623605644
45060,"Syracuse, NY",2025,1.1805555555555554,2.939306358381503,,,0.7976259785133746,,2.939306358381503,
45300,"Tampa-St. Petersburg-Clearwater, FL",1990,,,,,,,,
45300,"Tampa-St. Petersburg-Clearwater, FL",1991,-0.1501716901945822,-0.3830227743271222,,,-0.1501716901945822,,-0.3830227743271222,
45300,"Tampa-St. Petersburg-Clearwater, FL",1992,-0.011223848433150718,-0.661744966442953,,,-0.011223848433150718,,-0.661744966442953,
45300,"Tampa-St. Petersburg-Clearwater, FL",1993,0.1317653468942972,0.7301587301587302,,,0.1317653468942972,,0.7301587301587302,
45300,"Tampa-St. Petersburg-Clearwater, FL",1994,0.1829415068603064,0.9306192660550459,,,0.1829415068603064,,0.9306192660550459,
45300,"Tampa-St. Petersburg-Clearwater, FL",1995,-0.07623957132198333,0.14434214434214443,,,-0.07623957132198333,,0.14434214434214443,
45300,"Tampa-St. Petersburg-Clearwater, FL",1996,0.07790586680373002,0.10381520892810792,,,0.07790586680373002,,0.10381520892810792,
45300,"Tampa-St. Petersburg-Clearwater, FL",1997,0.15708446866485004,0.34328709146484826,,,0.15708446866485004,,0.34328709146484826,
45300,"Tampa-St. Petersburg-Clearwater, FL",1998,0.11026727893559407,0.1825660773674076,,,0.11026727893559407,,0.1825660773674076,
45300,"Tampa-St. Petersburg-Clearwater, FL",1999,0.2185163582374463,0.3404381290704559,,,0.2185163582374463,,0.3404381290704559,
45300,"Tampa-St. Petersburg-Clearwater, FL",2000,-0.1625761531766754,-0.41674028268551233,,,-0.1625761531766754,,-0.41674028268551233,
45300,"Tampa-St. Petersburg-Clearwater, FL",2001,0.1335481188942007,-0.051874290041650895,,,0.1335481188942007,,-0.051874290041650895,
45300,"Tampa-St. Petersburg-Clearwater, FL",2002,0.0792151829100578,0.0005990415335463961,,,0.0792151829100578,,0.0005990415335463961,
45300,"Tampa-St. Petersburg-Clearwater, FL",2003,0.24377707926259462,0.6078627020554779,,,0.24377707926259462,,0.6078627020554779,
45300,"Tampa-St. Petersburg-Clearwater, FL",2004,0.009425907585123516,-0.32667245873153783,,,0.009425907585123516,,-0.32667245873153783,
45300,"Tampa-St. Petersburg-Clearwater, FL",2005,0.1562066515546232,0.030414746543778737,,,0.1562066515546232,,0.030414746543778737,
45300,"Tampa-St. Petersburg-Clearwater, FL",2006,-0.3375080470533154,-0.3334525939177102,,,-0.3375080470533154,,-0.3334525939177102,
45300,"Tampa-St. Petersburg-Clearwater, FL",2007,-0.45896643109540636,-0.0034889962426194465,,,-0.45896643109540636,,-0.0034889962426194465,
45300,"Tampa-St. Petersburg-Clearwater, FL",2008,-0.21520124091762594,0.15162941018044718,,,-0.21520124091762594,,0.15162941018044718,
45300,"Tampa-St. Petersburg-Clearwater, FL",2009,-0.2757723915531052,-0.3086997193638915,,,-0.2757723915531052,,-0.3086997193638915,
45300,"Tampa-St. Petersburg-Clearwater, FL",2010,-0.06621660442401611,-0.33457374830852504,,,-0.06621660442401611,,-0.33457374830852504,
45300,"Tampa-St. Petersburg-Clearwater, FL",2011,-0.024457775726811293,-0.14082358922216576,,,-0.024457775726811293,,-0.14082358922216576,
45300,"Tampa-St. Petersburg-Clearwater, FL",2012,0.6021759697256386,1.4449704142011832,,,0.6021759697256386,,1.4449704142011832,
45300,"Tampa-St. Petersburg-Clearwater, FL",2013,0.19594528097628183,0.11156824782187802,,,0.19594528097628183,,0.11156824782187802,
45300,"Tampa-St. Petersburg-Clearwater, FL",2014,0.019256089532587284,0.05704332680165458,,,0.019256089532587284,,0.05704332680165458,
45300,"Tampa-St. Petersburg-Clearwater, FL",2015,0.263765541740675,0.17754891864057676,,,0.263765541740675,,0.17754891864057676,
45300,"Tampa-St. Petersburg-Clearwater, FL",2016,0.13409570050469566,0.20797621129963262,0.0013983032513985583,0.000812866054655222,0.13409570050469566,0.0013983032513985583,0.20797621129963262,0.000812866054655222
45300,"Tampa-St. Petersburg-Clearwater, FL",2017,0.029067147363677437,-0.21010715320011586,0.0001684305586115275,-0.0010979501899431358,0.029067147363677437,0.0001684305586115275,-0.21010715320011586,-0.0010979501899431358
45300,"Tampa-St. Petersburg-Clearwater, FL",2018,-0.04466827238887672,-0.4342804766269478,-0.0007099844578621218,-0.001692616351012833,-0.04466827238887672,-0.0007099844578621218,-0.4342804766269478,-0.001692616351012833
45300,"Tampa-St. Petersburg-Clearwater, FL",2019,0.3488425395370158,1.7871030460142578,0.004069300806674569,0.003779205133657962,0.3488425395370158,0.004069300806674569,1.7871030460142578,0.003779205133657962
45300,"Tampa-St. Petersburg-Clearwater, FL",2020,-0.1355989804587936,-0.518428089757005,,,-0.1355989804587936,,-0.518428089757005,
45300,"Tampa-St. Petersburg-Clearwater, FL",2021,0.2203164930214272,0.31192660550458706,,,0.2203164930214272,,0.31192660550458706,
45300,"Tampa-St. Petersburg-Clearwater, FL",2022,0.20687849865088004,1.4460802355539197,0.0031379379325162625,0.005137838201550177,0.20687849865088004,0.0031379379325162625,1.4460802355539197,0.005137838201550177
45300,"Tampa-St. Petersburg-Clearwater, FL",2023,-0.1528964228510411,-0.2498495335540174,-0.003332448153364309,-0.002314502545443819,-0.1528964228510411,-0.003332448153364309,-0.2498495335540174,-0.002314502545443819
45300,"Tampa-St. Petersburg-Clearwater, FL",2024,-0.17474198377058225,-0.24330558619998,-0.0030797705143434245,-0.0016468332468406932,-0.17474198377058225,-0.0030797705143434245,-0.24330558619998,-0.0016468332468406932
45300,"Tampa-St. Petersburg-Clearwater, FL",2025,0.0857756563245824,0.16249171636845583,,,0.0857756563245824,,0.16249171636845583,
45780,"Toledo, OH",1990,,,,,,,,
45780,"Toledo, OH",1991,-0.16402116402116407,-0.40039840637450197,,,-0.16402116402116407,,-0.40039840637450197,
45780,"Toledo, OH",1992,0.20253164556962022,-0.21262458471760792,,,0.20253164556962022,,-0.21262458471760792,
45780,"Toledo, OH",1993,0.19342105263157894,0.7341772151898733,,,0.19342105263157894,,0.7341772151898733,
45780,"Toledo, OH",1994,0.0926130099228224,-0.1873479318734793,,,0.0926130099228224,,-0.1873479318734793,
45780,"Toledo, OH",1995,0.10595358224016138,0.6197604790419162,,,0.10595358224016138,,0.6197604790419162,
45780,"Toledo, OH",1996,-0.07664233576642332,-0.7837338262476895,,,-0.07664233576642332,,-0.7837338262476895,
45780,"Toledo, OH",1997,-0.03013833992094861,1.5811965811965814,,,-0.03013833992094861,,1.5811965811965814,
45780,"Toledo, OH",1998,0.19510952623535416,1.1059602649006623,,,0.19510952623535416,,1.1059602649006623,
45780,"Toledo, OH",1999,-0.020886615515771534,-0.4355345911949685,,,-0.020886615515771534,,-0.4355345911949685,
45780,"Toledo, OH",2000,-0.06660861993905098,0.3147632311977715,,,-0.06660861993905098,,0.3147632311977715,
45780,"Toledo, OH",2001,0.2667910447761195,0.31567796610169485,,,0.2667910447761195,,0.31567796610169485,
45780,"Toledo, OH",2002,-0.11892488954344627,-0.42351046698872785,,,-0.11892488954344627,,-0.42351046698872785,
45780,"Toledo, OH",2003,0.23109068115336395,0.5977653631284916,,,0.23109068115336395,,0.5977653631284916,
45780,"Toledo, OH",2004,0.31500339443312964,1.0856643356643358,,,0.31500339443312964,,1.0856643356643358,
45780,"Toledo, OH",2005,-0.2694889003613836,-0.5331098072087175,,,-0.24769126651627454,,-0.5331098072087175,
45780,"Toledo, OH",2006,-0.40636042402826855,-0.5745062836624776,,,-0.40636042402826855,,-0.5745062836624776,
45780,"Toledo, OH",2007,0.008333333333333304,1.5358649789029535,,,0.008333333333333304,,1.5358649789029535,
45780,"Toledo, OH",2008,-0.3955135773317592,-0.39933444259567386,,,-0.3955135773317592,,-0.39933444259567386,
45780,"Toledo, OH",2009,-0.4677734375,-0.5817174515235457,,,-0.4677734375,,-0.5817174515235457,
45780,"Toledo, OH",2010,0.17247706422018338,0.3642384105960266,,,0.17247706422018338,,0.3642384105960266,
45780,"Toledo, OH",2011,-0.1799687010954617,-0.3495145631067961,,,-0.1799687010954617,,-0.3495145631067961,
45780,"Toledo, OH",2012,0.3396946564885497,0.664179104477612,,,0.3396946564885497,,0.664179104477612,
45780,"Toledo, OH",2013,0.07834757834757844,-0.5246636771300448,,,0.07834757834757844,,-0.5246636771300448,
45780,"Toledo, OH",2014,0.42007926023778075,3.4056603773584904,,,0.42007926023778075,,3.4056603773584904,
45780,"Toledo, OH",2015,-0.33488372093023255,-0.9528907922912205,,,-0.33488372093023255,,-0.9502796782785815,
45780,"Toledo, OH",2016,0.1566433566433567,1.727272727272727,0.0004067379051953487,0.00013843414222396074,0.1566433566433567,0.0004067379051953487,1.727272727272727,0.00013843414222396074
45780,"Toledo, OH",2017,0.17412333736396612,1.65,0.0005214327830397932,0.00036022582900407734,0.17412333736396612,0.0005214327830397932,1.65,0.00036022582900407734
45780,"Toledo, OH",2018,0.1287332646755921,0.3836477987421383,0.00044933089292258175,0.00022092786830209125,0.1287332646755921,0.00044933089292258175,0.3836477987421383,0.00022092786830209125
45780,"Toledo, OH",2019,0.166058394160584,1.0318181818181817,0.0006534769441522703,0.0008223902331605907,0.166058394160584,0.0006534769441522703,1.0318181818181817,0.0008223902331605907
45780,"Toledo, OH",2020,0.10954616588419408,0.37136465324384793,,,0.10954616588419408,,0.37136465324384793,
45780,"Toledo, OH",2021,-0.2679830747531735,-0.5758564437194127,,,-0.2257956977957085,,-0.5746612588824066,
45780,"Toledo, OH",2022,-0.13969171483622356,0.4076923076923078,-0.0005325979463315562,0.0003813726930998613,-0.13969171483622356,-0.0005325979463315562,0.4076923076923078,0.0003813726930998613
45780,"Toledo, OH",2023,0.33258678611422177,0.1092896174863387,0.001066526017421585,0.0001420417184565478,0.331730824922506,0.001066526017421585,0.1092896174863387,0.0001420417184565478
45780,"Toledo, OH",2024,-0.22016806722689075,-0.5812807881773399,-0.0009550732568775209,-0.0008537587807325539,-0.22016806722689075,-0.0009550732568775209,-0.5812807881773399,-0.0008537587807325539
45780,"Toledo, OH",2025,-0.46875,-0.6470588235294117,,,-0.40685536789029114,,-0.6470588235294117,
46060,"Tucson, AZ",1990,,,,,,,,
46060,"Tucson, AZ",1991,-0.006348020911127739,-0.9886877828054299,,,-0.006348020911127739,,-0.9388753528654041,
46060,"Tucson, AZ",1992,0.5839909808342729,7.800000000000001,,,0.5839909808342729,,7.789166666666668,
46060,"Tucson, AZ",1993,0.47093712930011855,16.318181818181817,,,0.47093712930011855,,7.754357950765131,
46060,"Tucson, AZ",1994,0.3677419354838709,1.3674540682414698,,,0.3677419354838709,,1.3674540682414698,
46060,"Tucson, AZ",1995,-0.14209905660377353,0.2477827050997783,,,-0.14209905660377353,,0.2477827050997783,
46060,"Tucson, AZ",1996,-0.21690721649484535,-0.7641048422923146,,,-0.21640422515275187,,-0.7641048422923146,
46060,"Tucson, AZ",1997,0.19396173424609442,1.07909604519774,,,0.19396173424609442,,1.07909604519774,
46060,"Tucson, AZ",1998,0.10849750073507791,-0.18297101449275366,,,0.10849750073507791,,-0.18297101449275366,
46060,"Tucson, AZ",1999,0.15835543766578253,0.31485587583148567,,,0.15835543766578253,,0.31485587583148567,
46060,"Tucson, AZ",2000,-0.10934279825967486,-0.4721753794266442,,,-0.10934279825967486,,-0.4721753794266442,
46060,"Tucson, AZ",2001,-0.03946522689291687,0.6118210862619808,,,-0.03946522689291687,,0.6118210862619808,
46060,"Tucson, AZ",2002,-0.04349571734475377,-0.15361744301288405,,,-0.04349571734475377,,-0.15361744301288405,
46060,"Tucson, AZ",2003,0.10675808031341827,-0.8629976580796253,,,0.10675808031341827,,-0.8629976580796253,
46060,"Tucson, AZ",2004,0.33008849557522124,5.153846153846154,,,0.33008849557522124,,5.153846153846154,
46060,"Tucson, AZ",2005,0.1067389031460888,-0.7819444444444444,,,0.1067389031460888,,-0.7819444444444444,
46060,"Tucson, AZ",2006,-0.26812092064582616,0.13375796178343946,,,-0.26812092064582616,,0.13375796178343946,
46060,"Tucson, AZ",2007,-0.38547289368692794,1.2303370786516852,,,-0.38547289368692794,,1.2303370786516852,
46060,"Tucson, AZ",2008,-0.3849532174909299,0.06549118387909325,,,-0.3849532174909299,,0.06549118387909325,
46060,"Tucson, AZ",2009,-0.3390251474697299,-0.6052009456264775,,,-0.3390251474697299,,-0.6052009456264775,
46060,"Tucson, AZ",2010,-0.08971348050728045,0.23353293413173648,,,-0.08971348050728045,,0.23353293413173648,
46060,"Tucson, AZ",2011,0.15686274509803932,3.0194174757281553,,,0.15686274509803932,,3.0194174757281553,
46060,"Tucson, AZ",2012,0.26717216770740415,-0.24154589371980673,,,0.26717216770740415,,-0.24154589371980673,
46060,"Tucson, AZ",2013,0.22879267863428376,0.32165605095541405,,,0.22879267863428376,,0.32165605095541405,
46060,"Tucson, AZ",2014,-0.06903466055571472,0.110843373493976,,,-0.06903466055571472,,0.110843373493976,
46060,"Tucson, AZ",2015,-0.2529230769230769,-0.8004338394793926,,,-0.2529230769230769,,-0.8004338394793926,
46060,"Tucson, AZ",2016,0.01565074135090616,-0.782608695652174,3.062659154007014e-05,-0.0003193773685134612,0.01565074135090616,3.062659154007014e-05,-0.782608695652174,-0.0003193773685134612
46060,"Tucson, AZ",2017,0.8227899432278993,38.025,0.0043725365346156606,0.0033065189375241725,0.5862618036268371,0.0043725365346156606,3.938787878787879,0.0033065189375241725
46060,"Tucson, AZ",2018,-0.020244716351501713,-0.28122998078155026,-0.0002571668553930737,-0.0009696389405330734,-0.020244716351501713,-0.0002571668553930737,-0.28122998078155026,-0.0009696389405330734
46060,"Tucson, AZ",2019,-0.020663033605812897,-0.3128342245989305,-0.00026776562252130154,-0.000771177828566495,-0.020663033605812897,-0.00026776562252130154,-0.3128342245989305,-0.000771177828566495
46060,"Tucson, AZ",2020,0.14954787850683982,-0.13099870298313876,,,0.14954787850683982,,-0.13099870298313876,
46060,"Tucson, AZ",2021,0.26744655102864057,0.6686567164179105,,,0.26744655102864057,,0.6686567164179105,
46060,"Tucson, AZ",2022,-0.09070655633354552,0.7039355992844365,-0.0013221810595885914,0.0016169570550709747,-0.09070655633354552,-0.0013221810595885914,0.7039355992844365,0.0016169570550709747
46060,"Tucson, AZ",2023,-0.08032901645082258,-0.25511811023622044,-0.0010639454940129783,-0.0010421249635980431,-0.08032901645082258,-0.0010639454940129783,-0.25511811023622044,-0.0010421249635980431
46060,"Tucson, AZ",2024,-0.0009514747859181716,-0.2980972515856237,-0.00013780144802525568,-0.0008974568964314031,-0.0009514747859181716,-0.00013780144802525568,-0.2980972515856237,-0.0008974568964314031
46060,"Tucson, AZ",2025,-0.11276190476190473,0.02208835341365467,,,-0.11276190476190473,,0.02208835341365467,
46140,"Tulsa, OK",1990,,,,,,,,
46140,"Tulsa, OK",1991,0.07980535279805356,-0.6799999999999999,,,0.07980535279805356,,-0.6799999999999999,
46140,"Tulsa, OK",1992,0.2717440288418207,-0.9479166666666666,,,0.2717440288418207,,-0.9479166666666666,
46140,"Tulsa, OK",1993,0.10311835577604533,-1.0,,,0.10311835577604533,,-0.9578403978214539,
46140,"Tulsa, OK",1994,0.0019274012206873525,,,,0.0019274012206873525,,,
46140,"Tulsa, OK",1995,0.1638345623597306,1.6185567010309279,,,0.1638345623597306,,1.6185567010309279,
46140,"Tulsa, OK",1996,0.0016528925619834212,-0.40452755905511806,,,0.0016528925619834212,,-0.40452755905511806,
46140,"Tulsa, OK",1997,-0.09873487348734877,-0.568595041322314,,,-0.09873487348734877,,-0.568595041322314,
46140,"Tulsa, OK",1998,0.6560878852609093,6.624521072796935,,,0.5687036081727282,,6.618434423813734,
46140,"Tulsa, OK",1999,-0.008291873963515717,-0.22914572864321603,,,-0.008291873963515717,,-0.22914572864321603,
46140,"Tulsa, OK",2000,-0.2985878855444073,-0.847457627118644,,,-0.2984563478898483,,-0.847457627118644,
46140,"Tulsa, OK",2001,0.11152317880794693,0.5470085470085471,,,0.11152317880794693,,0.5470085470085471,
46140,"Tulsa, OK",2002,0.10772163965681592,0.5497237569060773,,,0.10772163965681592,,0.5497237569060773,
46140,"Tulsa, OK",2003,-0.06325301204819278,-0.4688057040998217,,,-0.06325301204819278,,-0.4688057040998217,
46140,"Tulsa, OK",2004,0.06913183279742774,-0.6577181208053691,,,0.06913183279742774,,-0.6577181208053691,
46140,"Tulsa, OK",2005,0.21245972073039732,4.078431372549019,,,0.21245972073039732,,4.078431372549019,
46140,"Tulsa, OK",2006,-0.08203401842664781,-0.6042471042471043,,,-0.08203401842664781,,-0.6042471042471043,
46140,"Tulsa, OK",2007,-0.004053271569195105,2.297560975609756,,,-0.004053271569195105,,2.297560975609756,
46140,"Tulsa, OK",2008,-0.22713178294573644,0.5266272189349113,,,-0.22713178294573644,,0.5266272189349113,
46140,"Tulsa, OK",2009,-0.1624874623871615,-0.41860465116279066,,,-0.1624874623871615,,-0.41860465116279066,
46140,"Tulsa, OK",2010,-0.21676646706586822,-0.46166666666666667,,,-0.21676646706586822,,-0.46166666666666667,
46140,"Tulsa, OK",2011,0.36276758409785925,3.563467492260062,,,0.36276758409785925,,3.563467492260062,
46140,"Tulsa, OK",2012,-0.036185133239831746,-0.5033921302578019,,,-0.036185133239831746,,-0.5033921302578019,
46140,"Tulsa, OK",2013,0.08410942956926659,-0.1584699453551912,,,0.08410942956926659,,-0.1584699453551912,
46140,"Tulsa, OK",2014,0.2169127516778524,1.1737012987012987,,,0.2169127516778524,,1.1737012987012987,
46140,"Tulsa, OK",2015,-0.1674387822634017,-0.45108289768483945,,,-0.1674387822634017,,-0.45108289768483945,
46140,"Tulsa, OK",2016,-0.005829358770535253,-0.19183673469387752,-0.00012330543608316327,-0.00034309680784243464,-0.005829358770535253,-0.00012330543608316327,-0.19183673469387752,-0.00034309680784243464
46140,"Tulsa, OK",2017,-0.028784648187633266,-0.265993265993266,-0.0003179258966755933,-0.0003766394927309127,-0.028784648187633266,-0.0003179258966755933,-0.265993265993266,-0.0003766394927309127
46140,"Tulsa, OK",2018,-0.06366630076838642,0.17660550458715596,-0.0005917580014957024,0.00017012850641642732,-0.06366630076838642,-0.0005917580014957024,0.17660550458715596,0.00017012850641642732
46140,"Tulsa, OK",2019,0.2620164126611957,0.7134502923976609,0.002013341401141412,0.0008330284071592076,0.2620164126611957,0.002013341401141412,0.7134502923976609,0.0008330284071592076
46140,"Tulsa, OK",2020,0.1435206688341848,-0.08646188850967007,,,0.1435206688341848,,-0.08646188850967007,
46140,"Tulsa, OK",2021,-0.0008123476848090894,-0.44458281444582815,,,-0.0008123476848090894,,-0.44458281444582815,
46140,"Tulsa, OK",2022,0.041260162601626016,1.7219730941704037,0.0003410939975782481,0.0017080120765948555,0.041260162601626016,0.0003410939975782481,1.7219730941704037,0.0017080120765948555
46140,"Tulsa, OK",2023,-0.022252586375170802,0.21663920922570012,-0.00037039496615697345,0.0005544052906776981,-0.022252586375170802,-0.00037039496615697345,0.21663920922570012,0.0005544052906776981
46140,"Tulsa, OK",2024,-0.13934917149131565,-0.5930941096817874,-0.0016326026582566822,-0.0019518546463928076,-0.13934917149131565,-0.0016326026582566822,-0.5930941096817874,-0.0019518546463928076
46140,"Tulsa, OK",2025,0.1955462769659011,1.1497504159733776,,,0.1955462769659011,,1.1497504159733776,
46520,"Urban Honolulu, HI",1990,,,,,,,,
46520,"Urban Honolulu, HI",1991,0.38327175008397707,1.213365539452496,,,0.38327175008397707,,1.213365539452496,
46520,"Urban Honolulu, HI",1992,0.11413307430791653,-0.05238268461258644,,,0.11413307430791653,,-0.05238268461258644,
46520,"Urban Honolulu, HI",1993,-0.2565387968613775,-0.47255278310940496,,,-0.25392093615719125,,-0.47255278310940496,
46520,"Urban Honolulu, HI",1994,0.3520961594840222,0.47743813682678304,,,0.3520961594840222,,0.47743813682678304,
46520,"Urban Honolulu, HI",1995,-0.014744145706851675,0.13990147783251228,,,-0.014744145706851675,,0.13990147783251228,
46520,"Urban Honolulu, HI",1996,-0.5598591549295775,-0.6365600691443388,,,-0.21640422515275187,,-0.6365600691443388,
46520,"Urban Honolulu, HI",1997,0.01750000000000007,-0.009512485136741966,,,0.01750000000000007,,-0.009512485136741966,
46520,"Urban Honolulu, HI",1998,-0.2132678132678133,-0.6482593037214885,,,-0.21309864332317097,,-0.6482593037214885,
46520,"Urban Honolulu, HI",1999,0.20424734540911937,0.5631399317406143,,,0.20424734540911937,,0.5631399317406143,
46520,"Urban Honolulu, HI",2000,0.021265560165975028,-0.4912663755458515,,,0.021265560165975028,,-0.4912663755458515,
46520,"Urban Honolulu, HI",2001,0.003047232097511454,0.0858369098712446,,,0.003047232097511454,,0.0858369098712446,
46520,"Urban Honolulu, HI",2002,0.3534177215189873,1.4901185770750986,,,0.3534177215189873,,1.4901185770750986,
46520,"Urban Honolulu, HI",2003,0.29928918817807704,-0.2587301587301587,,,0.29928918817807704,,-0.2587301587301587,
46520,"Urban Honolulu, HI",2004,0.175928591995393,3.43254817987152,,,0.175928591995393,,3.43254817987152,
46520,"Urban Honolulu, HI",2005,-0.02350636630754166,-0.1550724637681159,,,-0.02350636630754166,,-0.1550724637681159,
46520,"Urban Honolulu, HI",2006,-0.3465396188565697,-0.4974271012006861,,,-0.3465396188565697,,-0.4974271012006861,
46520,"Urban Honolulu, HI",2007,0.12970069071373747,0.870307167235495,,,0.1281145676382601,,0.870307167235495,
46520,"Urban Honolulu, HI",2008,-0.5115489130434783,-0.6137469586374695,,,-0.5115489130434783,,-0.6137469586374695,
46520,"Urban Honolulu, HI",2009,-0.2795549374130737,-0.7700787401574803,,,-0.2795549374130737,,-0.7700787401574803,
46520,"Urban Honolulu, HI",2010,0.8252895752895753,5.863013698630137,,,0.8252895752895753,,5.863013698630137,
46520,"Urban Honolulu, HI",2011,-0.08831306187202537,-0.020958083832335328,,,-0.08831306187202537,,-0.020958083832335328,
46520,"Urban Honolulu, HI",2012,0.0,-0.2915392456676861,,,0.0,,-0.2915392456676861,
46520,"Urban Honolulu, HI",2013,0.5319025522041763,1.1352517985611512,,,0.5319025522041763,,1.1352517985611512,
46520,"Urban Honolulu, HI",2014,-0.4024990533888678,-0.534366576819407,,,-0.39610236996487375,,-0.534366576819407,
46520,"Urban Honolulu, HI",2015,1.4290240811153359,3.125904486251809,,,0.9157718335470332,,3.125904486251809,
46520,"Urban Honolulu, HI",2016,-0.5674406470127837,-0.7151876534549281,-0.006368213321450979,-0.005949011058645175,-0.4975956003150786,-0.005676927150774879,-0.7151876534549281,-0.0055578371309811594
46520,"Urban Honolulu, HI",2017,0.18697225572979503,0.1576354679802956,0.000837930616689549,0.00034247128406642924,0.18697225572979503,0.000837930616689549,0.1576354679802956,0.00034247128406642924
46520,"Urban Honolulu, HI",2018,0.22459349593495936,0.5180851063829788,0.0012255590057093707,0.001367841068312461,0.22459349593495936,0.0012255590057093707,0.5180851063829788,0.001367841068312461
46520,"Urban Honolulu, HI",2019,-0.054356846473029075,-0.05886475122634893,-0.00041048552066276153,-0.00026118998140936414,-0.054356846473029075,-0.00041048552066276153,-0.05886475122634893,-0.00026118998140936414
46520,"Urban Honolulu, HI",2020,-0.28872312417727075,-0.43931496649292634,,,-0.2760218590284158,,-0.43931496649292634,
46520,"Urban Honolulu, HI",2021,-0.1128932757557064,-0.4077025232403718,,,-0.1128932757557064,,-0.4077025232403718,
46520,"Urban Honolulu, HI",2022,0.7566063977746871,2.8430493273542603,0.002897139767304044,0.0033875794035449127,0.7566063977746871,0.002897139767304044,2.8430493273542603,0.0033875794035449127
46520,"Urban Honolulu, HI",2023,-0.2672209026128266,-0.3926487747957993,-0.0018359296496801604,-0.0018172527512562366,-0.2672209026128266,-0.0018359296496801604,-0.3926487747957993,-0.0018172527512562366
46520,"Urban Honolulu, HI",2024,-0.11507293354943271,-0.23823246878001925,-0.0005854794761407291,-0.0006685867921316603,-0.11507293354943271,-0.0005854794761407291,-0.23823246878001925,-0.0006685867921316603
46520,"Urban Honolulu, HI",2025,-0.11721611721611724,-0.09583858764186637,,,-0.11721611721611724,,-0.09583858764186637,
47260,"Virginia Beach-Chesapeake-Norfolk, VA-NC",1990,,,,,,,,
47260,"Virginia Beach-Chesapeake-Norfolk, VA-NC",1991,-0.10340136054421767,-0.2482915717539863,,,-0.10340136054421767,,-0.2482915717539863,
47260,"Virginia Beach-Chesapeake-Norfolk, VA-NC",1992,0.157814871016692,-0.24772727272727268,,,0.157814871016692,,-0.24772727272727268,
47260,"Virginia Beach-Chesapeake-Norfolk, VA-NC",1993,0.07732634338138933,0.5468277945619335,,,0.07732634338138933,,0.5468277945619335,
47260,"Virginia Beach-Chesapeake-Norfolk, VA-NC",1994,-0.08728710462287104,-0.103515625,,,-0.08728710462287104,,-0.103515625,
47260,"Virginia Beach-Chesapeake-Norfolk, VA-NC",1995,-0.026879928912584727,0.3202614379084967,,,-0.026879928912584727,,0.3202614379084967,
47260,"Virginia Beach-Chesapeake-Norfolk, VA-NC",1996,-0.03447095080470264,-0.21837183718371833,,,-0.03447095080470264,,-0.21837183718371833,
47260,"Virginia Beach-Chesapeake-Norfolk, VA-NC",1997,-0.08618039957441781,-0.22448979591836737,,,-0.08618039957441781,,-0.22448979591836737,
47260,"Virginia Beach-Chesapeake-Norfolk, VA-NC",1998,0.11979301423027167,0.10344827586206895,,,0.11979301423027167,,0.10344827586206895,
47260,"Virginia Beach-Chesapeake-Norfolk, VA-NC",1999,0.05683918669131249,0.13815789473684204,,,0.05683918669131249,,0.13815789473684204,
47260,"Virginia Beach-Chesapeake-Norfolk, VA-NC",2000,-0.17326191517271539,-0.5057803468208093,,,-0.17326191517271539,,-0.5057803468208093,
47260,"Virginia Beach-Chesapeake-Norfolk, VA-NC",2001,0.17122834853893965,1.2207602339181287,,,0.17122834853893965,,1.2207602339181287,
47260,"Virginia Beach-Chesapeake-Norfolk, VA-NC",2002,0.17295100474147662,0.5503620803159974,,,0.17295100474147662,,0.5503620803159974,
47260,"Virginia Beach-Chesapeake-Norfolk, VA-NC",2003,0.01626564003849862,-0.026751592356687892,,,0.01626564003849862,,-0.026751592356687892,
47260,"Virginia Beach-Chesapeake-Norfolk, VA-NC",2004,-0.02007765886921109,0.020506108202443363,,,-0.02007765886921109,,0.020506108202443363,
47260,"Virginia Beach-Chesapeake-Norfolk, VA-NC",2005,0.1155890596308109,0.3189397178281317,,,0.1155890596308109,,0.3189397178281317,
47260,"Virginia Beach-Chesapeake-Norfolk, VA-NC",2006,-0.3163822229922897,-0.6243111831442463,,,-0.3163822229922897,,-0.6243111831442463,
47260,"Virginia Beach-Chesapeake-Norfolk, VA-NC",2007,-0.1785578507160056,0.13459879206212255,,,-0.1785578507160056,,0.13459879206212255,
47260,"Virginia Beach-Chesapeake-Norfolk, VA-NC",2008,-0.17186053687133596,0.33460076045627374,,,-0.17186053687133596,,0.33460076045627374,
47260,"Virginia Beach-Chesapeake-Norfolk, VA-NC",2009,-0.0016766020864381614,0.3025641025641026,,,-0.0016766020864381614,,0.3025641025641026,
47260,"Virginia Beach-Chesapeake-Norfolk, VA-NC",2010,-0.25060645642843815,-0.6671041119860017,,,-0.25060645642843815,,-0.6671041119860017,
47260,"Virginia Beach-Chesapeake-Norfolk, VA-NC",2011,0.3949203187250996,2.3639947437582127,,,0.3949203187250996,,2.3639947437582127,
47260,"Virginia Beach-Chesapeake-Norfolk, VA-NC",2012,-0.03248839700107109,-0.32265625,,,-0.03248839700107109,,-0.32265625,
47260,"Virginia Beach-Chesapeake-Norfolk, VA-NC",2013,0.3734317343173432,0.850634371395617,,,0.3734317343173432,,0.850634371395617,
47260,"Virginia Beach-Chesapeake-Norfolk, VA-NC",2014,-0.22622246104245025,-0.42131505141788717,,,-0.22622246104245025,,-0.42131505141788717,
47260,"Virginia Beach-Chesapeake-Norfolk, VA-NC",2015,0.1743055555555555,0.40441572428648365,,,0.1743055555555555,,0.40441572428648365,
47260,"Virginia Beach-Chesapeake-Norfolk, VA-NC",2016,-0.07214665878178594,-0.25498466257668717,-0.0007408150918066462,-0.000945451309226979,-0.07214665878178594,-0.0007408150918066462,-0.25498466257668717,-0.000945451309226979
47260,"Virginia Beach-Chesapeake-Norfolk, VA-NC",2017,-0.0017527087316762113,-0.1914565105506948,-7.027607094022524e-05,-0.0005285490594392501,-0.0017527087316762113,-7.027607094022524e-05,-0.1914565105506948,-0.0005285490594392501
47260,"Virginia Beach-Chesapeake-Norfolk, VA-NC",2018,-0.08858739026336793,-0.13812858052196053,-0.0008124610480245154,-0.000310068094921036,-0.08858739026336793,-0.0008124610480245154,-0.13812858052196053,-0.000310068094921036
47260,"Virginia Beach-Chesapeake-Norfolk, VA-NC",2019,0.028896672504378218,0.08197932053175783,0.00018193732910202175,0.00014081043986033425,0.028896672504378218,0.00018193732910202175,0.08197932053175783,0.00014081043986033425
47260,"Virginia Beach-Chesapeake-Norfolk, VA-NC",2020,0.17719148936170215,0.12423208191126278,,,0.17719148936170215,,0.12423208191126278,
47260,"Virginia Beach-Chesapeake-Norfolk, VA-NC",2021,0.06072874493927127,0.5482695810564664,,,0.06072874493927127,,0.5482695810564664,
47260,"Virginia Beach-Chesapeake-Norfolk, VA-NC",2022,-0.14312977099236646,0.01333333333333342,-0.001447956092331247,1.8720109029175293e-05,-0.14312977099236646,-0.001447956092331247,0.01333333333333342,1.8720109029175293e-05
47260,"Virginia Beach-Chesapeake-Norfolk, VA-NC",2023,-0.03229398663697103,0.03482972136222906,-0.0003152298545915748,9.594363240281699e-05,-0.03229398663697103,-0.0003152298545915748,0.03482972136222906,9.594363240281699e-05
47260,"Virginia Beach-Chesapeake-Norfolk, VA-NC",2024,-0.2756863389774782,-0.7038145100972326,-0.0022144980742061634,-0.0024531833528772086,-0.2756863389774782,-0.0022144980742061634,-0.7038145100972326,-0.0024531833528772086
47260,"Virginia Beach-Chesapeake-Norfolk, VA-NC",2025,-0.10281434407625967,-0.17045454545454541,,,-0.10281434407625967,,-0.17045454545454541,
47900,"Washington-Arlington-Alexandria, DC-VA-MD-WV",1990,,,,,,,,
47900,"Washington-Arlington-Alexandria, DC-VA-MD-WV",1991,-0.2694992412746585,-0.6550432951088229,,,-0.2694992412746585,,-0.6550432951088229,
47900,"Washington-Arlington-Alexandria, DC-VA-MD-WV",1992,0.30899459908599924,-0.013907734056987753,,,0.30899459908599924,,-0.013907734056987753,
47900,"Washington-Arlington-Alexandria, DC-VA-MD-WV",1993,0.16035864476711903,0.2287581699346406,,,0.16035864476711903,,0.2287581699346406,
47900,"Washington-Arlington-Alexandria, DC-VA-MD-WV",1994,0.031660284463894905,0.42105263157894735,,,0.031660284463894905,,0.42105263157894735,
47900,"Washington-Arlington-Alexandria, DC-VA-MD-WV",1995,-0.10008616689865446,0.07368006304176511,,,-0.10008616689865446,,0.07368006304176511,
47900,"Washington-Arlington-Alexandria, DC-VA-MD-WV",1996,0.08182956470501579,0.378348623853211,,,0.08182956470501579,,0.378348623853211,
47900,"Washington-Arlington-Alexandria, DC-VA-MD-WV",1997,-0.010961328976034856,-0.11168796592119279,,,-0.010961328976034856,,-0.11168796592119279,
47900,"Washington-Arlington-Alexandria, DC-VA-MD-WV",1998,0.2383148619811386,0.2932713921774315,,,0.2383148619811386,,0.2932713921774315,
47900,"Washington-Arlington-Alexandria, DC-VA-MD-WV",1999,0.0,0.058632676709154063,,,0.0,,0.058632676709154063,
47900,"Washington-Arlington-Alexandria, DC-VA-MD-WV",2000,0.03663349824892981,0.001532399299474685,,,0.03663349824892981,,0.001532399299474685,
47900,"Washington-Arlington-Alexandria, DC-VA-MD-WV",2001,-0.023729086229086205,0.041092896174863336,,,-0.023729086229086205,,0.041092896174863336,
47900,"Washington-Arlington-Alexandria, DC-VA-MD-WV",2002,0.04762297108016811,0.08629015326474909,,,0.04762297108016811,,0.08629015326474909,
47900,"Washington-Arlington-Alexandria, DC-VA-MD-WV",2003,-0.059771922925678345,-0.26488210282180136,,,-0.059771922925678345,,-0.26488210282180136,
47900,"Washington-Arlington-Alexandria, DC-VA-MD-WV",2004,0.08699289000418231,0.44840278690679636,,,0.08699289000418231,,0.44840278690679636,
47900,"Washington-Arlington-Alexandria, DC-VA-MD-WV",2005,-0.02911376170321922,-0.03185696133599569,,,-0.02911376170321922,,-0.03185696133599569,
47900,"Washington-Arlington-Alexandria, DC-VA-MD-WV",2006,-0.2359577278731836,-0.11352770225930442,,,-0.2359577278731836,,-0.11352770225930442,
47900,"Washington-Arlington-Alexandria, DC-VA-MD-WV",2007,-0.20830595802067842,-0.17629018612521152,,,-0.20830595802067842,,-0.17629018612521152,
47900,"Washington-Arlington-Alexandria, DC-VA-MD-WV",2008,-0.40489189779427825,-0.45500064193092826,,,-0.40489189779427825,,-0.45500064193092826,
47900,"Washington-Arlington-Alexandria, DC-VA-MD-WV",2009,-0.10847706422018344,-0.26525323910482923,,,-0.10847706422018344,,-0.26525323910482923,
47900,"Washington-Arlington-Alexandria, DC-VA-MD-WV",2010,0.06627150736807441,0.10163513946777814,,,0.06627150736807441,,0.10163513946777814,
47900,"Washington-Arlington-Alexandria, DC-VA-MD-WV",2011,0.5122760963557751,1.8361466821885912,,,0.5122760963557751,,1.8361466821885912,
47900,"Washington-Arlington-Alexandria, DC-VA-MD-WV",2012,0.13815285648644515,0.13370959466393018,,,0.13815285648644515,,0.13370959466393018,
47900,"Washington-Arlington-Alexandria, DC-VA-MD-WV",2013,0.07818597766114932,-0.04118392469225196,,,0.07818597766114932,,-0.04118392469225196,
47900,"Washington-Arlington-Alexandria, DC-VA-MD-WV",2014,0.023090364453320023,0.15538563202114597,,,0.023090364453320023,,0.15538563202114597,
47900,"Washington-Arlington-Alexandria, DC-VA-MD-WV",2015,-0.07791468423406933,-0.16708881444562462,,,-0.07791468423406933,,-0.16708881444562462,
47900,"Washington-Arlington-Alexandria, DC-VA-MD-WV",2016,0.122425578831312,0.19746909947027658,0.0011337282064153905,0.0008424424030703736,0.122425578831312,0.0011337282064153905,0.19746909947027658,0.0008424424030703736
47900,"Washington-Arlington-Alexandria, DC-VA-MD-WV",2017,0.060940631016463076,0.05758990743016312,0.0005744636211001772,0.0002578888924644751,0.060940631016463076,0.0005744636211001772,0.05758990743016312,0.0002578888924644751
47900,"Washington-Arlington-Alexandria, DC-VA-MD-WV",2018,-0.052922005777349845,-0.06762199845081329,-0.0007162374415150413,-0.00042354431364914624,-0.052922005777349845,-0.0007162374415150413,-0.06762199845081329,-0.00042354431364914624
47900,"Washington-Arlington-Alexandria, DC-VA-MD-WV",2019,0.028936769248817162,0.10966187588269505,0.00022255164855376937,0.0005165489875032002,0.028936769248817162,0.00022255164855376937,0.10966187588269505,0.0005165489875032002
47900,"Washington-Arlington-Alexandria, DC-VA-MD-WV",2020,-0.05807015543647631,-0.1794564647750243,,,-0.05807015543647631,,-0.1794564647750243,
47900,"Washington-Arlington-Alexandria, DC-VA-MD-WV",2021,0.09332257413758316,0.23996350364963503,,,0.09332257413758316,,0.23996350364963503,
47900,"Washington-Arlington-Alexandria, DC-VA-MD-WV",2022,0.3181046571702708,0.7512141280353202,0.0033467971239684435,0.004028314923570538,0.3181046571702708,0.0033467971239684435,0.7512141280353202,0.004028314923570538
47900,"Washington-Arlington-Alexandria, DC-VA-MD-WV",2023,-0.3464079735707486,-0.47817135173746794,-0.0050383500759562504,-0.0045957327962447255,-0.3464079735707486,-0.0050383500759562504,-0.47817135173746794,-0.0045957327962447255
47900,"Washington-Arlington-Alexandria, DC-VA-MD-WV",2024,-0.0795887770400514,-0.2265077703518802,-0.0007941507487047549,-0.001138073270974687,-0.0795887770400514,-0.0007941507487047549,-0.2265077703518802,-0.001138073270974687
47900,"Washington-Arlington-Alexandria, DC-VA-MD-WV",2025,-0.1627495695071438,-0.2304809494066209,,,-0.1627495695071438,,-0.2304809494066209,
48620,"Wichita, KS",1990,,,,,,,,
48620,"Wichita, KS",1991,-0.05478260869565221,-0.6637362637362637,,,-0.05478260869565221,,-0.6637362637362637,
48620,"Wichita, KS",1992,0.29162833486660533,0.47712418300653603,,,0.29162833486660533,,0.47712418300653603,
48620,"Wichita, KS",1993,0.014601139601139623,-0.37168141592920356,,,0.014601139601139623,,-0.37168141592920356,
48620,"Wichita, KS",1994,0.09020709020709017,0.38732394366197176,,,0.09020709020709017,,0.38732394366197176,
48620,"Wichita, KS",1995,-0.10141661300708305,1.2893401015228427,,,-0.10141661300708305,,1.2893401015228427,
48620,"Wichita, KS",1996,0.06520960229308481,-0.6873614190687362,,,0.06520960229308481,,-0.6873614190687362,
48620,"Wichita, KS",1997,0.2105617221661622,2.6382978723404253,,,0.2105617221661622,,2.6382978723404253,
48620,"Wichita, KS",1998,0.27063073075854405,1.46588693957115,,,0.27063073075854405,,1.46588693957115,
48620,"Wichita, KS",1999,-0.29061884977039143,-1.0,,,-0.28621707511973327,,-1.0,
48620,"Wichita, KS",2000,-0.1803329223181258,,,,-0.1803329223181258,,,
48620,"Wichita, KS",2001,0.07032719067318549,-0.3984375,,,0.07032719067318549,,-0.3984375,
48620,"Wichita, KS",2002,0.13176387912860155,0.551948051948052,,,0.13176387912860155,,0.551948051948052,
48620,"Wichita, KS",2003,0.13256752561316354,1.3807531380753137,,,0.13256752561316354,,1.3807531380753137,
48620,"Wichita, KS",2004,-0.14857456140350878,-0.968365553602812,,,-0.14857456140350878,,-0.9679719537199766,
48620,"Wichita, KS",2005,0.07823567289117839,1.6666666666666665,,,0.07823567289117839,,1.6666666666666665,
48620,"Wichita, KS",2006,0.0916691549716333,14.229166666666666,,,0.0916691549716333,,13.944981060606077,
48620,"Wichita, KS",2007,-0.2393326039387309,-0.5253077975376197,,,-0.2393326039387309,,-0.5253077975376197,
48620,"Wichita, KS",2008,-0.083423229054297,0.7723342939481268,,,-0.083423229054297,,0.7723342939481268,
48620,"Wichita, KS",2009,-0.2640251078854453,-0.38699186991869916,,,-0.2640251078854453,,-0.38699186991869916,
48620,"Wichita, KS",2010,-0.3288912579957356,-0.8938992042440318,,,-0.3275476617569345,,-0.8938992042440318,
48620,"Wichita, KS",2011,-0.15647339158061957,0.44999999999999996,,,-0.15647339158061957,,0.44999999999999996,
48620,"Wichita, KS",2012,0.2335216572504708,2.310344827586207,,,0.2335216572504708,,2.310344827586207,
48620,"Wichita, KS",2013,0.14809160305343516,-0.125,,,0.14809160305343516,,-0.125,
48620,"Wichita, KS",2014,-0.0006648936170212671,-0.22619047619047616,,,-0.0006648936170212671,,-0.22619047619047616,
48620,"Wichita, KS",2015,0.3393213572854292,2.476923076923077,,,0.3393213572854292,,2.476923076923077,
48620,"Wichita, KS",2016,0.03676105315449574,0.1991150442477876,0.0002300733511011255,0.0003235712174311095,0.03676105315449574,0.0002300733511011255,0.1991150442477876,0.0003235712174311095
48620,"Wichita, KS",2017,0.30426449448969817,0.2970479704797049,0.0022913621400478873,0.0005806690464105848,0.30426449448969817,0.0022913621400478873,0.2970479704797049,0.0005806690464105848
48620,"Wichita, KS",2018,-0.2847171197648788,-0.6913229018492176,-0.0029140139436998865,-0.0017964755486737758,-0.2847171197648788,-0.0029140139436998865,-0.6913229018492176,-0.0017964755486737758
48620,"Wichita, KS",2019,0.09193631227529542,-0.027649769585253448,0.0006092956193667221,-2.6318407546444184e-05,0.09193631227529542,0.0006092956193667221,-0.027649769585253448,-2.6318407546444184e-05
48620,"Wichita, KS",2020,-0.047977422389463786,-1.0,,,-0.047977422389463786,,-0.996209476309227,
48620,"Wichita, KS",2021,0.17786561264822143,,,,0.17786561264822143,,,
48620,"Wichita, KS",2022,0.19546979865771807,,0.001602059948867779,0.0014157773368370246,0.19546979865771807,0.001602059948867779,,0.0014157773368370246
48620,"Wichita, KS",2023,0.23964912280701745,0.845959595959596,0.0023282757760949447,0.0011741894648197037,0.23964912280701745,0.0023282757760949447,0.845959595959596,0.0011741894648197037
48620,"Wichita, KS",2024,-0.1398245117463912,-0.6210670314637483,-0.001869928950013212,-0.0016194501855013054,-0.1398245117463912,-0.001869928950013212,-0.6210670314637483,-0.0016194501855013054
48620,"Wichita, KS",2025,0.023692003948667217,-0.516245487364621,,,0.023692003948667217,,-0.516245487364621,
49180,"Winston-Salem, NC",1990,,,,,,,,
49180,"Winston-Salem, NC",1991,0.003998400639743993,-0.4699248120300752,,,0.003998400639743993,,-0.4699248120300752,
49180,"Winston-Salem, NC",1992,0.17602548785344485,-0.6808510638297872,,,0.17602548785344485,,-0.6808510638297872,
49180,"Winston-Salem, NC",1993,0.10497798848628515,6.888888888888889,,,0.10497798848628515,,6.888888888888889,
49180,"Winston-Salem, NC",1994,0.008274593931964391,0.323943661971831,,,0.008274593931964391,,0.323943661971831,
49180,"Winston-Salem, NC",1995,0.0884498480243161,0.5234042553191489,,,0.0884498480243161,,0.5234042553191489,
49180,"Winston-Salem, NC",1996,-0.13739179000279256,-0.6340782122905029,,,-0.13739179000279256,,-0.6340782122905029,
49180,"Winston-Salem, NC",1997,0.028164454516024673,0.026717557251908497,,,0.028164454516024673,,0.026717557251908497,
49180,"Winston-Salem, NC",1998,0.40239294710327456,2.5315985130111525,,,0.40239294710327456,,2.5315985130111525,
49180,"Winston-Salem, NC",1999,-0.046924113156713076,-0.21473684210526311,,,-0.046924113156713076,,-0.21473684210526311,
49180,"Winston-Salem, NC",2000,0.040518256772673844,0.036193029490616535,,,0.040518256772673844,,0.036193029490616535,
49180,"Winston-Salem, NC",2001,-0.12474530224134028,-0.3997412677878396,,,-0.12474530224134028,,-0.3997412677878396,
49180,"Winston-Salem, NC",2002,0.149508535954475,0.4849137931034482,,,0.149508535954475,,0.4849137931034482,
49180,"Winston-Salem, NC",2003,-0.08348334833483351,-0.3207547169811321,,,-0.08348334833483351,,-0.3207547169811321,
49180,"Winston-Salem, NC",2004,0.18168426221458378,0.4273504273504274,,,0.18168426221458378,,0.4273504273504274,
49180,"Winston-Salem, NC",2005,0.05921462705173486,-0.5224550898203593,,,0.05921462705173486,,-0.5224550898203593,
49180,"Winston-Salem, NC",2006,-0.04080031384856808,-0.2633228840125392,,,-0.04080031384856808,,-0.2633228840125392,
49180,"Winston-Salem, NC",2007,-0.08282208588957052,-0.2468085106382979,,,-0.08282208588957052,,-0.2468085106382979,
49180,"Winston-Salem, NC",2008,-0.42140468227424754,-0.03389830508474578,,,-0.42140468227424754,,-0.03389830508474578,
49180,"Winston-Salem, NC",2009,-0.4450867052023122,0.8538011695906433,,,-0.4450867052023122,,0.8538011695906433,
49180,"Winston-Salem, NC",2010,0.018750000000000044,-0.09779179810725547,,,0.018750000000000044,,-0.09779179810725547,
49180,"Winston-Salem, NC",2011,0.11383776414451252,0.6713286713286712,,,0.11383776414451252,,0.6713286713286712,
49180,"Winston-Salem, NC",2012,-0.07649938800489597,-0.09414225941422594,,,-0.07649938800489597,,-0.09414225941422594,
49180,"Winston-Salem, NC",2013,0.26043737574552694,0.5057736720554273,,,0.26043737574552694,,0.5057736720554273,
49180,"Winston-Salem, NC",2014,0.09621451104100953,-0.11503067484662577,,,0.09621451104100953,,-0.11503067484662577,
49180,"Winston-Salem, NC",2015,-0.019664268585131928,-0.2547660311958405,,,-0.019664268585131928,,-0.2547660311958405,
49180,"Winston-Salem, NC",2016,0.3341487279843445,0.08372093023255811,0.002265472798843267,0.00011103091365488723,0.3341487279843445,0.002265472798843267,0.08372093023255811,0.00011103091365488723
49180,"Winston-Salem, NC",2017,0.38063806380638066,1.036480686695279,0.0033902682252503376,0.0016060201967630855,0.38063806380638066,0.0033902682252503376,1.036480686695279,0.0016060201967630855
49180,"Winston-Salem, NC",2018,-0.07065073041168657,-0.6059009483667017,-0.0010289726201502085,-0.0019460703639375889,-0.07065073041168657,-0.0010289726201502085,-0.6059009483667017,-0.0019460703639375889
49180,"Winston-Salem, NC",2019,-0.04715633038010858,-0.5454545454545454,-0.000650679136300028,-0.0006826439896039866,-0.04715633038010858,-0.000650679136300028,-0.5454545454545454,-0.0006826439896039866
49180,"Winston-Salem, NC",2020,0.26454709058188364,-0.5294117647058824,,,0.26454709058188364,,-0.5294117647058824,
49180,"Winston-Salem, NC",2021,-0.0023719165085388516,2.9625,,,-0.0023719165085388516,,2.9625,
49180,"Winston-Salem, NC",2022,0.30290061816452685,3.7003154574132493,0.0039385078082824765,0.0037711270705970664,0.30290061816452685,0.0039385078082824765,3.7003154574132493,0.0037711270705970664
49180,"Winston-Salem, NC",2023,-0.07408759124087594,0.0026845637583892135,-0.0015083738156257374,-4.558339026529152e-05,-0.07408759124087594,-0.0015083738156257374,0.0026845637583892135,-4.558339026529152e-05
49180,"Winston-Salem, NC",2024,0.07528577059519126,-0.11044176706827313,0.0009687949877147765,-0.0005863691881172603,0.07528577059519126,0.0009687949877147765,-0.11044176706827313,-0.0005863691881172603
49180,"Winston-Salem, NC",2025,-0.13874633431085048,-0.7471783295711061,,,-0.13874633431085048,,-0.7471783295711061,
49340,"Worcester, MA",1990,,,,,,,,
49340,"Worcester, MA",1991,-0.1581736649001223,-0.74565560821485,,,-0.1581736649001223,,-0.74565560821485,
49340,"Worcester, MA",1992,0.3065375302663438,-0.15527950310559002,,,0.3065375302663438,,-0.15527950310559002,
49340,"Worcester, MA",1993,0.02075611564121571,-0.34558823529411764,,,0.02075611564121571,,-0.34558823529411764,
49340,"Worcester, MA",1994,0.05846042120551931,0.898876404494382,,,0.05846042120551931,,0.898876404494382,
49340,"Worcester, MA",1995,-0.06072041166380793,0.6390532544378698,,,-0.06072041166380793,,0.6390532544378698,
49340,"Worcester, MA",1996,0.1351351351351351,0.35018050541516255,,,0.1351351351351351,,0.35018050541516255,
49340,"Worcester, MA",1997,-0.10585585585585588,-0.7058823529411764,,,-0.10585585585585588,,-0.7058823529411764,
49340,"Worcester, MA",1998,0.1738035264483626,0.4363636363636363,,,0.1738035264483626,,0.4363636363636363,
49340,"Worcester, MA",1999,-0.07449417535254443,-0.6075949367088608,,,-0.07449417535254443,,-0.6075949367088608,
49340,"Worcester, MA",2000,-0.07220934084133823,0.19354838709677424,,,-0.07220934084133823,,0.19354838709677424,
49340,"Worcester, MA",2001,0.017136736879685754,0.5675675675675675,,,0.017136736879685754,,0.5675675675675675,
49340,"Worcester, MA",2002,0.16286416286416294,0.051724137931034475,,,0.16286416286416294,,0.051724137931034475,
49340,"Worcester, MA",2003,0.09538182915786297,2.401639344262295,,,0.09538182915786297,,2.401639344262295,
49340,"Worcester, MA",2004,0.017360154312482834,-0.6024096385542168,,,0.017360154312482834,,-0.6024096385542168,
49340,"Worcester, MA",2005,-0.025460455037919827,0.21212121212121215,,,-0.025460455037919827,,0.21212121212121215,
49340,"Worcester, MA",2006,-0.2537520844913841,0.4850000000000001,,,-0.2537520844913841,,0.4850000000000001,
49340,"Worcester, MA",2007,-0.3344506517690875,-0.7609427609427609,,,-0.3344506517690875,,-0.7609427609427609,
49340,"Worcester, MA",2008,-0.4913262451035255,-0.04225352112676062,,,-0.4913262451035255,,-0.04225352112676062,
49340,"Worcester, MA",2009,0.561056105610561,4.720588235294118,,,0.18301338900704373,,4.230980769230766,
49340,"Worcester, MA",2010,-0.01973220577871737,-0.49100257069408737,,,-0.01973220577871737,,-0.49100257069408737,
49340,"Worcester, MA",2011,-0.4313443565780014,-0.7575757575757576,,,-0.4313443565780014,,-0.7575757575757576,
49340,"Worcester, MA",2012,0.4222503160556257,2.1875,,,0.4222503160556257,,2.1875,
49340,"Worcester, MA",2013,0.19199999999999995,-0.2941176470588235,,,0.19199999999999995,,-0.2941176470588235,
49340,"Worcester, MA",2014,-0.05443698732289337,-0.4629629629629629,,,-0.05443698732289337,,-0.4629629629629629,
49340,"Worcester, MA",2015,0.018927444794952786,2.3793103448275863,,,0.018927444794952786,,2.3793103448275863,
49340,"Worcester, MA",2016,0.15479876160990713,0.3163265306122449,0.0005859570307281147,0.0001837874623681759,0.15479876160990713,0.0005859570307281147,0.3163265306122449,0.0001837874623681759
49340,"Worcester, MA",2017,0.0951742627345844,0.6472868217054264,0.0004064605199314937,0.0004955802025539185,0.0951742627345844,0.0004064605199314937,0.6472868217054264,0.0004955802025539185
49340,"Worcester, MA",2018,-0.023255813953488413,-0.1435294117647059,-0.0001347151598066875,-0.00018697466563508732,-0.023255813953488413,-0.0001347151598066875,-0.1435294117647059,-0.00018697466563508732
49340,"Worcester, MA",2019,0.11152882205513781,0.7087912087912087,0.000506185951048975,0.000758840015664829,0.11152882205513781,0.000506185951048975,0.7087912087912087,0.000758840015664829
49340,"Worcester, MA",2020,-0.052423900789177025,-0.18649517684887462,,,-0.052423900789177025,,-0.18649517684887462,
49340,"Worcester, MA",2021,0.12730517549077924,0.5019762845849802,,,0.12730517549077924,,0.5019762845849802,
49340,"Worcester, MA",2022,0.12084432717678095,0.28421052631578947,0.0006241319656103469,0.0006002375500630233,0.12084432717678095,0.0006241319656103469,0.28421052631578947,0.0006002375500630233
49340,"Worcester, MA",2023,-0.4279661016949152,-0.6895491803278688,-0.0025846056841873073,-0.0019024329829312537,-0.4264875928523791,-0.0025846056841873073,-0.6895491803278688,-0.0019024329829312537
49340,"Worcester, MA",2024,1.062551440329218,3.7326732673267324,0.0035909705054939394,0.0031530499151534433,0.7220019481984284,0.0035909705054939394,3.7326732673267324,0.0031530499151534433
49340,"Worcester, MA",2025,-0.32561851556264965,-0.4372384937238494,,,-0.32561851556264965,,-0.4372384937238494,
