cbsa_code,cbsa_title,total_units,mf_units,total_units_reported,mf_units_reported,year,imputed_share_total,flag_imputed_gt_25pct
10420,"Akron, OH",3332,1011,3332,1011,1990,0.0,False
10420,"Akron, OH",2378,166,2376,166,1991,0.000841042893187538,False
10420,"Akron, OH",3782,1165,3780,1165,1992,0.0005288207297725611,False
10420,"Akron, OH",3015,202,3011,202,1993,0.001326699834162559,False
10420,"Akron, OH",3789,590,3785,590,1994,0.0010556875164950963,False
10420,"Akron, OH",3092,411,3090,411,1995,0.0006468305304010435,False
10420,"Akron, OH",3898,815,3895,815,1996,0.000769625448948208,False
10420,"Akron, OH",3707,1037,3700,1037,1997,0.0018883193957377475,False
10420,"Akron, OH",4013,866,4005,866,1998,0.0019935210565661388,False
10420,"Akron, OH",3644,350,3633,350,1999,0.0030186608122941827,False
10420,"Akron, OH",3342,663,3326,663,2000,0.004787552363853975,False
10420,"Akron, OH",3230,511,3147,511,2001,0.02569659442724459,False
10420,"Akron, OH",2634,321,2547,321,2002,0.03302961275626426,False
10420,"Akron, OH",3190,294,3190,294,2003,0.0,False
10420,"Akron, OH",2934,282,2281,84,2004,0.2225630538513974,False
10420,"Akron, OH",2724,211,2073,14,2005,0.2389867841409692,False
10420,"Akron, OH",2209,339,1719,144,2006,0.22181982797645994,False
10420,"Akron, OH",1594,182,1280,28,2007,0.19698870765370136,False
10420,"Akron, OH",1039,141,828,30,2008,0.20307988450433112,False
10420,"Akron, OH",741,49,618,0,2009,0.1659919028340081,False
10420,"Akron, OH",736,50,548,0,2010,0.2554347826086957,True
10420,"Akron, OH",1122,479,981,434,2011,0.1256684491978609,False
10420,"Akron, OH",618,0,614,0,2012,0.006472491909385147,False
10420,"Akron, OH",690,16,685,16,2013,0.007246376811594235,False
10420,"Akron, OH",763,63,701,63,2014,0.0812581913499345,False
10420,"Akron, OH",967,159,868,159,2015,0.10237849017580147,False
10420,"Akron, OH",909,0,798,0,2016,0.12211221122112215,False
10420,"Akron, OH",920,11,770,11,2017,0.1630434782608695,False
10420,"Akron, OH",1210,179,1203,179,2018,0.005785123966942196,False
10420,"Akron, OH",945,55,809,0,2019,0.14391534391534389,False
10420,"Akron, OH",914,89,830,24,2020,0.09190371991247259,False
10420,"Akron, OH",1215,217,1117,142,2021,0.08065843621399182,False
10420,"Akron, OH",3047,1746,2890,1657,2022,0.05152609123728258,False
10420,"Akron, OH",940,124,932,124,2023,0.008510638297872353,False
10420,"Akron, OH",1282,412,1259,412,2024,0.017940717628705194,False
10420,"Akron, OH",751,78,726,78,2025,0.03328894806924099,False
10580,"Albany-Schenectady-Troy, NY",2853,514,2800,514,1990,0.01857693655800907,False
10580,"Albany-Schenectady-Troy, NY",2904,423,2756,423,1991,0.05096418732782371,False
10580,"Albany-Schenectady-Troy, NY",3068,384,3018,384,1992,0.01629726205997395,False
10580,"Albany-Schenectady-Troy, NY",3084,279,2937,279,1993,0.0476653696498055,False
10580,"Albany-Schenectady-Troy, NY",2867,486,2643,424,1994,0.07813044994768048,False
10580,"Albany-Schenectady-Troy, NY",2446,672,2366,672,1995,0.03270645952575635,False
10580,"Albany-Schenectady-Troy, NY",2556,783,2281,739,1996,0.10758998435054778,False
10580,"Albany-Schenectady-Troy, NY",2266,425,2109,410,1997,0.06928508384819065,False
10580,"Albany-Schenectady-Troy, NY",3355,1038,3142,972,1998,0.06348733233979131,False
10580,"Albany-Schenectady-Troy, NY",2840,515,2590,425,1999,0.0880281690140845,False
10580,"Albany-Schenectady-Troy, NY",2597,346,2332,254,2000,0.10204081632653061,False
10580,"Albany-Schenectady-Troy, NY",2909,502,2607,414,2001,0.10381574424200757,False
10580,"Albany-Schenectady-Troy, NY",3226,475,2915,368,2002,0.09640421574705516,False
10580,"Albany-Schenectady-Troy, NY",3222,554,3222,554,2003,0.0,False
10580,"Albany-Schenectady-Troy, NY",3268,614,2739,403,2004,0.16187270501835982,False
10580,"Albany-Schenectady-Troy, NY",3639,1294,2991,996,2005,0.1780708985985161,False
10580,"Albany-Schenectady-Troy, NY",2450,494,2149,456,2006,0.12285714285714289,False
10580,"Albany-Schenectady-Troy, NY",2703,981,2471,947,2007,0.08583055863854971,False
10580,"Albany-Schenectady-Troy, NY",1892,618,1698,600,2008,0.10253699788583515,False
10580,"Albany-Schenectady-Troy, NY",1380,180,1267,180,2009,0.0818840579710145,False
10580,"Albany-Schenectady-Troy, NY",1429,244,1326,244,2010,0.07207837648705384,False
10580,"Albany-Schenectady-Troy, NY",1764,768,1684,756,2011,0.04535147392290251,False
10580,"Albany-Schenectady-Troy, NY",2226,993,1974,855,2012,0.1132075471698113,False
10580,"Albany-Schenectady-Troy, NY",2009,683,1875,624,2013,0.06669985067197615,False
10580,"Albany-Schenectady-Troy, NY",2231,839,2092,814,2014,0.06230389959659344,False
10580,"Albany-Schenectady-Troy, NY",3623,2132,3287,1918,2015,0.09274082252277116,False
10580,"Albany-Schenectady-Troy, NY",2853,1120,2519,937,2016,0.11706975113915175,False
10580,"Albany-Schenectady-Troy, NY",2346,925,2005,750,2017,0.14535379369138957,False
10580,"Albany-Schenectady-Troy, NY",2239,857,1899,692,2018,0.15185350602947745,False
10580,"Albany-Schenectady-Troy, NY",1870,665,1645,580,2019,0.1203208556149733,False
10580,"Albany-Schenectady-Troy, NY",2046,628,1812,567,2020,0.11436950146627567,False
10580,"Albany-Schenectady-Troy, NY",2697,1182,2548,1134,2021,0.05524657026325552,False
10580,"Albany-Schenectady-Troy, NY",2635,1257,2476,1202,2022,0.060341555977229566,False
10580,"Albany-Schenectady-Troy, NY",1907,836,1668,740,2023,0.12532773990561086,False
10580,"Albany-Schenectady-Troy, NY",2366,1068,1969,979,2024,0.16779374471682162,False
10580,"Albany-Schenectady-Troy, NY",2047,697,1601,565,2025,0.21787982413287743,False
10740,"Albuquerque, NM",2473,428,2472,428,1990,0.0004043671653861658,False
10740,"Albuquerque, NM",2407,284,2165,274,1991,0.10054009140008313,False
10740,"Albuquerque, NM",3250,56,3242,56,1992,0.002461538461538515,False
10740,"Albuquerque, NM",4335,329,4111,323,1993,0.051672433679354146,False
10740,"Albuquerque, NM",6505,1821,5830,1791,1994,0.10376633358954646,False
10740,"Albuquerque, NM",6581,1910,5634,1870,1995,0.14389910347971435,False
10740,"Albuquerque, NM",5755,1035,4568,958,1996,0.2062554300608167,False
10740,"Albuquerque, NM",6097,1588,4809,1512,1997,0.21125143513203215,False
10740,"Albuquerque, NM",5366,388,4250,324,1998,0.20797614610510617,False
10740,"Albuquerque, NM",5311,271,5102,271,1999,0.03935228770476373,False
10740,"Albuquerque, NM",4773,70,4573,70,2000,0.04190236748376286,False
10740,"Albuquerque, NM",5925,646,5685,646,2001,0.040506329113924044,False
10740,"Albuquerque, NM",7022,1121,6257,1121,2002,0.10894332099117066,False
10740,"Albuquerque, NM",7936,702,7936,702,2003,0.0,False
10740,"Albuquerque, NM",7455,324,6244,324,2004,0.16244131455399058,False
10740,"Albuquerque, NM",7038,273,2840,107,2005,0.5964762716680876,True
10740,"Albuquerque, NM",6822,730,3983,534,2006,0.41615362063910877,True
10740,"Albuquerque, NM",4499,599,4060,599,2007,0.09757723938653029,False
10740,"Albuquerque, NM",2555,452,770,0,2008,0.6986301369863014,True
10740,"Albuquerque, NM",1692,143,517,0,2009,0.6944444444444444,True
10740,"Albuquerque, NM",1764,181,336,0,2010,0.8095238095238095,True
10740,"Albuquerque, NM",1634,251,144,0,2011,0.9118727050183598,True
10740,"Albuquerque, NM",2084,647,1406,647,2012,0.32533589251439543,True
10740,"Albuquerque, NM",2606,1061,1675,1061,2013,0.35725249424405214,True
10740,"Albuquerque, NM",2543,336,1554,306,2014,0.38891073535194653,True
10740,"Albuquerque, NM",2295,219,1493,169,2015,0.34945533769063186,True
10740,"Albuquerque, NM",2465,500,1404,384,2016,0.43042596348884377,True
10740,"Albuquerque, NM",2256,251,1002,0,2017,0.5558510638297872,True
10740,"Albuquerque, NM",2186,75,1798,6,2018,0.17749313815187562,False
10740,"Albuquerque, NM",2148,262,1383,188,2019,0.3561452513966481,True
10740,"Albuquerque, NM",2014,68,1190,0,2020,0.4091360476663356,True
10740,"Albuquerque, NM",4021,1410,3804,1314,2021,0.053966674956478444,False
10740,"Albuquerque, NM",2852,942,2823,942,2022,0.010168302945301577,False
10740,"Albuquerque, NM",2834,777,2834,777,2023,0.0,False
10740,"Albuquerque, NM",2876,762,2876,762,2024,0.0,False
10740,"Albuquerque, NM",2830,984,2708,984,2025,0.04310954063604244,False
10900,"Allentown-Bethlehem-Easton, PA-NJ",2151,237,2144,237,1990,0.0032543003254300595,False
10900,"Allentown-Bethlehem-Easton, PA-NJ",2517,312,2450,312,1991,0.02661899086213748,False
10900,"Allentown-Bethlehem-Easton, PA-NJ",3042,385,3019,385,1992,0.00756081525312291,False
10900,"Allentown-Bethlehem-Easton, PA-NJ",3116,450,3008,450,1993,0.03465982028241332,False
10900,"Allentown-Bethlehem-Easton, PA-NJ",2888,324,2836,324,1994,0.018005540166205036,False
10900,"Allentown-Bethlehem-Easton, PA-NJ",2704,242,2552,242,1995,0.056213017751479244,False
10900,"Allentown-Bethlehem-Easton, PA-NJ",2909,328,2735,328,1996,0.05981436919903749,False
10900,"Allentown-Bethlehem-Easton, PA-NJ",2816,238,2721,213,1997,0.033735795454545414,False
10900,"Allentown-Bethlehem-Easton, PA-NJ",3392,195,3236,195,1998,0.04599056603773588,False
10900,"Allentown-Bethlehem-Easton, PA-NJ",4004,367,3815,367,1999,0.047202797202797186,False
10900,"Allentown-Bethlehem-Easton, PA-NJ",3759,371,3571,371,2000,0.05001330140994942,False
10900,"Allentown-Bethlehem-Easton, PA-NJ",4139,543,3827,538,2001,0.07538052669726991,False
10900,"Allentown-Bethlehem-Easton, PA-NJ",4563,275,4090,265,2002,0.10365987289064216,False
10900,"Allentown-Bethlehem-Easton, PA-NJ",4376,262,4376,262,2003,0.0,False
10900,"Allentown-Bethlehem-Easton, PA-NJ",4612,93,3953,78,2004,0.1428881179531657,False
10900,"Allentown-Bethlehem-Easton, PA-NJ",4848,403,4222,369,2005,0.1291254125412541,False
10900,"Allentown-Bethlehem-Easton, PA-NJ",4144,206,3495,134,2006,0.15661196911196906,False
10900,"Allentown-Bethlehem-Easton, PA-NJ",2789,115,2017,68,2007,0.2768017210469702,True
10900,"Allentown-Bethlehem-Easton, PA-NJ",1694,174,1533,141,2008,0.0950413223140496,False
10900,"Allentown-Bethlehem-Easton, PA-NJ",1648,232,1563,202,2009,0.05157766990291257,False
10900,"Allentown-Bethlehem-Easton, PA-NJ",1388,160,1268,129,2010,0.08645533141210371,False
10900,"Allentown-Bethlehem-Easton, PA-NJ",1133,54,1018,11,2011,0.10150044130626656,False
10900,"Allentown-Bethlehem-Easton, PA-NJ",1069,203,899,134,2012,0.15902712815715625,False
10900,"Allentown-Bethlehem-Easton, PA-NJ",1350,164,1135,92,2013,0.1592592592592592,False
10900,"Allentown-Bethlehem-Easton, PA-NJ",1801,734,1588,638,2014,0.11826762909494726,False
10900,"Allentown-Bethlehem-Easton, PA-NJ",1356,406,1128,265,2015,0.16814159292035402,False
10900,"Allentown-Bethlehem-Easton, PA-NJ",1263,163,1160,118,2016,0.0815518606492478,False
10900,"Allentown-Bethlehem-Easton, PA-NJ",1118,158,882,114,2017,0.21109123434704835,False
10900,"Allentown-Bethlehem-Easton, PA-NJ",1246,162,1209,144,2018,0.029695024077046495,False
10900,"Allentown-Bethlehem-Easton, PA-NJ",1345,239,1245,239,2019,0.07434944237918217,False
10900,"Allentown-Bethlehem-Easton, PA-NJ",1688,548,1501,523,2020,0.11078199052132698,False
10900,"Allentown-Bethlehem-Easton, PA-NJ",2606,858,2255,633,2021,0.13468917881811204,False
10900,"Allentown-Bethlehem-Easton, PA-NJ",2232,608,2181,608,2022,0.022849462365591378,False
10900,"Allentown-Bethlehem-Easton, PA-NJ",1735,378,1659,378,2023,0.043804034582132556,False
10900,"Allentown-Bethlehem-Easton, PA-NJ",2485,1050,2173,964,2024,0.12555331991951713,False
10900,"Allentown-Bethlehem-Easton, PA-NJ",1974,711,1742,672,2025,0.11752786220871325,False
12060,"Atlanta-Sandy Springs-Roswell, GA",28860,5704,28783,5699,1990,0.0026680526680527006,False
12060,"Atlanta-Sandy Springs-Roswell, GA",25774,1796,25022,1752,1991,0.02917668968728171,False
12060,"Atlanta-Sandy Springs-Roswell, GA",30403,754,30240,754,1992,0.005361313028319548,False
12060,"Atlanta-Sandy Springs-Roswell, GA",37855,3528,37431,3528,1993,0.011200633998150855,False
12060,"Atlanta-Sandy Springs-Roswell, GA",42553,8195,41978,8177,1994,0.013512560806523632,False
12060,"Atlanta-Sandy Springs-Roswell, GA",49733,12833,49170,12688,1995,0.01132045120945846,False
12060,"Atlanta-Sandy Springs-Roswell, GA",49897,10519,48974,10483,1996,0.01849810609856306,False
12060,"Atlanta-Sandy Springs-Roswell, GA",51379,11013,50887,10973,1997,0.00957589676716164,False
12060,"Atlanta-Sandy Springs-Roswell, GA",60062,11848,59912,11848,1998,0.002497419333355566,False
12060,"Atlanta-Sandy Springs-Roswell, GA",62839,12144,62329,12125,1999,0.008115978930282153,False
12060,"Atlanta-Sandy Springs-Roswell, GA",66031,16849,65601,16707,2000,0.00651209280489462,False
12060,"Atlanta-Sandy Springs-Roswell, GA",67180,16361,65968,16254,2001,0.01804108365585,False
12060,"Atlanta-Sandy Springs-Roswell, GA",68710,15965,67276,15660,2002,0.020870324552466846,False
12060,"Atlanta-Sandy Springs-Roswell, GA",66793,10851,66793,10851,2003,0.0,False
12060,"Atlanta-Sandy Springs-Roswell, GA",74547,16137,73233,16130,2004,0.017626463841603268,False
12060,"Atlanta-Sandy Springs-Roswell, GA",73475,11010,72859,10964,2005,0.008383804014971075,False
12060,"Atlanta-Sandy Springs-Roswell, GA",68818,13629,67465,13481,2006,0.019660553924845225,False
12060,"Atlanta-Sandy Springs-Roswell, GA",45240,13012,44615,12995,2007,0.01381520778072498,False
12060,"Atlanta-Sandy Springs-Roswell, GA",19454,7044,18968,7016,2008,0.024982008841369363,False
12060,"Atlanta-Sandy Springs-Roswell, GA",6615,994,6361,984,2009,0.038397581254724145,False
12060,"Atlanta-Sandy Springs-Roswell, GA",7584,1037,7286,1032,2010,0.03929324894514763,False
12060,"Atlanta-Sandy Springs-Roswell, GA",8688,2357,8400,2352,2011,0.03314917127071826,False
12060,"Atlanta-Sandy Springs-Roswell, GA",14420,5019,14066,5019,2012,0.024549237170596427,False
12060,"Atlanta-Sandy Springs-Roswell, GA",24495,9266,24146,9266,2013,0.014247805674627467,False
12060,"Atlanta-Sandy Springs-Roswell, GA",26756,9442,26409,9331,2014,0.012969053670204844,False
12060,"Atlanta-Sandy Springs-Roswell, GA",30517,10282,29730,9916,2015,0.025788904545007707,False
12060,"Atlanta-Sandy Springs-Roswell, GA",36485,13107,35727,12826,2016,0.020775661230642783,False
12060,"Atlanta-Sandy Springs-Roswell, GA",33998,8702,33340,8578,2017,0.019354079651744183,False
12060,"Atlanta-Sandy Springs-Roswell, GA",39409,12750,37993,12637,2018,0.035930878733284266,False
12060,"Atlanta-Sandy Springs-Roswell, GA",32928,6418,32723,6418,2019,0.006225704567541346,False
12060,"Atlanta-Sandy Springs-Roswell, GA",32447,3390,31277,3363,2020,0.036058803587388666,False
12060,"Atlanta-Sandy Springs-Roswell, GA",39522,7677,38489,7562,2021,0.02613734122767064,False
12060,"Atlanta-Sandy Springs-Roswell, GA",48617,21288,48601,21288,2022,0.00032910298866650756,False
12060,"Atlanta-Sandy Springs-Roswell, GA",38749,14227,37310,14085,2023,0.037136442230767286,False
12060,"Atlanta-Sandy Springs-Roswell, GA",40687,13955,39119,13449,2024,0.03853810799518276,False
12060,"Atlanta-Sandy Springs-Roswell, GA",33670,11052,31708,10398,2025,0.0582714582714583,False
12260,"Augusta-Richmond County, GA-SC",2568,64,2566,64,1990,0.0007788161993769194,False
12260,"Augusta-Richmond County, GA-SC",2697,161,2697,161,1991,0.0,False
12260,"Augusta-Richmond County, GA-SC",2923,28,2912,28,1992,0.003763256927813874,False
12260,"Augusta-Richmond County, GA-SC",2671,72,2640,72,1993,0.011606140022463518,False
12260,"Augusta-Richmond County, GA-SC",2709,169,2709,169,1994,0.0,False
12260,"Augusta-Richmond County, GA-SC",2193,176,2193,176,1995,0.0,False
12260,"Augusta-Richmond County, GA-SC",2381,130,2374,130,1996,0.0029399412011760218,False
12260,"Augusta-Richmond County, GA-SC",2247,65,2247,65,1997,0.0,False
12260,"Augusta-Richmond County, GA-SC",3092,489,2966,462,1998,0.04075032341526519,False
12260,"Augusta-Richmond County, GA-SC",3357,765,3309,733,1999,0.01429848078641649,False
12260,"Augusta-Richmond County, GA-SC",2362,42,2217,42,2000,0.06138865368331925,False
12260,"Augusta-Richmond County, GA-SC",2866,196,2606,196,2001,0.09071877180739707,False
12260,"Augusta-Richmond County, GA-SC",3582,567,3325,567,2002,0.07174762702400894,False
12260,"Augusta-Richmond County, GA-SC",3643,256,3643,256,2003,0.0,False
12260,"Augusta-Richmond County, GA-SC",3743,0,3436,0,2004,0.08201977023777718,False
12260,"Augusta-Richmond County, GA-SC",3941,89,3610,89,2005,0.08398883532098456,False
12260,"Augusta-Richmond County, GA-SC",3662,0,3376,0,2006,0.07809939923539044,False
12260,"Augusta-Richmond County, GA-SC",3402,332,3196,332,2007,0.06055261610817164,False
12260,"Augusta-Richmond County, GA-SC",1934,88,1807,88,2008,0.06566701137538777,False
12260,"Augusta-Richmond County, GA-SC",2292,98,2130,93,2009,0.0706806282722513,False
12260,"Augusta-Richmond County, GA-SC",2490,55,2243,48,2010,0.09919678714859437,False
12260,"Augusta-Richmond County, GA-SC",2415,160,1806,160,2011,0.25217391304347825,True
12260,"Augusta-Richmond County, GA-SC",2284,80,2011,8,2012,0.11952714535901932,False
12260,"Augusta-Richmond County, GA-SC",2445,24,1927,24,2013,0.21186094069529648,False
12260,"Augusta-Richmond County, GA-SC",2847,387,2577,382,2014,0.09483667017913588,False
12260,"Augusta-Richmond County, GA-SC",3035,364,1327,68,2015,0.5627677100494234,True
12260,"Augusta-Richmond County, GA-SC",2968,340,2767,320,2016,0.06772237196765496,False
12260,"Augusta-Richmond County, GA-SC",3338,593,2566,347,2017,0.23127621330137804,False
12260,"Augusta-Richmond County, GA-SC",2867,248,2293,88,2018,0.20020927799093124,False
12260,"Augusta-Richmond County, GA-SC",3201,401,3201,401,2019,0.0,False
12260,"Augusta-Richmond County, GA-SC",3556,38,2570,38,2020,0.27727784026996627,True
12260,"Augusta-Richmond County, GA-SC",4280,27,2417,8,2021,0.43528037383177565,True
12260,"Augusta-Richmond County, GA-SC",4190,666,3158,666,2022,0.24630071599045344,False
12260,"Augusta-Richmond County, GA-SC",3559,132,2578,132,2023,0.27563922450126443,True
12260,"Augusta-Richmond County, GA-SC",4658,1023,3629,1023,2024,0.22091026191498497,False
12260,"Augusta-Richmond County, GA-SC",4141,402,3186,402,2025,0.23062062303791353,False
12420,"Austin-Round Rock-San Marcos, TX",1962,0,1958,0,1990,0.0020387359836900876,False
12420,"Austin-Round Rock-San Marcos, TX",3222,220,3219,220,1991,0.0009310986964617962,False
12420,"Austin-Round Rock-San Marcos, TX",5671,996,5633,996,1992,0.006700758243695981,False
12420,"Austin-Round Rock-San Marcos, TX",8543,2084,8460,2084,1993,0.009715556596043506,False
12420,"Austin-Round Rock-San Marcos, TX",10785,4403,10664,4403,1994,0.01121928604543343,False
12420,"Austin-Round Rock-San Marcos, TX",13765,6133,13463,6133,1995,0.02193970214311658,False
12420,"Austin-Round Rock-San Marcos, TX",17077,6484,16588,6484,1996,0.028635006148620912,False
12420,"Austin-Round Rock-San Marcos, TX",13617,4720,13539,4720,1997,0.005728133950209324,False
12420,"Austin-Round Rock-San Marcos, TX",16423,5128,16362,5128,1998,0.003714303111490014,False
12420,"Austin-Round Rock-San Marcos, TX",19897,7849,19826,7849,1999,0.0035683771422827526,False
12420,"Austin-Round Rock-San Marcos, TX",21889,8064,20614,7993,2000,0.05824843528713053,False
12420,"Austin-Round Rock-San Marcos, TX",17873,8345,17504,8286,2001,0.020645666648016592,False
12420,"Austin-Round Rock-San Marcos, TX",17232,5570,17059,5570,2002,0.010039461467038047,False
12420,"Austin-Round Rock-San Marcos, TX",15317,2499,15317,2499,2003,0.0,False
12420,"Austin-Round Rock-San Marcos, TX",18015,3106,17218,3012,2004,0.04424091035248401,False
12420,"Austin-Round Rock-San Marcos, TX",23241,5261,22508,4742,2005,0.031539090400585224,False
12420,"Austin-Round Rock-San Marcos, TX",26096,7399,24673,6846,2006,0.05452942979767017,False
12420,"Austin-Round Rock-San Marcos, TX",19903,6902,18477,6466,2007,0.07164749032809126,False
12420,"Austin-Round Rock-San Marcos, TX",11792,3812,11186,3477,2008,0.05139077340569875,False
12420,"Austin-Round Rock-San Marcos, TX",8758,2049,7747,1912,2009,0.1154373144553551,False
12420,"Austin-Round Rock-San Marcos, TX",8786,2290,8116,2290,2010,0.07625768267698607,False
12420,"Austin-Round Rock-San Marcos, TX",10239,3927,8470,2845,2011,0.17277077839632782,False
12420,"Austin-Round Rock-San Marcos, TX",19563,11220,17086,9413,2012,0.12661657210039357,False
12420,"Austin-Round Rock-San Marcos, TX",20852,11509,18675,9785,2013,0.10440245539996162,False
12420,"Austin-Round Rock-San Marcos, TX",19949,7990,19390,7990,2014,0.02802145470950923,False
12420,"Austin-Round Rock-San Marcos, TX",22370,10065,21745,10034,2015,0.027939204291461794,False
12420,"Austin-Round Rock-San Marcos, TX",21861,8296,21191,8296,2016,0.030648186267782762,False
12420,"Austin-Round Rock-San Marcos, TX",26700,10428,26024,10423,2017,0.025318352059925053,False
12420,"Austin-Round Rock-San Marcos, TX",30035,12840,28317,12840,2018,0.057199933411020476,False
12420,"Austin-Round Rock-San Marcos, TX",32037,13267,31577,13267,2019,0.014358398102194303,False
12420,"Austin-Round Rock-San Marcos, TX",42264,19277,39363,19277,2020,0.0686399772856332,False
12420,"Austin-Round Rock-San Marcos, TX",50907,25642,47337,25642,2021,0.0701278802522246,False
12420,"Austin-Round Rock-San Marcos, TX",42362,22179,40308,22179,2022,0.048486851423445554,False
12420,"Austin-Round Rock-San Marcos, TX",38773,21753,36148,21753,2023,0.06770175121863153,False
12420,"Austin-Round Rock-San Marcos, TX",32294,15126,28364,14724,2024,0.12169443240230382,False
12420,"Austin-Round Rock-San Marcos, TX",27322,11749,25406,11749,2025,0.07012663787424056,False
12540,"Bakersfield-Delano, CA",4954,255,4954,255,1990,0.0,False
12540,"Bakersfield-Delano, CA",3400,85,3400,85,1991,0.0,False
12540,"Bakersfield-Delano, CA",4366,266,4366,266,1992,0.0,False
12540,"Bakersfield-Delano, CA",3396,142,3396,142,1993,0.0,False
12540,"Bakersfield-Delano, CA",3124,136,2950,112,1994,0.05569782330345707,False
12540,"Bakersfield-Delano, CA",3496,506,3023,460,1995,0.13529748283752863,False
12540,"Bakersfield-Delano, CA",2767,216,2767,216,1996,0.0,False
12540,"Bakersfield-Delano, CA",2659,179,2649,179,1997,0.0037608123354644363,False
12540,"Bakersfield-Delano, CA",3425,325,3338,255,1998,0.025401459854014652,False
12540,"Bakersfield-Delano, CA",3118,149,2994,149,1999,0.039769082745349627,False
12540,"Bakersfield-Delano, CA",3070,149,3058,149,2000,0.003908794788273662,False
12540,"Bakersfield-Delano, CA",3494,80,3416,80,2001,0.02232398397252433,False
12540,"Bakersfield-Delano, CA",4509,0,4434,0,2002,0.016633399866932796,False
12540,"Bakersfield-Delano, CA",5813,115,5813,115,2003,0.0,False
12540,"Bakersfield-Delano, CA",6794,305,6552,305,2004,0.03561966440977338,False
12540,"Bakersfield-Delano, CA",8857,637,7061,587,2005,0.20277746415264764,False
12540,"Bakersfield-Delano, CA",6991,306,6582,285,2006,0.058503790587898674,False
12540,"Bakersfield-Delano, CA",4202,233,4080,233,2007,0.029033793431699206,False
12540,"Bakersfield-Delano, CA",2593,560,2372,492,2008,0.08522946394138065,False
12540,"Bakersfield-Delano, CA",1777,171,1775,171,2009,0.0011254924029262536,False
12540,"Bakersfield-Delano, CA",1656,387,1617,387,2010,0.023550724637681153,False
12540,"Bakersfield-Delano, CA",969,162,969,162,2011,0.0,False
12540,"Bakersfield-Delano, CA",2005,457,1586,316,2012,0.20897755610972568,False
12540,"Bakersfield-Delano, CA",2318,425,1138,180,2013,0.5090595340811044,True
12540,"Bakersfield-Delano, CA",2297,357,817,0,2014,0.6443186765346103,True
12540,"Bakersfield-Delano, CA",2200,82,1741,0,2015,0.20863636363636362,False
12540,"Bakersfield-Delano, CA",2256,11,2148,0,2016,0.0478723404255319,False
12540,"Bakersfield-Delano, CA",2640,54,1305,54,2017,0.5056818181818181,True
12540,"Bakersfield-Delano, CA",2452,206,2126,154,2018,0.13295269168026103,False
12540,"Bakersfield-Delano, CA",2261,35,2253,35,2019,0.0035382574082264417,False
12540,"Bakersfield-Delano, CA",2502,252,1599,232,2020,0.3609112709832134,True
12540,"Bakersfield-Delano, CA",2293,91,2258,91,2021,0.015263846489315336,False
12540,"Bakersfield-Delano, CA",2688,184,2686,184,2022,0.0007440476190476719,False
12540,"Bakersfield-Delano, CA",2451,136,978,84,2023,0.6009791921664627,True
12540,"Bakersfield-Delano, CA",3244,73,2411,43,2024,0.25678175092478417,True
12540,"Bakersfield-Delano, CA",3159,125,2179,95,2025,0.3102247546691991,True
12580,"Baltimore-Columbia-Towson, MD",13561,4029,13561,4029,1990,0.0,False
12580,"Baltimore-Columbia-Towson, MD",11182,1759,11182,1759,1991,0.0,False
12580,"Baltimore-Columbia-Towson, MD",15484,2051,15484,2051,1992,0.0,False
12580,"Baltimore-Columbia-Towson, MD",12904,2335,12773,2286,1993,0.010151890886546777,False
12580,"Baltimore-Columbia-Towson, MD",12596,1784,12416,1698,1994,0.014290250873293164,False
12580,"Baltimore-Columbia-Towson, MD",11349,1521,11264,1477,1995,0.00748964666490437,False
12580,"Baltimore-Columbia-Towson, MD",10741,1389,10568,1320,1996,0.016106507773950285,False
12580,"Baltimore-Columbia-Towson, MD",10638,2021,10455,1945,1997,0.01720248166948679,False
12580,"Baltimore-Columbia-Towson, MD",11193,2792,10987,2708,1998,0.018404359867774556,False
12580,"Baltimore-Columbia-Towson, MD",13606,3043,13590,3035,1999,0.0011759517859767366,False
12580,"Baltimore-Columbia-Towson, MD",11804,1994,11792,1994,2000,0.0010166045408336322,False
12580,"Baltimore-Columbia-Towson, MD",10908,1913,10834,1913,2001,0.006784011734506823,False
12580,"Baltimore-Columbia-Towson, MD",10991,1612,10681,1547,2002,0.028204894914020562,False
12580,"Baltimore-Columbia-Towson, MD",11133,2791,11133,2791,2003,0.0,False
12580,"Baltimore-Columbia-Towson, MD",10282,2661,10273,2661,2004,0.000875316086364486,False
12580,"Baltimore-Columbia-Towson, MD",11327,2858,11311,2853,2005,0.0014125540743356035,False
12580,"Baltimore-Columbia-Towson, MD",8133,1759,8027,1691,2006,0.013033321037747458,False
12580,"Baltimore-Columbia-Towson, MD",6207,1428,6173,1407,2007,0.005477686483003064,False
12580,"Baltimore-Columbia-Towson, MD",5544,2404,5544,2404,2008,0.0,False
12580,"Baltimore-Columbia-Towson, MD",5115,1991,5115,1991,2009,0.0,False
12580,"Baltimore-Columbia-Towson, MD",5594,2030,5594,2030,2010,0.0,False
12580,"Baltimore-Columbia-Towson, MD",6153,2861,6153,2861,2011,0.0,False
12580,"Baltimore-Columbia-Towson, MD",5956,2047,5562,1762,2012,0.06615177971793151,False
12580,"Baltimore-Columbia-Towson, MD",8069,3291,8069,3291,2013,0.0,False
12580,"Baltimore-Columbia-Towson, MD",7100,2354,6953,2233,2014,0.020704225352112693,False
12580,"Baltimore-Columbia-Towson, MD",8264,3571,8264,3571,2015,0.0,False
12580,"Baltimore-Columbia-Towson, MD",8070,3193,8067,3193,2016,0.0003717472118959231,False
12580,"Baltimore-Columbia-Towson, MD",6840,1824,6840,1824,2017,0.0,False
12580,"Baltimore-Columbia-Towson, MD",9287,3920,9287,3920,2018,0.0,False
12580,"Baltimore-Columbia-Towson, MD",6967,2068,6967,2068,2019,0.0,False
12580,"Baltimore-Columbia-Towson, MD",8094,3078,8094,3078,2020,0.0,False
12580,"Baltimore-Columbia-Towson, MD",7834,3045,7834,3045,2021,0.0,False
12580,"Baltimore-Columbia-Towson, MD",6588,3740,6588,3740,2022,0.0,False
12580,"Baltimore-Columbia-Towson, MD",7539,3735,7539,3735,2023,0.0,False
12580,"Baltimore-Columbia-Towson, MD",6284,2425,6283,2425,2024,0.0001591343093571007,False
12580,"Baltimore-Columbia-Towson, MD",5799,2169,5799,2169,2025,0.0,False
12940,"Baton Rouge, LA",1125,51,1046,51,1990,0.07022222222222219,False
12940,"Baton Rouge, LA",1357,68,1347,68,1991,0.007369196757553431,False
12940,"Baton Rouge, LA",1992,216,1990,216,1992,0.0010040160642570406,False
12940,"Baton Rouge, LA",2801,216,2793,216,1993,0.002856122813280959,False
12940,"Baton Rouge, LA",3227,599,3165,599,1994,0.019212891230244833,False
12940,"Baton Rouge, LA",3602,713,2973,713,1995,0.1746252082176568,False
12940,"Baton Rouge, LA",4732,1128,3982,1128,1996,0.1584953508030431,False
12940,"Baton Rouge, LA",3476,279,3244,213,1997,0.06674338319907935,False
12940,"Baton Rouge, LA",4303,809,3554,809,1998,0.17406460608877528,False
12940,"Baton Rouge, LA",4593,491,4580,491,1999,0.00283039407794472,False
12940,"Baton Rouge, LA",3554,374,3530,374,2000,0.006752954417557633,False
12940,"Baton Rouge, LA",3903,428,3099,428,2001,0.2059953881629516,False
12940,"Baton Rouge, LA",4379,688,3371,688,2002,0.2301895409910939,False
12940,"Baton Rouge, LA",5420,1133,5420,1133,2003,0.0,False
12940,"Baton Rouge, LA",5273,430,5154,430,2004,0.022567798217333568,False
12940,"Baton Rouge, LA",6318,716,5314,689,2005,0.1589110477999367,False
12940,"Baton Rouge, LA",9165,2589,8876,2534,2006,0.0315330060010911,False
12940,"Baton Rouge, LA",6426,1811,6338,1811,2007,0.013694366635543131,False
12940,"Baton Rouge, LA",3809,1116,2881,582,2008,0.24363349960619585,False
12940,"Baton Rouge, LA",2970,72,2674,72,2009,0.09966329966329968,False
12940,"Baton Rouge, LA",2998,115,2180,68,2010,0.27284856571047367,True
12940,"Baton Rouge, LA",3176,424,2056,341,2011,0.35264483627204035,True
12940,"Baton Rouge, LA",3419,118,2362,11,2012,0.3091547236033928,True
12940,"Baton Rouge, LA",3245,186,2922,186,2013,0.09953775038520796,False
12940,"Baton Rouge, LA",3601,270,3120,270,2014,0.13357400722021662,False
12940,"Baton Rouge, LA",3602,104,2704,80,2015,0.249305941143809,False
12940,"Baton Rouge, LA",3473,0,3236,0,2016,0.06824071408004606,False
12940,"Baton Rouge, LA",3670,11,2749,11,2017,0.2509536784741144,True
12940,"Baton Rouge, LA",3941,401,3789,401,2018,0.03856889114437956,False
12940,"Baton Rouge, LA",3622,0,3497,0,2019,0.03451131971286581,False
12940,"Baton Rouge, LA",3780,0,3030,0,2020,0.19841269841269837,False
12940,"Baton Rouge, LA",4460,0,4340,0,2021,0.026905829596412523,False
12940,"Baton Rouge, LA",3770,267,1912,267,2022,0.4928381962864722,True
12940,"Baton Rouge, LA",3281,264,1582,264,2023,0.5178299298994209,True
12940,"Baton Rouge, LA",3806,459,2974,459,2024,0.21860220704151345,False
12940,"Baton Rouge, LA",4314,1517,3487,1517,2025,0.1917014371812703,False
13820,"Birmingham, AL",4052,1350,4019,1350,1990,0.008144126357354398,False
13820,"Birmingham, AL",3557,586,3331,581,1991,0.06353668822041048,False
13820,"Birmingham, AL",3944,321,3734,321,1992,0.05324543610547672,False
13820,"Birmingham, AL",5075,735,4169,684,1993,0.17852216748768468,False
13820,"Birmingham, AL",4990,685,4050,645,1994,0.188376753507014,False
13820,"Birmingham, AL",6165,1754,5387,1703,1995,0.1261962692619627,False
13820,"Birmingham, AL",6822,1884,5959,1828,1996,0.12650249193784813,False
13820,"Birmingham, AL",5150,696,4322,634,1997,0.16077669902912617,False
13820,"Birmingham, AL",6507,1309,6342,1309,1998,0.025357307514983884,False
13820,"Birmingham, AL",6048,972,5876,972,1999,0.028439153439153486,False
13820,"Birmingham, AL",5214,774,5033,774,2000,0.03471423091676251,False
13820,"Birmingham, AL",5196,469,4855,469,2001,0.06562740569668979,False
13820,"Birmingham, AL",5317,267,5091,267,2002,0.0425051720895242,False
13820,"Birmingham, AL",6673,693,6673,693,2003,0.0,False
13820,"Birmingham, AL",7800,1376,7654,1370,2004,0.01871794871794874,False
13820,"Birmingham, AL",7668,721,7630,716,2005,0.0049556598852373845,False
13820,"Birmingham, AL",7807,1311,6800,1311,2006,0.1289868067119252,False
13820,"Birmingham, AL",5433,486,4585,339,2007,0.15608319528805448,False
13820,"Birmingham, AL",3359,1016,2850,687,2008,0.1515331944030962,False
13820,"Birmingham, AL",1807,56,1780,56,2009,0.014941892639734333,False
13820,"Birmingham, AL",1924,340,1777,340,2010,0.07640332640332637,False
13820,"Birmingham, AL",2362,567,2322,567,2011,0.01693480101608802,False
13820,"Birmingham, AL",3301,1450,3215,1411,2012,0.02605271129960618,False
13820,"Birmingham, AL",2776,714,2724,705,2013,0.018731988472622474,False
13820,"Birmingham, AL",3364,959,3296,954,2014,0.02021403091557672,False
13820,"Birmingham, AL",3733,1303,3611,1303,2015,0.032681489418698084,False
13820,"Birmingham, AL",3312,574,3146,574,2016,0.050120772946859904,False
13820,"Birmingham, AL",2689,6,2447,6,2017,0.08999628114540725,False
13820,"Birmingham, AL",3025,299,2861,299,2018,0.05421487603305786,False
13820,"Birmingham, AL",3236,110,3236,110,2019,0.0,False
13820,"Birmingham, AL",3898,307,3513,200,2020,0.09876859928168291,False
13820,"Birmingham, AL",4022,544,3988,544,2021,0.008453505718547971,False
13820,"Birmingham, AL",4200,992,4149,992,2022,0.012142857142857122,False
13820,"Birmingham, AL",3452,324,3282,324,2023,0.049246813441483184,False
13820,"Birmingham, AL",3746,556,3235,313,2024,0.1364121729845168,False
13820,"Birmingham, AL",4219,1076,3497,608,2025,0.1711305996681678,False
14260,"Boise City, ID",3011,498,3011,498,1990,0.0,False
14260,"Boise City, ID",3226,408,3226,408,1991,0.0,False
14260,"Boise City, ID",4894,476,4892,476,1992,0.000408663669799747,False
14260,"Boise City, ID",6301,865,5823,865,1993,0.07586097444850026,False
14260,"Boise City, ID",6841,1316,6825,1316,1994,0.0023388393509721217,False
14260,"Boise City, ID",4952,682,4851,677,1995,0.020395799676898196,False
14260,"Boise City, ID",4770,114,4733,109,1996,0.007756813417190811,False
14260,"Boise City, ID",5411,500,5407,500,1997,0.0007392348918868752,False
14260,"Boise City, ID",6470,534,6437,534,1998,0.005100463678516243,False
14260,"Boise City, ID",6862,655,5962,655,1999,0.13115709705625178,False
14260,"Boise City, ID",6289,228,6125,219,2000,0.026077277786611508,False
14260,"Boise City, ID",6758,909,6678,909,2001,0.011837821840781304,False
14260,"Boise City, ID",7042,589,6910,589,2002,0.018744674808293116,False
14260,"Boise City, ID",7724,550,7724,550,2003,0.0,False
14260,"Boise City, ID",8895,80,8717,80,2004,0.020011242270938756,False
14260,"Boise City, ID",11549,68,11412,68,2005,0.011862498917655229,False
14260,"Boise City, ID",8352,261,8340,261,2006,0.001436781609195359,False
14260,"Boise City, ID",4864,175,4773,175,2007,0.018708881578947345,False
14260,"Boise City, ID",2797,164,2629,164,2008,0.06006435466571325,False
14260,"Boise City, ID",1904,8,1881,8,2009,0.012079831932773066,False
14260,"Boise City, ID",1693,48,1693,48,2010,0.0,False
14260,"Boise City, ID",1840,115,1840,115,2011,0.0,False
14260,"Boise City, ID",3556,340,3553,340,2012,0.0008436445444319762,False
14260,"Boise City, ID",4365,724,4365,724,2013,0.0,False
14260,"Boise City, ID",5183,1311,5120,1292,2014,0.012155122515917438,False
14260,"Boise City, ID",5499,858,5459,858,2015,0.007274049827241336,False
14260,"Boise City, ID",6758,1045,6711,1045,2016,0.006954720331459052,False
14260,"Boise City, ID",7909,1311,7856,1311,2017,0.006701226450878783,False
14260,"Boise City, ID",8917,1637,8090,1424,2018,0.0927441964786363,False
14260,"Boise City, ID",10632,2760,10632,2760,2019,0.0,False
14260,"Boise City, ID",9762,1109,9569,1109,2020,0.019770538824011474,False
14260,"Boise City, ID",12196,3201,11982,3201,2021,0.017546736634962312,False
14260,"Boise City, ID",10475,4074,10284,4066,2022,0.018233890214797155,False
14260,"Boise City, ID",9891,3115,9805,3093,2023,0.008694773025983205,False
14260,"Boise City, ID",9063,610,9062,610,2024,0.00011033873993160359,False
14260,"Boise City, ID",9438,1218,9438,1218,2025,0.0,False
14460,"Boston-Cambridge-Newton, MA-NH",7655,1130,7089,993,1990,0.07393860222077075,False
14460,"Boston-Cambridge-Newton, MA-NH",7423,476,6451,280,1991,0.13094436211774219,False
14460,"Boston-Cambridge-Newton, MA-NH",9943,561,9639,481,1992,0.030574273358141446,False
14460,"Boston-Cambridge-Newton, MA-NH",10595,1117,9658,1011,1993,0.08843794242567249,False
14460,"Boston-Cambridge-Newton, MA-NH",10736,873,9701,727,1994,0.09640461997019378,False
14460,"Boston-Cambridge-Newton, MA-NH",9871,1002,9099,900,1995,0.07820889474217407,False
14460,"Boston-Cambridge-Newton, MA-NH",10121,987,9025,875,1996,0.10828969469420013,False
14460,"Boston-Cambridge-Newton, MA-NH",10773,1020,9451,917,1997,0.12271419288963148,False
14460,"Boston-Cambridge-Newton, MA-NH",11899,1642,10538,1528,1998,0.1143793596100513,False
14460,"Boston-Cambridge-Newton, MA-NH",11934,2196,10434,2044,1999,0.1256913021618904,False
14460,"Boston-Cambridge-Newton, MA-NH",11890,2635,10919,2540,2000,0.08166526492851134,False
14460,"Boston-Cambridge-Newton, MA-NH",11000,2774,9996,2598,2001,0.09127272727272728,False
14460,"Boston-Cambridge-Newton, MA-NH",11030,2688,9950,2552,2002,0.0979147778785131,False
14460,"Boston-Cambridge-Newton, MA-NH",14041,5675,14041,5675,2003,0.0,False
14460,"Boston-Cambridge-Newton, MA-NH",15423,6037,13147,5205,2004,0.14757180833819616,False
14460,"Boston-Cambridge-Newton, MA-NH",17442,7912,14575,6358,2005,0.16437335167985323,False
14460,"Boston-Cambridge-Newton, MA-NH",13916,6402,11141,4999,2006,0.1994107502155792,False
14460,"Boston-Cambridge-Newton, MA-NH",11248,5229,9071,4210,2007,0.1935455192034139,False
14460,"Boston-Cambridge-Newton, MA-NH",7634,3794,6010,2804,2008,0.212732512444328,False
14460,"Boston-Cambridge-Newton, MA-NH",5476,2048,4649,1698,2009,0.15102264426588752,False
14460,"Boston-Cambridge-Newton, MA-NH",6672,2557,5637,2092,2010,0.15512589928057552,False
14460,"Boston-Cambridge-Newton, MA-NH",6139,2321,4916,1595,2011,0.19921811369929954,False
14460,"Boston-Cambridge-Newton, MA-NH",8851,4290,7516,3473,2012,0.1508304146424133,False
14460,"Boston-Cambridge-Newton, MA-NH",12021,6506,10962,5946,2013,0.08809583229348639,False
14460,"Boston-Cambridge-Newton, MA-NH",12024,6482,10082,5206,2014,0.1615103127079175,False
14460,"Boston-Cambridge-Newton, MA-NH",15036,9463,13167,8247,2015,0.12430167597765363,False
14460,"Boston-Cambridge-Newton, MA-NH",13247,7170,11737,6410,2016,0.1139880727711935,False
14460,"Boston-Cambridge-Newton, MA-NH",14757,9026,13478,8306,2017,0.08667073253371282,False
14460,"Boston-Cambridge-Newton, MA-NH",14183,8364,12694,7588,2018,0.10498484100683914,False
14460,"Boston-Cambridge-Newton, MA-NH",15088,9929,13432,8638,2019,0.1097560975609756,False
14460,"Boston-Cambridge-Newton, MA-NH",14248,8920,10373,6389,2020,0.27196799550814155,True
14460,"Boston-Cambridge-Newton, MA-NH",16602,10913,12719,7837,2021,0.23388748343573063,False
14460,"Boston-Cambridge-Newton, MA-NH",13595,8723,11549,7348,2022,0.15049650606840748,False
14460,"Boston-Cambridge-Newton, MA-NH",10822,6709,9764,6191,2023,0.09776381445204219,False
14460,"Boston-Cambridge-Newton, MA-NH",11235,6847,9350,5892,2024,0.1677792612372052,False
14460,"Boston-Cambridge-Newton, MA-NH",10072,5695,8386,4796,2025,0.1673947577442415,False
14860,"Bridgeport-Stamford-Danbury, CT",1550,1037,1478,1022,2023,0.04645161290322586,False
14860,"Bridgeport-Stamford-Danbury, CT",1912,1336,1840,1311,2024,0.03765690376569042,False
14860,"Bridgeport-Stamford-Danbury, CT",3478,2866,3368,2836,2025,0.031627372052904,False
15380,"Buffalo-Cheektowaga, NY",3640,484,3640,484,1990,0.0,False
15380,"Buffalo-Cheektowaga, NY",2717,302,2679,297,1991,0.013986013986013957,False
15380,"Buffalo-Cheektowaga, NY",3467,783,3461,783,1992,0.001730602826651273,False
15380,"Buffalo-Cheektowaga, NY",2750,128,2730,123,1993,0.0072727272727273196,False
15380,"Buffalo-Cheektowaga, NY",3047,561,2995,561,1994,0.01706596652445025,False
15380,"Buffalo-Cheektowaga, NY",2387,264,2130,137,1995,0.1076665270213657,False
15380,"Buffalo-Cheektowaga, NY",2973,873,2658,660,1996,0.10595358224016149,False
15380,"Buffalo-Cheektowaga, NY",2741,1016,2433,797,1997,0.11236774899671653,False
15380,"Buffalo-Cheektowaga, NY",2882,977,2437,750,1998,0.15440666204024978,False
15380,"Buffalo-Cheektowaga, NY",2664,632,2365,416,1999,0.11223723723723722,False
15380,"Buffalo-Cheektowaga, NY",2672,739,2350,496,2000,0.12050898203592819,False
15380,"Buffalo-Cheektowaga, NY",2784,627,2468,421,2001,0.1135057471264368,False
15380,"Buffalo-Cheektowaga, NY",2960,353,2925,353,2002,0.011824324324324342,False
15380,"Buffalo-Cheektowaga, NY",2925,457,2925,457,2003,0.0,False
15380,"Buffalo-Cheektowaga, NY",2510,600,2399,600,2004,0.04422310756972114,False
15380,"Buffalo-Cheektowaga, NY",2096,308,2080,308,2005,0.007633587786259555,False
15380,"Buffalo-Cheektowaga, NY",2023,466,1995,466,2006,0.01384083044982698,False
15380,"Buffalo-Cheektowaga, NY",1932,530,1917,530,2007,0.00776397515527949,False
15380,"Buffalo-Cheektowaga, NY",1544,455,1505,438,2008,0.025259067357512932,False
15380,"Buffalo-Cheektowaga, NY",1367,320,1231,220,2009,0.09948792977322607,False
15380,"Buffalo-Cheektowaga, NY",1498,422,1412,355,2010,0.057409879839786404,False
15380,"Buffalo-Cheektowaga, NY",1315,279,1304,279,2011,0.008365019011406849,False
15380,"Buffalo-Cheektowaga, NY",1252,266,1172,234,2012,0.06389776357827481,False
15380,"Buffalo-Cheektowaga, NY",1934,832,1836,813,2013,0.05067218200620471,False
15380,"Buffalo-Cheektowaga, NY",1878,741,1781,687,2014,0.05165069222577212,False
15380,"Buffalo-Cheektowaga, NY",1677,649,1526,578,2015,0.0900417412045319,False
15380,"Buffalo-Cheektowaga, NY",1964,1005,1901,995,2016,0.0320773930753564,False
15380,"Buffalo-Cheektowaga, NY",1657,649,1369,412,2017,0.17380808690404348,False
15380,"Buffalo-Cheektowaga, NY",1453,432,1140,200,2018,0.2154163799036476,False
15380,"Buffalo-Cheektowaga, NY",1693,737,1378,475,2019,0.18606024808033073,False
15380,"Buffalo-Cheektowaga, NY",1444,469,1159,249,2020,0.19736842105263153,False
15380,"Buffalo-Cheektowaga, NY",1553,474,1241,217,2021,0.20090148100450744,False
15380,"Buffalo-Cheektowaga, NY",1591,297,1319,86,2022,0.1709616593337524,False
15380,"Buffalo-Cheektowaga, NY",1261,404,1060,260,2023,0.15939730372720062,False
15380,"Buffalo-Cheektowaga, NY",1375,578,1161,426,2024,0.15563636363636368,False
15380,"Buffalo-Cheektowaga, NY",1484,500,1328,393,2025,0.10512129380053903,False
15980,"Cape Coral-Fort Myers, FL",4915,1238,4606,1131,1990,0.06286876907426242,False
15980,"Cape Coral-Fort Myers, FL",3373,331,3166,288,1991,0.061369700563296714,False
15980,"Cape Coral-Fort Myers, FL",4009,648,4009,648,1992,0.0,False
15980,"Cape Coral-Fort Myers, FL",5328,1112,5069,1057,1993,0.04861111111111116,False
15980,"Cape Coral-Fort Myers, FL",5316,853,5316,853,1994,0.0,False
15980,"Cape Coral-Fort Myers, FL",5002,1452,4997,1452,1995,0.0009996001599360538,False
15980,"Cape Coral-Fort Myers, FL",5710,1402,5710,1402,1996,0.0,False
15980,"Cape Coral-Fort Myers, FL",5893,1677,5893,1677,1997,0.0,False
15980,"Cape Coral-Fort Myers, FL",8045,3113,8045,3113,1998,0.0,False
15980,"Cape Coral-Fort Myers, FL",8816,3228,8390,3035,1999,0.048321234119782175,False
15980,"Cape Coral-Fort Myers, FL",9120,2931,8987,2918,2000,0.014583333333333282,False
15980,"Cape Coral-Fort Myers, FL",10959,3213,10959,3213,2001,0.0,False
15980,"Cape Coral-Fort Myers, FL",11146,2752,11088,2719,2002,0.005203660506011176,False
15980,"Cape Coral-Fort Myers, FL",15675,3951,15675,3951,2003,0.0,False
15980,"Cape Coral-Fort Myers, FL",20395,4014,20028,3781,2004,0.017994606521206213,False
15980,"Cape Coral-Fort Myers, FL",29330,6897,28634,6843,2005,0.023729969314694843,False
15980,"Cape Coral-Fort Myers, FL",18746,3819,18746,3819,2006,0.0,False
15980,"Cape Coral-Fort Myers, FL",5905,1473,5905,1473,2007,0.0,False
15980,"Cape Coral-Fort Myers, FL",1602,332,1552,313,2008,0.031210986267166008,False
15980,"Cape Coral-Fort Myers, FL",944,14,929,14,2009,0.01588983050847459,False
15980,"Cape Coral-Fort Myers, FL",1276,85,1276,85,2010,0.0,False
15980,"Cape Coral-Fort Myers, FL",1587,263,1587,263,2011,0.0,False
15980,"Cape Coral-Fort Myers, FL",2043,121,2043,121,2012,0.0,False
15980,"Cape Coral-Fort Myers, FL",3176,437,3176,437,2013,0.0,False
15980,"Cape Coral-Fort Myers, FL",4095,750,4095,750,2014,0.0,False
15980,"Cape Coral-Fort Myers, FL",6879,2842,6879,2842,2015,0.0,False
15980,"Cape Coral-Fort Myers, FL",5417,963,5417,963,2016,0.0,False
15980,"Cape Coral-Fort Myers, FL",6954,1700,6954,1700,2017,0.0,False
15980,"Cape Coral-Fort Myers, FL",9721,3227,9721,3227,2018,0.0,False
15980,"Cape Coral-Fort Myers, FL",9105,2946,9105,2946,2019,0.0,False
15980,"Cape Coral-Fort Myers, FL",10673,3289,10620,3254,2020,0.004965801555326554,False
15980,"Cape Coral-Fort Myers, FL",13394,1735,13394,1735,2021,0.0,False
15980,"Cape Coral-Fort Myers, FL",13621,4107,13621,4107,2022,0.0,False
15980,"Cape Coral-Fort Myers, FL",13556,4583,13528,4559,2023,0.0020655060489820354,False
15980,"Cape Coral-Fort Myers, FL",15411,4686,15411,4686,2024,0.0,False
15980,"Cape Coral-Fort Myers, FL",13547,3385,13547,3385,2025,0.0,False
16700,"Charleston-North Charleston, SC",3542,443,3296,443,1990,0.06945228684359117,False
16700,"Charleston-North Charleston, SC",2952,67,2809,29,1991,0.04844173441734423,False
16700,"Charleston-North Charleston, SC",3398,541,3394,541,1992,0.0011771630370805974,False
16700,"Charleston-North Charleston, SC",2821,116,2356,86,1993,0.1648351648351648,False
16700,"Charleston-North Charleston, SC",2672,75,2024,0,1994,0.2425149700598802,False
16700,"Charleston-North Charleston, SC",2262,46,2262,46,1995,0.0,False
16700,"Charleston-North Charleston, SC",2792,172,2610,147,1996,0.06518624641833815,False
16700,"Charleston-North Charleston, SC",3350,369,3345,369,1997,0.0014925373134327957,False
16700,"Charleston-North Charleston, SC",5274,1774,5243,1768,1998,0.005877891543420555,False
16700,"Charleston-North Charleston, SC",5854,1454,5833,1440,1999,0.003587290741373428,False
16700,"Charleston-North Charleston, SC",5387,1310,5203,1260,2000,0.03415630220902177,False
16700,"Charleston-North Charleston, SC",4684,550,4684,550,2001,0.0,False
16700,"Charleston-North Charleston, SC",5982,854,5859,844,2002,0.020561685055165535,False
16700,"Charleston-North Charleston, SC",7394,1834,7394,1834,2003,0.0,False
16700,"Charleston-North Charleston, SC",8306,873,8254,848,2004,0.006260534553334973,False
16700,"Charleston-North Charleston, SC",10818,2449,10481,2354,2005,0.031151784063597754,False
16700,"Charleston-North Charleston, SC",9073,1627,8964,1591,2006,0.012013666923839983,False
16700,"Charleston-North Charleston, SC",6780,1148,6686,1098,2007,0.013864306784660774,False
16700,"Charleston-North Charleston, SC",5172,1415,4955,1404,2008,0.041956689868522856,False
16700,"Charleston-North Charleston, SC",2949,211,2465,49,2009,0.16412343167175314,False
16700,"Charleston-North Charleston, SC",3060,254,2413,90,2010,0.21143790849673205,False
16700,"Charleston-North Charleston, SC",3822,1225,3176,1002,2011,0.16902145473574048,False
16700,"Charleston-North Charleston, SC",4593,1423,3726,1085,2012,0.18876551273677333,False
16700,"Charleston-North Charleston, SC",5417,1602,4468,1251,2013,0.17518921912497687,False
16700,"Charleston-North Charleston, SC",6155,2011,5168,1633,2014,0.160357432981316,False
16700,"Charleston-North Charleston, SC",6590,1938,4920,1001,2015,0.25341426403641887,True
16700,"Charleston-North Charleston, SC",6974,2159,4600,1102,2016,0.3404072268425581,True
16700,"Charleston-North Charleston, SC",7267,2533,5664,1894,2017,0.2205862116416678,False
16700,"Charleston-North Charleston, SC",7002,2199,5208,1446,2018,0.2562125107112254,True
16700,"Charleston-North Charleston, SC",6695,1912,5505,1552,2019,0.1777445855115758,False
16700,"Charleston-North Charleston, SC",8604,2779,4604,1277,2020,0.4649000464900046,True
16700,"Charleston-North Charleston, SC",8282,2342,4687,1220,2021,0.43407389519439754,True
16700,"Charleston-North Charleston, SC",9491,3128,5946,1729,2022,0.3735117479717627,True
16700,"Charleston-North Charleston, SC",8573,2073,5439,978,2023,0.3655663128426455,True
16700,"Charleston-North Charleston, SC",8514,1437,3897,18,2024,0.5422832980972516,True
16700,"Charleston-North Charleston, SC",7287,1337,3309,288,2025,0.5459036640592836,True
16740,"Charlotte-Concord-Gastonia, NC-SC",11849,2867,11351,2614,1990,0.04202886319520638,False
16740,"Charlotte-Concord-Gastonia, NC-SC",9454,1314,9448,1314,1991,0.0006346519991538013,False
16740,"Charlotte-Concord-Gastonia, NC-SC",10729,1025,10717,1025,1992,0.001118463976139461,False
16740,"Charlotte-Concord-Gastonia, NC-SC",12044,1335,11354,1201,1993,0.05728993689804052,False
16740,"Charlotte-Concord-Gastonia, NC-SC",15237,3573,14761,3524,1994,0.03123974535669749,False
16740,"Charlotte-Concord-Gastonia, NC-SC",15215,3615,12511,2896,1995,0.17771935589878407,False
16740,"Charlotte-Concord-Gastonia, NC-SC",20520,6137,20125,6137,1996,0.019249512670565294,False
16740,"Charlotte-Concord-Gastonia, NC-SC",19833,4957,19833,4957,1997,0.0,False
16740,"Charlotte-Concord-Gastonia, NC-SC",22373,4446,21729,4298,1998,0.02878469583873422,False
16740,"Charlotte-Concord-Gastonia, NC-SC",26928,6858,26543,6800,1999,0.014297385620914982,False
16740,"Charlotte-Concord-Gastonia, NC-SC",26244,7647,25132,7328,2000,0.042371589696692524,False
16740,"Charlotte-Concord-Gastonia, NC-SC",24767,5548,22578,5074,2001,0.08838373642346675,False
16740,"Charlotte-Concord-Gastonia, NC-SC",23124,3501,20501,2946,2002,0.11343193219166237,False
16740,"Charlotte-Concord-Gastonia, NC-SC",22619,3194,22619,3194,2003,0.0,False
16740,"Charlotte-Concord-Gastonia, NC-SC",25864,4105,23109,3617,2004,0.1065187132694092,False
16740,"Charlotte-Concord-Gastonia, NC-SC",26661,3288,22177,2689,2005,0.16818573946963733,False
16740,"Charlotte-Concord-Gastonia, NC-SC",29415,5111,24948,4529,2006,0.15186129525752168,False
16740,"Charlotte-Concord-Gastonia, NC-SC",26369,5635,26049,5622,2007,0.012135462095642646,False
16740,"Charlotte-Concord-Gastonia, NC-SC",15052,4779,13925,4580,2008,0.07487377092745151,False
16740,"Charlotte-Concord-Gastonia, NC-SC",8184,2593,6869,2547,2009,0.16067937438905178,False
16740,"Charlotte-Concord-Gastonia, NC-SC",6133,698,5948,698,2010,0.030164682863199066,False
16740,"Charlotte-Concord-Gastonia, NC-SC",7143,1362,5330,901,2011,0.2538149237015259,True
16740,"Charlotte-Concord-Gastonia, NC-SC",13256,5409,13110,5409,2012,0.011013880506940299,False
16740,"Charlotte-Concord-Gastonia, NC-SC",16878,5570,16692,5528,2013,0.011020263064344116,False
16740,"Charlotte-Concord-Gastonia, NC-SC",18570,7100,17696,7029,2014,0.0470651588583737,False
16740,"Charlotte-Concord-Gastonia, NC-SC",19579,6876,17812,6372,2015,0.09024975739312524,False
16740,"Charlotte-Concord-Gastonia, NC-SC",20615,6428,19956,6247,2016,0.03196701430996851,False
16740,"Charlotte-Concord-Gastonia, NC-SC",22912,7508,21255,7189,2017,0.0723201815642458,False
16740,"Charlotte-Concord-Gastonia, NC-SC",26254,9640,25021,9402,2018,0.04696427211091647,False
16740,"Charlotte-Concord-Gastonia, NC-SC",24637,8238,23580,8043,2019,0.042902950846288146,False
16740,"Charlotte-Concord-Gastonia, NC-SC",26548,6724,25051,6554,2020,0.05638842850685555,False
16740,"Charlotte-Concord-Gastonia, NC-SC",30126,9186,28786,8984,2021,0.04447985129124343,False
16740,"Charlotte-Concord-Gastonia, NC-SC",27212,7994,24884,7751,2022,0.08555049242981039,False
16740,"Charlotte-Concord-Gastonia, NC-SC",29419,10127,27955,9926,2023,0.0497637581155036,False
16740,"Charlotte-Concord-Gastonia, NC-SC",25935,6827,24406,6680,2024,0.05895508000771155,False
16740,"Charlotte-Concord-Gastonia, NC-SC",22233,5820,21237,5709,2025,0.04479827283767368,False
16860,"Chattanooga, TN-GA",1504,79,1374,59,1990,0.08643617021276595,False
16860,"Chattanooga, TN-GA",1546,86,1415,76,1991,0.0847347994825356,False
16860,"Chattanooga, TN-GA",1774,66,1768,66,1992,0.0033821871476887866,False
16860,"Chattanooga, TN-GA",1946,93,1765,83,1993,0.09301130524152101,False
16860,"Chattanooga, TN-GA",2665,207,2439,175,1994,0.08480300187617262,False
16860,"Chattanooga, TN-GA",2463,82,2447,82,1995,0.00649614291514411,False
16860,"Chattanooga, TN-GA",2695,30,2678,30,1996,0.00630797773654912,False
16860,"Chattanooga, TN-GA",2975,539,2875,520,1997,0.03361344537815125,False
16860,"Chattanooga, TN-GA",2748,199,2549,110,1998,0.0724163027656477,False
16860,"Chattanooga, TN-GA",2718,352,2556,266,1999,0.05960264900662249,False
16860,"Chattanooga, TN-GA",2533,269,2395,203,2000,0.054480852743782116,False
16860,"Chattanooga, TN-GA",2880,463,2711,398,2001,0.058680555555555514,False
16860,"Chattanooga, TN-GA",2934,247,2465,88,2002,0.1598500340831629,False
16860,"Chattanooga, TN-GA",3266,306,3266,306,2003,0.0,False
16860,"Chattanooga, TN-GA",3558,289,2652,203,2004,0.25463743676222594,True
16860,"Chattanooga, TN-GA",3798,329,2523,124,2005,0.33570300157977884,True
16860,"Chattanooga, TN-GA",3455,242,2924,182,2006,0.1536903039073806,False
16860,"Chattanooga, TN-GA",2687,470,1933,303,2007,0.2806103461109044,True
16860,"Chattanooga, TN-GA",1544,154,1017,11,2008,0.34132124352331605,True
16860,"Chattanooga, TN-GA",1126,67,831,23,2009,0.2619893428063943,True
16860,"Chattanooga, TN-GA",1086,69,785,16,2010,0.27716390423572745,True
16860,"Chattanooga, TN-GA",1331,337,1009,264,2011,0.24192336589030805,False
16860,"Chattanooga, TN-GA",1315,116,923,0,2012,0.2980988593155893,True
16860,"Chattanooga, TN-GA",1942,645,1453,522,2013,0.2518022657054583,True
16860,"Chattanooga, TN-GA",2346,1086,2270,1066,2014,0.03239556692242118,False
16860,"Chattanooga, TN-GA",2093,538,1980,508,2015,0.053989488772097416,False
16860,"Chattanooga, TN-GA",2487,682,2397,682,2016,0.03618817852834744,False
16860,"Chattanooga, TN-GA",2631,661,2580,661,2017,0.019384264538198415,False
16860,"Chattanooga, TN-GA",2227,158,1968,18,2018,0.11629995509654245,False
16860,"Chattanooga, TN-GA",2697,672,2670,672,2019,0.010011123470522798,False
16860,"Chattanooga, TN-GA",3061,682,1953,249,2020,0.36197321136883376,True
16860,"Chattanooga, TN-GA",3673,1026,2321,482,2021,0.36809147835556766,True
16860,"Chattanooga, TN-GA",3081,714,1775,64,2022,0.4238883479389809,True
16860,"Chattanooga, TN-GA",3016,527,1859,10,2023,0.3836206896551724,True
16860,"Chattanooga, TN-GA",3594,685,2417,280,2024,0.32749026154702277,True
16860,"Chattanooga, TN-GA",2958,159,2381,24,2025,0.1950642325895876,False
16980,"Chicago-Naperville-Elgin, IL-IN",30310,6541,29955,6521,1990,0.011712306169580966,False
16980,"Chicago-Naperville-Elgin, IL-IN",26047,4654,25710,4570,1991,0.012938150266825321,False
16980,"Chicago-Naperville-Elgin, IL-IN",31080,4519,30535,4499,1992,0.01753539253539249,False
16980,"Chicago-Naperville-Elgin, IL-IN",34012,3827,32106,3728,1993,0.056039045042926006,False
16980,"Chicago-Naperville-Elgin, IL-IN",37290,5513,35126,5331,1994,0.058031643872351824,False
16980,"Chicago-Naperville-Elgin, IL-IN",35923,6015,33634,5745,1995,0.06371962252595831,False
16980,"Chicago-Naperville-Elgin, IL-IN",37623,7330,36997,7178,1996,0.01663875820641625,False
16980,"Chicago-Naperville-Elgin, IL-IN",34379,6934,33323,6544,1997,0.030716425725006546,False
16980,"Chicago-Naperville-Elgin, IL-IN",37025,6795,36155,6546,1998,0.023497636731937832,False
16980,"Chicago-Naperville-Elgin, IL-IN",42944,9835,40408,9580,1999,0.05905365126676598,False
16980,"Chicago-Naperville-Elgin, IL-IN",41476,9346,39853,9014,2000,0.03913106374770947,False
16980,"Chicago-Naperville-Elgin, IL-IN",44318,11135,40935,9721,2001,0.07633467214224465,False
16980,"Chicago-Naperville-Elgin, IL-IN",48037,12453,46423,12229,2002,0.0335991006932157,False
16980,"Chicago-Naperville-Elgin, IL-IN",48508,10649,48508,10649,2003,0.0,False
16980,"Chicago-Naperville-Elgin, IL-IN",46235,8320,43877,7722,2004,0.05100032442954472,False
16980,"Chicago-Naperville-Elgin, IL-IN",52808,12411,50963,11681,2005,0.03493788819875776,False
16980,"Chicago-Naperville-Elgin, IL-IN",45814,15107,43592,14210,2006,0.04850045837516914,False
16980,"Chicago-Naperville-Elgin, IL-IN",33416,13992,31794,13279,2007,0.04853962173808957,False
16980,"Chicago-Naperville-Elgin, IL-IN",15769,7611,14598,7059,2008,0.07425962331156066,False
16980,"Chicago-Naperville-Elgin, IL-IN",5922,1438,5316,1228,2009,0.10233029381965553,False
16980,"Chicago-Naperville-Elgin, IL-IN",7019,2658,6418,2446,2010,0.08562473286792993,False
16980,"Chicago-Naperville-Elgin, IL-IN",7366,3052,6651,2784,2011,0.09706760792831925,False
16980,"Chicago-Naperville-Elgin, IL-IN",9129,3184,8690,3109,2012,0.048088509146675396,False
16980,"Chicago-Naperville-Elgin, IL-IN",11424,3804,10827,3554,2013,0.052258403361344574,False
16980,"Chicago-Naperville-Elgin, IL-IN",15412,7277,14874,7148,2014,0.03490786400207635,False
16980,"Chicago-Naperville-Elgin, IL-IN",15525,7237,14936,7115,2015,0.03793880837359098,False
16980,"Chicago-Naperville-Elgin, IL-IN",19413,10686,18778,10413,2016,0.03271003966414254,False
16980,"Chicago-Naperville-Elgin, IL-IN",21932,12692,21039,12244,2017,0.040716760897319015,False
16980,"Chicago-Naperville-Elgin, IL-IN",17370,8107,16659,7911,2018,0.040932642487046644,False
16980,"Chicago-Naperville-Elgin, IL-IN",17401,8946,17131,8822,2019,0.01551634963507842,False
16980,"Chicago-Naperville-Elgin, IL-IN",14769,6020,13980,5943,2020,0.053422709729839535,False
16980,"Chicago-Naperville-Elgin, IL-IN",17539,6766,16795,6669,2021,0.04241975027082501,False
16980,"Chicago-Naperville-Elgin, IL-IN",17355,8057,16840,7897,2022,0.02967444540478248,False
16980,"Chicago-Naperville-Elgin, IL-IN",14801,5505,14105,5300,2023,0.047023849739882495,False
16980,"Chicago-Naperville-Elgin, IL-IN",18064,7819,17294,7617,2024,0.042626217891939766,False
16980,"Chicago-Naperville-Elgin, IL-IN",15778,5324,15284,5020,2025,0.03130941817720878,False
17140,"Cincinnati, OH-KY-IN",9407,2596,9152,2542,1990,0.027107473158286433,False
17140,"Cincinnati, OH-KY-IN",10125,2765,9760,2749,1991,0.036049382716049405,False
17140,"Cincinnati, OH-KY-IN",11545,2639,11450,2617,1992,0.00822867042009523,False
17140,"Cincinnati, OH-KY-IN",11803,2200,11312,1993,1993,0.04159959332373131,False
17140,"Cincinnati, OH-KY-IN",12243,2663,11690,2451,1994,0.045168667810177254,False
17140,"Cincinnati, OH-KY-IN",11394,2759,11093,2683,1995,0.02641741267333686,False
17140,"Cincinnati, OH-KY-IN",12469,2324,11517,2084,1996,0.07634934637902002,False
17140,"Cincinnati, OH-KY-IN",12131,2534,11463,2354,1997,0.05506553458082597,False
17140,"Cincinnati, OH-KY-IN",12174,1868,11572,1676,1998,0.04944964678823727,False
17140,"Cincinnati, OH-KY-IN",15561,3937,14163,3647,1999,0.08983998457682674,False
17140,"Cincinnati, OH-KY-IN",12197,2283,11356,2170,2000,0.068951381487251,False
17140,"Cincinnati, OH-KY-IN",12535,2088,11539,1916,2001,0.07945751894694852,False
17140,"Cincinnati, OH-KY-IN",12820,1917,11763,1684,2002,0.08244929797191891,False
17140,"Cincinnati, OH-KY-IN",13181,1826,13181,1826,2003,0.0,False
17140,"Cincinnati, OH-KY-IN",13049,1726,12178,1468,2004,0.06674840983983443,False
17140,"Cincinnati, OH-KY-IN",12917,1765,12361,1577,2005,0.0430440504761167,False
17140,"Cincinnati, OH-KY-IN",9447,1545,8687,1344,2006,0.0804488197311316,False
17140,"Cincinnati, OH-KY-IN",6884,1173,6477,1051,2007,0.05912260313771067,False
17140,"Cincinnati, OH-KY-IN",4000,572,3450,438,2008,0.13749999999999996,False
17140,"Cincinnati, OH-KY-IN",3515,295,3459,295,2009,0.015931721194879067,False
17140,"Cincinnati, OH-KY-IN",3206,280,3125,275,2010,0.025265127885215177,False
17140,"Cincinnati, OH-KY-IN",3369,720,3291,720,2011,0.02315227070347281,False
17140,"Cincinnati, OH-KY-IN",3604,862,3458,810,2012,0.040510543840177604,False
17140,"Cincinnati, OH-KY-IN",4330,902,4182,883,2013,0.03418013856812929,False
17140,"Cincinnati, OH-KY-IN",5238,1823,5135,1823,2014,0.01966399389079798,False
17140,"Cincinnati, OH-KY-IN",4694,1036,4606,1026,2015,0.01874733702599063,False
17140,"Cincinnati, OH-KY-IN",5893,1665,5735,1665,2016,0.026811471237060958,False
17140,"Cincinnati, OH-KY-IN",6505,1880,6458,1880,2017,0.007225211375864737,False
17140,"Cincinnati, OH-KY-IN",6138,1617,5863,1584,2018,0.04480286738351258,False
17140,"Cincinnati, OH-KY-IN",6012,1453,5866,1438,2019,0.024284763805721865,False
17140,"Cincinnati, OH-KY-IN",7285,1750,6983,1727,2020,0.04145504461221683,False
17140,"Cincinnati, OH-KY-IN",8421,2891,8289,2891,2021,0.015675097969362284,False
17140,"Cincinnati, OH-KY-IN",6157,1620,6053,1620,2022,0.01689134318661689,False
17140,"Cincinnati, OH-KY-IN",6234,2040,6046,2040,2023,0.030157202438241937,False
17140,"Cincinnati, OH-KY-IN",7089,2561,6830,2555,2024,0.03653547750035269,False
17140,"Cincinnati, OH-KY-IN",7264,2491,7072,2491,2025,0.026431718061673992,False
17410,"Cleveland, OH",6794,1652,6691,1590,1990,0.015160435678539863,False
17410,"Cleveland, OH",5933,881,5470,689,1991,0.078038092027642,False
17410,"Cleveland, OH",6951,1034,6931,1034,1992,0.0028772838440511705,False
17410,"Cleveland, OH",6725,472,6543,460,1993,0.027063197026022334,False
17410,"Cleveland, OH",7142,636,6699,631,1994,0.062027443293195206,False
17410,"Cleveland, OH",7542,1468,7132,1447,1995,0.05436223813312124,False
17410,"Cleveland, OH",7399,969,7043,925,1996,0.048114610082443554,False
17410,"Cleveland, OH",6856,712,6592,680,1997,0.03850641773628938,False
17410,"Cleveland, OH",7458,819,7273,819,1998,0.024805577902923037,False
17410,"Cleveland, OH",7918,657,7411,568,1999,0.06403132104066689,False
17410,"Cleveland, OH",7403,854,6547,562,2000,0.11562879913548563,False
17410,"Cleveland, OH",7170,445,6055,159,2001,0.1555090655509066,False
17410,"Cleveland, OH",7245,337,6574,297,2002,0.09261559696342303,False
17410,"Cleveland, OH",7371,180,7371,180,2003,0.0,False
17410,"Cleveland, OH",7784,373,6877,323,2004,0.11652106885919833,False
17410,"Cleveland, OH",6652,218,5800,143,2005,0.12808177991581482,False
17410,"Cleveland, OH",5421,445,4579,335,2006,0.15532189632909055,False
17410,"Cleveland, OH",4210,397,3725,327,2007,0.11520190023752974,False
17410,"Cleveland, OH",2802,366,2371,311,2008,0.1538187009279086,False
17410,"Cleveland, OH",2135,222,1924,192,2009,0.09882903981264635,False
17410,"Cleveland, OH",2022,70,1708,35,2010,0.1552917903066271,False
17410,"Cleveland, OH",1831,149,1630,109,2011,0.10977607864554884,False
17410,"Cleveland, OH",2417,366,2189,302,2012,0.0943318163011998,False
17410,"Cleveland, OH",2804,461,2522,373,2013,0.10057061340941509,False
17410,"Cleveland, OH",2991,519,2812,519,2014,0.059846205282514164,False
17410,"Cleveland, OH",3026,329,2632,329,2015,0.1302048909451421,False
17410,"Cleveland, OH",3145,341,2741,341,2016,0.12845786963434025,False
17410,"Cleveland, OH",3329,279,2930,279,2017,0.11985581255632327,False
17410,"Cleveland, OH",3095,103,2909,103,2018,0.06009693053311793,False
17410,"Cleveland, OH",3170,298,3003,298,2019,0.052681388012618346,False
17410,"Cleveland, OH",3523,424,3300,424,2020,0.06329832529094526,False
17410,"Cleveland, OH",3508,296,3263,296,2021,0.06984036488027368,False
17410,"Cleveland, OH",3894,705,3625,705,2022,0.06908063687724708,False
17410,"Cleveland, OH",3641,888,3293,888,2023,0.09557813787421043,False
17410,"Cleveland, OH",4289,1076,4014,1022,2024,0.06411750990906973,False
17410,"Cleveland, OH",4174,1214,3717,1214,2025,0.10948730234786774,False
17820,"Colorado Springs, CO",1117,278,1117,278,1990,0.0,False
17820,"Colorado Springs, CO",1308,50,1308,50,1991,0.0,False
17820,"Colorado Springs, CO",3052,0,3052,0,1992,0.0,False
17820,"Colorado Springs, CO",3915,62,3915,62,1993,0.0,False
17820,"Colorado Springs, CO",4056,112,4056,112,1994,0.0,False
17820,"Colorado Springs, CO",4988,1266,4988,1266,1995,0.0,False
17820,"Colorado Springs, CO",5824,1301,5824,1301,1996,0.0,False
17820,"Colorado Springs, CO",5162,972,5162,972,1997,0.0,False
17820,"Colorado Springs, CO",5254,683,5254,683,1998,0.0,False
17820,"Colorado Springs, CO",5840,1068,5838,1068,1999,0.00034246575342467,False
17820,"Colorado Springs, CO",6632,1118,6630,1118,2000,0.00030156815440285367,False
17820,"Colorado Springs, CO",7323,1752,7321,1752,2001,0.00027311211252223355,False
17820,"Colorado Springs, CO",7062,1696,7047,1696,2002,0.0021240441801189114,False
17820,"Colorado Springs, CO",5449,165,5449,165,2003,0.0,False
17820,"Colorado Springs, CO",6766,286,6766,286,2004,0.0,False
17820,"Colorado Springs, CO",6983,380,6983,380,2005,0.0,False
17820,"Colorado Springs, CO",4595,164,4592,164,2006,0.0006528835690968737,False
17820,"Colorado Springs, CO",3229,297,3228,297,2007,0.0003096934035304866,False
17820,"Colorado Springs, CO",2076,432,2076,432,2008,0.0,False
17820,"Colorado Springs, CO",1369,8,1369,8,2009,0.0,False
17820,"Colorado Springs, CO",1760,77,1760,77,2010,0.0,False
17820,"Colorado Springs, CO",2275,657,2275,657,2011,0.0,False
17820,"Colorado Springs, CO",3011,597,3011,597,2012,0.0,False
17820,"Colorado Springs, CO",3587,684,3587,684,2013,0.0,False
17820,"Colorado Springs, CO",3673,983,3673,983,2014,0.0,False
17820,"Colorado Springs, CO",3665,631,3665,631,2015,0.0,False
17820,"Colorado Springs, CO",5166,1548,5166,1548,2016,0.0,False
17820,"Colorado Springs, CO",4965,1106,4965,1106,2017,0.0,False
17820,"Colorado Springs, CO",5734,1473,5734,1473,2018,0.0,False
17820,"Colorado Springs, CO",5508,1316,5508,1316,2019,0.0,False
17820,"Colorado Springs, CO",6932,1587,6929,1587,2020,0.0004327755337565353,False
17820,"Colorado Springs, CO",9335,3925,9335,3925,2021,0.0,False
17820,"Colorado Springs, CO",8844,4942,8844,4942,2022,0.0,False
17820,"Colorado Springs, CO",5277,2359,5277,2359,2023,0.0,False
17820,"Colorado Springs, CO",3994,872,3994,872,2024,0.0,False
17820,"Colorado Springs, CO",5825,2804,5742,2804,2025,0.014248927038626569,False
17900,"Columbia, SC",2995,444,2941,444,1990,0.01803005008347247,False
17900,"Columbia, SC",3380,650,3357,650,1991,0.006804733727810652,False
17900,"Columbia, SC",3555,297,3542,297,1992,0.003656821378340336,False
17900,"Columbia, SC",3751,360,3562,360,1993,0.0503865635830445,False
17900,"Columbia, SC",4221,754,4015,754,1994,0.048803601042407,False
17900,"Columbia, SC",4050,626,3859,626,1995,0.04716049382716048,False
17900,"Columbia, SC",4514,308,4347,308,1996,0.03699601240584849,False
17900,"Columbia, SC",5156,1300,5135,1300,1997,0.00407292474786658,False
17900,"Columbia, SC",5238,781,5050,746,1998,0.03589156166475749,False
17900,"Columbia, SC",6082,1615,5816,1588,1999,0.04373561328510356,False
17900,"Columbia, SC",4835,436,4718,436,2000,0.024198552223371306,False
17900,"Columbia, SC",4804,434,4421,434,2001,0.07972522897585343,False
17900,"Columbia, SC",5198,330,3342,278,2002,0.3570604078491728,True
17900,"Columbia, SC",6439,897,6439,897,2003,0.0,False
17900,"Columbia, SC",7249,1004,4154,341,2004,0.42695544212994896,True
17900,"Columbia, SC",7430,739,3720,57,2005,0.49932705248990583,True
17900,"Columbia, SC",8117,1453,4873,821,2006,0.3996550449673525,True
17900,"Columbia, SC",6865,1248,4358,693,2007,0.36518572469045885,True
17900,"Columbia, SC",4348,828,2826,400,2008,0.35004599816007365,True
17900,"Columbia, SC",3498,915,2425,734,2009,0.3067467124070897,True
17900,"Columbia, SC",2942,415,1379,160,2010,0.5312712440516656,True
17900,"Columbia, SC",2897,501,771,48,2011,0.7338626164998274,True
17900,"Columbia, SC",3729,938,1066,311,2012,0.714132475194422,True
17900,"Columbia, SC",3645,462,1723,0,2013,0.5272976680384087,True
17900,"Columbia, SC",4067,760,2465,338,2014,0.3939021391689206,True
17900,"Columbia, SC",4642,898,2525,446,2015,0.45605342524773806,True
17900,"Columbia, SC",4627,711,2717,304,2016,0.4127944672574022,True
17900,"Columbia, SC",4629,549,2615,200,2017,0.43508317131129837,True
17900,"Columbia, SC",4952,446,1339,10,2018,0.7296042003231018,True
17900,"Columbia, SC",4424,205,4207,205,2019,0.049050632911392444,False
17900,"Columbia, SC",4872,81,3991,8,2020,0.1808292282430214,False
17900,"Columbia, SC",6881,1004,4216,872,2021,0.38729835779683186,True
17900,"Columbia, SC",5804,1510,4510,1510,2022,0.22294968986905583,False
17900,"Columbia, SC",5465,602,4211,602,2023,0.2294602012808783,False
17900,"Columbia, SC",5892,1096,4595,1096,2024,0.22012898845892737,False
17900,"Columbia, SC",6070,864,4973,864,2025,0.1807248764415157,False
18140,"Columbus, OH",9595,3142,9363,2999,1990,0.024179260031266248,False
18140,"Columbus, OH",8590,1650,8408,1630,1991,0.021187427240977885,False
18140,"Columbus, OH",9988,1992,9874,1987,1992,0.011413696435722875,False
18140,"Columbus, OH",11810,2808,8285,1819,1993,0.2984758679085521,True
18140,"Columbus, OH",12101,2535,7711,1182,1994,0.3627799355425172,True
18140,"Columbus, OH",11310,2697,6986,1276,1995,0.382316534040672,True
18140,"Columbus, OH",12820,3359,6866,914,1996,0.4644305772230889,True
18140,"Columbus, OH",10912,2443,4418,26,1997,0.5951246334310851,True
18140,"Columbus, OH",11439,2027,5762,309,1998,0.49628464026575747,True
18140,"Columbus, OH",16482,6234,14201,5802,1999,0.13839339885936175,False
18140,"Columbus, OH",15392,3801,14726,3736,2000,0.043269230769230727,False
18140,"Columbus, OH",15802,4350,15297,4279,2001,0.03195798000253136,False
18140,"Columbus, OH",17160,5293,16438,5131,2002,0.042074592074592077,False
18140,"Columbus, OH",16609,3458,16609,3458,2003,0.0,False
18140,"Columbus, OH",13413,1642,12976,1637,2004,0.032580332513233445,False
18140,"Columbus, OH",12536,2267,12262,2267,2005,0.021857051691129503,False
18140,"Columbus, OH",7992,1437,7468,1437,2006,0.06556556556556559,False
18140,"Columbus, OH",6465,1514,6155,1514,2007,0.04795050270688317,False
18140,"Columbus, OH",4542,1394,4281,1394,2008,0.05746367239101713,False
18140,"Columbus, OH",4129,1332,4016,1332,2009,0.02736740130782267,False
18140,"Columbus, OH",4479,1347,4370,1347,2010,0.024335789238669303,False
18140,"Columbus, OH",4757,2012,4599,1987,2011,0.033214210636956065,False
18140,"Columbus, OH",6846,3580,6632,3542,2012,0.03125912941863862,False
18140,"Columbus, OH",8399,4452,8228,4452,2013,0.02035956661507321,False
18140,"Columbus, OH",7044,3204,6881,3199,2014,0.023140261215218616,False
18140,"Columbus, OH",7555,3702,7331,3684,2015,0.02964923891462612,False
18140,"Columbus, OH",8637,4152,8437,4152,2016,0.023156188491374352,False
18140,"Columbus, OH",8892,4439,8777,4439,2017,0.012932973459289232,False
18140,"Columbus, OH",9440,4611,9266,4611,2018,0.018432203389830537,False
18140,"Columbus, OH",8090,3443,7804,3385,2019,0.03535228677379476,False
18140,"Columbus, OH",12358,6612,11749,6557,2020,0.0492798187408966,False
18140,"Columbus, OH",12062,5056,11444,4983,2021,0.05123528436411873,False
18140,"Columbus, OH",12075,6292,11748,6283,2022,0.027080745341614865,False
18140,"Columbus, OH",11440,5706,10973,5694,2023,0.04082167832167827,False
18140,"Columbus, OH",13962,7645,13232,7635,2024,0.05228477295516398,False
18140,"Columbus, OH",15757,9549,15501,9536,2025,0.016246747477311696,False
19100,"Dallas-Fort Worth-Arlington, TX",19922,5168,19887,5161,1990,0.0017568517217146917,False
19100,"Dallas-Fort Worth-Arlington, TX",19584,3867,19502,3867,1991,0.0041870915032680145,False
19100,"Dallas-Fort Worth-Arlington, TX",21968,1794,21941,1784,1992,0.0012290604515658998,False
19100,"Dallas-Fort Worth-Arlington, TX",26613,4711,26153,4711,1993,0.0172847856310826,False
19100,"Dallas-Fort Worth-Arlington, TX",33948,11435,33200,11336,1994,0.022033698597855533,False
19100,"Dallas-Fort Worth-Arlington, TX",36465,14228,34851,14027,1995,0.04426162073220896,False
19100,"Dallas-Fort Worth-Arlington, TX",38706,12744,36575,12578,1996,0.05505606365938098,False
19100,"Dallas-Fort Worth-Arlington, TX",44179,17227,43135,17193,1997,0.023631136965526656,False
19100,"Dallas-Fort Worth-Arlington, TX",54380,21648,52476,21408,1998,0.03501287237955131,False
19100,"Dallas-Fort Worth-Arlington, TX",47591,14653,46631,14555,1999,0.02017188123804925,False
19100,"Dallas-Fort Worth-Arlington, TX",44695,8055,43763,8032,2000,0.020852444345004995,False
19100,"Dallas-Fort Worth-Arlington, TX",49824,11626,48006,11586,2001,0.03648843930635837,False
19100,"Dallas-Fort Worth-Arlington, TX",51566,12148,50396,12102,2002,0.022689368964046053,False
19100,"Dallas-Fort Worth-Arlington, TX",52807,11364,52807,11364,2003,0.0,False
19100,"Dallas-Fort Worth-Arlington, TX",54170,7675,52300,7470,2004,0.03452095255676568,False
19100,"Dallas-Fort Worth-Arlington, TX",59895,9812,57668,9760,2005,0.03718173470239583,False
19100,"Dallas-Fort Worth-Arlington, TX",56503,11998,55515,11998,2006,0.017485797214307208,False
19100,"Dallas-Fort Worth-Arlington, TX",43558,14508,42742,14433,2007,0.01873364249965559,False
19100,"Dallas-Fort Worth-Arlington, TX",36318,17966,35500,17645,2008,0.022523266699708167,False
19100,"Dallas-Fort Worth-Arlington, TX",20364,5933,19811,5779,2009,0.027155765075623672,False
19100,"Dallas-Fort Worth-Arlington, TX",19555,4990,18958,4845,2010,0.030529276399897776,False
19100,"Dallas-Fort Worth-Arlington, TX",24825,10701,24187,10503,2011,0.025699899295065443,False
19100,"Dallas-Fort Worth-Arlington, TX",35038,16652,34556,16567,2012,0.013756492950510846,False
19100,"Dallas-Fort Worth-Arlington, TX",37908,16244,36606,15571,2013,0.034346312124089895,False
19100,"Dallas-Fort Worth-Arlington, TX",41279,18520,40586,18520,2014,0.01678819738850268,False
19100,"Dallas-Fort Worth-Arlington, TX",56993,27606,56059,26987,2015,0.01638797747091747,False
19100,"Dallas-Fort Worth-Arlington, TX",55625,25489,53089,23869,2016,0.0455910112359551,False
19100,"Dallas-Fort Worth-Arlington, TX",62317,27382,62133,27377,2017,0.002952645345571825,False
19100,"Dallas-Fort Worth-Arlington, TX",63609,26213,62049,25887,2018,0.024524831391784185,False
19100,"Dallas-Fort Worth-Arlington, TX",62708,27094,61881,26987,2019,0.013188109970019735,False
19100,"Dallas-Fort Worth-Arlington, TX",60812,15758,57843,15246,2020,0.04882260080247325,False
19100,"Dallas-Fort Worth-Arlington, TX",78705,25241,76703,25204,2021,0.02543675751222918,False
19100,"Dallas-Fort Worth-Arlington, TX",77927,32242,77393,31991,2022,0.006852567146175215,False
19100,"Dallas-Fort Worth-Arlington, TX",68029,22315,64959,21058,2023,0.04512781313851444,False
19100,"Dallas-Fort Worth-Arlington, TX",71788,23150,68021,22817,2024,0.05247395107817465,False
19100,"Dallas-Fort Worth-Arlington, TX",66179,24607,62740,24452,2025,0.051965124888559866,False
19430,"Dayton-Kettering-Beavercreek, OH",2241,292,2238,292,1990,0.0013386880856760541,False
19430,"Dayton-Kettering-Beavercreek, OH",2289,396,2268,396,1991,0.00917431192660545,False
19430,"Dayton-Kettering-Beavercreek, OH",2436,403,2430,403,1992,0.0024630541871921707,False
19430,"Dayton-Kettering-Beavercreek, OH",2731,480,2720,480,1993,0.004027828634199926,False
19430,"Dayton-Kettering-Beavercreek, OH",3169,949,3068,949,1994,0.03187125276112335,False
19430,"Dayton-Kettering-Beavercreek, OH",2791,717,2523,537,1995,0.09602293084915803,False
19430,"Dayton-Kettering-Beavercreek, OH",3596,1551,3244,1308,1996,0.09788654060066737,False
19430,"Dayton-Kettering-Beavercreek, OH",3247,1197,2996,995,1997,0.0773021250384971,False
19430,"Dayton-Kettering-Beavercreek, OH",3295,891,3249,891,1998,0.013960546282245856,False
19430,"Dayton-Kettering-Beavercreek, OH",3250,1028,3166,1028,1999,0.025846153846153852,False
19430,"Dayton-Kettering-Beavercreek, OH",2509,512,2344,512,2000,0.06576325229174973,False
19430,"Dayton-Kettering-Beavercreek, OH",2617,280,2617,280,2001,0.0,False
19430,"Dayton-Kettering-Beavercreek, OH",3069,448,3025,448,2002,0.014336917562724039,False
19430,"Dayton-Kettering-Beavercreek, OH",3918,424,3918,424,2003,0.0,False
19430,"Dayton-Kettering-Beavercreek, OH",3035,326,2890,326,2004,0.047775947281713305,False
19430,"Dayton-Kettering-Beavercreek, OH",3046,328,2908,328,2005,0.045305318450426735,False
19430,"Dayton-Kettering-Beavercreek, OH",2050,251,2045,251,2006,0.0024390243902439046,False
19430,"Dayton-Kettering-Beavercreek, OH",1514,52,1475,52,2007,0.025759577278731793,False
19430,"Dayton-Kettering-Beavercreek, OH",1195,215,1195,215,2008,0.0,False
19430,"Dayton-Kettering-Beavercreek, OH",779,30,768,30,2009,0.014120667522464658,False
19430,"Dayton-Kettering-Beavercreek, OH",731,80,689,80,2010,0.057455540355677126,False
19430,"Dayton-Kettering-Beavercreek, OH",727,0,727,0,2011,0.0,False
19430,"Dayton-Kettering-Beavercreek, OH",1114,196,1114,196,2012,0.0,False
19430,"Dayton-Kettering-Beavercreek, OH",816,25,813,25,2013,0.003676470588235281,False
19430,"Dayton-Kettering-Beavercreek, OH",779,0,711,0,2014,0.0872913992297818,False
19430,"Dayton-Kettering-Beavercreek, OH",980,82,853,82,2015,0.12959183673469388,False
19430,"Dayton-Kettering-Beavercreek, OH",1282,323,1181,323,2016,0.07878315132605307,False
19430,"Dayton-Kettering-Beavercreek, OH",1251,166,1244,166,2017,0.005595523581135131,False
19430,"Dayton-Kettering-Beavercreek, OH",1577,421,1275,421,2018,0.1915028535193405,False
19430,"Dayton-Kettering-Beavercreek, OH",1231,122,1223,122,2019,0.006498781478472826,False
19430,"Dayton-Kettering-Beavercreek, OH",1699,453,1415,453,2020,0.16715715126545028,False
19430,"Dayton-Kettering-Beavercreek, OH",2039,496,1724,197,2021,0.15448749386954386,False
19430,"Dayton-Kettering-Beavercreek, OH",2265,934,1901,585,2022,0.16070640176600437,False
19430,"Dayton-Kettering-Beavercreek, OH",1766,548,1240,287,2023,0.29784824462061155,True
19430,"Dayton-Kettering-Beavercreek, OH",2056,571,1750,323,2024,0.14883268482490275,False
19430,"Dayton-Kettering-Beavercreek, OH",1986,532,1674,242,2025,0.1570996978851964,False
19660,"Deltona-Daytona Beach-Ormond Beach, FL",4751,512,4648,507,1990,0.021679646390233676,False
19660,"Deltona-Daytona Beach-Ormond Beach, FL",3803,702,3749,702,1991,0.014199316329213785,False
19660,"Deltona-Daytona Beach-Ormond Beach, FL",3336,139,3333,139,1992,0.0008992805755395628,False
19660,"Deltona-Daytona Beach-Ormond Beach, FL",3675,578,3670,578,1993,0.0013605442176870541,False
19660,"Deltona-Daytona Beach-Ormond Beach, FL",3409,336,3403,336,1994,0.001760046934584869,False
19660,"Deltona-Daytona Beach-Ormond Beach, FL",3600,761,3598,761,1995,0.0005555555555555314,False
19660,"Deltona-Daytona Beach-Ormond Beach, FL",3455,110,3455,110,1996,0.0,False
19660,"Deltona-Daytona Beach-Ormond Beach, FL",3551,111,3549,111,1997,0.0005632216277104973,False
19660,"Deltona-Daytona Beach-Ormond Beach, FL",4329,138,4327,138,1998,0.00046200046200051137,False
19660,"Deltona-Daytona Beach-Ormond Beach, FL",5265,601,5101,601,1999,0.03114909781576447,False
19660,"Deltona-Daytona Beach-Ormond Beach, FL",5032,458,4918,458,2000,0.02265500794912556,False
19660,"Deltona-Daytona Beach-Ormond Beach, FL",6193,1238,6016,1200,2001,0.028580655578879344,False
19660,"Deltona-Daytona Beach-Ormond Beach, FL",7259,789,7258,789,2002,0.00013776002204157756,False
19660,"Deltona-Daytona Beach-Ormond Beach, FL",10721,1511,10721,1511,2003,0.0,False
19660,"Deltona-Daytona Beach-Ormond Beach, FL",11644,2092,11146,1761,2004,0.042768807969769784,False
19660,"Deltona-Daytona Beach-Ormond Beach, FL",10869,2154,9766,1645,2005,0.10148127702640541,False
19660,"Deltona-Daytona Beach-Ormond Beach, FL",5654,1194,5217,906,2006,0.07729041386628932,False
19660,"Deltona-Daytona Beach-Ormond Beach, FL",2752,638,2173,360,2007,0.21039244186046513,False
19660,"Deltona-Daytona Beach-Ormond Beach, FL",2014,702,1726,499,2008,0.1429990069513406,False
19660,"Deltona-Daytona Beach-Ormond Beach, FL",834,74,711,0,2009,0.14748201438848918,False
19660,"Deltona-Daytona Beach-Ormond Beach, FL",993,182,848,106,2010,0.14602215508559924,False
19660,"Deltona-Daytona Beach-Ormond Beach, FL",1176,511,999,414,2011,0.15051020408163263,False
19660,"Deltona-Daytona Beach-Ormond Beach, FL",1003,0,999,0,2012,0.003988035892322994,False
19660,"Deltona-Daytona Beach-Ormond Beach, FL",2151,320,2132,320,2013,0.00883310088331013,False
19660,"Deltona-Daytona Beach-Ormond Beach, FL",1921,170,1897,170,2014,0.012493492972410203,False
19660,"Deltona-Daytona Beach-Ormond Beach, FL",2047,142,1725,0,2015,0.1573033707865169,False
19660,"Deltona-Daytona Beach-Ormond Beach, FL",2696,404,2688,404,2016,0.0029673590504450953,False
19660,"Deltona-Daytona Beach-Ormond Beach, FL",3054,26,2632,26,2017,0.1381794368041912,False
19660,"Deltona-Daytona Beach-Ormond Beach, FL",3859,309,3647,309,2018,0.054936512049753805,False
19660,"Deltona-Daytona Beach-Ormond Beach, FL",4753,769,3863,769,2019,0.1872501577950768,False
19660,"Deltona-Daytona Beach-Ormond Beach, FL",6443,1279,5756,1109,2020,0.10662734750892444,False
19660,"Deltona-Daytona Beach-Ormond Beach, FL",8214,956,7545,956,2021,0.08144631117604095,False
19660,"Deltona-Daytona Beach-Ormond Beach, FL",8746,2115,8273,2115,2022,0.05408186599588383,False
19660,"Deltona-Daytona Beach-Ormond Beach, FL",7082,1346,6481,1341,2023,0.08486303304151366,False
19660,"Deltona-Daytona Beach-Ormond Beach, FL",5991,681,5478,681,2024,0.08562844266399594,False
19660,"Deltona-Daytona Beach-Ormond Beach, FL",5412,1066,5196,1056,2025,0.039911308203991136,False
19740,"Denver-Aurora-Centennial, CO",4757,76,4754,76,1990,0.0006306495690561187,False
19740,"Denver-Aurora-Centennial, CO",6461,201,6338,201,1991,0.019037300727441586,False
19740,"Denver-Aurora-Centennial, CO",11011,1485,10990,1485,1992,0.00190718372536558,False
19740,"Denver-Aurora-Centennial, CO",13743,2022,13405,2022,1993,0.024594338936185678,False
19740,"Denver-Aurora-Centennial, CO",17921,4435,17893,4435,1994,0.001562412811785041,False
19740,"Denver-Aurora-Centennial, CO",17964,4954,17694,4770,1995,0.01503006012024044,False
19740,"Denver-Aurora-Centennial, CO",18164,4228,17643,3806,1996,0.02868310944725827,False
19740,"Denver-Aurora-Centennial, CO",20323,5600,19900,5579,1997,0.020813856222014482,False
19740,"Denver-Aurora-Centennial, CO",23908,7649,23866,7649,1998,0.0017567341475657194,False
19740,"Denver-Aurora-Centennial, CO",23683,5315,23108,5264,1999,0.0242790187054005,False
19740,"Denver-Aurora-Centennial, CO",27571,10784,27376,10759,2000,0.007072648797649683,False
19740,"Denver-Aurora-Centennial, CO",27709,11840,27315,11598,2001,0.014219206755927694,False
19740,"Denver-Aurora-Centennial, CO",22378,7390,22213,7383,2002,0.007373313075341836,False
19740,"Denver-Aurora-Centennial, CO",17359,2835,17359,2835,2003,0.0,False
19740,"Denver-Aurora-Centennial, CO",21836,2889,21755,2889,2004,0.0037094705990108334,False
19740,"Denver-Aurora-Centennial, CO",20849,2756,20758,2756,2005,0.004364717732265322,False
19740,"Denver-Aurora-Centennial, CO",18070,4531,18015,4531,2006,0.003043718871057033,False
19740,"Denver-Aurora-Centennial, CO",14217,5984,14211,5984,2007,0.000422029964127435,False
19740,"Denver-Aurora-Centennial, CO",8814,4605,8814,4605,2008,0.0,False
19740,"Denver-Aurora-Centennial, CO",4112,1279,4100,1279,2009,0.0029182879377431803,False
19740,"Denver-Aurora-Centennial, CO",5042,1135,5041,1135,2010,0.00019833399444668665,False
19740,"Denver-Aurora-Centennial, CO",6673,2782,6653,2782,2011,0.0029971527049302837,False
19740,"Denver-Aurora-Centennial, CO",13760,7915,13689,7915,2012,0.005159883720930236,False
19740,"Denver-Aurora-Centennial, CO",15475,8188,15391,8188,2013,0.0054281098546041795,False
19740,"Denver-Aurora-Centennial, CO",15767,7332,15702,7332,2014,0.004122534407306366,False
19740,"Denver-Aurora-Centennial, CO",18326,8678,18318,8678,2015,0.00043653825166434235,False
19740,"Denver-Aurora-Centennial, CO",21947,11214,21865,11214,2016,0.0037362737503986443,False
19740,"Denver-Aurora-Centennial, CO",22735,11391,22691,11391,2017,0.0019353419837255803,False
19740,"Denver-Aurora-Centennial, CO",21729,9563,21527,9478,2018,0.009296332090754311,False
19740,"Denver-Aurora-Centennial, CO",19308,8037,19281,8037,2019,0.0013983840894965516,False
19740,"Denver-Aurora-Centennial, CO",19732,8145,19568,8108,2020,0.008311372390026328,False
19740,"Denver-Aurora-Centennial, CO",30006,16028,29931,16028,2021,0.002499500099980012,False
19740,"Denver-Aurora-Centennial, CO",23009,12342,22518,12042,2022,0.02133947585727325,False
19740,"Denver-Aurora-Centennial, CO",20650,11362,20413,11294,2023,0.011476997578692472,False
19740,"Denver-Aurora-Centennial, CO",15570,6429,15107,6202,2024,0.02973667308927419,False
19740,"Denver-Aurora-Centennial, CO",15948,8195,15043,7528,2025,0.0567469275144219,False
19780,"Des Moines-West Des Moines, IA",2801,927,2782,927,1990,0.006783291681542347,False
19780,"Des Moines-West Des Moines, IA",2491,456,2489,456,1991,0.0008028904054596664,False
19780,"Des Moines-West Des Moines, IA",3598,1031,3598,1031,1992,0.0,False
19780,"Des Moines-West Des Moines, IA",3001,542,2992,542,1993,0.0029990003332223125,False
19780,"Des Moines-West Des Moines, IA",4111,1528,4095,1528,1994,0.0038919970810021853,False
19780,"Des Moines-West Des Moines, IA",3596,1114,3472,1094,1995,0.03448275862068961,False
19780,"Des Moines-West Des Moines, IA",3603,901,3565,901,1996,0.0105467665834027,False
19780,"Des Moines-West Des Moines, IA",2712,364,2682,364,1997,0.011061946902654829,False
19780,"Des Moines-West Des Moines, IA",3888,736,3871,736,1998,0.0043724279835390956,False
19780,"Des Moines-West Des Moines, IA",3970,489,3883,489,1999,0.021914357682619623,False
19780,"Des Moines-West Des Moines, IA",3259,446,3227,446,2000,0.009818962872046644,False
19780,"Des Moines-West Des Moines, IA",4129,910,4091,910,2001,0.00920319689997573,False
19780,"Des Moines-West Des Moines, IA",4988,1168,4719,1130,2002,0.0539294306335204,False
19780,"Des Moines-West Des Moines, IA",5623,920,5623,920,2003,0.0,False
19780,"Des Moines-West Des Moines, IA",5570,716,5512,716,2004,0.01041292639138236,False
19780,"Des Moines-West Des Moines, IA",6437,1093,6422,1093,2005,0.002330278079850867,False
19780,"Des Moines-West Des Moines, IA",5220,1205,5189,1205,2006,0.0059386973180076685,False
19780,"Des Moines-West Des Moines, IA",3900,579,3775,566,2007,0.03205128205128205,False
19780,"Des Moines-West Des Moines, IA",2959,1075,2924,1070,2008,0.01182832037850623,False
19780,"Des Moines-West Des Moines, IA",2520,640,2505,640,2009,0.005952380952380931,False
19780,"Des Moines-West Des Moines, IA",2847,511,2821,511,2010,0.0091324200913242,False
19780,"Des Moines-West Des Moines, IA",2668,352,2627,347,2011,0.015367316341829085,False
19780,"Des Moines-West Des Moines, IA",4197,1342,4181,1342,2012,0.0038122468429830914,False
19780,"Des Moines-West Des Moines, IA",4960,1504,4953,1504,2013,0.0014112903225806939,False
19780,"Des Moines-West Des Moines, IA",4469,1423,4447,1423,2014,0.00492280152159319,False
19780,"Des Moines-West Des Moines, IA",5750,2016,5724,2016,2015,0.004521739130434743,False
19780,"Des Moines-West Des Moines, IA",6756,2891,6728,2866,2016,0.00414446417998815,False
19780,"Des Moines-West Des Moines, IA",6444,2623,6424,2623,2017,0.0031036623215394687,False
19780,"Des Moines-West Des Moines, IA",4998,1624,4953,1609,2018,0.009003601440576214,False
19780,"Des Moines-West Des Moines, IA",5269,1312,5235,1282,2019,0.006452837350540919,False
19780,"Des Moines-West Des Moines, IA",6508,1698,6318,1575,2020,0.029194837123540207,False
19780,"Des Moines-West Des Moines, IA",6969,1886,6965,1886,2021,0.00057397044052232,False
19780,"Des Moines-West Des Moines, IA",6122,2309,5915,2234,2022,0.033812479581835975,False
19780,"Des Moines-West Des Moines, IA",5000,1201,4980,1201,2023,0.0040000000000000036,False
19780,"Des Moines-West Des Moines, IA",5064,1221,5047,1221,2024,0.0033570300157977906,False
19780,"Des Moines-West Des Moines, IA",6249,2675,6212,2668,2025,0.005920947351576222,False
19820,"Detroit-Warren-Dearborn, MI",15485,4104,15456,4104,1990,0.001872780109783645,False
19820,"Detroit-Warren-Dearborn, MI",13559,2552,12849,2406,1991,0.052363743638911386,False
19820,"Detroit-Warren-Dearborn, MI",14770,2202,14733,2187,1992,0.0025050778605281154,False
19820,"Detroit-Warren-Dearborn, MI",15464,2244,14774,1934,1993,0.04461976202793583,False
19820,"Detroit-Warren-Dearborn, MI",18422,3008,17712,2732,1994,0.03854087504071224,False
19820,"Detroit-Warren-Dearborn, MI",18786,2547,18195,2313,1995,0.03145959757266048,False
19820,"Detroit-Warren-Dearborn, MI",20951,3091,20665,3091,1996,0.013650899718390508,False
19820,"Detroit-Warren-Dearborn, MI",19159,1970,18665,1903,1997,0.02578422673417191,False
19820,"Detroit-Warren-Dearborn, MI",22330,3764,21898,3697,1998,0.019346171070309004,False
19820,"Detroit-Warren-Dearborn, MI",20579,2752,20232,2703,1999,0.016861849458185474,False
19820,"Detroit-Warren-Dearborn, MI",19313,2479,18830,2434,2000,0.025009061254077536,False
19820,"Detroit-Warren-Dearborn, MI",17566,2934,17313,2929,2001,0.014402823636570639,False
19820,"Detroit-Warren-Dearborn, MI",19034,2995,18676,2985,2002,0.01880844804034887,False
19820,"Detroit-Warren-Dearborn, MI",19900,2967,19900,2967,2003,0.0,False
19820,"Detroit-Warren-Dearborn, MI",21808,3816,21487,3806,2004,0.014719369038884822,False
19820,"Detroit-Warren-Dearborn, MI",16392,2314,16069,2296,2005,0.01970473401659345,False
19820,"Detroit-Warren-Dearborn, MI",8920,1161,8546,1141,2006,0.04192825112107623,False
19820,"Detroit-Warren-Dearborn, MI",4325,420,4072,420,2007,0.05849710982658962,False
19820,"Detroit-Warren-Dearborn, MI",2590,414,2435,409,2008,0.05984555984555984,False
19820,"Detroit-Warren-Dearborn, MI",1333,33,1210,33,2009,0.09227306826706672,False
19820,"Detroit-Warren-Dearborn, MI",3210,581,3089,581,2010,0.03769470404984421,False
19820,"Detroit-Warren-Dearborn, MI",3366,385,3262,385,2011,0.030897207367795554,False
19820,"Detroit-Warren-Dearborn, MI",4525,336,4318,306,2012,0.045745856353591186,False
19820,"Detroit-Warren-Dearborn, MI",6352,645,6203,645,2013,0.023457178841309823,False
19820,"Detroit-Warren-Dearborn, MI",6295,1205,6033,1132,2014,0.041620333598093695,False
19820,"Detroit-Warren-Dearborn, MI",7304,1871,7065,1871,2015,0.032721796276013126,False
19820,"Detroit-Warren-Dearborn, MI",7659,1646,7426,1646,2016,0.030421726073900035,False
19820,"Detroit-Warren-Dearborn, MI",10089,2919,9724,2919,2017,0.03617801566062051,False
19820,"Detroit-Warren-Dearborn, MI",7163,801,6762,773,2018,0.055982130392293716,False
19820,"Detroit-Warren-Dearborn, MI",7813,2378,7548,2378,2019,0.03391782925892739,False
19820,"Detroit-Warren-Dearborn, MI",7165,1732,6459,1603,2020,0.0985345429169574,False
19820,"Detroit-Warren-Dearborn, MI",8598,2661,8011,2656,2021,0.06827169109095144,False
19820,"Detroit-Warren-Dearborn, MI",7945,2876,7518,2876,2022,0.053744493392070436,False
19820,"Detroit-Warren-Dearborn, MI",6734,1800,6387,1800,2023,0.05152955152955152,False
19820,"Detroit-Warren-Dearborn, MI",7704,2269,6930,2175,2024,0.10046728971962615,False
19820,"Detroit-Warren-Dearborn, MI",8805,3223,8501,3223,2025,0.03452583759227712,False
20500,"Durham-Chapel Hill, NC",2497,730,2479,725,1990,0.007208650380456594,False
20500,"Durham-Chapel Hill, NC",2040,137,2021,122,1991,0.009313725490196045,False
20500,"Durham-Chapel Hill, NC",2496,219,2474,219,1992,0.008814102564102533,False
20500,"Durham-Chapel Hill, NC",2547,191,2522,191,1993,0.009815469179426772,False
20500,"Durham-Chapel Hill, NC",3828,1268,3803,1263,1994,0.0065308254963427625,False
20500,"Durham-Chapel Hill, NC",3591,1047,3558,1047,1995,0.009189640768588192,False
20500,"Durham-Chapel Hill, NC",3648,998,3614,998,1996,0.009320175438596534,False
20500,"Durham-Chapel Hill, NC",5093,2188,5072,2183,1997,0.004123306499116408,False
20500,"Durham-Chapel Hill, NC",4812,1364,4705,1304,1998,0.022236076475477984,False
20500,"Durham-Chapel Hill, NC",5569,1990,5569,1990,1999,0.0,False
20500,"Durham-Chapel Hill, NC",4531,1304,4310,1294,2000,0.04877510483337011,False
20500,"Durham-Chapel Hill, NC",5776,2151,5068,2141,2001,0.12257617728531855,False
20500,"Durham-Chapel Hill, NC",4696,1079,4111,1079,2002,0.12457410562180582,False
20500,"Durham-Chapel Hill, NC",5103,1056,5103,1056,2003,0.0,False
20500,"Durham-Chapel Hill, NC",4977,832,4333,832,2004,0.12939521800281295,False
20500,"Durham-Chapel Hill, NC",4393,154,3644,154,2005,0.17049852037332114,False
20500,"Durham-Chapel Hill, NC",4373,887,4045,871,2006,0.07500571689915392,False
20500,"Durham-Chapel Hill, NC",3254,248,3100,175,2007,0.04732636754763364,False
20500,"Durham-Chapel Hill, NC",2498,325,2498,325,2008,0.0,False
20500,"Durham-Chapel Hill, NC",2657,1285,2657,1285,2009,0.0,False
20500,"Durham-Chapel Hill, NC",1913,371,1913,371,2010,0.0,False
20500,"Durham-Chapel Hill, NC",1924,354,1821,329,2011,0.05353430353430355,False
20500,"Durham-Chapel Hill, NC",3314,1701,3314,1701,2012,0.0,False
20500,"Durham-Chapel Hill, NC",4694,2699,4694,2699,2013,0.0,False
20500,"Durham-Chapel Hill, NC",2587,418,2587,418,2014,0.0,False
20500,"Durham-Chapel Hill, NC",4411,1709,4411,1709,2015,0.0,False
20500,"Durham-Chapel Hill, NC",4382,1403,3442,987,2016,0.21451392058420815,False
20500,"Durham-Chapel Hill, NC",4924,1638,2569,757,2017,0.47826969943135667,True
20500,"Durham-Chapel Hill, NC",5416,2059,2055,737,2018,0.6205686853766618,True
20500,"Durham-Chapel Hill, NC",5454,2200,5444,2200,2019,0.001833516685001868,False
20500,"Durham-Chapel Hill, NC",5190,1952,5132,1952,2020,0.011175337186897893,False
20500,"Durham-Chapel Hill, NC",5683,2121,5683,2121,2021,0.0,False
20500,"Durham-Chapel Hill, NC",6172,3083,6172,3083,2022,0.0,False
20500,"Durham-Chapel Hill, NC",6991,3991,5077,2944,2023,0.27378057502503217,True
20500,"Durham-Chapel Hill, NC",3858,989,3520,792,2024,0.08761016070502847,False
20500,"Durham-Chapel Hill, NC",6100,2263,5541,2084,2025,0.09163934426229503,False
21340,"El Paso, TX",2111,227,2111,227,1990,0.0,False
21340,"El Paso, TX",1909,239,1907,239,1991,0.0010476689366160086,False
21340,"El Paso, TX",2761,452,2761,452,1992,0.0,False
21340,"El Paso, TX",2681,324,2681,324,1993,0.0,False
21340,"El Paso, TX",3797,1423,3797,1423,1994,0.0,False
21340,"El Paso, TX",2629,288,2629,288,1995,0.0,False
21340,"El Paso, TX",3333,926,3333,926,1996,0.0,False
21340,"El Paso, TX",2713,319,2478,238,1997,0.08661997788426101,False
21340,"El Paso, TX",3290,24,3287,24,1998,0.0009118541033434902,False
21340,"El Paso, TX",4196,396,4188,396,1999,0.0019065776930410339,False
21340,"El Paso, TX",3203,92,2621,36,2000,0.1817046518888542,False
21340,"El Paso, TX",3438,33,3221,27,2001,0.06311809191390338,False
21340,"El Paso, TX",3710,119,833,76,2002,0.7754716981132075,True
21340,"El Paso, TX",5271,207,5271,207,2003,0.0,False
21340,"El Paso, TX",3942,115,3939,115,2004,0.0007610350076103778,False
21340,"El Paso, TX",5405,829,4990,829,2005,0.07678075855689181,False
21340,"El Paso, TX",4140,103,3730,103,2006,0.09903381642512077,False
21340,"El Paso, TX",4379,979,4101,974,2007,0.06348481388444849,False
21340,"El Paso, TX",3981,944,3928,944,2008,0.013313237879929662,False
21340,"El Paso, TX",3191,475,3191,475,2009,0.0,False
21340,"El Paso, TX",4549,1412,4452,1412,2010,0.021323367773136925,False
21340,"El Paso, TX",4153,618,4150,618,2011,0.0007223693715386892,False
21340,"El Paso, TX",4355,1096,4352,1096,2012,0.000688863375430504,False
21340,"El Paso, TX",4097,939,4094,939,2013,0.0007322431047107614,False
21340,"El Paso, TX",3043,549,3024,549,2014,0.006243838317449901,False
21340,"El Paso, TX",4491,1869,4487,1869,2015,0.0008906702293476343,False
21340,"El Paso, TX",3054,674,3054,674,2016,0.0,False
21340,"El Paso, TX",3277,669,3145,669,2017,0.04028074458346054,False
21340,"El Paso, TX",2416,481,2415,481,2018,0.00041390728476820016,False
21340,"El Paso, TX",3066,341,3061,341,2019,0.0016307893020222064,False
21340,"El Paso, TX",2562,128,2555,128,2020,0.002732240437158473,False
21340,"El Paso, TX",2989,199,756,0,2021,0.7470725995316159,True
21340,"El Paso, TX",2465,227,496,0,2022,0.7987829614604463,True
21340,"El Paso, TX",2247,182,365,0,2023,0.8375611927013796,True
21340,"El Paso, TX",2320,143,265,0,2024,0.8857758620689655,True
21340,"El Paso, TX",2050,142,191,0,2025,0.906829268292683,True
22220,"Fayetteville-Springdale-Rogers, AR",1337,142,1315,142,1990,0.016454749439042682,False
22220,"Fayetteville-Springdale-Rogers, AR",2234,670,2209,670,1991,0.011190689346463722,False
22220,"Fayetteville-Springdale-Rogers, AR",2624,477,2621,477,1992,0.0011432926829267887,False
22220,"Fayetteville-Springdale-Rogers, AR",3490,787,3467,787,1993,0.0065902578796561695,False
22220,"Fayetteville-Springdale-Rogers, AR",4326,1345,4217,1296,1994,0.02519648636153493,False
22220,"Fayetteville-Springdale-Rogers, AR",3819,1076,3656,1076,1995,0.0426813301911495,False
22220,"Fayetteville-Springdale-Rogers, AR",3043,513,2913,508,1996,0.042720999014130845,False
22220,"Fayetteville-Springdale-Rogers, AR",2699,548,2543,543,1997,0.057799184883290056,False
22220,"Fayetteville-Springdale-Rogers, AR",2131,175,1951,140,1998,0.08446738620366023,False
22220,"Fayetteville-Springdale-Rogers, AR",2905,620,2751,590,1999,0.053012048192771055,False
22220,"Fayetteville-Springdale-Rogers, AR",2847,712,2700,692,2000,0.05163329820864071,False
22220,"Fayetteville-Springdale-Rogers, AR",3966,1307,3846,1280,2001,0.030257186081694365,False
22220,"Fayetteville-Springdale-Rogers, AR",3992,1215,3889,1215,2002,0.025801603206412782,False
22220,"Fayetteville-Springdale-Rogers, AR",6276,2622,6276,2622,2003,0.0,False
22220,"Fayetteville-Springdale-Rogers, AR",6403,2136,6042,2029,2004,0.05637982195845692,False
22220,"Fayetteville-Springdale-Rogers, AR",7568,1773,6954,1579,2005,0.08113107822410148,False
22220,"Fayetteville-Springdale-Rogers, AR",6069,1436,4990,1002,2006,0.17778876256384912,False
22220,"Fayetteville-Springdale-Rogers, AR",3351,731,2584,417,2007,0.2288868994330051,False
22220,"Fayetteville-Springdale-Rogers, AR",2740,1469,2720,1469,2008,0.007299270072992692,False
22220,"Fayetteville-Springdale-Rogers, AR",1739,622,1721,622,2009,0.01035077630822312,False
22220,"Fayetteville-Springdale-Rogers, AR",1206,29,1192,29,2010,0.011608623548922004,False
22220,"Fayetteville-Springdale-Rogers, AR",1202,10,1150,10,2011,0.043261231281197965,False
22220,"Fayetteville-Springdale-Rogers, AR",1918,84,1891,84,2012,0.014077163712200247,False
22220,"Fayetteville-Springdale-Rogers, AR",2380,53,2347,53,2013,0.013865546218487346,False
22220,"Fayetteville-Springdale-Rogers, AR",3349,926,3323,926,2014,0.007763511495968989,False
22220,"Fayetteville-Springdale-Rogers, AR",3792,938,3473,829,2015,0.0841244725738397,False
22220,"Fayetteville-Springdale-Rogers, AR",4420,750,3881,624,2016,0.12194570135746607,False
22220,"Fayetteville-Springdale-Rogers, AR",4724,992,4484,943,2017,0.05080440304826417,False
22220,"Fayetteville-Springdale-Rogers, AR",5563,1544,4852,1278,2018,0.12780873629336686,False
22220,"Fayetteville-Springdale-Rogers, AR",6905,2542,6082,2195,2019,0.1191889934829834,False
22220,"Fayetteville-Springdale-Rogers, AR",6365,1317,5579,1037,2020,0.1234878240377062,False
22220,"Fayetteville-Springdale-Rogers, AR",7120,1155,6158,808,2021,0.13511235955056178,False
22220,"Fayetteville-Springdale-Rogers, AR",7246,1463,6249,1032,2022,0.13759315484405188,False
22220,"Fayetteville-Springdale-Rogers, AR",6915,1055,6019,712,2023,0.12957339117859723,False
22220,"Fayetteville-Springdale-Rogers, AR",7984,1899,7304,1672,2024,0.08517034068136276,False
22220,"Fayetteville-Springdale-Rogers, AR",8961,2922,7833,2576,2025,0.1258788081687312,False
23420,"Fresno, CA",6911,1126,6911,1126,1990,0.0,False
23420,"Fresno, CA",5496,623,5492,623,1991,0.0007278020378457262,False
23420,"Fresno, CA",6035,694,6034,694,1992,0.0001657000828499955,False
23420,"Fresno, CA",4955,332,4930,332,1993,0.005045408678102881,False
23420,"Fresno, CA",5329,821,5308,821,1994,0.003940701820228987,False
23420,"Fresno, CA",4916,889,4916,889,1995,0.0,False
23420,"Fresno, CA",3910,183,3859,174,1996,0.013043478260869601,False
23420,"Fresno, CA",3281,188,3233,188,1997,0.014629686071319759,False
23420,"Fresno, CA",3652,392,3650,392,1998,0.0005476451259583959,False
23420,"Fresno, CA",3578,316,3560,316,1999,0.005030743432084983,False
23420,"Fresno, CA",3804,225,3787,225,2000,0.004468980021030466,False
23420,"Fresno, CA",4557,40,4546,40,2001,0.0024138687733157305,False
23420,"Fresno, CA",4818,160,4795,155,2002,0.0047737650477376325,False
23420,"Fresno, CA",6980,1081,6980,1081,2003,0.0,False
23420,"Fresno, CA",8833,1489,8828,1489,2004,0.0005660590965697043,False
23420,"Fresno, CA",9668,1414,7347,997,2005,0.24007033512618947,False
23420,"Fresno, CA",6654,1269,2749,170,2006,0.5868650435828073,True
23420,"Fresno, CA",5364,835,4902,835,2007,0.08612975391498878,False
23420,"Fresno, CA",2800,421,2089,302,2008,0.2539285714285714,True
23420,"Fresno, CA",2348,106,2089,101,2009,0.11030664395229983,False
23420,"Fresno, CA",2440,351,2217,351,2010,0.0913934426229508,False
23420,"Fresno, CA",1913,421,903,258,2011,0.5279665446941976,True
23420,"Fresno, CA",2001,322,1648,322,2012,0.1764117941029485,False
23420,"Fresno, CA",2991,359,2560,359,2013,0.14409896355733864,False
23420,"Fresno, CA",2106,262,1768,262,2014,0.16049382716049387,False
23420,"Fresno, CA",2533,262,2383,262,2015,0.05921831819976309,False
23420,"Fresno, CA",3204,276,3153,276,2016,0.015917602996254665,False
23420,"Fresno, CA",3348,1025,3313,1025,2017,0.010454002389486239,False
23420,"Fresno, CA",3432,633,2677,335,2018,0.21998834498834496,False
23420,"Fresno, CA",4037,679,4011,679,2019,0.006440426058954674,False
23420,"Fresno, CA",3982,473,2578,254,2020,0.3525866398794576,True
23420,"Fresno, CA",4968,462,4746,445,2021,0.04468599033816423,False
23420,"Fresno, CA",4628,714,4490,714,2022,0.02981849611063092,False
23420,"Fresno, CA",4263,764,4132,764,2023,0.03072953319258742,False
23420,"Fresno, CA",3782,304,3612,304,2024,0.04494976203067158,False
23420,"Fresno, CA",3518,290,3290,273,2025,0.06480955088118245,False
24340,"Grand Rapids-Wyoming-Kentwood, MI",5565,1736,5486,1726,1990,0.014195867026055686,False
24340,"Grand Rapids-Wyoming-Kentwood, MI",3715,400,3702,400,1991,0.003499327052489898,False
24340,"Grand Rapids-Wyoming-Kentwood, MI",4844,811,4683,736,1992,0.033236994219653204,False
24340,"Grand Rapids-Wyoming-Kentwood, MI",4755,434,4215,399,1993,0.11356466876971605,False
24340,"Grand Rapids-Wyoming-Kentwood, MI",5961,926,5708,890,1994,0.04244254319745011,False
24340,"Grand Rapids-Wyoming-Kentwood, MI",6381,1244,6151,1239,1995,0.03604450713054386,False
24340,"Grand Rapids-Wyoming-Kentwood, MI",7210,1391,6436,1285,1996,0.10735090152565885,False
24340,"Grand Rapids-Wyoming-Kentwood, MI",6543,1382,5927,1372,1997,0.09414641601711748,False
24340,"Grand Rapids-Wyoming-Kentwood, MI",6944,1547,6184,1334,1998,0.10944700460829493,False
24340,"Grand Rapids-Wyoming-Kentwood, MI",6611,921,6180,827,1999,0.06519437301467257,False
24340,"Grand Rapids-Wyoming-Kentwood, MI",6116,767,5312,735,2000,0.13145846958796603,False
24340,"Grand Rapids-Wyoming-Kentwood, MI",6377,917,5955,912,2001,0.06617531754743611,False
24340,"Grand Rapids-Wyoming-Kentwood, MI",6597,955,6289,955,2002,0.04668788843413674,False
24340,"Grand Rapids-Wyoming-Kentwood, MI",6782,729,6782,729,2003,0.0,False
24340,"Grand Rapids-Wyoming-Kentwood, MI",6895,877,5541,720,2004,0.19637418419144304,False
24340,"Grand Rapids-Wyoming-Kentwood, MI",5837,512,4611,251,2005,0.21003940380332364,False
24340,"Grand Rapids-Wyoming-Kentwood, MI",4295,564,3811,401,2006,0.11268917345750873,False
24340,"Grand Rapids-Wyoming-Kentwood, MI",2892,427,2333,291,2007,0.1932918395573997,False
24340,"Grand Rapids-Wyoming-Kentwood, MI",1749,241,1509,191,2008,0.13722126929674094,False
24340,"Grand Rapids-Wyoming-Kentwood, MI",1226,58,1027,28,2009,0.16231647634584012,False
24340,"Grand Rapids-Wyoming-Kentwood, MI",1299,31,1125,0,2010,0.13394919168591224,False
24340,"Grand Rapids-Wyoming-Kentwood, MI",1512,170,1357,125,2011,0.10251322751322756,False
24340,"Grand Rapids-Wyoming-Kentwood, MI",2065,301,1800,196,2012,0.12832929782082325,False
24340,"Grand Rapids-Wyoming-Kentwood, MI",2343,169,2099,114,2013,0.10413999146393516,False
24340,"Grand Rapids-Wyoming-Kentwood, MI",3224,823,3150,823,2014,0.02295285359801491,False
24340,"Grand Rapids-Wyoming-Kentwood, MI",3731,1106,3096,868,2015,0.17019565800053604,False
24340,"Grand Rapids-Wyoming-Kentwood, MI",4802,1949,4412,1934,2016,0.08121615993336107,False
24340,"Grand Rapids-Wyoming-Kentwood, MI",4932,1824,4452,1688,2017,0.097323600973236,False
24340,"Grand Rapids-Wyoming-Kentwood, MI",3970,903,3795,878,2018,0.044080604534005086,False
24340,"Grand Rapids-Wyoming-Kentwood, MI",4367,1437,3925,1395,2019,0.10121364781314401,False
24340,"Grand Rapids-Wyoming-Kentwood, MI",3624,822,3005,633,2020,0.17080573951434874,False
24340,"Grand Rapids-Wyoming-Kentwood, MI",3938,674,3585,512,2021,0.08963941086846117,False
24340,"Grand Rapids-Wyoming-Kentwood, MI",4393,1441,4078,1243,2022,0.07170498520373325,False
24340,"Grand Rapids-Wyoming-Kentwood, MI",3754,951,3301,698,2023,0.12067128396377202,False
24340,"Grand Rapids-Wyoming-Kentwood, MI",3861,1352,3169,1148,2024,0.17922817922817924,False
24340,"Grand Rapids-Wyoming-Kentwood, MI",4267,1571,3631,1325,2025,0.14905085540192176,False
24660,"Greensboro-High Point, NC",2932,205,2927,205,1990,0.0017053206002728416,False
24660,"Greensboro-High Point, NC",3175,341,3166,341,1991,0.002834645669291369,False
24660,"Greensboro-High Point, NC",3589,332,3589,332,1992,0.0,False
24660,"Greensboro-High Point, NC",4168,725,4164,725,1993,0.0009596928982725794,False
24660,"Greensboro-High Point, NC",4350,667,4347,667,1994,0.0006896551724138167,False
24660,"Greensboro-High Point, NC",4850,1132,4850,1132,1995,0.0,False
24660,"Greensboro-High Point, NC",5557,1602,5543,1602,1996,0.002519344970307702,False
24660,"Greensboro-High Point, NC",5583,1329,5563,1329,1997,0.003582303421099775,False
24660,"Greensboro-High Point, NC",5649,1223,5649,1223,1998,0.0,False
24660,"Greensboro-High Point, NC",5728,1517,5728,1517,1999,0.0,False
24660,"Greensboro-High Point, NC",4786,700,4782,700,2000,0.0008357709987463213,False
24660,"Greensboro-High Point, NC",6393,1602,6393,1602,2001,0.0,False
24660,"Greensboro-High Point, NC",5668,1047,5668,1047,2002,0.0,False
24660,"Greensboro-High Point, NC",4816,709,4816,709,2003,0.0,False
24660,"Greensboro-High Point, NC",6139,1151,6135,1151,2004,0.0006515719172504042,False
24660,"Greensboro-High Point, NC",6290,1000,3764,531,2005,0.4015898251192369,True
24660,"Greensboro-High Point, NC",6417,1640,5225,1640,2006,0.18575658407355466,False
24660,"Greensboro-High Point, NC",4966,1199,4159,1199,2007,0.16250503423278295,False
24660,"Greensboro-High Point, NC",3296,1188,2511,1057,2008,0.23816747572815533,False
24660,"Greensboro-High Point, NC",2075,662,1711,662,2009,0.175421686746988,False
24660,"Greensboro-High Point, NC",1903,573,1903,573,2010,0.0,False
24660,"Greensboro-High Point, NC",2047,940,2047,940,2011,0.0,False
24660,"Greensboro-High Point, NC",1887,649,1887,649,2012,0.0,False
24660,"Greensboro-High Point, NC",2032,614,2032,614,2013,0.0,False
24660,"Greensboro-High Point, NC",2632,1160,2632,1160,2014,0.0,False
24660,"Greensboro-High Point, NC",2212,554,1938,390,2015,0.1238698010849909,False
24660,"Greensboro-High Point, NC",2735,1092,2627,1069,2016,0.039488117001828194,False
24660,"Greensboro-High Point, NC",3055,1009,3054,1009,2017,0.0003273322422258085,False
24660,"Greensboro-High Point, NC",2224,249,2224,249,2018,0.0,False
24660,"Greensboro-High Point, NC",2423,409,2423,409,2019,0.0,False
24660,"Greensboro-High Point, NC",3147,902,3147,902,2020,0.0,False
24660,"Greensboro-High Point, NC",3964,1335,3964,1335,2021,0.0,False
24660,"Greensboro-High Point, NC",2993,814,2993,814,2022,0.0,False
24660,"Greensboro-High Point, NC",3507,1099,3507,1099,2023,0.0,False
24660,"Greensboro-High Point, NC",4976,2565,4966,2565,2024,0.002009646302250756,False
24660,"Greensboro-High Point, NC",3830,1176,3830,1176,2025,0.0,False
24860,"Greenville-Anderson-Greer, SC",4353,1356,4350,1356,1990,0.000689179875947632,False
24860,"Greenville-Anderson-Greer, SC",3097,158,3097,158,1991,0.0,False
24860,"Greenville-Anderson-Greer, SC",3477,83,3474,83,1992,0.0008628127696289623,False
24860,"Greenville-Anderson-Greer, SC",3977,233,3952,233,1993,0.006286145335680171,False
24860,"Greenville-Anderson-Greer, SC",5117,857,5116,857,1994,0.00019542700801256085,False
24860,"Greenville-Anderson-Greer, SC",4847,705,4847,705,1995,0.0,False
24860,"Greenville-Anderson-Greer, SC",6154,1557,5755,1557,1996,0.06483587910302246,False
24860,"Greenville-Anderson-Greer, SC",5191,628,4775,628,1997,0.08013870159892122,False
24860,"Greenville-Anderson-Greer, SC",5848,708,5822,708,1998,0.0044459644322845104,False
24860,"Greenville-Anderson-Greer, SC",6425,780,6425,780,1999,0.0,False
24860,"Greenville-Anderson-Greer, SC",5458,646,5458,646,2000,0.0,False
24860,"Greenville-Anderson-Greer, SC",5344,334,5096,334,2001,0.046407185628742464,False
24860,"Greenville-Anderson-Greer, SC",5859,542,5859,542,2002,0.0,False
24860,"Greenville-Anderson-Greer, SC",5853,336,5853,336,2003,0.0,False
24860,"Greenville-Anderson-Greer, SC",6251,601,6218,601,2004,0.005279155335146335,False
24860,"Greenville-Anderson-Greer, SC",6993,529,6952,529,2005,0.00586300586300581,False
24860,"Greenville-Anderson-Greer, SC",7122,903,7061,903,2006,0.008565009828699788,False
24860,"Greenville-Anderson-Greer, SC",6637,1017,6618,1017,2007,0.0028627391893928378,False
24860,"Greenville-Anderson-Greer, SC",3827,810,3696,742,2008,0.034230467729291836,False
24860,"Greenville-Anderson-Greer, SC",1821,51,1719,51,2009,0.05601317957166396,False
24860,"Greenville-Anderson-Greer, SC",1962,194,1884,194,2010,0.03975535168195721,False
24860,"Greenville-Anderson-Greer, SC",2029,96,2009,96,2011,0.009857072449482529,False
24860,"Greenville-Anderson-Greer, SC",2818,129,2802,129,2012,0.005677785663591228,False
24860,"Greenville-Anderson-Greer, SC",3895,619,3875,619,2013,0.005134788189987138,False
24860,"Greenville-Anderson-Greer, SC",4479,1139,4457,1139,2014,0.004911810672024952,False
24860,"Greenville-Anderson-Greer, SC",5896,2082,5859,2082,2015,0.006275440976933555,False
24860,"Greenville-Anderson-Greer, SC",5753,1466,5727,1466,2016,0.004519381192421346,False
24860,"Greenville-Anderson-Greer, SC",5299,800,5282,800,2017,0.003208152481600335,False
24860,"Greenville-Anderson-Greer, SC",6430,1153,6394,1128,2018,0.005598755832037283,False
24860,"Greenville-Anderson-Greer, SC",6563,1090,6563,1090,2019,0.0,False
24860,"Greenville-Anderson-Greer, SC",8734,2056,8526,2051,2020,0.02381497595603388,False
24860,"Greenville-Anderson-Greer, SC",10604,1504,10603,1504,2021,9.430403621280004e-05,False
24860,"Greenville-Anderson-Greer, SC",8244,1415,8244,1415,2022,0.0,False
24860,"Greenville-Anderson-Greer, SC",7684,463,7669,463,2023,0.0019521082769391462,False
24860,"Greenville-Anderson-Greer, SC",8875,811,8826,811,2024,0.005521126760563377,False
24860,"Greenville-Anderson-Greer, SC",8255,703,8050,698,2025,0.024833434282253153,False
25420,"Harrisburg-Carlisle, PA",2585,443,2535,443,1990,0.01934235976789167,False
25420,"Harrisburg-Carlisle, PA",2035,251,2013,246,1991,0.010810810810810811,False
25420,"Harrisburg-Carlisle, PA",2273,123,2263,123,1992,0.00439947206335245,False
25420,"Harrisburg-Carlisle, PA",2598,308,2541,308,1993,0.021939953810623525,False
25420,"Harrisburg-Carlisle, PA",2263,158,2168,158,1994,0.04197967300044192,False
25420,"Harrisburg-Carlisle, PA",1911,197,1817,197,1995,0.04918890633176343,False
25420,"Harrisburg-Carlisle, PA",2406,385,2314,363,1996,0.038237738985868686,False
25420,"Harrisburg-Carlisle, PA",2893,788,2851,788,1997,0.014517801590044899,False
25420,"Harrisburg-Carlisle, PA",2255,225,2193,216,1998,0.02749445676274942,False
25420,"Harrisburg-Carlisle, PA",2595,308,2545,308,1999,0.019267822736030782,False
25420,"Harrisburg-Carlisle, PA",1953,173,1896,173,2000,0.029185867895545337,False
25420,"Harrisburg-Carlisle, PA",2094,214,2008,214,2001,0.04106972301814704,False
25420,"Harrisburg-Carlisle, PA",2386,149,2337,149,2002,0.02053646269907794,False
25420,"Harrisburg-Carlisle, PA",2831,288,2831,288,2003,0.0,False
25420,"Harrisburg-Carlisle, PA",2398,11,2255,11,2004,0.059633027522935755,False
25420,"Harrisburg-Carlisle, PA",2704,331,2478,317,2005,0.08357988165680474,False
25420,"Harrisburg-Carlisle, PA",2030,120,1772,110,2006,0.1270935960591133,False
25420,"Harrisburg-Carlisle, PA",2229,176,2060,170,2007,0.07581875280394801,False
25420,"Harrisburg-Carlisle, PA",1864,348,1823,348,2008,0.021995708154506466,False
25420,"Harrisburg-Carlisle, PA",1522,301,1505,301,2009,0.011169513797634645,False
25420,"Harrisburg-Carlisle, PA",1612,277,1602,277,2010,0.006203473945409432,False
25420,"Harrisburg-Carlisle, PA",1113,145,1105,145,2011,0.007187780772686447,False
25420,"Harrisburg-Carlisle, PA",1916,675,1903,675,2012,0.006784968684759862,False
25420,"Harrisburg-Carlisle, PA",1667,320,1649,320,2013,0.010797840431913563,False
25420,"Harrisburg-Carlisle, PA",1602,397,1602,397,2014,0.0,False
25420,"Harrisburg-Carlisle, PA",1615,405,1597,395,2015,0.011145510835913308,False
25420,"Harrisburg-Carlisle, PA",1627,363,1622,363,2016,0.003073140749846326,False
25420,"Harrisburg-Carlisle, PA",1564,238,1459,238,2017,0.06713554987212278,False
25420,"Harrisburg-Carlisle, PA",2013,602,1929,602,2018,0.041728763040238426,False
25420,"Harrisburg-Carlisle, PA",2018,738,1940,738,2019,0.038652130822596664,False
25420,"Harrisburg-Carlisle, PA",1460,212,1332,207,2020,0.0876712328767123,False
25420,"Harrisburg-Carlisle, PA",1542,189,1429,189,2021,0.07328145265888453,False
25420,"Harrisburg-Carlisle, PA",2711,872,2709,872,2022,0.0007377351530800658,False
25420,"Harrisburg-Carlisle, PA",1864,581,1775,581,2023,0.04774678111587982,False
25420,"Harrisburg-Carlisle, PA",1643,463,1521,463,2024,0.07425441265976873,False
25420,"Harrisburg-Carlisle, PA",1201,237,1073,237,2025,0.10657785179017487,False
25540,"Hartford-West Hartford-East Hartford, CT",2058,1385,1975,1385,2023,0.04033041788143832,False
25540,"Hartford-West Hartford-East Hartford, CT",1887,1169,1800,1144,2024,0.04610492845786962,False
25540,"Hartford-West Hartford-East Hartford, CT",1504,891,1413,851,2025,0.0605053191489362,False
26420,"Houston-Pasadena-The Woodlands, TX",13321,2311,13309,2311,1990,0.0009008332707755029,False
26420,"Houston-Pasadena-The Woodlands, TX",17234,3667,17193,3667,1991,0.0023790182197980236,False
26420,"Houston-Pasadena-The Woodlands, TX",18527,3341,18512,3341,1992,0.0008096291898310737,False
26420,"Houston-Pasadena-The Woodlands, TX",19678,3887,19211,3762,1993,0.023732086594166035,False
26420,"Houston-Pasadena-The Woodlands, TX",22517,6691,22253,6616,1994,0.01172447484123107,False
26420,"Houston-Pasadena-The Woodlands, TX",21712,4783,21303,4748,1995,0.018837509211495962,False
26420,"Houston-Pasadena-The Woodlands, TX",24149,4499,24016,4457,1996,0.0055074744295829925,False
26420,"Houston-Pasadena-The Woodlands, TX",32366,11265,32275,11265,1997,0.002811592411790187,False
26420,"Houston-Pasadena-The Woodlands, TX",46894,20189,46205,20189,1998,0.014692711221051757,False
26420,"Houston-Pasadena-The Woodlands, TX",36706,10150,36048,10150,1999,0.017926224595434026,False
26420,"Houston-Pasadena-The Woodlands, TX",36025,7631,35854,7591,2000,0.0047467036780013405,False
26420,"Houston-Pasadena-The Woodlands, TX",37613,6643,37124,6401,2001,0.013000824183128201,False
26420,"Houston-Pasadena-The Woodlands, TX",47092,11382,46721,11201,2002,0.007878195871910298,False
26420,"Houston-Pasadena-The Woodlands, TX",56571,16586,56571,16586,2003,0.0,False
26420,"Houston-Pasadena-The Woodlands, TX",56036,10602,55726,10441,2004,0.005532157898493817,False
26420,"Houston-Pasadena-The Woodlands, TX",62125,10468,61706,10316,2005,0.006744466800804871,False
26420,"Houston-Pasadena-The Woodlands, TX",71719,15733,71190,15578,2006,0.007376009146809026,False
26420,"Houston-Pasadena-The Woodlands, TX",63274,20312,62177,20088,2007,0.01733729493946956,False
26420,"Houston-Pasadena-The Woodlands, TX",42728,14165,41352,13963,2008,0.03220370717094179,False
26420,"Houston-Pasadena-The Woodlands, TX",27326,4709,26353,4628,2009,0.03560711410378392,False
26420,"Houston-Pasadena-The Woodlands, TX",27452,4858,27125,4777,2010,0.011911700422555738,False
26420,"Houston-Pasadena-The Woodlands, TX",31271,8281,30074,8163,2011,0.03827827699785746,False
26420,"Houston-Pasadena-The Woodlands, TX",43290,14525,43007,14462,2012,0.006537306537306553,False
26420,"Houston-Pasadena-The Woodlands, TX",51333,16649,47356,16471,2013,0.07747452905538343,False
26420,"Houston-Pasadena-The Woodlands, TX",63743,25044,56295,24759,2014,0.11684420250066674,False
26420,"Houston-Pasadena-The Woodlands, TX",57078,19798,48607,19382,2015,0.1484109464241915,False
26420,"Houston-Pasadena-The Woodlands, TX",44997,9054,36498,8843,2016,0.1888792586172412,False
26420,"Houston-Pasadena-The Woodlands, TX",42763,5722,39882,5619,2017,0.06737132567874093,False
26420,"Houston-Pasadena-The Woodlands, TX",57664,16607,49698,16465,2018,0.13814511653718087,False
26420,"Houston-Pasadena-The Woodlands, TX",64066,23808,63537,23730,2019,0.008257109855461575,False
26420,"Houston-Pasadena-The Woodlands, TX",70997,20284,68873,20155,2020,0.02991675704607233,False
26420,"Houston-Pasadena-The Woodlands, TX",69838,15648,67321,15560,2021,0.03604055098943271,False
26420,"Houston-Pasadena-The Woodlands, TX",76219,27124,75039,27010,2022,0.01548170403705118,False
26420,"Houston-Pasadena-The Woodlands, TX",69303,16491,67435,16491,2023,0.026954100111106327,False
26420,"Houston-Pasadena-The Woodlands, TX",65747,11505,63729,11419,2024,0.030693415669155955,False
26420,"Houston-Pasadena-The Woodlands, TX",65075,16385,62129,15974,2025,0.04527084133691894,False
26620,"Huntsville, AL",1964,453,1963,453,1990,0.0005091649694500822,False
26620,"Huntsville, AL",1323,160,1321,160,1991,0.0015117157974300355,False
26620,"Huntsville, AL",1921,439,1919,439,1992,0.0010411244143675447,False
26620,"Huntsville, AL",1995,602,1993,602,1993,0.001002506265664116,False
26620,"Huntsville, AL",996,40,996,40,1994,0.0,False
26620,"Huntsville, AL",757,0,757,0,1995,0.0,False
26620,"Huntsville, AL",947,46,947,46,1996,0.0,False
26620,"Huntsville, AL",1615,424,1613,424,1997,0.0012383900928792935,False
26620,"Huntsville, AL",1772,560,1734,560,1998,0.021444695259593693,False
26620,"Huntsville, AL",1188,0,1145,0,1999,0.036195286195286225,False
26620,"Huntsville, AL",1210,144,1169,144,2000,0.03388429752066113,False
26620,"Huntsville, AL",1629,609,1588,609,2001,0.02516881522406389,False
26620,"Huntsville, AL",1659,424,1658,424,2002,0.0006027727546714656,False
26620,"Huntsville, AL",2397,1122,2397,1122,2003,0.0,False
26620,"Huntsville, AL",3689,246,3639,246,2004,0.013553808620222263,False
26620,"Huntsville, AL",3441,6,3436,6,2005,0.0014530659691950332,False
26620,"Huntsville, AL",4470,316,4006,316,2006,0.1038031319910514,False
26620,"Huntsville, AL",4463,1183,3262,1183,2007,0.2691015012323549,True
26620,"Huntsville, AL",3164,739,3102,739,2008,0.01959544879898867,False
26620,"Huntsville, AL",2988,684,2970,684,2009,0.0060240963855421326,False
26620,"Huntsville, AL",2275,0,2266,0,2010,0.003956043956043986,False
26620,"Huntsville, AL",2019,0,2018,0,2011,0.0004952947003467045,False
26620,"Huntsville, AL",2347,420,2345,420,2012,0.000852151682999569,False
26620,"Huntsville, AL",2250,262,2247,262,2013,0.0013333333333332975,False
26620,"Huntsville, AL",2817,983,2775,983,2014,0.014909478168264156,False
26620,"Huntsville, AL",2607,466,2603,466,2015,0.0015343306482547003,False
26620,"Huntsville, AL",2992,672,2987,672,2016,0.0016711229946524409,False
26620,"Huntsville, AL",2959,380,2956,380,2017,0.0010138560324434165,False
26620,"Huntsville, AL",2941,35,2899,35,2018,0.014280856851411117,False
26620,"Huntsville, AL",3566,85,3566,85,2019,0.0,False
26620,"Huntsville, AL",4341,90,3743,90,2020,0.13775627735544804,False
26620,"Huntsville, AL",6172,1910,4539,1910,2021,0.2645819831497084,True
26620,"Huntsville, AL",4035,412,2398,412,2022,0.4057001239157373,True
26620,"Huntsville, AL",5940,1938,4391,1938,2023,0.26077441077441077,True
26620,"Huntsville, AL",5206,1186,3744,1186,2024,0.28082981175566657,True
26620,"Huntsville, AL",4519,1126,3031,1126,2025,0.3292763885815446,True
26900,"Indianapolis-Carmel-Greenwood, IN",8850,1721,8803,1721,1990,0.0053107344632767894,False
26900,"Indianapolis-Carmel-Greenwood, IN",7845,692,7793,692,1991,0.00662842574888467,False
26900,"Indianapolis-Carmel-Greenwood, IN",10297,1081,10281,1081,1992,0.0015538506361075788,False
26900,"Indianapolis-Carmel-Greenwood, IN",10698,1161,10629,1161,1993,0.006449803701626511,False
26900,"Indianapolis-Carmel-Greenwood, IN",12128,1562,11787,1562,1994,0.028116754617414252,False
26900,"Indianapolis-Carmel-Greenwood, IN",13829,2585,13560,2585,1995,0.019451876491431097,False
26900,"Indianapolis-Carmel-Greenwood, IN",14008,2631,12967,2518,1996,0.07431467732724162,False
26900,"Indianapolis-Carmel-Greenwood, IN",13538,2228,12218,2037,1997,0.09750332397695372,False
26900,"Indianapolis-Carmel-Greenwood, IN",16450,3045,16373,3045,1998,0.004680851063829761,False
26900,"Indianapolis-Carmel-Greenwood, IN",16080,1746,15942,1732,1999,0.008582089552238825,False
26900,"Indianapolis-Carmel-Greenwood, IN",15549,2118,15450,2118,2000,0.006366968936909134,False
26900,"Indianapolis-Carmel-Greenwood, IN",17453,1938,16429,1901,2001,0.05867186157107662,False
26900,"Indianapolis-Carmel-Greenwood, IN",16828,2918,15315,2771,2002,0.08990967435227004,False
26900,"Indianapolis-Carmel-Greenwood, IN",16363,2625,16363,2625,2003,0.0,False
26900,"Indianapolis-Carmel-Greenwood, IN",15791,2330,14742,2097,2004,0.06643024507630924,False
26900,"Indianapolis-Carmel-Greenwood, IN",16046,2453,15964,2453,2005,0.005110307864888419,False
26900,"Indianapolis-Carmel-Greenwood, IN",11634,1373,11414,1349,2006,0.018910091112257166,False
26900,"Indianapolis-Carmel-Greenwood, IN",8467,744,8299,744,2007,0.019841738514231766,False
26900,"Indianapolis-Carmel-Greenwood, IN",7034,2421,6915,2421,2008,0.016917827694057475,False
26900,"Indianapolis-Carmel-Greenwood, IN",5635,1868,5480,1849,2009,0.027506654835847355,False
26900,"Indianapolis-Carmel-Greenwood, IN",5943,1725,5808,1725,2010,0.022715800100959083,False
26900,"Indianapolis-Carmel-Greenwood, IN",5317,1482,5231,1482,2011,0.01617453451194284,False
26900,"Indianapolis-Carmel-Greenwood, IN",4977,734,4900,734,2012,0.015471167369901506,False
26900,"Indianapolis-Carmel-Greenwood, IN",8176,2852,8011,2852,2013,0.020181017612524443,False
26900,"Indianapolis-Carmel-Greenwood, IN",7948,2760,7863,2760,2014,0.010694514343230987,False
26900,"Indianapolis-Carmel-Greenwood, IN",8689,3359,8456,3338,2015,0.026815513868109098,False
26900,"Indianapolis-Carmel-Greenwood, IN",7722,1631,7478,1531,2016,0.03159803159803165,False
26900,"Indianapolis-Carmel-Greenwood, IN",8985,2127,8828,2127,2017,0.01747356705620473,False
26900,"Indianapolis-Carmel-Greenwood, IN",8777,1476,8618,1476,2018,0.018115529224108418,False
26900,"Indianapolis-Carmel-Greenwood, IN",9534,2307,9418,2307,2019,0.012166981329976956,False
26900,"Indianapolis-Carmel-Greenwood, IN",10862,2239,10582,2239,2020,0.02577794144724732,False
26900,"Indianapolis-Carmel-Greenwood, IN",13332,2880,13168,2880,2021,0.012301230123012319,False
26900,"Indianapolis-Carmel-Greenwood, IN",13441,4671,13300,4671,2022,0.010490290900974641,False
26900,"Indianapolis-Carmel-Greenwood, IN",12479,4960,12366,4949,2023,0.009055212757432485,False
26900,"Indianapolis-Carmel-Greenwood, IN",11788,2314,11495,2245,2024,0.024855785544621645,False
26900,"Indianapolis-Carmel-Greenwood, IN",11463,1974,11373,1974,2025,0.007851347814708198,False
27140,"Jackson, MS",1416,137,1362,96,1990,0.03813559322033899,False
27140,"Jackson, MS",1782,180,1742,147,1991,0.02244668911335579,False
27140,"Jackson, MS",2291,267,2281,267,1992,0.004364906154517678,False
27140,"Jackson, MS",2848,209,2837,209,1993,0.0038623595505618002,False
27140,"Jackson, MS",3595,1113,3557,1108,1994,0.010570236439499281,False
27140,"Jackson, MS",3207,731,3188,726,1995,0.005924540068599993,False
27140,"Jackson, MS",2968,551,2932,546,1996,0.0121293800539084,False
27140,"Jackson, MS",2793,329,2778,329,1997,0.00537056928034374,False
27140,"Jackson, MS",3794,1113,3735,1108,1998,0.015550869794412225,False
27140,"Jackson, MS",4035,1340,3971,1340,1999,0.015861214374225496,False
27140,"Jackson, MS",2342,267,2332,267,2000,0.004269854824935915,False
27140,"Jackson, MS",2723,344,2700,344,2001,0.00844656628718321,False
27140,"Jackson, MS",3504,959,3448,959,2002,0.01598173515981738,False
27140,"Jackson, MS",3600,484,3600,484,2003,0.0,False
27140,"Jackson, MS",4535,1092,4519,1092,2004,0.0035281146637266003,False
27140,"Jackson, MS",3557,0,3527,0,2005,0.008434073657576646,False
27140,"Jackson, MS",3746,188,3736,188,2006,0.0026695141484249785,False
27140,"Jackson, MS",3064,47,3019,47,2007,0.014686684073107026,False
27140,"Jackson, MS",2173,32,2163,32,2008,0.0046019328117808955,False
27140,"Jackson, MS",1215,0,1194,0,2009,0.01728395061728394,False
27140,"Jackson, MS",1412,72,1376,72,2010,0.025495750708215303,False
27140,"Jackson, MS",1366,153,1312,144,2011,0.039531478770131745,False
27140,"Jackson, MS",1434,0,1423,0,2012,0.007670850767085069,False
27140,"Jackson, MS",1849,240,1743,240,2013,0.05732828555976199,False
27140,"Jackson, MS",1973,0,1870,0,2014,0.052204764318297014,False
27140,"Jackson, MS",1580,0,1389,0,2015,0.12088607594936707,False
27140,"Jackson, MS",1689,0,1493,0,2016,0.11604499703966842,False
27140,"Jackson, MS",1757,40,1586,40,2017,0.09732498577120086,False
27140,"Jackson, MS",1357,0,1279,0,2018,0.05747973470891676,False
27140,"Jackson, MS",1378,320,1316,320,2019,0.044992743105950694,False
27140,"Jackson, MS",1192,0,1041,0,2020,0.12667785234899331,False
27140,"Jackson, MS",1423,0,1330,0,2021,0.06535488404778633,False
27140,"Jackson, MS",1242,0,1120,0,2022,0.09822866344605474,False
27140,"Jackson, MS",1238,88,1119,88,2023,0.09612277867528274,False
27140,"Jackson, MS",1398,13,1288,13,2024,0.07868383404864088,False
27140,"Jackson, MS",1568,101,1482,101,2025,0.05484693877551017,False
27260,"Jacksonville, FL",8256,2044,8256,2044,1990,0.0,False
27260,"Jacksonville, FL",7421,1214,7421,1214,1991,0.0,False
27260,"Jacksonville, FL",7356,478,7356,478,1992,0.0,False
27260,"Jacksonville, FL",7580,205,7575,205,1993,0.0006596306068601399,False
27260,"Jacksonville, FL",8653,1212,8648,1212,1994,0.0005778342771293188,False
27260,"Jacksonville, FL",8672,2040,8645,2040,1995,0.0031134686346863116,False
27260,"Jacksonville, FL",11367,3746,11336,3746,1996,0.002727192750945684,False
27260,"Jacksonville, FL",8645,1518,8645,1518,1997,0.0,False
27260,"Jacksonville, FL",9527,1717,9516,1710,1998,0.001154613204576438,False
27260,"Jacksonville, FL",11701,3448,11701,3448,1999,0.0,False
27260,"Jacksonville, FL",10682,2566,10682,2566,2000,0.0,False
27260,"Jacksonville, FL",12750,2957,12734,2957,2001,0.0012549019607842604,False
27260,"Jacksonville, FL",14361,3294,14360,3294,2002,6.963303391127607e-05,False
27260,"Jacksonville, FL",15821,2882,15821,2882,2003,0.0,False
27260,"Jacksonville, FL",19326,4481,19325,4481,2004,5.174376487637744e-05,False
27260,"Jacksonville, FL",25088,6186,25088,6186,2005,0.0,False
27260,"Jacksonville, FL",16967,5128,16966,5128,2006,5.893793835087813e-05,False
27260,"Jacksonville, FL",10928,3401,10474,3156,2007,0.041544655929721785,False
27260,"Jacksonville, FL",6963,1703,6300,1385,2008,0.09521757862990088,False
27260,"Jacksonville, FL",4666,1317,4631,1317,2009,0.007501071581654473,False
27260,"Jacksonville, FL",3606,183,3604,183,2010,0.0005546311702717688,False
27260,"Jacksonville, FL",3911,625,3904,625,2011,0.001789823574533389,False
27260,"Jacksonville, FL",7166,2534,7166,2534,2012,0.0,False
27260,"Jacksonville, FL",7358,1030,7300,1025,2013,0.007882576787170414,False
27260,"Jacksonville, FL",7781,1213,7698,1203,2014,0.010667009381827519,False
27260,"Jacksonville, FL",9671,2320,9661,2320,2015,0.0010340192327576991,False
27260,"Jacksonville, FL",11768,3020,11661,3020,2016,0.009092454112848425,False
27260,"Jacksonville, FL",12959,3011,12782,3006,2017,0.013658461301026326,False
27260,"Jacksonville, FL",15450,4576,15177,4561,2018,0.017669902912621382,False
27260,"Jacksonville, FL",14687,2993,14687,2993,2019,0.0,False
27260,"Jacksonville, FL",17246,3928,16802,3923,2020,0.025745100313116054,False
27260,"Jacksonville, FL",22738,5873,22730,5873,2021,0.0003518339343829835,False
27260,"Jacksonville, FL",23163,8608,23160,8608,2022,0.00012951690195572851,False
27260,"Jacksonville, FL",20326,7414,20267,7414,2023,0.0029026862147003563,False
27260,"Jacksonville, FL",15002,1753,14933,1753,2024,0.0045993867484335205,False
27260,"Jacksonville, FL",13455,3700,13029,3647,2025,0.03166109253065774,False
28140,"Kansas City, MO-KS",7516,596,7489,596,1990,0.0035923363491219273,False
28140,"Kansas City, MO-KS",7663,269,7609,269,1991,0.007046848492757385,False
28140,"Kansas City, MO-KS",9668,463,9650,463,1992,0.0018618121638395158,False
28140,"Kansas City, MO-KS",9831,404,9663,404,1993,0.017088800732377174,False
28140,"Kansas City, MO-KS",10884,1199,10755,1194,1994,0.011852260198456421,False
28140,"Kansas City, MO-KS",11255,2262,10834,2252,1995,0.03740559751221684,False
28140,"Kansas City, MO-KS",12410,1790,12069,1790,1996,0.027477840451249014,False
28140,"Kansas City, MO-KS",13614,2927,13446,2917,1997,0.012340237990304148,False
28140,"Kansas City, MO-KS",13871,2389,13692,2389,1998,0.012904621152043827,False
28140,"Kansas City, MO-KS",16431,3948,16214,3943,1999,0.01320674335098293,False
28140,"Kansas City, MO-KS",12905,2657,12737,2657,2000,0.013018209996125574,False
28140,"Kansas City, MO-KS",14981,4020,14770,4020,2001,0.014084507042253502,False
28140,"Kansas City, MO-KS",13870,1762,13465,1731,2002,0.02919971160778656,False
28140,"Kansas City, MO-KS",14734,1871,14734,1871,2003,0.0,False
28140,"Kansas City, MO-KS",14918,1370,14490,1370,2004,0.028690172945435077,False
28140,"Kansas City, MO-KS",14997,1775,14756,1765,2005,0.016069880642795242,False
28140,"Kansas City, MO-KS",13075,3219,12875,3210,2006,0.015296367112810683,False
28140,"Kansas City, MO-KS",8024,1346,7912,1338,2007,0.01395812562313059,False
28140,"Kansas City, MO-KS",5244,2085,5084,2085,2008,0.030511060259344025,False
28140,"Kansas City, MO-KS",3365,1403,3311,1403,2009,0.016047548291233338,False
28140,"Kansas City, MO-KS",2681,428,2611,428,2010,0.026109660574412552,False
28140,"Kansas City, MO-KS",3262,758,2952,728,2011,0.0950337216431637,False
28140,"Kansas City, MO-KS",4956,1486,4493,1486,2012,0.09342211460855532,False
28140,"Kansas City, MO-KS",7504,3107,7259,3107,2013,0.03264925373134331,False
28140,"Kansas City, MO-KS",8201,3638,7675,3638,2014,0.06413851969272044,False
28140,"Kansas City, MO-KS",8954,3921,8892,3921,2015,0.006924279651552401,False
28140,"Kansas City, MO-KS",10389,4440,10209,4344,2016,0.017326017903551816,False
28140,"Kansas City, MO-KS",9851,3204,9818,3204,2017,0.0033499137143436775,False
28140,"Kansas City, MO-KS",10268,4014,10201,4009,2018,0.006525126606934162,False
28140,"Kansas City, MO-KS",9347,3931,9296,3931,2019,0.005456296137798189,False
28140,"Kansas City, MO-KS",10728,3925,10446,3925,2020,0.026286353467561474,False
28140,"Kansas City, MO-KS",11254,3495,11197,3495,2021,0.005064865825484266,False
28140,"Kansas City, MO-KS",11213,5390,10969,5390,2022,0.02176045661286008,False
28140,"Kansas City, MO-KS",7514,2733,7345,2733,2023,0.02249134948096887,False
28140,"Kansas City, MO-KS",9148,3395,8931,3395,2024,0.02372103191954522,False
28140,"Kansas City, MO-KS",9893,4278,9649,4278,2025,0.024663903770342666,False
28660,"Killeen-Temple, TX",261,0,258,0,1990,0.011494252873563204,False
28660,"Killeen-Temple, TX",454,0,451,0,1991,0.0066079295154185536,False
28660,"Killeen-Temple, TX",1318,0,1314,0,1992,0.003034901365705611,False
28660,"Killeen-Temple, TX",1799,0,1795,0,1993,0.0022234574763757564,False
28660,"Killeen-Temple, TX",1608,28,1603,28,1994,0.003109452736318463,False
28660,"Killeen-Temple, TX",2196,380,2155,380,1995,0.01867030965391625,False
28660,"Killeen-Temple, TX",2216,369,2216,369,1996,0.0,False
28660,"Killeen-Temple, TX",1836,312,1785,312,1997,0.02777777777777779,False
28660,"Killeen-Temple, TX",1678,160,1677,160,1998,0.0005959475566150729,False
28660,"Killeen-Temple, TX",1566,0,1565,0,1999,0.0006385696040868138,False
28660,"Killeen-Temple, TX",1897,30,1884,30,2000,0.006852925672113819,False
28660,"Killeen-Temple, TX",2325,16,2325,16,2001,0.0,False
28660,"Killeen-Temple, TX",2984,193,2961,193,2002,0.007707774798927591,False
28660,"Killeen-Temple, TX",2675,212,2675,212,2003,0.0,False
28660,"Killeen-Temple, TX",3648,272,3494,272,2004,0.04221491228070173,False
28660,"Killeen-Temple, TX",4232,248,4048,248,2005,0.04347826086956519,False
28660,"Killeen-Temple, TX",4573,729,4541,729,2006,0.006997594576864219,False
28660,"Killeen-Temple, TX",3209,154,3180,154,2007,0.00903708320349017,False
28660,"Killeen-Temple, TX",2403,256,1896,256,2008,0.2109862671660424,False
28660,"Killeen-Temple, TX",2340,236,2318,236,2009,0.009401709401709368,False
28660,"Killeen-Temple, TX",2241,180,2138,180,2010,0.045961624274877266,False
28660,"Killeen-Temple, TX",2208,247,2108,247,2011,0.04528985507246375,False
28660,"Killeen-Temple, TX",2646,296,2634,296,2012,0.0045351473922902175,False
28660,"Killeen-Temple, TX",2454,184,2454,184,2013,0.0,False
28660,"Killeen-Temple, TX",2371,74,1693,16,2014,0.2859552931252636,True
28660,"Killeen-Temple, TX",2310,80,2259,80,2015,0.02207792207792203,False
28660,"Killeen-Temple, TX",2328,290,2320,290,2016,0.0034364261168384758,False
28660,"Killeen-Temple, TX",2456,405,2427,394,2017,0.011807817589576497,False
28660,"Killeen-Temple, TX",2460,118,2459,118,2018,0.00040650406504061376,False
28660,"Killeen-Temple, TX",2579,0,2579,0,2019,0.0,False
28660,"Killeen-Temple, TX",3629,152,3628,152,2020,0.00027555800496004146,False
28660,"Killeen-Temple, TX",4312,1170,4312,1170,2021,0.0,False
28660,"Killeen-Temple, TX",4016,837,4011,837,2022,0.0012450199203187795,False
28660,"Killeen-Temple, TX",3580,481,2137,48,2023,0.403072625698324,True
28660,"Killeen-Temple, TX",3646,246,3634,246,2024,0.003291278113000562,False
28660,"Killeen-Temple, TX",3358,386,2477,386,2025,0.26235854675402026,True
28880,"Kiryas Joel-Poughkeepsie-Newburgh, NY",1722,236,1635,236,1990,0.05052264808362372,False
28880,"Kiryas Joel-Poughkeepsie-Newburgh, NY",1741,276,1602,244,1991,0.07983917288914422,False
28880,"Kiryas Joel-Poughkeepsie-Newburgh, NY",2135,376,2104,376,1992,0.014519906323185006,False
28880,"Kiryas Joel-Poughkeepsie-Newburgh, NY",1589,89,1502,84,1993,0.05475141598489619,False
28880,"Kiryas Joel-Poughkeepsie-Newburgh, NY",1694,166,1615,166,1994,0.04663518299881941,False
28880,"Kiryas Joel-Poughkeepsie-Newburgh, NY",1987,534,1910,534,1995,0.038751887267236995,False
28880,"Kiryas Joel-Poughkeepsie-Newburgh, NY",2679,1112,2437,972,1996,0.09033221351250464,False
28880,"Kiryas Joel-Poughkeepsie-Newburgh, NY",1981,127,1759,74,1997,0.11206461383139832,False
28880,"Kiryas Joel-Poughkeepsie-Newburgh, NY",2486,304,2361,304,1998,0.050281576830249364,False
28880,"Kiryas Joel-Poughkeepsie-Newburgh, NY",3080,544,2929,544,1999,0.04902597402597397,False
28880,"Kiryas Joel-Poughkeepsie-Newburgh, NY",3003,350,2809,315,2000,0.06460206460206463,False
28880,"Kiryas Joel-Poughkeepsie-Newburgh, NY",3208,657,2997,640,2001,0.06577306733167088,False
28880,"Kiryas Joel-Poughkeepsie-Newburgh, NY",3259,254,2885,195,2002,0.11475912856704507,False
28880,"Kiryas Joel-Poughkeepsie-Newburgh, NY",2909,600,2909,600,2003,0.0,False
28880,"Kiryas Joel-Poughkeepsie-Newburgh, NY",2763,322,2414,297,2004,0.12631197973217512,False
28880,"Kiryas Joel-Poughkeepsie-Newburgh, NY",2842,646,2247,536,2005,0.20935960591133007,False
28880,"Kiryas Joel-Poughkeepsie-Newburgh, NY",2200,407,1919,362,2006,0.1277272727272727,False
28880,"Kiryas Joel-Poughkeepsie-Newburgh, NY",2020,652,1585,427,2007,0.21534653465346532,False
28880,"Kiryas Joel-Poughkeepsie-Newburgh, NY",1921,896,1516,603,2008,0.21082769390942213,False
28880,"Kiryas Joel-Poughkeepsie-Newburgh, NY",905,225,817,200,2009,0.09723756906077352,False
28880,"Kiryas Joel-Poughkeepsie-Newburgh, NY",1343,530,1213,490,2010,0.0967982129560685,False
28880,"Kiryas Joel-Poughkeepsie-Newburgh, NY",1190,513,1054,443,2011,0.11428571428571432,False
28880,"Kiryas Joel-Poughkeepsie-Newburgh, NY",1435,608,1042,334,2012,0.27386759581881537,True
28880,"Kiryas Joel-Poughkeepsie-Newburgh, NY",1153,302,843,155,2013,0.2688638334778838,True
28880,"Kiryas Joel-Poughkeepsie-Newburgh, NY",1274,529,1161,529,2014,0.08869701726844581,False
28880,"Kiryas Joel-Poughkeepsie-Newburgh, NY",1384,787,1198,719,2015,0.13439306358381498,False
28880,"Kiryas Joel-Poughkeepsie-Newburgh, NY",1433,677,1266,670,2016,0.11653872993719472,False
28880,"Kiryas Joel-Poughkeepsie-Newburgh, NY",1510,658,1305,591,2017,0.13576158940397354,False
28880,"Kiryas Joel-Poughkeepsie-Newburgh, NY",1605,845,1407,831,2018,0.12336448598130845,False
28880,"Kiryas Joel-Poughkeepsie-Newburgh, NY",1913,1098,1672,1086,2019,0.12598013591217982,False
28880,"Kiryas Joel-Poughkeepsie-Newburgh, NY",1696,792,1389,782,2020,0.18101415094339623,False
28880,"Kiryas Joel-Poughkeepsie-Newburgh, NY",2282,1307,2080,1294,2021,0.08851884312007008,False
28880,"Kiryas Joel-Poughkeepsie-Newburgh, NY",1798,852,1549,837,2022,0.1384872080088988,False
28880,"Kiryas Joel-Poughkeepsie-Newburgh, NY",2230,1400,2028,1375,2023,0.09058295964125562,False
28880,"Kiryas Joel-Poughkeepsie-Newburgh, NY",2805,1996,2505,1924,2024,0.106951871657754,False
28880,"Kiryas Joel-Poughkeepsie-Newburgh, NY",2220,1324,1956,1232,2025,0.11891891891891893,False
28940,"Knoxville, TN",3256,119,3238,119,1990,0.005528255528255532,False
28940,"Knoxville, TN",3090,76,3087,76,1991,0.000970873786407811,False
28940,"Knoxville, TN",3775,97,3760,97,1992,0.003973509933774877,False
28940,"Knoxville, TN",4243,389,4010,389,1993,0.05491397596040537,False
28940,"Knoxville, TN",4204,261,3990,256,1994,0.050903901046622235,False
28940,"Knoxville, TN",4252,501,4215,496,1995,0.008701787394167493,False
28940,"Knoxville, TN",5134,1028,5092,1023,1996,0.008180755746006962,False
28940,"Knoxville, TN",4343,976,4277,971,1997,0.015196868524061657,False
28940,"Knoxville, TN",3704,496,3380,369,1998,0.08747300215982723,False
28940,"Knoxville, TN",3794,520,3744,514,1999,0.013178703215603549,False
28940,"Knoxville, TN",3603,470,2663,121,2000,0.2608936996946989,True
28940,"Knoxville, TN",3800,484,3720,484,2001,0.021052631578947323,False
28940,"Knoxville, TN",4305,509,4276,509,2002,0.006736353077816504,False
28940,"Knoxville, TN",4010,84,4010,84,2003,0.0,False
28940,"Knoxville, TN",6057,900,5993,900,2004,0.010566286940729697,False
28940,"Knoxville, TN",5865,397,5717,383,2005,0.02523444160272803,False
28940,"Knoxville, TN",6631,1145,5771,1080,2006,0.12969386216256973,False
28940,"Knoxville, TN",4986,776,4132,692,2007,0.17127958283192946,False
28940,"Knoxville, TN",3121,733,2943,692,2008,0.05703300224287089,False
28940,"Knoxville, TN",2131,539,1947,534,2009,0.08634443923040824,False
28940,"Knoxville, TN",2427,812,2240,804,2010,0.07704985578904,False
28940,"Knoxville, TN",1326,48,1195,48,2011,0.09879336349924583,False
28940,"Knoxville, TN",2050,465,1852,465,2012,0.09658536585365851,False
28940,"Knoxville, TN",2381,330,2134,330,2013,0.10373792524149517,False
28940,"Knoxville, TN",3109,1000,2903,1000,2014,0.06625924734641364,False
28940,"Knoxville, TN",3060,464,2601,254,2015,0.15000000000000002,False
28940,"Knoxville, TN",3637,710,3139,528,2016,0.1369260379433599,False
28940,"Knoxville, TN",4574,1196,4064,1033,2017,0.11149978137297767,False
28940,"Knoxville, TN",4413,671,3799,489,2018,0.13913437570813503,False
28940,"Knoxville, TN",4004,954,3571,954,2019,0.10814185814185817,False
28940,"Knoxville, TN",5462,1373,4727,1280,2020,0.1345660930062248,False
28940,"Knoxville, TN",6072,1280,5255,1149,2021,0.1345520421607378,False
28940,"Knoxville, TN",4907,987,4478,834,2022,0.08742612594253107,False
28940,"Knoxville, TN",6469,1959,5944,1778,2023,0.0811562838151183,False
28940,"Knoxville, TN",6946,2049,6541,1958,2024,0.058306939245609035,False
28940,"Knoxville, TN",7855,2780,6215,1663,2025,0.2087842138765118,False
29460,"Lakeland-Winter Haven, FL",2785,695,2785,695,1990,0.0,False
29460,"Lakeland-Winter Haven, FL",2589,510,2589,510,1991,0.0,False
29460,"Lakeland-Winter Haven, FL",2349,12,2348,12,1992,0.00042571306939120923,False
29460,"Lakeland-Winter Haven, FL",2655,24,2642,24,1993,0.004896421845574372,False
29460,"Lakeland-Winter Haven, FL",2683,20,2678,20,1994,0.00186358553857624,False
29460,"Lakeland-Winter Haven, FL",2365,40,2364,40,1995,0.00042283298097256505,False
29460,"Lakeland-Winter Haven, FL",2626,46,2622,46,1996,0.0015232292460015673,False
29460,"Lakeland-Winter Haven, FL",3362,685,3361,685,1997,0.0002974419988102106,False
29460,"Lakeland-Winter Haven, FL",3323,369,3323,369,1998,0.0,False
29460,"Lakeland-Winter Haven, FL",3879,788,3871,788,1999,0.0020623872131992904,False
29460,"Lakeland-Winter Haven, FL",4746,1158,4745,1158,2000,0.00021070375052678614,False
29460,"Lakeland-Winter Haven, FL",4521,632,4521,632,2001,0.0,False
29460,"Lakeland-Winter Haven, FL",4972,528,4953,528,2002,0.0038213998390989046,False
29460,"Lakeland-Winter Haven, FL",6823,456,6823,456,2003,0.0,False
29460,"Lakeland-Winter Haven, FL",10242,1313,10234,1313,2004,0.0007810974419059091,False
29460,"Lakeland-Winter Haven, FL",13179,907,13116,887,2005,0.00478033234691555,False
29460,"Lakeland-Winter Haven, FL",9323,1647,9273,1647,2006,0.005363080553469901,False
29460,"Lakeland-Winter Haven, FL",4222,352,4131,327,2007,0.02155376598768355,False
29460,"Lakeland-Winter Haven, FL",3249,942,3207,942,2008,0.012927054478301003,False
29460,"Lakeland-Winter Haven, FL",1135,0,1085,0,2009,0.04405286343612336,False
29460,"Lakeland-Winter Haven, FL",1200,80,1183,80,2010,0.01416666666666666,False
29460,"Lakeland-Winter Haven, FL",1156,70,1138,70,2011,0.01557093425605538,False
29460,"Lakeland-Winter Haven, FL",1522,138,1493,138,2012,0.01905387647831802,False
29460,"Lakeland-Winter Haven, FL",2034,26,2011,26,2013,0.011307767944936042,False
29460,"Lakeland-Winter Haven, FL",2559,0,2545,0,2014,0.0054708870652598884,False
29460,"Lakeland-Winter Haven, FL",3039,28,3008,28,2015,0.010200723922342836,False
29460,"Lakeland-Winter Haven, FL",4567,1134,4556,1134,2016,0.002408583315086532,False
29460,"Lakeland-Winter Haven, FL",4604,10,4362,10,2017,0.05256298870547349,False
29460,"Lakeland-Winter Haven, FL",5331,0,5326,0,2018,0.000937910335771952,False
29460,"Lakeland-Winter Haven, FL",8726,2235,8705,2235,2019,0.0024066009626403373,False
29460,"Lakeland-Winter Haven, FL",9492,1966,7954,1966,2020,0.162031184155078,False
29460,"Lakeland-Winter Haven, FL",13071,2417,12030,2417,2021,0.07964195547394992,False
29460,"Lakeland-Winter Haven, FL",12211,2978,11342,2978,2022,0.07116534272377362,False
29460,"Lakeland-Winter Haven, FL",12513,3169,11798,3169,2023,0.057140573803244665,False
29460,"Lakeland-Winter Haven, FL",10384,1716,9272,1512,2024,0.10708782742681044,False
29460,"Lakeland-Winter Haven, FL",8236,1336,7200,1076,2025,0.1257892180670228,False
29540,"Lancaster, PA",2692,578,2484,558,1990,0.07726597325408613,False
29540,"Lancaster, PA",2597,621,2226,577,1991,0.1428571428571429,False
29540,"Lancaster, PA",2656,206,2616,206,1992,0.015060240963855387,False
29540,"Lancaster, PA",2810,502,2452,444,1993,0.12740213523131672,False
29540,"Lancaster, PA",2433,232,2195,232,1994,0.09782161939991785,False
29540,"Lancaster, PA",1923,211,1645,153,1995,0.14456578263130526,False
29540,"Lancaster, PA",2083,241,1906,241,1996,0.08497359577532404,False
29540,"Lancaster, PA",2027,243,1918,243,1997,0.05377405032067095,False
29540,"Lancaster, PA",2454,437,2386,437,1998,0.027709861450692763,False
29540,"Lancaster, PA",2273,191,2139,191,1999,0.05895292564892218,False
29540,"Lancaster, PA",2016,205,1923,205,2000,0.04613095238095233,False
29540,"Lancaster, PA",2267,246,2127,246,2001,0.0617556241729158,False
29540,"Lancaster, PA",2548,398,2435,398,2002,0.044348508634222905,False
29540,"Lancaster, PA",2690,323,2690,323,2003,0.0,False
29540,"Lancaster, PA",2675,241,2210,174,2004,0.17383177570093455,False
29540,"Lancaster, PA",2040,82,1874,82,2005,0.08137254901960789,False
29540,"Lancaster, PA",1887,106,1844,106,2006,0.022787493375728718,False
29540,"Lancaster, PA",1731,301,1561,301,2007,0.09820912767186596,False
29540,"Lancaster, PA",1484,276,1475,276,2008,0.0060646900269542,False
29540,"Lancaster, PA",1262,166,1261,166,2009,0.0007923930269413404,False
29540,"Lancaster, PA",1381,180,1377,180,2010,0.002896451846488013,False
29540,"Lancaster, PA",1204,376,1112,376,2011,0.07641196013289031,False
29540,"Lancaster, PA",1160,268,1154,268,2012,0.005172413793103403,False
29540,"Lancaster, PA",1258,216,1220,203,2013,0.030206677265500748,False
29540,"Lancaster, PA",1109,101,1088,96,2014,0.018935978358881833,False
29540,"Lancaster, PA",1154,168,1147,168,2015,0.0060658578856152,False
29540,"Lancaster, PA",1287,240,1279,240,2016,0.006216006216006265,False
29540,"Lancaster, PA",1436,385,1332,373,2017,0.07242339832869082,False
29540,"Lancaster, PA",1251,217,1239,217,2018,0.00959232613908878,False
29540,"Lancaster, PA",1496,453,1249,350,2019,0.1651069518716578,False
29540,"Lancaster, PA",1338,456,1117,373,2020,0.16517189835575485,False
29540,"Lancaster, PA",1039,213,958,170,2021,0.0779595765158807,False
29540,"Lancaster, PA",1429,408,1428,408,2022,0.0006997900629811538,False
29540,"Lancaster, PA",1859,609,1853,609,2023,0.0032275416890801267,False
29540,"Lancaster, PA",1184,376,1106,376,2024,0.0658783783783784,False
29540,"Lancaster, PA",1296,429,1215,429,2025,0.0625,False
29820,"Las Vegas-Henderson-North Las Vegas, NV",20703,8812,20696,8806,1990,0.00033811524899773904,False
29820,"Las Vegas-Henderson-North Las Vegas, NV",17864,4958,17864,4958,1991,0.0,False
29820,"Las Vegas-Henderson-North Las Vegas, NV",13429,3022,13429,3022,1992,0.0,False
29820,"Las Vegas-Henderson-North Las Vegas, NV",19036,2960,19036,2960,1993,0.0,False
29820,"Las Vegas-Henderson-North Las Vegas, NV",25570,6784,25570,6784,1994,0.0,False
29820,"Las Vegas-Henderson-North Las Vegas, NV",27813,8639,27813,8639,1995,0.0,False
29820,"Las Vegas-Henderson-North Las Vegas, NV",30935,11018,30935,11018,1996,0.0,False
29820,"Las Vegas-Henderson-North Las Vegas, NV",29176,9090,29176,9090,1997,0.0,False
29820,"Las Vegas-Henderson-North Las Vegas, NV",30644,10317,30644,10317,1998,0.0,False
29820,"Las Vegas-Henderson-North Las Vegas, NV",26856,6346,26583,6251,1999,0.010165326184092938,False
29820,"Las Vegas-Henderson-North Las Vegas, NV",26224,4688,26224,4688,2000,0.0,False
29820,"Las Vegas-Henderson-North Las Vegas, NV",29707,7446,29707,7446,2001,0.0,False
29820,"Las Vegas-Henderson-North Las Vegas, NV",29156,6808,29156,6808,2002,0.0,False
29820,"Las Vegas-Henderson-North Las Vegas, NV",36732,8498,36732,8498,2003,0.0,False
29820,"Las Vegas-Henderson-North Las Vegas, NV",36395,2969,36120,2940,2004,0.007555982964692953,False
29820,"Las Vegas-Henderson-North Las Vegas, NV",39237,7507,39237,7507,2005,0.0,False
29820,"Las Vegas-Henderson-North Las Vegas, NV",33728,11400,33728,11400,2006,0.0,False
29820,"Las Vegas-Henderson-North Las Vegas, NV",24089,10124,24084,10119,2007,0.00020756361824902925,False
29820,"Las Vegas-Henderson-North Las Vegas, NV",12537,6459,12528,6459,2008,0.000717875089734421,False
29820,"Las Vegas-Henderson-North Las Vegas, NV",5688,1622,5681,1622,2009,0.0012306610407876173,False
29820,"Las Vegas-Henderson-North Las Vegas, NV",5474,709,5474,709,2010,0.0,False
29820,"Las Vegas-Henderson-North Las Vegas, NV",5147,1267,5147,1267,2011,0.0,False
29820,"Las Vegas-Henderson-North Las Vegas, NV",7375,1191,7375,1191,2012,0.0,False
29820,"Las Vegas-Henderson-North Las Vegas, NV",8573,1283,8573,1283,2013,0.0,False
29820,"Las Vegas-Henderson-North Las Vegas, NV",10036,3106,10036,3106,2014,0.0,False
29820,"Las Vegas-Henderson-North Las Vegas, NV",10605,2747,10605,2747,2015,0.0,False
29820,"Las Vegas-Henderson-North Las Vegas, NV",13577,4727,13577,4727,2016,0.0,False
29820,"Las Vegas-Henderson-North Las Vegas, NV",14073,4048,14073,4048,2017,0.0,False
29820,"Las Vegas-Henderson-North Las Vegas, NV",12044,2271,12044,2271,2018,0.0,False
29820,"Las Vegas-Henderson-North Las Vegas, NV",13903,3680,13903,3680,2019,0.0,False
29820,"Las Vegas-Henderson-North Las Vegas, NV",14100,2940,14100,2940,2020,0.0,False
29820,"Las Vegas-Henderson-North Las Vegas, NV",16307,3419,16307,3419,2021,0.0,False
29820,"Las Vegas-Henderson-North Las Vegas, NV",13066,3581,13066,3581,2022,0.0,False
29820,"Las Vegas-Henderson-North Las Vegas, NV",13073,2736,13066,2736,2023,0.0005354547540732391,False
29820,"Las Vegas-Henderson-North Las Vegas, NV",14754,2301,14754,2301,2024,0.0,False
29820,"Las Vegas-Henderson-North Las Vegas, NV",14466,4540,14466,4540,2025,0.0,False
30460,"Lexington-Fayette, KY",2165,98,2165,98,1990,0.0,False
30460,"Lexington-Fayette, KY",2217,61,2209,61,1991,0.0036084799278304214,False
30460,"Lexington-Fayette, KY",2771,83,2743,83,1992,0.01010465535907612,False
30460,"Lexington-Fayette, KY",3015,163,2731,158,1993,0.09419568822553892,False
30460,"Lexington-Fayette, KY",3099,201,2781,186,1994,0.1026137463697967,False
30460,"Lexington-Fayette, KY",3737,814,3434,799,1995,0.08108108108108103,False
30460,"Lexington-Fayette, KY",3750,893,3420,878,1996,0.08799999999999997,False
30460,"Lexington-Fayette, KY",3396,456,3396,456,1997,0.0,False
30460,"Lexington-Fayette, KY",4508,1098,4401,1088,1998,0.023735581188997323,False
30460,"Lexington-Fayette, KY",3842,337,3585,337,1999,0.06689224362311297,False
30460,"Lexington-Fayette, KY",3890,619,3568,614,2000,0.08277634961439584,False
30460,"Lexington-Fayette, KY",3118,47,2918,47,2001,0.06414368184733799,False
30460,"Lexington-Fayette, KY",3934,182,3647,177,2002,0.07295373665480431,False
30460,"Lexington-Fayette, KY",3975,107,3975,107,2003,0.0,False
30460,"Lexington-Fayette, KY",5121,812,5121,812,2004,0.0,False
30460,"Lexington-Fayette, KY",5007,638,4942,638,2005,0.01298182544437787,False
30460,"Lexington-Fayette, KY",3677,498,3437,498,2006,0.06527060103345117,False
30460,"Lexington-Fayette, KY",2569,153,2569,153,2007,0.0,False
30460,"Lexington-Fayette, KY",2819,1280,2743,1280,2008,0.026959914863426748,False
30460,"Lexington-Fayette, KY",1633,328,1633,328,2009,0.0,False
30460,"Lexington-Fayette, KY",1361,180,1329,180,2010,0.023512123438648058,False
30460,"Lexington-Fayette, KY",1501,462,1333,462,2011,0.11192538307794808,False
30460,"Lexington-Fayette, KY",2318,1040,2290,1040,2012,0.012079378774805916,False
30460,"Lexington-Fayette, KY",1654,244,1284,57,2013,0.22370012091898428,False
30460,"Lexington-Fayette, KY",1888,506,1734,506,2014,0.08156779661016944,False
30460,"Lexington-Fayette, KY",2206,777,1237,444,2015,0.4392565729827742,True
30460,"Lexington-Fayette, KY",2732,1200,2069,905,2016,0.2426793557833089,False
30460,"Lexington-Fayette, KY",2326,634,894,0,2017,0.6156491831470335,True
30460,"Lexington-Fayette, KY",2772,1280,1954,891,2018,0.2950937950937951,True
30460,"Lexington-Fayette, KY",2246,909,2123,909,2019,0.05476402493321464,False
30460,"Lexington-Fayette, KY",2330,772,698,21,2020,0.7004291845493562,True
30460,"Lexington-Fayette, KY",2943,1139,1123,220,2021,0.618416581719334,True
30460,"Lexington-Fayette, KY",2709,1155,978,114,2022,0.6389811738648947,True
30460,"Lexington-Fayette, KY",2442,1053,910,217,2023,0.6273546273546273,True
30460,"Lexington-Fayette, KY",2201,710,1543,401,2024,0.29895502044525213,True
30460,"Lexington-Fayette, KY",2327,661,1109,44,2025,0.5234207133648474,True
30780,"Little Rock-North Little Rock-Conway, AR",1599,129,1591,129,1990,0.00500312695434646,False
30780,"Little Rock-North Little Rock-Conway, AR",1829,288,1827,288,1991,0.0010934937124111865,False
30780,"Little Rock-North Little Rock-Conway, AR",2020,56,2020,56,1992,0.0,False
30780,"Little Rock-North Little Rock-Conway, AR",2678,250,2656,250,1993,0.00821508588498876,False
30780,"Little Rock-North Little Rock-Conway, AR",2781,151,2780,151,1994,0.0003595828838547366,False
30780,"Little Rock-North Little Rock-Conway, AR",3317,885,3315,885,1995,0.0006029544769370343,False
30780,"Little Rock-North Little Rock-Conway, AR",2805,597,2794,597,1996,0.0039215686274509665,False
30780,"Little Rock-North Little Rock-Conway, AR",3558,1514,3452,1432,1997,0.029792017987633534,False
30780,"Little Rock-North Little Rock-Conway, AR",3726,1323,3632,1253,1998,0.02522812667740204,False
30780,"Little Rock-North Little Rock-Conway, AR",3871,1090,3861,1090,1999,0.0025833118057349003,False
30780,"Little Rock-North Little Rock-Conway, AR",2746,197,2691,197,2000,0.020029133284777845,False
30780,"Little Rock-North Little Rock-Conway, AR",3046,462,2988,462,2001,0.019041365725541715,False
30780,"Little Rock-North Little Rock-Conway, AR",4536,1648,4471,1648,2002,0.014329805996472711,False
30780,"Little Rock-North Little Rock-Conway, AR",4098,473,4098,473,2003,0.0,False
30780,"Little Rock-North Little Rock-Conway, AR",5525,1838,5449,1838,2004,0.013755656108597303,False
30780,"Little Rock-North Little Rock-Conway, AR",5748,1479,5621,1479,2005,0.02209464161447461,False
30780,"Little Rock-North Little Rock-Conway, AR",4175,296,3965,296,2006,0.05029940119760479,False
30780,"Little Rock-North Little Rock-Conway, AR",3477,466,3430,466,2007,0.01351740005752089,False
30780,"Little Rock-North Little Rock-Conway, AR",2835,853,2785,853,2008,0.01763668430335097,False
30780,"Little Rock-North Little Rock-Conway, AR",3049,1186,2989,1186,2009,0.01967858314201376,False
30780,"Little Rock-North Little Rock-Conway, AR",3559,1431,3409,1398,2010,0.042146670413037324,False
30780,"Little Rock-North Little Rock-Conway, AR",3230,1609,3061,1564,2011,0.05232198142414857,False
30780,"Little Rock-North Little Rock-Conway, AR",3313,1349,3199,1349,2012,0.034409900392393555,False
30780,"Little Rock-North Little Rock-Conway, AR",2495,744,2374,744,2013,0.04849699398797591,False
30780,"Little Rock-North Little Rock-Conway, AR",2082,485,1926,485,2014,0.0749279538904899,False
30780,"Little Rock-North Little Rock-Conway, AR",2699,1142,2548,1142,2015,0.05594664690626161,False
30780,"Little Rock-North Little Rock-Conway, AR",2327,597,2193,597,2016,0.0575848732273313,False
30780,"Little Rock-North Little Rock-Conway, AR",3215,1067,2839,1042,2017,0.11695178849144638,False
30780,"Little Rock-North Little Rock-Conway, AR",2174,294,1618,196,2018,0.25574977000919963,True
30780,"Little Rock-North Little Rock-Conway, AR",3005,1030,2515,929,2019,0.16306156405990013,False
30780,"Little Rock-North Little Rock-Conway, AR",3081,726,2814,726,2020,0.08666017526777026,False
30780,"Little Rock-North Little Rock-Conway, AR",3635,833,3600,833,2021,0.009628610729023435,False
30780,"Little Rock-North Little Rock-Conway, AR",3338,1416,3308,1416,2022,0.0089874176153385,False
30780,"Little Rock-North Little Rock-Conway, AR",2664,585,2635,585,2023,0.010885885885885904,False
30780,"Little Rock-North Little Rock-Conway, AR",2606,451,2567,451,2024,0.014965464313123511,False
30780,"Little Rock-North Little Rock-Conway, AR",3142,397,3101,397,2025,0.013049013367282036,False
31080,"Los Angeles-Long Beach-Anaheim, CA",37108,20262,36678,20071,1990,0.011587797779454512,False
31080,"Los Angeles-Long Beach-Anaheim, CA",22469,9624,22379,9604,1991,0.004005518714673584,False
31080,"Los Angeles-Long Beach-Anaheim, CA",17786,5880,17490,5778,1992,0.01664230293489266,False
31080,"Los Angeles-Long Beach-Anaheim, CA",13776,3922,13483,3825,1993,0.02126887340301975,False
31080,"Los Angeles-Long Beach-Anaheim, CA",20394,6940,19821,6780,1994,0.028096498970285433,False
31080,"Los Angeles-Long Beach-Anaheim, CA",15956,4403,15316,4145,1995,0.040110303334168984,False
31080,"Los Angeles-Long Beach-Anaheim, CA",17904,5542,17051,5177,1996,0.04764298480786422,False
31080,"Los Angeles-Long Beach-Anaheim, CA",22090,6635,21355,6331,1997,0.03327297419646902,False
31080,"Los Angeles-Long Beach-Anaheim, CA",20930,6274,20497,6099,1998,0.020688007644529383,False
31080,"Los Angeles-Long Beach-Anaheim, CA",26299,9538,25403,9186,1999,0.03406973649188183,False
31080,"Los Angeles-Long Beach-Anaheim, CA",29488,12883,28934,12614,2000,0.018787303309820924,False
31080,"Los Angeles-Long Beach-Anaheim, CA",26905,11296,26134,11008,2001,0.02865638357182676,False
31080,"Los Angeles-Long Beach-Anaheim, CA",28250,12291,27269,11930,2002,0.03472566371681418,False
31080,"Los Angeles-Long Beach-Anaheim, CA",30151,12381,30151,12381,2003,0.0,False
31080,"Los Angeles-Long Beach-Anaheim, CA",35785,16929,34540,16447,2004,0.03479111359508169,False
31080,"Los Angeles-Long Beach-Anaheim, CA",30641,12292,28943,11532,2005,0.05541594595476651,False
31080,"Los Angeles-Long Beach-Anaheim, CA",33505,18343,32197,17709,2006,0.03903894941053576,False
31080,"Los Angeles-Long Beach-Anaheim, CA",26616,15960,25266,15438,2007,0.05072137060414783,False
31080,"Los Angeles-Long Beach-Anaheim, CA",15045,9645,14528,9369,2008,0.03436357593885009,False
31080,"Los Angeles-Long Beach-Anaheim, CA",7281,3042,7087,2972,2009,0.026644691663233022,False
31080,"Los Angeles-Long Beach-Anaheim, CA",10394,5715,10086,5650,2010,0.029632480277082984,False
31080,"Los Angeles-Long Beach-Anaheim, CA",14247,9628,13925,9527,2011,0.02260124938583563,False
31080,"Los Angeles-Long Beach-Anaheim, CA",17447,11685,17145,11558,2012,0.017309566114518282,False
31080,"Los Angeles-Long Beach-Anaheim, CA",25198,16693,24459,16175,2013,0.029327724422573254,False
31080,"Los Angeles-Long Beach-Anaheim, CA",26950,17756,26368,17463,2014,0.02159554730983304,False
31080,"Los Angeles-Long Beach-Anaheim, CA",34034,24271,33471,24028,2015,0.016542281248163593,False
31080,"Los Angeles-Long Beach-Anaheim, CA",32114,21213,31139,20652,2016,0.030360590396711684,False
31080,"Los Angeles-Long Beach-Anaheim, CA",31084,18728,30356,18533,2017,0.023420409213743443,False
31080,"Los Angeles-Long Beach-Anaheim, CA",29524,17432,28273,16865,2018,0.04237230727543695,False
31080,"Los Angeles-Long Beach-Anaheim, CA",30554,19196,29812,18819,2019,0.024284872684427583,False
31080,"Los Angeles-Long Beach-Anaheim, CA",26930,15521,25840,15149,2020,0.04047530634979579,False
31080,"Los Angeles-Long Beach-Anaheim, CA",31151,18267,30067,17932,2021,0.03479824082693972,False
31080,"Los Angeles-Long Beach-Anaheim, CA",32873,19634,31866,19178,2022,0.03063304231436137,False
31080,"Los Angeles-Long Beach-Anaheim, CA",30767,16654,29147,16047,2023,0.05265381740176167,False
31080,"Los Angeles-Long Beach-Anaheim, CA",26781,13269,24506,12283,2024,0.08494828423135803,False
31080,"Los Angeles-Long Beach-Anaheim, CA",27242,12525,24815,11149,2025,0.08909037515600915,False
31140,"Louisville/Jefferson County, KY-IN",5147,953,5068,948,1990,0.01534874684282106,False
31140,"Louisville/Jefferson County, KY-IN",5101,751,5047,751,1991,0.010586159576553622,False
31140,"Louisville/Jefferson County, KY-IN",6326,684,6296,684,1992,0.004742333227948148,False
31140,"Louisville/Jefferson County, KY-IN",6525,564,6502,564,1993,0.003524904214559421,False
31140,"Louisville/Jefferson County, KY-IN",7144,1135,7127,1135,1994,0.002379619260918231,False
31140,"Louisville/Jefferson County, KY-IN",6363,756,6325,756,1995,0.005972025774006018,False
31140,"Louisville/Jefferson County, KY-IN",7407,1215,7399,1215,1996,0.001080059403267164,False
31140,"Louisville/Jefferson County, KY-IN",6830,767,6321,701,1997,0.07452415812591506,False
31140,"Louisville/Jefferson County, KY-IN",8838,1486,8505,1457,1998,0.03767820773930752,False
31140,"Louisville/Jefferson County, KY-IN",8943,1718,8214,1670,1999,0.08151626970815162,False
31140,"Louisville/Jefferson County, KY-IN",7942,1309,7187,1274,2000,0.09506421556283051,False
31140,"Louisville/Jefferson County, KY-IN",7895,1031,7140,997,2001,0.09563014566181127,False
31140,"Louisville/Jefferson County, KY-IN",7847,1191,7847,1191,2002,0.0,False
31140,"Louisville/Jefferson County, KY-IN",8632,1212,8632,1212,2003,0.0,False
31140,"Louisville/Jefferson County, KY-IN",8689,879,8686,879,2004,0.00034526412705715437,False
31140,"Louisville/Jefferson County, KY-IN",7134,501,4884,145,2005,0.3153910849453322,True
31140,"Louisville/Jefferson County, KY-IN",5665,747,4645,468,2006,0.18005295675198585,False
31140,"Louisville/Jefferson County, KY-IN",6062,1463,6005,1463,2007,0.009402837347410098,False
31140,"Louisville/Jefferson County, KY-IN",3691,1058,3622,1058,2008,0.018694120834462202,False
31140,"Louisville/Jefferson County, KY-IN",2410,165,2341,165,2009,0.02863070539419088,False
31140,"Louisville/Jefferson County, KY-IN",2525,460,2469,460,2010,0.022178217821782198,False
31140,"Louisville/Jefferson County, KY-IN",2397,591,2314,576,2011,0.03462661660408839,False
31140,"Louisville/Jefferson County, KY-IN",3671,1214,3439,1214,2012,0.06319803868155816,False
31140,"Louisville/Jefferson County, KY-IN",4017,1387,3705,1382,2013,0.07766990291262132,False
31140,"Louisville/Jefferson County, KY-IN",4263,1531,4167,1531,2014,0.022519352568613704,False
31140,"Louisville/Jefferson County, KY-IN",4159,1103,3860,957,2015,0.07189228179850926,False
31140,"Louisville/Jefferson County, KY-IN",5367,1982,5282,1982,2016,0.015837525619526782,False
31140,"Louisville/Jefferson County, KY-IN",6031,2265,5911,2265,2017,0.019897197811308276,False
31140,"Louisville/Jefferson County, KY-IN",5767,2369,5598,2369,2018,0.02930466447026181,False
31140,"Louisville/Jefferson County, KY-IN",6169,2574,6085,2574,2019,0.013616469443994195,False
31140,"Louisville/Jefferson County, KY-IN",4963,800,4840,800,2020,0.024783397138827268,False
31140,"Louisville/Jefferson County, KY-IN",5934,1302,5877,1302,2021,0.009605662285136485,False
31140,"Louisville/Jefferson County, KY-IN",5820,1975,5768,1975,2022,0.008934707903780037,False
31140,"Louisville/Jefferson County, KY-IN",7129,3696,6803,3581,2023,0.045728713704586865,False
31140,"Louisville/Jefferson County, KY-IN",5796,1894,5672,1889,2024,0.021394064872325758,False
31140,"Louisville/Jefferson County, KY-IN",6103,2436,5976,2431,2025,0.020809437981320622,False
31540,"Madison, WI",3194,919,3160,919,1990,0.01064495929868503,False
31540,"Madison, WI",3333,968,3227,963,1991,0.031803180318031754,False
31540,"Madison, WI",4024,904,4007,904,1992,0.004224652087475134,False
31540,"Madison, WI",4579,1104,4509,1104,1993,0.015287180607119422,False
31540,"Madison, WI",4617,1475,4415,1475,1994,0.043751353692874195,False
31540,"Madison, WI",4195,1557,4107,1544,1995,0.020977353992848613,False
31540,"Madison, WI",3815,872,3730,863,1996,0.022280471821756187,False
31540,"Madison, WI",3716,1027,3655,1027,1997,0.016415500538213168,False
31540,"Madison, WI",4317,1384,3945,1290,1998,0.08617095205003478,False
31540,"Madison, WI",4472,1266,4067,1178,1999,0.0905635062611807,False
31540,"Madison, WI",4776,1435,4258,1312,2000,0.10845896147403689,False
31540,"Madison, WI",5696,2119,5171,1922,2001,0.0921699438202247,False
31540,"Madison, WI",5201,1483,4730,1276,2002,0.09055950778696409,False
31540,"Madison, WI",6430,2293,6430,2293,2003,0.0,False
31540,"Madison, WI",5576,1452,4746,1263,2004,0.14885222381635577,False
31540,"Madison, WI",5391,1772,4617,1588,2005,0.1435726210350584,False
31540,"Madison, WI",3909,1483,3665,1365,2006,0.06242005628037861,False
31540,"Madison, WI",2747,916,2613,853,2007,0.04878048780487809,False
31540,"Madison, WI",1968,952,1859,906,2008,0.05538617886178865,False
31540,"Madison, WI",1474,606,1416,581,2009,0.03934871099050208,False
31540,"Madison, WI",1252,347,788,37,2010,0.37060702875399365,True
31540,"Madison, WI",1460,673,781,218,2011,0.4650684931506849,True
31540,"Madison, WI",2472,1514,2316,1436,2012,0.06310679611650483,False
31540,"Madison, WI",3007,1662,2053,845,2013,0.3172597273029598,True
31540,"Madison, WI",3805,2469,2143,1117,2014,0.43679369250985545,True
31540,"Madison, WI",3498,1952,3135,1654,2015,0.10377358490566035,False
31540,"Madison, WI",4953,3130,4217,2606,2016,0.14859681001413283,False
31540,"Madison, WI",4632,2838,3993,2389,2017,0.13795336787564771,False
31540,"Madison, WI",3652,1845,3213,1503,2018,0.12020810514786417,False
31540,"Madison, WI",3343,1669,3343,1669,2019,0.0,False
31540,"Madison, WI",5268,3360,5146,3332,2020,0.023158694001518598,False
31540,"Madison, WI",7194,5235,7194,5235,2021,0.0,False
31540,"Madison, WI",5579,3836,5578,3836,2022,0.00017924359204157803,False
31540,"Madison, WI",5361,3528,5331,3517,2023,0.005595970900951319,False
31540,"Madison, WI",5838,3962,5323,3637,2024,0.08821514217197668,False
31540,"Madison, WI",6947,5008,6424,4673,2025,0.07528429537930037,False
32580,"McAllen-Edinburg-Mission, TX",1402,82,1274,42,1990,0.09129814550641935,False
32580,"McAllen-Edinburg-Mission, TX",3578,81,3179,31,1991,0.11151481274455,False
32580,"McAllen-Edinburg-Mission, TX",3588,202,3449,173,1992,0.038740245261984385,False
32580,"McAllen-Edinburg-Mission, TX",6187,311,1607,146,1993,0.7402618393405528,True
32580,"McAllen-Edinburg-Mission, TX",4640,392,2263,161,1994,0.5122844827586207,True
32580,"McAllen-Edinburg-Mission, TX",4510,403,1494,84,1995,0.6687361419068736,True
32580,"McAllen-Edinburg-Mission, TX",5339,449,2097,119,1996,0.6072298183180371,True
32580,"McAllen-Edinburg-Mission, TX",5276,471,1554,41,1997,0.7054586808188021,True
32580,"McAllen-Edinburg-Mission, TX",6216,415,2982,138,1998,0.5202702702702703,True
32580,"McAllen-Edinburg-Mission, TX",5700,203,4658,109,1999,0.18280701754385964,False
32580,"McAllen-Edinburg-Mission, TX",5659,247,3854,106,2000,0.31896094716380985,True
32580,"McAllen-Edinburg-Mission, TX",6905,848,4394,764,2001,0.3636495293265749,True
32580,"McAllen-Edinburg-Mission, TX",7477,375,6891,335,2002,0.07837367928313499,False
32580,"McAllen-Edinburg-Mission, TX",8060,950,8060,950,2003,0.0,False
32580,"McAllen-Edinburg-Mission, TX",9314,1094,6530,590,2004,0.2989048743826498,True
32580,"McAllen-Edinburg-Mission, TX",8889,958,8740,953,2005,0.016762290471369123,False
32580,"McAllen-Edinburg-Mission, TX",8046,552,7550,532,2006,0.06164553815560525,False
32580,"McAllen-Edinburg-Mission, TX",6458,732,6196,707,2007,0.040569835862496184,False
32580,"McAllen-Edinburg-Mission, TX",3694,138,3409,133,2008,0.07715213860314019,False
32580,"McAllen-Edinburg-Mission, TX",3156,178,3042,178,2009,0.03612167300380231,False
32580,"McAllen-Edinburg-Mission, TX",3552,297,3364,297,2010,0.05292792792792789,False
32580,"McAllen-Edinburg-Mission, TX",3105,25,2937,20,2011,0.05410628019323671,False
32580,"McAllen-Edinburg-Mission, TX",3492,254,3317,254,2012,0.050114547537227994,False
32580,"McAllen-Edinburg-Mission, TX",3294,173,3265,173,2013,0.008803885853066129,False
32580,"McAllen-Edinburg-Mission, TX",3473,210,3395,210,2014,0.02245896919090129,False
32580,"McAllen-Edinburg-Mission, TX",4306,992,4207,992,2015,0.022991175104505324,False
32580,"McAllen-Edinburg-Mission, TX",4568,1055,4290,1047,2016,0.060858143607705806,False
32580,"McAllen-Edinburg-Mission, TX",4297,753,4130,753,2017,0.03886432394693973,False
32580,"McAllen-Edinburg-Mission, TX",4642,729,4174,653,2018,0.10081861266695391,False
32580,"McAllen-Edinburg-Mission, TX",5370,913,5153,913,2019,0.040409683426443244,False
32580,"McAllen-Edinburg-Mission, TX",4894,472,4490,460,2020,0.08255006129955045,False
32580,"McAllen-Edinburg-Mission, TX",6055,219,5812,219,2021,0.04013212221304707,False
32580,"McAllen-Edinburg-Mission, TX",5951,523,5835,523,2022,0.019492522265165513,False
32580,"McAllen-Edinburg-Mission, TX",6899,627,6542,609,2023,0.05174662994636903,False
32580,"McAllen-Edinburg-Mission, TX",7292,653,6532,653,2024,0.10422380691168409,False
32580,"McAllen-Edinburg-Mission, TX",7301,570,6891,560,2025,0.056156690864265224,False
32820,"Memphis, TN-MS-AR",6307,1203,6263,1198,1990,0.0069763754558427316,False
32820,"Memphis, TN-MS-AR",5877,434,5860,429,1991,0.0028926322953888306,False
32820,"Memphis, TN-MS-AR",7241,299,7225,299,1992,0.0022096395525479373,False
32820,"Memphis, TN-MS-AR",7960,352,7685,352,1993,0.03454773869346739,False
32820,"Memphis, TN-MS-AR",7668,565,7513,565,1994,0.020213875847678642,False
32820,"Memphis, TN-MS-AR",9465,1465,9033,1465,1995,0.04564183835182245,False
32820,"Memphis, TN-MS-AR",10150,3685,9223,3487,1996,0.09133004926108379,False
32820,"Memphis, TN-MS-AR",8264,1536,7614,1477,1997,0.07865440464666018,False
32820,"Memphis, TN-MS-AR",8878,939,8703,939,1998,0.01971164676728998,False
32820,"Memphis, TN-MS-AR",11052,2714,10831,2714,1999,0.019996380745566422,False
32820,"Memphis, TN-MS-AR",10739,4176,10322,3979,2000,0.03883043113883977,False
32820,"Memphis, TN-MS-AR",8060,1294,7775,1294,2001,0.035359801488833775,False
32820,"Memphis, TN-MS-AR",9085,1502,8936,1502,2002,0.016400660429279013,False
32820,"Memphis, TN-MS-AR",9606,1006,9606,1006,2003,0.0,False
32820,"Memphis, TN-MS-AR",10131,1138,9667,1138,2004,0.04580001974138781,False
32820,"Memphis, TN-MS-AR",10794,1058,10454,1058,2005,0.03149898091532333,False
32820,"Memphis, TN-MS-AR",10251,1425,9983,1425,2006,0.02614379084967322,False
32820,"Memphis, TN-MS-AR",8078,2325,7764,2325,2007,0.03887100767516716,False
32820,"Memphis, TN-MS-AR",3106,645,2744,645,2008,0.1165486155827431,False
32820,"Memphis, TN-MS-AR",2034,464,1808,464,2009,0.11111111111111116,False
32820,"Memphis, TN-MS-AR",2429,649,2240,649,2010,0.0778097982708934,False
32820,"Memphis, TN-MS-AR",2210,551,2030,551,2011,0.08144796380090502,False
32820,"Memphis, TN-MS-AR",3507,924,3216,924,2012,0.08297690333618479,False
32820,"Memphis, TN-MS-AR",3652,1023,3351,1023,2013,0.08242059145673608,False
32820,"Memphis, TN-MS-AR",3154,607,2909,607,2014,0.07767913760304379,False
32820,"Memphis, TN-MS-AR",3951,1370,3816,1370,2015,0.034168564920273314,False
32820,"Memphis, TN-MS-AR",4354,1316,3956,1316,2016,0.09141019751952228,False
32820,"Memphis, TN-MS-AR",3860,577,3690,577,2017,0.04404145077720212,False
32820,"Memphis, TN-MS-AR",4492,1305,4304,1300,2018,0.0418521816562778,False
32820,"Memphis, TN-MS-AR",3674,343,3527,343,2019,0.040010887316276555,False
32820,"Memphis, TN-MS-AR",4797,872,4390,849,2020,0.08484469460079214,False
32820,"Memphis, TN-MS-AR",5205,895,4971,895,2021,0.04495677233429396,False
32820,"Memphis, TN-MS-AR",4301,814,3963,814,2022,0.07858637526156709,False
32820,"Memphis, TN-MS-AR",4058,980,3857,980,2023,0.04953178905864963,False
32820,"Memphis, TN-MS-AR",4240,1443,4022,1443,2024,0.05141509433962266,False
32820,"Memphis, TN-MS-AR",3298,195,3123,195,2025,0.05306246209824139,False
33100,"Miami-Fort Lauderdale-West Palm Beach, FL",20610,8928,20610,8928,1990,0.0,False
33100,"Miami-Fort Lauderdale-West Palm Beach, FL",14031,3630,14031,3630,1991,0.0,False
33100,"Miami-Fort Lauderdale-West Palm Beach, FL",17035,3471,17006,3471,1992,0.0017023774581743645,False
33100,"Miami-Fort Lauderdale-West Palm Beach, FL",21871,4360,21809,4350,1993,0.0028348040784600403,False
33100,"Miami-Fort Lauderdale-West Palm Beach, FL",27371,7585,27366,7585,1994,0.0001826750940776556,False
33100,"Miami-Fort Lauderdale-West Palm Beach, FL",23155,7054,23141,7054,1995,0.0006046210321745127,False
33100,"Miami-Fort Lauderdale-West Palm Beach, FL",24390,5932,24383,5932,1996,0.0002870028700286964,False
33100,"Miami-Fort Lauderdale-West Palm Beach, FL",21965,7621,21883,7567,1997,0.0037332119280674148,False
33100,"Miami-Fort Lauderdale-West Palm Beach, FL",22218,6494,22084,6395,1998,0.0060311459177243565,False
33100,"Miami-Fort Lauderdale-West Palm Beach, FL",36088,13179,35931,13142,1999,0.004350476612724474,False
33100,"Miami-Fort Lauderdale-West Palm Beach, FL",34949,11756,34918,11756,2000,0.0008870067813099292,False
33100,"Miami-Fort Lauderdale-West Palm Beach, FL",35532,11699,35447,11657,2001,0.0023922098390183333,False
33100,"Miami-Fort Lauderdale-West Palm Beach, FL",39594,17325,38855,17064,2002,0.01866444410769308,False
33100,"Miami-Fort Lauderdale-West Palm Beach, FL",39595,14887,39595,14887,2003,0.0,False
33100,"Miami-Fort Lauderdale-West Palm Beach, FL",46084,20527,45829,20414,2004,0.005533373839076483,False
33100,"Miami-Fort Lauderdale-West Palm Beach, FL",45562,22213,44039,21752,2005,0.033426978622536296,False
33100,"Miami-Fort Lauderdale-West Palm Beach, FL",35110,19366,33219,18633,2006,0.053859299344915956,False
33100,"Miami-Fort Lauderdale-West Palm Beach, FL",15145,7455,13568,6820,2007,0.10412677451304064,False
33100,"Miami-Fort Lauderdale-West Palm Beach, FL",7821,4196,6807,3691,2008,0.12965093977752207,False
33100,"Miami-Fort Lauderdale-West Palm Beach, FL",3875,1368,3574,1318,2009,0.07767741935483874,False
33100,"Miami-Fort Lauderdale-West Palm Beach, FL",5877,2520,5584,2470,2010,0.049855368385230525,False
33100,"Miami-Fort Lauderdale-West Palm Beach, FL",7532,3101,7330,3031,2011,0.02681890600106218,False
33100,"Miami-Fort Lauderdale-West Palm Beach, FL",13261,8032,13065,8032,2012,0.014780182490008342,False
33100,"Miami-Fort Lauderdale-West Palm Beach, FL",19921,13364,19439,12999,2013,0.024195572511420127,False
33100,"Miami-Fort Lauderdale-West Palm Beach, FL",15259,9272,14339,8551,2014,0.06029228651943119,False
33100,"Miami-Fort Lauderdale-West Palm Beach, FL",23450,16059,22479,15437,2015,0.04140724946695096,False
33100,"Miami-Fort Lauderdale-West Palm Beach, FL",18742,11734,17854,11306,2016,0.04738021555863836,False
33100,"Miami-Fort Lauderdale-West Palm Beach, FL",19723,12797,18681,12243,2017,0.052831719312477765,False
33100,"Miami-Fort Lauderdale-West Palm Beach, FL",19553,11903,18686,11645,2018,0.044341021838081085,False
33100,"Miami-Fort Lauderdale-West Palm Beach, FL",20688,12964,20116,12757,2019,0.027648878576952862,False
33100,"Miami-Fort Lauderdale-West Palm Beach, FL",21758,13247,20453,12840,2020,0.05997793914881877,False
33100,"Miami-Fort Lauderdale-West Palm Beach, FL",25313,16549,23981,16050,2021,0.052621182791451004,False
33100,"Miami-Fort Lauderdale-West Palm Beach, FL",19721,12327,18464,11648,2022,0.0637391613001369,False
33100,"Miami-Fort Lauderdale-West Palm Beach, FL",21320,15227,20348,14777,2023,0.045590994371482174,False
33100,"Miami-Fort Lauderdale-West Palm Beach, FL",16352,10005,15321,9554,2024,0.06305039138943247,False
33100,"Miami-Fort Lauderdale-West Palm Beach, FL",23453,16699,22187,16006,2025,0.05398030102758711,False
33340,"Milwaukee-Waukesha, WI",8166,3832,8038,3832,1990,0.015674748959098705,False
33340,"Milwaukee-Waukesha, WI",5988,1984,5963,1984,1991,0.004175016700066814,False
33340,"Milwaukee-Waukesha, WI",7519,2469,7456,2462,1992,0.008378773773108139,False
33340,"Milwaukee-Waukesha, WI",7201,2163,7014,2147,1993,0.025968615470073564,False
33340,"Milwaukee-Waukesha, WI",6945,1963,6725,1867,1994,0.03167746580273578,False
33340,"Milwaukee-Waukesha, WI",6176,2092,5953,1986,1995,0.03610751295336789,False
33340,"Milwaukee-Waukesha, WI",6446,2207,6269,2162,1996,0.027458889233633266,False
33340,"Milwaukee-Waukesha, WI",6429,2411,6396,2411,1997,0.005132991133924403,False
33340,"Milwaukee-Waukesha, WI",7141,2664,7057,2646,1998,0.011763058395182768,False
33340,"Milwaukee-Waukesha, WI",7173,2382,6964,2382,1999,0.029137041684093146,False
33340,"Milwaukee-Waukesha, WI",5631,1512,5473,1507,2000,0.028058959332267763,False
33340,"Milwaukee-Waukesha, WI",5879,1810,5761,1810,2001,0.020071440721211142,False
33340,"Milwaukee-Waukesha, WI",5936,1908,5804,1887,2002,0.022237196765498624,False
33340,"Milwaukee-Waukesha, WI",6467,2029,6467,2029,2003,0.0,False
33340,"Milwaukee-Waukesha, WI",5902,1595,5735,1570,2004,0.028295493053202336,False
33340,"Milwaukee-Waukesha, WI",5444,1581,5252,1556,2005,0.03526818515797203,False
33340,"Milwaukee-Waukesha, WI",4290,1328,4256,1323,2006,0.007925407925407968,False
33340,"Milwaukee-Waukesha, WI",3266,981,3217,970,2007,0.015003061849356958,False
33340,"Milwaukee-Waukesha, WI",2444,1101,2410,1096,2008,0.013911620294599025,False
33340,"Milwaukee-Waukesha, WI",1443,478,1426,473,2009,0.011781011781011763,False
33340,"Milwaukee-Waukesha, WI",1941,903,1923,903,2010,0.009273570324574987,False
33340,"Milwaukee-Waukesha, WI",1593,594,1571,594,2011,0.01381042059008164,False
33340,"Milwaukee-Waukesha, WI",1793,664,1721,664,2012,0.04015616285554935,False
33340,"Milwaukee-Waukesha, WI",2000,604,1945,604,2013,0.02749999999999997,False
33340,"Milwaukee-Waukesha, WI",2416,1018,2326,1018,2014,0.037251655629139124,False
33340,"Milwaukee-Waukesha, WI",3048,1588,3021,1588,2015,0.008858267716535417,False
33340,"Milwaukee-Waukesha, WI",4055,2328,3918,2242,2016,0.033785450061652234,False
33340,"Milwaukee-Waukesha, WI",3693,1995,3516,1914,2017,0.04792851340373683,False
33340,"Milwaukee-Waukesha, WI",3791,1906,3680,1853,2018,0.029279873384331356,False
33340,"Milwaukee-Waukesha, WI",2440,706,2440,706,2019,0.0,False
33340,"Milwaukee-Waukesha, WI",2753,805,2665,795,2020,0.031965128950236066,False
33340,"Milwaukee-Waukesha, WI",2981,787,2930,787,2021,0.017108352901710866,False
33340,"Milwaukee-Waukesha, WI",3201,1249,3201,1249,2022,0.0,False
33340,"Milwaukee-Waukesha, WI",2864,1154,2832,1154,2023,0.011173184357541888,False
33340,"Milwaukee-Waukesha, WI",4058,2016,3808,1784,2024,0.06160670280926561,False
33340,"Milwaukee-Waukesha, WI",3105,1132,2717,805,2025,0.12495974235104668,False
33460,"Minneapolis-St. Paul-Bloomington, MN-WI",15837,3316,15737,3310,1990,0.006314327208435944,False
33460,"Minneapolis-St. Paul-Bloomington, MN-WI",14419,1417,14162,1402,1991,0.017823704833899723,False
33460,"Minneapolis-St. Paul-Bloomington, MN-WI",18712,1969,18673,1969,1992,0.0020842240273620805,False
33460,"Minneapolis-St. Paul-Bloomington, MN-WI",19551,2346,19335,2336,1993,0.011048028233849982,False
33460,"Minneapolis-St. Paul-Bloomington, MN-WI",17885,2297,17567,2272,1994,0.01778026279004752,False
33460,"Minneapolis-St. Paul-Bloomington, MN-WI",18054,3127,17523,3059,1995,0.02941176470588236,False
33460,"Minneapolis-St. Paul-Bloomington, MN-WI",18565,2346,18040,2296,1996,0.028279019660651716,False
33460,"Minneapolis-St. Paul-Bloomington, MN-WI",16920,2082,16531,2026,1997,0.022990543735224578,False
33460,"Minneapolis-St. Paul-Bloomington, MN-WI",21192,2933,20629,2855,1998,0.026566628916572244,False
33460,"Minneapolis-St. Paul-Bloomington, MN-WI",23467,3759,22738,3637,1999,0.031064899646311872,False
33460,"Minneapolis-St. Paul-Bloomington, MN-WI",22703,4597,22173,4528,2000,0.023344932387790118,False
33460,"Minneapolis-St. Paul-Bloomington, MN-WI",23444,4727,22703,4546,2001,0.03160723426036516,False
33460,"Minneapolis-St. Paul-Bloomington, MN-WI",26199,7136,25709,7040,2002,0.018703003931447748,False
33460,"Minneapolis-St. Paul-Bloomington, MN-WI",28123,6026,28123,6026,2003,0.0,False
33460,"Minneapolis-St. Paul-Bloomington, MN-WI",28314,6613,27667,6442,2004,0.02285088648725009,False
33460,"Minneapolis-St. Paul-Bloomington, MN-WI",22562,4448,22129,4350,2005,0.0191915610318234,False
33460,"Minneapolis-St. Paul-Bloomington, MN-WI",16029,3566,15821,3566,2006,0.012976480129764822,False
33460,"Minneapolis-St. Paul-Bloomington, MN-WI",10206,2211,9997,2206,2007,0.020478150107779758,False
33460,"Minneapolis-St. Paul-Bloomington, MN-WI",5871,1497,5679,1468,2008,0.03270311701584061,False
33460,"Minneapolis-St. Paul-Bloomington, MN-WI",4733,972,4645,972,2009,0.018592858652017763,False
33460,"Minneapolis-St. Paul-Bloomington, MN-WI",5779,1758,5700,1758,2010,0.013670185153140668,False
33460,"Minneapolis-St. Paul-Bloomington, MN-WI",5217,1368,5155,1363,2011,0.01188422465018213,False
33460,"Minneapolis-St. Paul-Bloomington, MN-WI",11562,5619,11493,5619,2012,0.0059678256357031945,False
33460,"Minneapolis-St. Paul-Bloomington, MN-WI",12119,4766,11951,4722,2013,0.013862529911708887,False
33460,"Minneapolis-St. Paul-Bloomington, MN-WI",11408,4609,11282,4609,2014,0.011044880785413769,False
33460,"Minneapolis-St. Paul-Bloomington, MN-WI",11651,4776,11500,4769,2015,0.012960260921809241,False
33460,"Minneapolis-St. Paul-Bloomington, MN-WI",14143,6106,13946,6057,2016,0.013929152230785502,False
33460,"Minneapolis-St. Paul-Bloomington, MN-WI",15075,6082,14761,6019,2017,0.020829187396351534,False
33460,"Minneapolis-St. Paul-Bloomington, MN-WI",18176,8996,17936,8996,2018,0.01320422535211263,False
33460,"Minneapolis-St. Paul-Bloomington, MN-WI",22414,12567,22354,12567,2019,0.002676898367091951,False
33460,"Minneapolis-St. Paul-Bloomington, MN-WI",22341,11778,22044,11642,2020,0.013293943870014813,False
33460,"Minneapolis-St. Paul-Bloomington, MN-WI",26077,13892,25581,13722,2021,0.01902059285960811,False
33460,"Minneapolis-St. Paul-Bloomington, MN-WI",23725,14225,23443,14030,2022,0.011886195995784998,False
33460,"Minneapolis-St. Paul-Bloomington, MN-WI",18633,10040,18427,9935,2023,0.011055653947297794,False
33460,"Minneapolis-St. Paul-Bloomington, MN-WI",14022,4333,13864,4265,2024,0.011268007416916248,False
33460,"Minneapolis-St. Paul-Bloomington, MN-WI",14516,5342,14293,5260,2025,0.015362358776522478,False
33700,"Modesto, CA",3957,206,3957,206,1990,0.0,False
33700,"Modesto, CA",1638,72,1638,72,1991,0.0,False
33700,"Modesto, CA",2055,6,2055,6,1992,0.0,False
33700,"Modesto, CA",1977,32,1966,32,1993,0.005563985837126917,False
33700,"Modesto, CA",1483,0,1483,0,1994,0.0,False
33700,"Modesto, CA",1310,0,1304,0,1995,0.004580152671755711,False
33700,"Modesto, CA",1401,40,1401,40,1996,0.0,False
33700,"Modesto, CA",1442,66,1432,56,1997,0.006934812760055475,False
33700,"Modesto, CA",1951,84,1903,64,1998,0.024602767811378823,False
33700,"Modesto, CA",2183,20,2047,0,1999,0.06229958772331656,False
33700,"Modesto, CA",3023,195,2955,190,2000,0.022494211048627144,False
33700,"Modesto, CA",3215,143,3125,143,2001,0.027993779160186638,False
33700,"Modesto, CA",3173,59,3002,54,2002,0.053892215568862256,False
33700,"Modesto, CA",4119,84,4119,84,2003,0.0,False
33700,"Modesto, CA",4521,417,4290,417,2004,0.051094890510948954,False
33700,"Modesto, CA",4525,393,3681,179,2005,0.18651933701657464,False
33700,"Modesto, CA",2644,293,2095,26,2006,0.20763993948562787,False
33700,"Modesto, CA",1865,461,1865,461,2007,0.0,False
33700,"Modesto, CA",481,16,481,16,2008,0.0,False
33700,"Modesto, CA",364,85,360,85,2009,0.01098901098901095,False
33700,"Modesto, CA",292,133,278,133,2010,0.047945205479452024,False
33700,"Modesto, CA",164,51,151,51,2011,0.07926829268292679,False
33700,"Modesto, CA",285,100,268,100,2012,0.05964912280701751,False
33700,"Modesto, CA",319,39,311,39,2013,0.025078369905956133,False
33700,"Modesto, CA",454,50,425,50,2014,0.06387665198237891,False
33700,"Modesto, CA",413,0,286,0,2015,0.3075060532687651,True
33700,"Modesto, CA",573,0,529,0,2016,0.07678883071553233,False
33700,"Modesto, CA",719,67,672,67,2017,0.06536856745479835,False
33700,"Modesto, CA",759,65,411,0,2018,0.45849802371541504,True
33700,"Modesto, CA",699,81,396,81,2019,0.4334763948497854,True
33700,"Modesto, CA",552,36,259,36,2020,0.5307971014492754,True
33700,"Modesto, CA",811,140,752,140,2021,0.07274969173859436,False
33700,"Modesto, CA",674,29,627,29,2022,0.06973293768545996,False
33700,"Modesto, CA",810,84,759,84,2023,0.062962962962963,False
33700,"Modesto, CA",902,63,847,63,2024,0.060975609756097615,False
33700,"Modesto, CA",1205,300,1201,300,2025,0.003319502074688785,False
34980,"Nashville-Davidson--Murfreesboro--Franklin, TN",7207,1061,7166,1026,1990,0.005688913556264774,False
34980,"Nashville-Davidson--Murfreesboro--Franklin, TN",6526,387,5834,337,1991,0.10603738890591485,False
34980,"Nashville-Davidson--Murfreesboro--Franklin, TN",7557,140,7275,125,1992,0.03731639539499798,False
34980,"Nashville-Davidson--Murfreesboro--Franklin, TN",9460,413,9081,383,1993,0.040063424947145876,False
34980,"Nashville-Davidson--Murfreesboro--Franklin, TN",11068,1598,9802,1383,1994,0.11438380917961688,False
34980,"Nashville-Davidson--Murfreesboro--Franklin, TN",12311,2251,9405,1391,1995,0.23604906181463736,False
34980,"Nashville-Davidson--Murfreesboro--Franklin, TN",16712,5454,16503,5424,1996,0.012505983724270031,False
34980,"Nashville-Davidson--Murfreesboro--Franklin, TN",13643,3103,10899,1675,1997,0.20112878399179068,False
34980,"Nashville-Davidson--Murfreesboro--Franklin, TN",13265,1654,12878,1624,1998,0.029174519411986455,False
34980,"Nashville-Davidson--Murfreesboro--Franklin, TN",14542,2428,12624,1993,1999,0.13189382478338607,False
34980,"Nashville-Davidson--Murfreesboro--Franklin, TN",11494,1681,10974,1646,2000,0.045240995301896625,False
34980,"Nashville-Davidson--Murfreesboro--Franklin, TN",13001,1443,12541,1333,2001,0.03538189370048461,False
34980,"Nashville-Davidson--Murfreesboro--Franklin, TN",13028,841,12665,771,2002,0.027863064169481144,False
34980,"Nashville-Davidson--Murfreesboro--Franklin, TN",14936,1771,14936,1771,2003,0.0,False
34980,"Nashville-Davidson--Murfreesboro--Franklin, TN",17983,2945,17884,2945,2004,0.005505199354946311,False
34980,"Nashville-Davidson--Murfreesboro--Franklin, TN",18590,2183,18510,2183,2005,0.004303388918773576,False
34980,"Nashville-Davidson--Murfreesboro--Franklin, TN",17283,1323,16375,1323,2006,0.052537175258924984,False
34980,"Nashville-Davidson--Murfreesboro--Franklin, TN",14860,2628,14459,2628,2007,0.02698519515477793,False
34980,"Nashville-Davidson--Murfreesboro--Franklin, TN",8816,2459,8527,2459,2008,0.03278130671506352,False
34980,"Nashville-Davidson--Murfreesboro--Franklin, TN",5300,932,5172,932,2009,0.024150943396226365,False
34980,"Nashville-Davidson--Murfreesboro--Franklin, TN",5433,1089,5274,1089,2010,0.029265599116510166,False
34980,"Nashville-Davidson--Murfreesboro--Franklin, TN",5796,1218,5761,1218,2011,0.006038647342995196,False
34980,"Nashville-Davidson--Murfreesboro--Franklin, TN",8789,2851,8456,2846,2012,0.037888269427693744,False
34980,"Nashville-Davidson--Murfreesboro--Franklin, TN",11578,3618,11473,3618,2013,0.009068923821039854,False
34980,"Nashville-Davidson--Murfreesboro--Franklin, TN",14944,5775,14864,5775,2014,0.005353319057815886,False
34980,"Nashville-Davidson--Murfreesboro--Franklin, TN",18291,6746,17863,6727,2015,0.023399486086053245,False
34980,"Nashville-Davidson--Murfreesboro--Franklin, TN",20182,7199,19792,7193,2016,0.01932415023288081,False
34980,"Nashville-Davidson--Murfreesboro--Franklin, TN",20631,6799,20388,6799,2017,0.011778391740584593,False
34980,"Nashville-Davidson--Murfreesboro--Franklin, TN",19159,5590,18650,5590,2018,0.0265671485985699,False
34980,"Nashville-Davidson--Murfreesboro--Franklin, TN",22812,8135,22360,8135,2019,0.019814132912502225,False
34980,"Nashville-Davidson--Murfreesboro--Franklin, TN",27242,11256,26572,11251,2020,0.024594376330665857,False
34980,"Nashville-Davidson--Murfreesboro--Franklin, TN",32322,14478,31624,14478,2021,0.021595198316935793,False
34980,"Nashville-Davidson--Murfreesboro--Franklin, TN",28438,12594,27888,12594,2022,0.01934031929108937,False
34980,"Nashville-Davidson--Murfreesboro--Franklin, TN",23676,9577,23329,9532,2023,0.014656191924311557,False
34980,"Nashville-Davidson--Murfreesboro--Franklin, TN",20038,5410,19382,5346,2024,0.03273779818345146,False
34980,"Nashville-Davidson--Murfreesboro--Franklin, TN",19203,5827,17947,5727,2025,0.06540644690933706,False
35300,"New Haven, CT",1427,1140,1283,1044,2023,0.10091100210231252,False
35300,"New Haven, CT",1014,722,860,621,2024,0.15187376725838264,False
35300,"New Haven, CT",1020,762,860,658,2025,0.1568627450980392,False
35380,"New Orleans-Metairie, LA",1352,268,1349,268,1990,0.002218934911242587,False
35380,"New Orleans-Metairie, LA",1295,82,1295,82,1991,0.0,False
35380,"New Orleans-Metairie, LA",1576,144,1573,144,1992,0.0019035532994924331,False
35380,"New Orleans-Metairie, LA",1541,156,1532,156,1993,0.005840363400389403,False
35380,"New Orleans-Metairie, LA",1934,252,1934,252,1994,0.0,False
35380,"New Orleans-Metairie, LA",1801,322,1801,322,1995,0.0,False
35380,"New Orleans-Metairie, LA",2573,812,2571,812,1996,0.0007773027594247806,False
35380,"New Orleans-Metairie, LA",1851,102,1690,102,1997,0.08698001080497031,False
35380,"New Orleans-Metairie, LA",2151,276,1773,276,1998,0.17573221757322177,False
35380,"New Orleans-Metairie, LA",2870,824,2460,824,1999,0.1428571428571429,False
35380,"New Orleans-Metairie, LA",2164,335,2164,335,2000,0.0,False
35380,"New Orleans-Metairie, LA",2616,715,2361,715,2001,0.09747706422018354,False
35380,"New Orleans-Metairie, LA",2687,394,2372,394,2002,0.11723111276516562,False
35380,"New Orleans-Metairie, LA",3035,9,3035,9,2003,0.0,False
35380,"New Orleans-Metairie, LA",3054,151,3007,151,2004,0.015389652914210905,False
35380,"New Orleans-Metairie, LA",2444,66,1827,20,2005,0.25245499181669395,True
35380,"New Orleans-Metairie, LA",2892,191,2878,191,2006,0.004840940525587811,False
35380,"New Orleans-Metairie, LA",4739,1939,4738,1939,2007,0.000211014982063773,False
35380,"New Orleans-Metairie, LA",3772,1292,3755,1292,2008,0.004506892895015935,False
35380,"New Orleans-Metairie, LA",2281,305,2277,305,2009,0.0017536168347216385,False
35380,"New Orleans-Metairie, LA",1633,83,1551,83,2010,0.050214329454990825,False
35380,"New Orleans-Metairie, LA",1667,104,1164,43,2011,0.3017396520695861,True
35380,"New Orleans-Metairie, LA",1398,48,1174,18,2012,0.16022889842632337,False
35380,"New Orleans-Metairie, LA",1476,26,1107,5,2013,0.25,False
35380,"New Orleans-Metairie, LA",1676,273,1540,273,2014,0.08114558472553701,False
35380,"New Orleans-Metairie, LA",1240,342,1206,342,2015,0.02741935483870972,False
35380,"New Orleans-Metairie, LA",1575,371,1352,274,2016,0.1415873015873016,False
35380,"New Orleans-Metairie, LA",1528,98,1119,0,2017,0.26767015706806285,True
35380,"New Orleans-Metairie, LA",2434,622,1999,566,2018,0.17871815940838132,False
35380,"New Orleans-Metairie, LA",2391,522,2391,522,2019,0.0,False
35380,"New Orleans-Metairie, LA",2683,480,1947,247,2020,0.27431979127841966,True
35380,"New Orleans-Metairie, LA",3322,924,1664,360,2021,0.49909692956050566,True
35380,"New Orleans-Metairie, LA",1951,100,1931,100,2022,0.01025115325474113,False
35380,"New Orleans-Metairie, LA",2246,696,2145,696,2023,0.044968833481745296,False
35380,"New Orleans-Metairie, LA",1611,268,1375,218,2024,0.14649286157666042,False
35380,"New Orleans-Metairie, LA",1694,318,1600,318,2025,0.05548996458087363,False
35620,"New York-Newark-Jersey City, NY-NJ",24351,6804,24231,6792,1990,0.00492792903782191,False
35620,"New York-Newark-Jersey City, NY-NJ",19941,2788,19511,2685,1991,0.021563612657339193,False
35620,"New York-Newark-Jersey City, NY-NJ",22499,2693,22414,2693,1992,0.0037779456864749372,False
35620,"New York-Newark-Jersey City, NY-NJ",27804,4060,27025,3918,1993,0.028017551431448684,False
35620,"New York-Newark-Jersey City, NY-NJ",27888,3910,26160,3796,1994,0.061962134251290824,False
35620,"New York-Newark-Jersey City, NY-NJ",26432,4256,24846,4113,1995,0.06000302663438262,False
35620,"New York-Newark-Jersey City, NY-NJ",33144,8257,31680,8137,1996,0.04417089065894275,False
35620,"New York-Newark-Jersey City, NY-NJ",36144,9285,34783,9035,1997,0.03765493581230628,False
35620,"New York-Newark-Jersey City, NY-NJ",40840,10828,38530,10537,1998,0.05656219392752204,False
35620,"New York-Newark-Jersey City, NY-NJ",43303,11743,40431,11054,1999,0.06632334942151819,False
35620,"New York-Newark-Jersey City, NY-NJ",48735,16425,46164,15866,2000,0.052754693751923654,False
35620,"New York-Newark-Jersey City, NY-NJ",43502,14644,39537,13858,2001,0.09114523470185276,False
35620,"New York-Newark-Jersey City, NY-NJ",45793,16530,42422,15993,2002,0.07361387111567275,False
35620,"New York-Newark-Jersey City, NY-NJ",48924,18379,48924,18379,2003,0.0,False
35620,"New York-Newark-Jersey City, NY-NJ",55821,22456,51595,21482,2004,0.07570627541606201,False
35620,"New York-Newark-Jersey City, NY-NJ",66174,32313,63012,31329,2005,0.04778311723637685,False
35620,"New York-Newark-Jersey City, NY-NJ",59982,31232,56910,30061,2006,0.05121536460938281,False
35620,"New York-Newark-Jersey City, NY-NJ",55694,34338,52381,32910,2007,0.059485761482385935,False
35620,"New York-Newark-Jersey City, NY-NJ",51174,39192,47701,37238,2008,0.06786649470434203,False
35620,"New York-Newark-Jersey City, NY-NJ",16477,8459,14635,7859,2009,0.11179219518116157,False
35620,"New York-Newark-Jersey City, NY-NJ",18479,9409,16115,8655,2010,0.12792900048703937,False
35620,"New York-Newark-Jersey City, NY-NJ",21431,13640,18727,12213,2011,0.12617236713172508,False
35620,"New York-Newark-Jersey City, NY-NJ",26820,18038,22886,15714,2012,0.1466815809097688,False
35620,"New York-Newark-Jersey City, NY-NJ",39748,27341,34358,23715,2013,0.1356043071349502,False
35620,"New York-Newark-Jersey City, NY-NJ",46625,33247,40426,28817,2014,0.13295442359249332,False
35620,"New York-Newark-Jersey City, NY-NJ",84964,72100,74634,63590,2015,0.12158090485382045,False
35620,"New York-Newark-Jersey City, NY-NJ",41723,29686,37081,26911,2016,0.1112575797521751,False
35620,"New York-Newark-Jersey City, NY-NJ",48982,35738,45014,33169,2017,0.08100935037360668,False
35620,"New York-Newark-Jersey City, NY-NJ",47990,35027,43926,32382,2018,0.08468430923108983,False
35620,"New York-Newark-Jersey City, NY-NJ",61055,47021,60516,46772,2019,0.008828105806240272,False
35620,"New York-Newark-Jersey City, NY-NJ",54716,41340,48996,37327,2020,0.10453980554134079,False
35620,"New York-Newark-Jersey City, NY-NJ",56284,41047,53500,39076,2021,0.04946343543458176,False
35620,"New York-Newark-Jersey City, NY-NJ",69429,55025,67906,54023,2022,0.021936078583877028,False
35620,"New York-Newark-Jersey City, NY-NJ",62837,48561,54886,43227,2023,0.1265337301271544,False
35620,"New York-Newark-Jersey City, NY-NJ",57929,42553,46454,34761,2024,0.19808731378066258,False
35620,"New York-Newark-Jersey City, NY-NJ",44444,31550,36446,26407,2025,0.1799567995679957,False
35840,"North Port-Bradenton-Sarasota, FL",5868,1704,5868,1704,1990,0.0,False
35840,"North Port-Bradenton-Sarasota, FL",3854,982,3854,982,1991,0.0,False
35840,"North Port-Bradenton-Sarasota, FL",4016,514,4016,514,1992,0.0,False
35840,"North Port-Bradenton-Sarasota, FL",4618,661,4618,661,1993,0.0,False
35840,"North Port-Bradenton-Sarasota, FL",5155,832,4969,811,1994,0.0360814742967992,False
35840,"North Port-Bradenton-Sarasota, FL",5011,1194,4982,1194,1995,0.005787268010377211,False
35840,"North Port-Bradenton-Sarasota, FL",6192,1942,6155,1937,1996,0.0059754521963824025,False
35840,"North Port-Bradenton-Sarasota, FL",6279,1675,6079,1675,1997,0.031852205765249275,False
35840,"North Port-Bradenton-Sarasota, FL",7432,2070,6841,1942,1998,0.07952099031216364,False
35840,"North Port-Bradenton-Sarasota, FL",7008,1201,5622,599,1999,0.19777397260273977,False
35840,"North Port-Bradenton-Sarasota, FL",7110,1120,6893,1010,2000,0.030520393811533042,False
35840,"North Port-Bradenton-Sarasota, FL",9648,2322,9648,2322,2001,0.0,False
35840,"North Port-Bradenton-Sarasota, FL",10186,2982,10186,2982,2002,0.0,False
35840,"North Port-Bradenton-Sarasota, FL",9025,726,9025,726,2003,0.0,False
35840,"North Port-Bradenton-Sarasota, FL",14496,2854,14485,2854,2004,0.0007588300220751076,False
35840,"North Port-Bradenton-Sarasota, FL",14045,2324,14033,2324,2005,0.0008543965824137079,False
35840,"North Port-Bradenton-Sarasota, FL",7671,1521,7645,1506,2006,0.0033893886064398915,False
35840,"North Port-Bradenton-Sarasota, FL",2681,373,2658,358,2007,0.008578888474449875,False
35840,"North Port-Bradenton-Sarasota, FL",2072,385,2045,360,2008,0.013030888030888033,False
35840,"North Port-Bradenton-Sarasota, FL",1763,394,1763,394,2009,0.0,False
35840,"North Port-Bradenton-Sarasota, FL",1955,182,1950,177,2010,0.002557544757033292,False
35840,"North Port-Bradenton-Sarasota, FL",2385,481,2376,476,2011,0.0037735849056603765,False
35840,"North Port-Bradenton-Sarasota, FL",3102,324,3095,319,2012,0.002256608639587321,False
35840,"North Port-Bradenton-Sarasota, FL",5423,1468,5288,1453,2013,0.02489397012723582,False
35840,"North Port-Bradenton-Sarasota, FL",5658,1194,5388,1110,2014,0.04772004241781547,False
35840,"North Port-Bradenton-Sarasota, FL",7141,1886,7106,1869,2015,0.004901274331326144,False
35840,"North Port-Bradenton-Sarasota, FL",8104,1972,7814,1923,2016,0.03578479763079956,False
35840,"North Port-Bradenton-Sarasota, FL",8179,1953,7885,1912,2017,0.035945714635040926,False
35840,"North Port-Bradenton-Sarasota, FL",10289,3777,7581,3325,2018,0.2631937020118573,True
35840,"North Port-Bradenton-Sarasota, FL",10009,3251,10009,3251,2019,0.0,False
35840,"North Port-Bradenton-Sarasota, FL",9489,780,9489,780,2020,0.0,False
35840,"North Port-Bradenton-Sarasota, FL",15924,3504,15924,3504,2021,0.0,False
35840,"North Port-Bradenton-Sarasota, FL",15780,4362,15780,4362,2022,0.0,False
35840,"North Port-Bradenton-Sarasota, FL",15928,5238,15928,5238,2023,0.0,False
35840,"North Port-Bradenton-Sarasota, FL",14938,3920,14938,3920,2024,0.0,False
35840,"North Port-Bradenton-Sarasota, FL",17642,5857,17642,5857,2025,0.0,False
36260,"Ogden, UT",1440,43,1380,43,1990,0.04166666666666663,False
36260,"Ogden, UT",1571,30,1527,30,1991,0.02800763844684917,False
36260,"Ogden, UT",2337,81,2337,81,1992,0.0,False
36260,"Ogden, UT",2799,108,2608,108,1993,0.06823865666309392,False
36260,"Ogden, UT",3155,290,2938,290,1994,0.0687797147385103,False
36260,"Ogden, UT",3427,442,2985,333,1995,0.12897578056609282,False
36260,"Ogden, UT",4278,390,4009,390,1996,0.06287985039738198,False
36260,"Ogden, UT",5137,1057,4860,1057,1997,0.05392252287327237,False
36260,"Ogden, UT",4512,679,4246,679,1998,0.05895390070921991,False
36260,"Ogden, UT",4359,384,3361,154,1999,0.22895159440238588,False
36260,"Ogden, UT",3630,221,2656,12,2000,0.26831955922865014,True
36260,"Ogden, UT",4115,592,3702,587,2001,0.10036452004860263,False
36260,"Ogden, UT",4034,226,3745,226,2002,0.07164105106593954,False
36260,"Ogden, UT",4422,137,4422,137,2003,0.0,False
36260,"Ogden, UT",4675,128,4311,123,2004,0.07786096256684494,False
36260,"Ogden, UT",4918,22,4339,12,2005,0.11773078487189914,False
36260,"Ogden, UT",4922,210,4506,205,2006,0.08451848841934173,False
36260,"Ogden, UT",3434,295,3338,295,2007,0.02795573675014562,False
36260,"Ogden, UT",1980,453,1974,453,2008,0.00303030303030305,False
36260,"Ogden, UT",1591,30,1589,30,2009,0.0012570710245128902,False
36260,"Ogden, UT",1509,75,1503,75,2010,0.003976143141153132,False
36260,"Ogden, UT",1849,610,1845,610,2011,0.0021633315305570333,False
36260,"Ogden, UT",2714,741,2698,731,2012,0.005895357406042745,False
36260,"Ogden, UT",2692,416,2495,379,2013,0.07317979197622582,False
36260,"Ogden, UT",2514,540,2394,525,2014,0.04773269689737469,False
36260,"Ogden, UT",2884,656,2620,616,2015,0.09153952843273228,False
36260,"Ogden, UT",3424,1058,3232,1038,2016,0.05607476635514019,False
36260,"Ogden, UT",3231,638,3038,618,2017,0.05973382853605691,False
36260,"Ogden, UT",3378,620,3359,620,2018,0.005624629958555394,False
36260,"Ogden, UT",3575,810,3575,810,2019,0.0,False
36260,"Ogden, UT",4929,892,4859,855,2020,0.014201663623452987,False
36260,"Ogden, UT",6601,2757,6350,2701,2021,0.03802454173610059,False
36260,"Ogden, UT",4549,1766,4113,1694,2022,0.09584524071224443,False
36260,"Ogden, UT",3130,1343,2202,876,2023,0.2964856230031949,True
36260,"Ogden, UT",3294,1058,2548,719,2024,0.22647237401335762,False
36260,"Ogden, UT",3599,1656,2954,1314,2025,0.1792164490136149,False
36420,"Oklahoma City, OK",2022,0,2017,0,1990,0.002472799208704246,False
36420,"Oklahoma City, OK",2673,24,2670,24,1991,0.001122334455667784,False
36420,"Oklahoma City, OK",3726,206,3724,206,1992,0.0005367686527106841,False
36420,"Oklahoma City, OK",3959,8,3956,8,1993,0.0007577671129073149,False
36420,"Oklahoma City, OK",4267,263,4267,263,1994,0.0,False
36420,"Oklahoma City, OK",4315,482,4292,482,1995,0.005330243337195784,False
36420,"Oklahoma City, OK",5030,667,4972,662,1996,0.01153081510934395,False
36420,"Oklahoma City, OK",5527,1467,5447,1467,1997,0.01447439840781617,False
36420,"Oklahoma City, OK",6761,1895,6649,1895,1998,0.016565596805206306,False
36420,"Oklahoma City, OK",6664,853,6597,853,1999,0.010054021608643438,False
36420,"Oklahoma City, OK",5390,1148,5283,1143,2000,0.019851576994434184,False
36420,"Oklahoma City, OK",5968,1148,5816,1148,2001,0.025469168900804307,False
36420,"Oklahoma City, OK",6352,409,6309,409,2002,0.006769521410579293,False
36420,"Oklahoma City, OK",8082,985,8082,985,2003,0.0,False
36420,"Oklahoma City, OK",9331,1316,9205,1316,2004,0.013503375843960996,False
36420,"Oklahoma City, OK",9049,736,4858,561,2005,0.46314509890595645,True
36420,"Oklahoma City, OK",7433,395,3587,228,2006,0.5174223059330014,True
36420,"Oklahoma City, OK",6275,596,3995,465,2007,0.36334661354581677,True
36420,"Oklahoma City, OK",4099,221,2362,32,2008,0.4237618931446694,True
36420,"Oklahoma City, OK",3452,234,2359,174,2009,0.31662804171494785,True
36420,"Oklahoma City, OK",3635,495,2167,426,2010,0.40385144429160935,True
36420,"Oklahoma City, OK",3261,150,1801,57,2011,0.44771542471634473,True
36420,"Oklahoma City, OK",6577,978,6467,978,2012,0.016724950585373266,False
36420,"Oklahoma City, OK",7505,1014,7396,1014,2013,0.014523650899400442,False
36420,"Oklahoma City, OK",7870,1689,7671,1689,2014,0.02528589580686147,False
36420,"Oklahoma City, OK",6004,286,5756,286,2015,0.041305796135909345,False
36420,"Oklahoma City, OK",6740,1493,6036,1412,2016,0.10445103857566762,False
36420,"Oklahoma City, OK",5419,54,5105,54,2017,0.05794427016054626,False
36420,"Oklahoma City, OK",5730,31,4984,0,2018,0.1301919720767888,False
36420,"Oklahoma City, OK",6557,265,6555,265,2019,0.00030501753850842306,False
36420,"Oklahoma City, OK",7431,246,7249,246,2020,0.02449199300228766,False
36420,"Oklahoma City, OK",8080,171,7806,171,2021,0.03391089108910894,False
36420,"Oklahoma City, OK",7048,437,6885,437,2022,0.02312712826333707,False
36420,"Oklahoma City, OK",6736,407,6572,407,2023,0.02434679334916867,False
36420,"Oklahoma City, OK",7707,1260,7483,1260,2024,0.02906448683015439,False
36420,"Oklahoma City, OK",8576,1334,8220,1334,2025,0.041511194029850706,False
36540,"Omaha, NE-IA",3521,1152,3510,1152,1990,0.0031241124680488896,False
36540,"Omaha, NE-IA",3151,442,3150,442,1991,0.00031735956839096247,False
36540,"Omaha, NE-IA",3685,815,3670,810,1992,0.004070556309362261,False
36540,"Omaha, NE-IA",4089,926,4081,926,1993,0.001956468574223491,False
36540,"Omaha, NE-IA",3474,524,3452,524,1994,0.0063327576280943765,False
36540,"Omaha, NE-IA",4211,1205,4107,1200,1995,0.024697221562574256,False
36540,"Omaha, NE-IA",5767,2185,5620,2185,1996,0.025489856077683393,False
36540,"Omaha, NE-IA",5679,2205,5425,2187,1997,0.044726184187356965,False
36540,"Omaha, NE-IA",5748,2055,5660,2049,1998,0.015309672929714635,False
36540,"Omaha, NE-IA",5400,1033,5325,1033,1999,0.01388888888888884,False
36540,"Omaha, NE-IA",5925,1718,5908,1718,2000,0.0028691983122363096,False
36540,"Omaha, NE-IA",5100,978,5080,968,2001,0.0039215686274509665,False
36540,"Omaha, NE-IA",5919,1245,5862,1245,2002,0.009630005068423708,False
36540,"Omaha, NE-IA",6370,872,6370,872,2003,0.0,False
36540,"Omaha, NE-IA",6400,748,6318,748,2004,0.012812500000000004,False
36540,"Omaha, NE-IA",6631,626,6558,626,2005,0.011008897602171608,False
36540,"Omaha, NE-IA",5466,1094,5411,1094,2006,0.010062202707647239,False
36540,"Omaha, NE-IA",5048,1125,5031,1125,2007,0.0033676703645008077,False
36540,"Omaha, NE-IA",4521,1311,4517,1311,2008,0.0008847600088476293,False
36540,"Omaha, NE-IA",3464,358,3456,353,2009,0.002309468822170868,False
36540,"Omaha, NE-IA",3223,870,3208,870,2010,0.004654049022649653,False
36540,"Omaha, NE-IA",3133,963,2851,710,2011,0.09000957548675392,False
36540,"Omaha, NE-IA",3462,948,3395,948,2012,0.01935297515886769,False
36540,"Omaha, NE-IA",4464,1370,4459,1370,2013,0.0011200716845878311,False
36540,"Omaha, NE-IA",4192,1533,4184,1533,2014,0.001908396946564861,False
36540,"Omaha, NE-IA",4157,1165,4151,1165,2015,0.0014433485686793368,False
36540,"Omaha, NE-IA",4240,1279,4234,1279,2016,0.0014150943396226134,False
36540,"Omaha, NE-IA",4955,1772,4949,1772,2017,0.0012108980827446603,False
36540,"Omaha, NE-IA",4788,1932,4762,1932,2018,0.005430242272347563,False
36540,"Omaha, NE-IA",4100,1431,4099,1431,2019,0.00024390243902439046,False
36540,"Omaha, NE-IA",5473,1956,5408,1956,2020,0.01187648456057011,False
36540,"Omaha, NE-IA",6382,2588,6382,2588,2021,0.0,False
36540,"Omaha, NE-IA",6120,3122,5880,3087,2022,0.039215686274509776,False
36540,"Omaha, NE-IA",4719,1892,4680,1887,2023,0.008264462809917328,False
36540,"Omaha, NE-IA",7197,3543,6989,3538,2024,0.0289009309434487,False
36540,"Omaha, NE-IA",6377,2816,6306,2816,2025,0.011133761957033084,False
36740,"Orlando-Kissimmee-Sanford, FL",21036,7326,21034,7326,1990,9.507510933637331e-05,False
36740,"Orlando-Kissimmee-Sanford, FL",15304,4207,15303,4207,1991,6.534239414535126e-05,False
36740,"Orlando-Kissimmee-Sanford, FL",14342,2276,14342,2276,1992,0.0,False
36740,"Orlando-Kissimmee-Sanford, FL",16637,3986,16637,3986,1993,0.0,False
36740,"Orlando-Kissimmee-Sanford, FL",16654,4004,16654,4004,1994,0.0,False
36740,"Orlando-Kissimmee-Sanford, FL",16014,4948,15980,4927,1995,0.002123142250530785,False
36740,"Orlando-Kissimmee-Sanford, FL",16084,3591,16083,3591,1996,6.217358865956424e-05,False
36740,"Orlando-Kissimmee-Sanford, FL",21391,7431,21391,7431,1997,0.0,False
36740,"Orlando-Kissimmee-Sanford, FL",25758,10588,25730,10588,1998,0.0010870409193259878,False
36740,"Orlando-Kissimmee-Sanford, FL",29593,12892,29260,12823,1999,0.011252661102287731,False
36740,"Orlando-Kissimmee-Sanford, FL",24924,9183,24633,9164,2000,0.011675493500240774,False
36740,"Orlando-Kissimmee-Sanford, FL",23319,6369,23036,6369,2001,0.01213602641622713,False
36740,"Orlando-Kissimmee-Sanford, FL",26208,8612,25846,8612,2002,0.013812576312576264,False
36740,"Orlando-Kissimmee-Sanford, FL",28233,5632,28233,5632,2003,0.0,False
36740,"Orlando-Kissimmee-Sanford, FL",33992,6126,31807,6051,2004,0.06427983054836428,False
36740,"Orlando-Kissimmee-Sanford, FL",36137,8999,31422,8834,2005,0.13047568973628132,False
36740,"Orlando-Kissimmee-Sanford, FL",30984,6821,27029,6668,2006,0.1276465272398657,False
36740,"Orlando-Kissimmee-Sanford, FL",18638,6649,15959,6509,2007,0.1437385985620775,False
36740,"Orlando-Kissimmee-Sanford, FL",10233,4844,10226,4844,2008,0.0006840613700771492,False
36740,"Orlando-Kissimmee-Sanford, FL",4487,719,4472,709,2009,0.0033429908624916793,False
36740,"Orlando-Kissimmee-Sanford, FL",5254,966,5248,966,2010,0.0011419870574800317,False
36740,"Orlando-Kissimmee-Sanford, FL",6505,1900,6501,1900,2011,0.0006149116064565474,False
36740,"Orlando-Kissimmee-Sanford, FL",12006,4590,11994,4590,2012,0.0009995002498750516,False
36740,"Orlando-Kissimmee-Sanford, FL",15563,5760,15392,5755,2013,0.010987598792006725,False
36740,"Orlando-Kissimmee-Sanford, FL",16115,6106,16057,6106,2014,0.0035991312441824297,False
36740,"Orlando-Kissimmee-Sanford, FL",20474,8218,20169,8186,2015,0.014896942463612395,False
36740,"Orlando-Kissimmee-Sanford, FL",23254,8609,22110,8558,2016,0.04919583727530752,False
36740,"Orlando-Kissimmee-Sanford, FL",19065,4278,17875,4053,2017,0.062418043535274026,False
36740,"Orlando-Kissimmee-Sanford, FL",28882,12122,28793,12112,2018,0.0030815040509659664,False
36740,"Orlando-Kissimmee-Sanford, FL",24470,9068,24456,9068,2019,0.0005721291377196458,False
36740,"Orlando-Kissimmee-Sanford, FL",24499,8693,22700,8364,2020,0.07343156863545452,False
36740,"Orlando-Kissimmee-Sanford, FL",30618,12454,29923,12042,2021,0.02269906590894244,False
36740,"Orlando-Kissimmee-Sanford, FL",28683,12114,26546,11615,2022,0.07450406163929857,False
36740,"Orlando-Kissimmee-Sanford, FL",25415,8220,22885,7575,2023,0.09954751131221717,False
36740,"Orlando-Kissimmee-Sanford, FL",24135,8512,22353,8198,2024,0.07383467992541948,False
36740,"Orlando-Kissimmee-Sanford, FL",27845,13463,26848,13165,2025,0.0358053510504579,False
37100,"Oxnard-Thousand Oaks-Ventura, CA",2620,1090,2612,1090,1990,0.003053435114503844,False
37100,"Oxnard-Thousand Oaks-Ventura, CA",2194,915,2194,915,1991,0.0,False
37100,"Oxnard-Thousand Oaks-Ventura, CA",1720,305,1717,305,1992,0.0017441860465116088,False
37100,"Oxnard-Thousand Oaks-Ventura, CA",1372,67,1372,67,1993,0.0,False
37100,"Oxnard-Thousand Oaks-Ventura, CA",2456,608,2456,608,1994,0.0,False
37100,"Oxnard-Thousand Oaks-Ventura, CA",2142,76,2142,76,1995,0.0,False
37100,"Oxnard-Thousand Oaks-Ventura, CA",2321,106,2192,106,1996,0.05557949159844899,False
37100,"Oxnard-Thousand Oaks-Ventura, CA",2329,25,2240,25,1997,0.038213825676255864,False
37100,"Oxnard-Thousand Oaks-Ventura, CA",3298,325,3281,325,1998,0.005154639175257714,False
37100,"Oxnard-Thousand Oaks-Ventura, CA",4418,746,4043,713,1999,0.08488003621548212,False
37100,"Oxnard-Thousand Oaks-Ventura, CA",3960,908,3960,908,2000,0.0,False
37100,"Oxnard-Thousand Oaks-Ventura, CA",3453,268,3442,268,2001,0.0031856356791195584,False
37100,"Oxnard-Thousand Oaks-Ventura, CA",2525,232,2449,222,2002,0.030099009900990126,False
37100,"Oxnard-Thousand Oaks-Ventura, CA",3567,1264,3567,1264,2003,0.0,False
37100,"Oxnard-Thousand Oaks-Ventura, CA",2617,780,2592,757,2004,0.00955292319449752,False
37100,"Oxnard-Thousand Oaks-Ventura, CA",4511,1689,4023,1602,2005,0.10818000443360676,False
37100,"Oxnard-Thousand Oaks-Ventura, CA",2244,636,1575,324,2006,0.2981283422459893,True
37100,"Oxnard-Thousand Oaks-Ventura, CA",1595,591,1066,302,2007,0.33166144200626957,True
37100,"Oxnard-Thousand Oaks-Ventura, CA",893,396,710,285,2008,0.2049272116461366,False
37100,"Oxnard-Thousand Oaks-Ventura, CA",352,83,195,5,2009,0.4460227272727273,True
37100,"Oxnard-Thousand Oaks-Ventura, CA",590,359,410,249,2010,0.30508474576271183,True
37100,"Oxnard-Thousand Oaks-Ventura, CA",568,257,354,108,2011,0.37676056338028174,True
37100,"Oxnard-Thousand Oaks-Ventura, CA",566,268,264,60,2012,0.5335689045936396,True
37100,"Oxnard-Thousand Oaks-Ventura, CA",1001,510,624,249,2013,0.37662337662337664,True
37100,"Oxnard-Thousand Oaks-Ventura, CA",1314,687,1036,502,2014,0.21156773211567736,False
37100,"Oxnard-Thousand Oaks-Ventura, CA",1433,664,758,261,2015,0.47103977669225405,True
37100,"Oxnard-Thousand Oaks-Ventura, CA",1609,854,911,402,2016,0.4338098197638285,True
37100,"Oxnard-Thousand Oaks-Ventura, CA",2565,1375,1956,923,2017,0.23742690058479532,False
37100,"Oxnard-Thousand Oaks-Ventura, CA",1204,522,955,424,2018,0.20681063122923593,False
37100,"Oxnard-Thousand Oaks-Ventura, CA",1146,472,1095,472,2019,0.04450261780104714,False
37100,"Oxnard-Thousand Oaks-Ventura, CA",1501,762,1023,762,2020,0.31845436375749503,True
37100,"Oxnard-Thousand Oaks-Ventura, CA",1477,709,1251,702,2021,0.1530128639133378,False
37100,"Oxnard-Thousand Oaks-Ventura, CA",1368,847,1319,847,2022,0.035818713450292416,False
37100,"Oxnard-Thousand Oaks-Ventura, CA",1163,672,939,563,2023,0.19260533104041277,False
37100,"Oxnard-Thousand Oaks-Ventura, CA",1648,1119,1600,1119,2024,0.029126213592232997,False
37100,"Oxnard-Thousand Oaks-Ventura, CA",1609,1042,1234,762,2025,0.23306401491609696,False
37340,"Palm Bay-Melbourne-Titusville, FL",4759,789,4759,789,1990,0.0,False
37340,"Palm Bay-Melbourne-Titusville, FL",3194,247,3194,247,1991,0.0,False
37340,"Palm Bay-Melbourne-Titusville, FL",3710,96,3710,96,1992,0.0,False
37340,"Palm Bay-Melbourne-Titusville, FL",3949,229,3943,224,1993,0.001519371992909635,False
37340,"Palm Bay-Melbourne-Titusville, FL",4007,367,4007,367,1994,0.0,False
37340,"Palm Bay-Melbourne-Titusville, FL",2764,221,2764,221,1995,0.0,False
37340,"Palm Bay-Melbourne-Titusville, FL",3301,357,3298,357,1996,0.0009088155104514106,False
37340,"Palm Bay-Melbourne-Titusville, FL",3364,298,3123,298,1997,0.071640903686088,False
37340,"Palm Bay-Melbourne-Titusville, FL",3822,513,3818,513,1998,0.0010465724751439476,False
37340,"Palm Bay-Melbourne-Titusville, FL",4659,1232,4494,1232,1999,0.03541532517707657,False
37340,"Palm Bay-Melbourne-Titusville, FL",4284,809,4284,809,2000,0.0,False
37340,"Palm Bay-Melbourne-Titusville, FL",5044,632,5043,632,2001,0.00019825535289452745,False
37340,"Palm Bay-Melbourne-Titusville, FL",6622,1609,6619,1609,2002,0.00045303533675622454,False
37340,"Palm Bay-Melbourne-Titusville, FL",6169,539,6169,539,2003,0.0,False
37340,"Palm Bay-Melbourne-Titusville, FL",8925,2344,8743,2344,2004,0.020392156862745092,False
37340,"Palm Bay-Melbourne-Titusville, FL",8787,1403,8787,1403,2005,0.0,False
37340,"Palm Bay-Melbourne-Titusville, FL",5044,1045,4968,1017,2006,0.015067406819984086,False
37340,"Palm Bay-Melbourne-Titusville, FL",2927,869,2927,869,2007,0.0,False
37340,"Palm Bay-Melbourne-Titusville, FL",1625,356,1625,356,2008,0.0,False
37340,"Palm Bay-Melbourne-Titusville, FL",995,108,986,108,2009,0.009045226130653283,False
37340,"Palm Bay-Melbourne-Titusville, FL",1144,218,1144,218,2010,0.0,False
37340,"Palm Bay-Melbourne-Titusville, FL",882,27,870,27,2011,0.013605442176870763,False
37340,"Palm Bay-Melbourne-Titusville, FL",1128,8,1125,8,2012,0.0026595744680850686,False
37340,"Palm Bay-Melbourne-Titusville, FL",1373,24,1373,24,2013,0.0,False
37340,"Palm Bay-Melbourne-Titusville, FL",1286,43,1270,43,2014,0.01244167962674958,False
37340,"Palm Bay-Melbourne-Titusville, FL",1918,299,1903,299,2015,0.00782064650677794,False
37340,"Palm Bay-Melbourne-Titusville, FL",2915,729,2886,724,2016,0.00994854202401374,False
37340,"Palm Bay-Melbourne-Titusville, FL",2753,582,2727,582,2017,0.009444242644387923,False
37340,"Palm Bay-Melbourne-Titusville, FL",2958,586,2928,586,2018,0.010141987829614618,False
37340,"Palm Bay-Melbourne-Titusville, FL",4202,1740,4069,1740,2019,0.0316515944788196,False
37340,"Palm Bay-Melbourne-Titusville, FL",4739,1344,4580,1344,2020,0.03355138214813247,False
37340,"Palm Bay-Melbourne-Titusville, FL",5174,693,5025,693,2021,0.028797835330498622,False
37340,"Palm Bay-Melbourne-Titusville, FL",5258,965,5128,965,2022,0.024724229745150206,False
37340,"Palm Bay-Melbourne-Titusville, FL",6537,1551,6416,1551,2023,0.018510019886798235,False
37340,"Palm Bay-Melbourne-Titusville, FL",4603,702,4468,702,2024,0.029328698674777276,False
37340,"Palm Bay-Melbourne-Titusville, FL",4624,1230,4512,1230,2025,0.02422145328719727,False
37860,"Pensacola-Ferry Pass-Brent, FL",1997,16,1997,16,1990,0.0,False
37860,"Pensacola-Ferry Pass-Brent, FL",2050,70,2050,70,1991,0.0,False
37860,"Pensacola-Ferry Pass-Brent, FL",3145,87,3145,87,1992,0.0,False
37860,"Pensacola-Ferry Pass-Brent, FL",2974,42,2974,42,1993,0.0,False
37860,"Pensacola-Ferry Pass-Brent, FL",3273,116,3273,116,1994,0.0,False
37860,"Pensacola-Ferry Pass-Brent, FL",2844,442,2844,442,1995,0.0,False
37860,"Pensacola-Ferry Pass-Brent, FL",4565,1172,4565,1172,1996,0.0,False
37860,"Pensacola-Ferry Pass-Brent, FL",3695,476,3695,476,1997,0.0,False
37860,"Pensacola-Ferry Pass-Brent, FL",3224,280,3224,280,1998,0.0,False
37860,"Pensacola-Ferry Pass-Brent, FL",2914,183,2914,183,1999,0.0,False
37860,"Pensacola-Ferry Pass-Brent, FL",2511,34,2511,34,2000,0.0,False
37860,"Pensacola-Ferry Pass-Brent, FL",3182,226,3182,226,2001,0.0,False
37860,"Pensacola-Ferry Pass-Brent, FL",3213,344,3213,344,2002,0.0,False
37860,"Pensacola-Ferry Pass-Brent, FL",4801,1141,4801,1141,2003,0.0,False
37860,"Pensacola-Ferry Pass-Brent, FL",4635,796,4471,796,2004,0.035382955771305236,False
37860,"Pensacola-Ferry Pass-Brent, FL",3956,473,3956,473,2005,0.0,False
37860,"Pensacola-Ferry Pass-Brent, FL",2811,598,2811,598,2006,0.0,False
37860,"Pensacola-Ferry Pass-Brent, FL",2622,740,2400,649,2007,0.08466819221967958,False
37860,"Pensacola-Ferry Pass-Brent, FL",1290,154,1290,154,2008,0.0,False
37860,"Pensacola-Ferry Pass-Brent, FL",1042,74,1042,74,2009,0.0,False
37860,"Pensacola-Ferry Pass-Brent, FL",1754,410,1697,405,2010,0.03249714937286208,False
37860,"Pensacola-Ferry Pass-Brent, FL",1205,0,1205,0,2011,0.0,False
37860,"Pensacola-Ferry Pass-Brent, FL",1494,28,1494,28,2012,0.0,False
37860,"Pensacola-Ferry Pass-Brent, FL",2131,256,2131,256,2013,0.0,False
37860,"Pensacola-Ferry Pass-Brent, FL",1825,176,1825,176,2014,0.0,False
37860,"Pensacola-Ferry Pass-Brent, FL",2634,599,2634,599,2015,0.0,False
37860,"Pensacola-Ferry Pass-Brent, FL",2873,486,2873,486,2016,0.0,False
37860,"Pensacola-Ferry Pass-Brent, FL",2609,5,2609,5,2017,0.0,False
37860,"Pensacola-Ferry Pass-Brent, FL",2568,36,2568,36,2018,0.0,False
37860,"Pensacola-Ferry Pass-Brent, FL",3222,397,3222,397,2019,0.0,False
37860,"Pensacola-Ferry Pass-Brent, FL",4391,260,4391,260,2020,0.0,False
37860,"Pensacola-Ferry Pass-Brent, FL",4051,247,4051,247,2021,0.0,False
37860,"Pensacola-Ferry Pass-Brent, FL",3519,162,3519,162,2022,0.0,False
37860,"Pensacola-Ferry Pass-Brent, FL",2823,5,2823,5,2023,0.0,False
37860,"Pensacola-Ferry Pass-Brent, FL",3445,128,3445,128,2024,0.0,False
37860,"Pensacola-Ferry Pass-Brent, FL",3327,32,3327,32,2025,0.0,False
37980,"Philadelphia-Camden-Wilmington, PA-NJ-DE-MD",15817,2253,15733,2253,1990,0.0053107416071315194,False
37980,"Philadelphia-Camden-Wilmington, PA-NJ-DE-MD",14137,1206,13613,1181,1991,0.037065855556341565,False
37980,"Philadelphia-Camden-Wilmington, PA-NJ-DE-MD",16598,993,16260,993,1992,0.02036389926497173,False
37980,"Philadelphia-Camden-Wilmington, PA-NJ-DE-MD",18712,1186,17997,1176,1993,0.03821077383497218,False
37980,"Philadelphia-Camden-Wilmington, PA-NJ-DE-MD",18042,884,16872,829,1994,0.06484868639840369,False
37980,"Philadelphia-Camden-Wilmington, PA-NJ-DE-MD",16107,1158,14805,1092,1995,0.08083441981747064,False
37980,"Philadelphia-Camden-Wilmington, PA-NJ-DE-MD",17509,2018,16498,1973,1996,0.05774173282311956,False
37980,"Philadelphia-Camden-Wilmington, PA-NJ-DE-MD",19659,3449,18913,3409,1997,0.03794699628668807,False
37980,"Philadelphia-Camden-Wilmington, PA-NJ-DE-MD",20905,3119,19160,2866,1998,0.08347285338435784,False
37980,"Philadelphia-Camden-Wilmington, PA-NJ-DE-MD",19983,2606,18118,2225,1999,0.09332932993044085,False
37980,"Philadelphia-Camden-Wilmington, PA-NJ-DE-MD",19520,3226,17582,2827,2000,0.09928278688524594,False
37980,"Philadelphia-Camden-Wilmington, PA-NJ-DE-MD",17846,2779,16080,2407,2001,0.09895774963577275,False
37980,"Philadelphia-Camden-Wilmington, PA-NJ-DE-MD",18975,2246,17066,1930,2002,0.10060606060606059,False
37980,"Philadelphia-Camden-Wilmington, PA-NJ-DE-MD",21080,5279,21080,5279,2003,0.0,False
37980,"Philadelphia-Camden-Wilmington, PA-NJ-DE-MD",21010,5014,19552,4825,2004,0.06939552594002851,False
37980,"Philadelphia-Camden-Wilmington, PA-NJ-DE-MD",20242,4668,18643,4356,2005,0.07899417053650826,False
37980,"Philadelphia-Camden-Wilmington, PA-NJ-DE-MD",17212,4958,15387,4566,2006,0.10603067627236806,False
37980,"Philadelphia-Camden-Wilmington, PA-NJ-DE-MD",13477,3564,11886,3061,2007,0.1180529791496624,False
37980,"Philadelphia-Camden-Wilmington, PA-NJ-DE-MD",10570,3025,9899,2721,2008,0.06348155156102175,False
37980,"Philadelphia-Camden-Wilmington, PA-NJ-DE-MD",7093,1823,6472,1657,2009,0.08755110672494004,False
37980,"Philadelphia-Camden-Wilmington, PA-NJ-DE-MD",7053,1338,6309,1076,2010,0.10548702679710764,False
37980,"Philadelphia-Camden-Wilmington, PA-NJ-DE-MD",6979,2067,6229,1819,2011,0.10746525290156184,False
37980,"Philadelphia-Camden-Wilmington, PA-NJ-DE-MD",9270,3537,8441,3114,2012,0.08942826321467101,False
37980,"Philadelphia-Camden-Wilmington, PA-NJ-DE-MD",11217,4230,10278,3756,2013,0.08371222251939026,False
37980,"Philadelphia-Camden-Wilmington, PA-NJ-DE-MD",13631,6523,12595,5948,2014,0.07600322793632164,False
37980,"Philadelphia-Camden-Wilmington, PA-NJ-DE-MD",12317,5060,11237,4405,2015,0.08768368921003489,False
37980,"Philadelphia-Camden-Wilmington, PA-NJ-DE-MD",12245,4463,10850,3823,2016,0.11392405063291144,False
37980,"Philadelphia-Camden-Wilmington, PA-NJ-DE-MD",13544,5540,11452,4786,2017,0.15445953927938572,False
37980,"Philadelphia-Camden-Wilmington, PA-NJ-DE-MD",13156,5375,11016,4507,2018,0.1626634235329888,False
37980,"Philadelphia-Camden-Wilmington, PA-NJ-DE-MD",15607,7540,15146,7466,2019,0.029538027808034828,False
37980,"Philadelphia-Camden-Wilmington, PA-NJ-DE-MD",16201,6951,11571,5052,2020,0.2857848280970311,True
37980,"Philadelphia-Camden-Wilmington, PA-NJ-DE-MD",36307,25427,35338,24988,2021,0.026689068223758494,False
37980,"Philadelphia-Camden-Wilmington, PA-NJ-DE-MD",14371,4891,14112,4886,2022,0.018022406234778354,False
37980,"Philadelphia-Camden-Wilmington, PA-NJ-DE-MD",12019,5126,10904,4759,2023,0.09276978117979862,False
37980,"Philadelphia-Camden-Wilmington, PA-NJ-DE-MD",14214,5044,11795,4444,2024,0.1701843253130716,False
37980,"Philadelphia-Camden-Wilmington, PA-NJ-DE-MD",12900,4935,10536,4371,2025,0.18325581395348833,False
38060,"Phoenix-Mesa-Chandler, AZ",13378,1987,13357,1987,1990,0.0015697413664225168,False
38060,"Phoenix-Mesa-Chandler, AZ",15428,990,15405,973,1991,0.0014907959554057992,False
38060,"Phoenix-Mesa-Chandler, AZ",21016,1297,21016,1297,1992,0.0,False
38060,"Phoenix-Mesa-Chandler, AZ",25472,1917,25472,1917,1993,0.0,False
38060,"Phoenix-Mesa-Chandler, AZ",34775,5991,34775,5991,1994,0.0,False
38060,"Phoenix-Mesa-Chandler, AZ",37536,8392,37528,8392,1995,0.0002131287297527651,False
38060,"Phoenix-Mesa-Chandler, AZ",39646,9754,39619,9754,1996,0.0006810270897442683,False
38060,"Phoenix-Mesa-Chandler, AZ",43224,10620,43170,10620,1997,0.0012493059411438079,False
38060,"Phoenix-Mesa-Chandler, AZ",47802,10825,47698,10805,1998,0.002175641186561217,False
38060,"Phoenix-Mesa-Chandler, AZ",47713,8674,47539,8617,1999,0.0036468048540230225,False
38060,"Phoenix-Mesa-Chandler, AZ",45310,10291,45024,10286,2000,0.006312072390200818,False
38060,"Phoenix-Mesa-Chandler, AZ",46100,8243,46056,8243,2001,0.0009544468546637264,False
38060,"Phoenix-Mesa-Chandler, AZ",47899,7343,47487,7343,2002,0.008601432180212476,False
38060,"Phoenix-Mesa-Chandler, AZ",54860,6823,54860,6823,2003,0.0,False
38060,"Phoenix-Mesa-Chandler, AZ",65259,6293,64340,6252,2004,0.014082348794802302,False
38060,"Phoenix-Mesa-Chandler, AZ",62617,7476,61947,7406,2005,0.010699969656802422,False
38060,"Phoenix-Mesa-Chandler, AZ",44280,6502,43383,6497,2006,0.020257452574525714,False
38060,"Phoenix-Mesa-Chandler, AZ",37272,9756,37008,9721,2007,0.007083065035415337,False
38060,"Phoenix-Mesa-Chandler, AZ",18533,5413,18527,5413,2008,0.00032374682997893256,False
38060,"Phoenix-Mesa-Chandler, AZ",9272,614,9272,614,2009,0.0,False
38060,"Phoenix-Mesa-Chandler, AZ",8300,1004,8026,759,2010,0.03301204819277104,False
38060,"Phoenix-Mesa-Chandler, AZ",9081,1686,9081,1686,2011,0.0,False
38060,"Phoenix-Mesa-Chandler, AZ",15967,3699,15514,3699,2012,0.028371015218888962,False
38060,"Phoenix-Mesa-Chandler, AZ",18737,5449,18737,5449,2013,0.0,False
38060,"Phoenix-Mesa-Chandler, AZ",20341,8503,20267,8497,2014,0.00363797256772036,False
38060,"Phoenix-Mesa-Chandler, AZ",22402,5427,22138,5427,2015,0.011784662083742514,False
38060,"Phoenix-Mesa-Chandler, AZ",28583,9579,28290,9469,2016,0.010250848406395452,False
38060,"Phoenix-Mesa-Chandler, AZ",29312,8327,29312,8327,2017,0.0,False
38060,"Phoenix-Mesa-Chandler, AZ",31343,7148,29936,6822,2018,0.044890406151293805,False
38060,"Phoenix-Mesa-Chandler, AZ",35873,10009,34345,8722,2019,0.04259470911270313,False
38060,"Phoenix-Mesa-Chandler, AZ",48219,15673,46738,14468,2020,0.030714033887056957,False
38060,"Phoenix-Mesa-Chandler, AZ",50581,14884,48822,13271,2021,0.03477590399557151,False
38060,"Phoenix-Mesa-Chandler, AZ",47804,19242,46059,17615,2022,0.036503221487741655,False
38060,"Phoenix-Mesa-Chandler, AZ",45616,19036,42875,17603,2023,0.06008856541564367,False
38060,"Phoenix-Mesa-Chandler, AZ",45884,13835,43529,12873,2024,0.051325080638130904,False
38060,"Phoenix-Mesa-Chandler, AZ",39699,14800,38092,13611,2025,0.040479609058162724,False
38300,"Pittsburgh, PA",6232,951,6085,941,1990,0.023587933247753545,False
38300,"Pittsburgh, PA",5982,958,5760,948,1991,0.03711133400200606,False
38300,"Pittsburgh, PA",6362,547,6265,547,1992,0.015246777742848105,False
38300,"Pittsburgh, PA",6747,513,6285,473,1993,0.06847487772343264,False
38300,"Pittsburgh, PA",7046,599,6308,482,1994,0.10474027817201248,False
38300,"Pittsburgh, PA",5754,530,4991,412,1995,0.13260340632603407,False
38300,"Pittsburgh, PA",5984,716,5193,533,1996,0.13218582887700536,False
38300,"Pittsburgh, PA",6399,1328,5426,1133,1997,0.15205500859509302,False
38300,"Pittsburgh, PA",6895,1338,5741,1150,1998,0.16736765772298767,False
38300,"Pittsburgh, PA",7323,1499,6076,1281,1999,0.1702854021575857,False
38300,"Pittsburgh, PA",6851,1026,5753,808,2000,0.16026857393081306,False
38300,"Pittsburgh, PA",7115,1614,6377,1425,2001,0.1037245256500351,False
38300,"Pittsburgh, PA",7262,1344,6286,1253,2002,0.1343982374001652,False
38300,"Pittsburgh, PA",6714,759,6714,759,2003,0.0,False
38300,"Pittsburgh, PA",7084,872,5911,530,2004,0.1655844155844156,False
38300,"Pittsburgh, PA",5770,623,4789,249,2005,0.17001733102253036,False
38300,"Pittsburgh, PA",5752,1025,5055,747,2006,0.1211752433936022,False
38300,"Pittsburgh, PA",4777,551,4249,442,2007,0.11052962110110953,False
38300,"Pittsburgh, PA",3879,280,3706,224,2008,0.04459912348543438,False
38300,"Pittsburgh, PA",3135,281,2998,281,2009,0.04370015948963313,False
38300,"Pittsburgh, PA",3720,37,3518,37,2010,0.05430107526881722,False
38300,"Pittsburgh, PA",2949,165,2796,160,2011,0.051881993896236045,False
38300,"Pittsburgh, PA",3507,359,3350,349,2012,0.044767607641859164,False
38300,"Pittsburgh, PA",4606,1209,4339,1209,2013,0.057967867998263145,False
38300,"Pittsburgh, PA",4231,957,4089,957,2014,0.03356180571968803,False
38300,"Pittsburgh, PA",5317,1743,5022,1629,2015,0.05548241489561778,False
38300,"Pittsburgh, PA",4501,1186,3885,817,2016,0.1368584758942457,False
38300,"Pittsburgh, PA",4438,1124,3425,722,2017,0.2282559711581793,False
38300,"Pittsburgh, PA",4083,917,3580,697,2018,0.12319373010041634,False
38300,"Pittsburgh, PA",4062,1004,2860,430,2019,0.2959133431806992,True
38300,"Pittsburgh, PA",4888,1047,3380,477,2020,0.3085106382978723,True
38300,"Pittsburgh, PA",5290,1046,3313,244,2021,0.37372400756143664,True
38300,"Pittsburgh, PA",5919,2564,5634,2534,2022,0.04815002534211865,False
38300,"Pittsburgh, PA",6342,2831,6018,2781,2023,0.05108798486281929,False
38300,"Pittsburgh, PA",5412,1749,4617,1626,2024,0.14689578713968954,False
38300,"Pittsburgh, PA",5797,2218,4933,2052,2025,0.1490426082456443,False
38860,"Portland-South Portland, ME",2281,259,2092,259,1990,0.08285839544059626,False
38860,"Portland-South Portland, ME",1776,60,1656,55,1991,0.06756756756756754,False
38860,"Portland-South Portland, ME",2307,101,2248,101,1992,0.025574338968357146,False
38860,"Portland-South Portland, ME",2012,67,1909,67,1993,0.05119284294234594,False
38860,"Portland-South Portland, ME",2122,24,1989,24,1994,0.0626767200754006,False
38860,"Portland-South Portland, ME",1981,109,1816,104,1995,0.08329126703685008,False
38860,"Portland-South Portland, ME",2172,105,2101,100,1996,0.03268876611418048,False
38860,"Portland-South Portland, ME",2222,103,2124,103,1997,0.04410441044104407,False
38860,"Portland-South Portland, ME",3124,318,2953,318,1998,0.05473751600512167,False
38860,"Portland-South Portland, ME",2939,38,2649,38,1999,0.09867301803334472,False
38860,"Portland-South Portland, ME",3139,63,2857,63,2000,0.08983752787511945,False
38860,"Portland-South Portland, ME",3152,164,2877,164,2001,0.08724619289340096,False
38860,"Portland-South Portland, ME",3550,276,3289,271,2002,0.07352112676056333,False
38860,"Portland-South Portland, ME",3505,98,3505,98,2003,0.0,False
38860,"Portland-South Portland, ME",3677,238,3075,212,2004,0.16372042425890676,False
38860,"Portland-South Portland, ME",3780,344,3116,309,2005,0.17566137566137563,False
38860,"Portland-South Portland, ME",3202,226,2745,196,2006,0.14272329793878824,False
38860,"Portland-South Portland, ME",2672,418,1936,363,2007,0.27544910179640714,True
38860,"Portland-South Portland, ME",1259,84,1160,84,2008,0.07863383637807786,False
38860,"Portland-South Portland, ME",1207,11,1049,11,2009,0.13090306545153274,False
38860,"Portland-South Portland, ME",1260,11,1093,11,2010,0.1325396825396825,False
38860,"Portland-South Portland, ME",1112,135,919,135,2011,0.17356115107913672,False
38860,"Portland-South Portland, ME",1390,95,1139,95,2012,0.18057553956834538,False
38860,"Portland-South Portland, ME",1818,261,1668,251,2013,0.08250825082508251,False
38860,"Portland-South Portland, ME",1696,207,1484,207,2014,0.125,False
38860,"Portland-South Portland, ME",1980,299,1583,188,2015,0.20050505050505052,False
38860,"Portland-South Portland, ME",2397,431,2136,431,2016,0.1088861076345432,False
38860,"Portland-South Portland, ME",2517,462,2138,425,2017,0.15057608263806121,False
38860,"Portland-South Portland, ME",2624,559,2211,510,2018,0.1573932926829268,False
38860,"Portland-South Portland, ME",2875,916,2458,853,2019,0.1450434782608696,False
38860,"Portland-South Portland, ME",2855,651,1791,540,2020,0.3726795096322242,True
38860,"Portland-South Portland, ME",3712,856,2658,740,2021,0.2839439655172413,True
38860,"Portland-South Portland, ME",3762,1482,3017,1383,2022,0.1980329611908559,False
38860,"Portland-South Portland, ME",3072,949,2211,700,2023,0.2802734375,True
38860,"Portland-South Portland, ME",2978,814,1867,554,2024,0.37306917394224315,True
38860,"Portland-South Portland, ME",3487,1383,2476,1135,2025,0.28993404072268425,True
38900,"Portland-Vancouver-Hillsboro, OR-WA",16138,6035,16102,6035,1990,0.002230759697608109,False
38900,"Portland-Vancouver-Hillsboro, OR-WA",10482,2482,10225,2379,1991,0.024518221713413446,False
38900,"Portland-Vancouver-Hillsboro, OR-WA",11893,2449,11877,2444,1992,0.0013453291852350002,False
38900,"Portland-Vancouver-Hillsboro, OR-WA",13811,2815,13790,2815,1993,0.001520527116066872,False
38900,"Portland-Vancouver-Hillsboro, OR-WA",17100,5000,16904,4968,1994,0.011461988304093618,False
38900,"Portland-Vancouver-Hillsboro, OR-WA",18108,5869,18012,5800,1995,0.005301524188204065,False
38900,"Portland-Vancouver-Hillsboro, OR-WA",18315,5962,18133,5898,1996,0.009937209937209923,False
38900,"Portland-Vancouver-Hillsboro, OR-WA",19780,7100,19413,6952,1997,0.01855409504550054,False
38900,"Portland-Vancouver-Hillsboro, OR-WA",17957,5547,17652,5424,1998,0.016985019769449217,False
38900,"Portland-Vancouver-Hillsboro, OR-WA",15122,3389,14735,3251,1999,0.02559185292950672,False
38900,"Portland-Vancouver-Hillsboro, OR-WA",12998,2666,12686,2549,2000,0.024003692875827043,False
38900,"Portland-Vancouver-Hillsboro, OR-WA",13874,2635,12791,2371,2001,0.0780596799769353,False
38900,"Portland-Vancouver-Hillsboro, OR-WA",14378,3160,13378,2883,2002,0.06955070246209483,False
38900,"Portland-Vancouver-Hillsboro, OR-WA",16003,4768,16003,4768,2003,0.0,False
38900,"Portland-Vancouver-Hillsboro, OR-WA",15859,3918,15523,3918,2004,0.02118670786304311,False
38900,"Portland-Vancouver-Hillsboro, OR-WA",17251,3758,16736,3745,2005,0.029853341835255898,False
38900,"Portland-Vancouver-Hillsboro, OR-WA",15376,4666,14895,4661,2006,0.031282518210197674,False
38900,"Portland-Vancouver-Hillsboro, OR-WA",13115,4242,11924,4212,2007,0.09081204727411363,False
38900,"Portland-Vancouver-Hillsboro, OR-WA",7408,2932,7341,2932,2008,0.009044276457883416,False
38900,"Portland-Vancouver-Hillsboro, OR-WA",4020,925,3998,925,2009,0.005472636815920362,False
38900,"Portland-Vancouver-Hillsboro, OR-WA",4476,991,4456,991,2010,0.0044682752457551045,False
38900,"Portland-Vancouver-Hillsboro, OR-WA",5213,1994,5188,1994,2011,0.004795703050067157,False
38900,"Portland-Vancouver-Hillsboro, OR-WA",7785,3107,7763,3107,2012,0.0028259473346178288,False
38900,"Portland-Vancouver-Hillsboro, OR-WA",11730,5862,11702,5862,2013,0.0023870417732310134,False
38900,"Portland-Vancouver-Hillsboro, OR-WA",12356,6681,12333,6681,2014,0.0018614438329556116,False
38900,"Portland-Vancouver-Hillsboro, OR-WA",13967,6554,13960,6554,2015,0.0005011813560535927,False
38900,"Portland-Vancouver-Hillsboro, OR-WA",14729,7098,14692,7098,2016,0.002512051055740372,False
38900,"Portland-Vancouver-Hillsboro, OR-WA",15983,9504,15709,9383,2017,0.017143214665582218,False
38900,"Portland-Vancouver-Hillsboro, OR-WA",14180,7048,13824,6938,2018,0.025105782792665732,False
38900,"Portland-Vancouver-Hillsboro, OR-WA",16815,8719,16815,8719,2019,0.0,False
38900,"Portland-Vancouver-Hillsboro, OR-WA",13446,5681,12607,4987,2020,0.06239773910456636,False
38900,"Portland-Vancouver-Hillsboro, OR-WA",15023,6547,15023,6547,2021,0.0,False
38900,"Portland-Vancouver-Hillsboro, OR-WA",12978,6754,12976,6754,2022,0.00015410695022344267,False
38900,"Portland-Vancouver-Hillsboro, OR-WA",11382,4804,10290,4500,2023,0.09594095940959413,False
38900,"Portland-Vancouver-Hillsboro, OR-WA",9453,2913,8008,2619,2024,0.15286152544165876,False
38900,"Portland-Vancouver-Hillsboro, OR-WA",8318,1995,7108,1790,2025,0.14546766049531135,False
38940,"Port St. Lucie, FL",3778,330,3778,330,1990,0.0,False
38940,"Port St. Lucie, FL",2580,298,2580,298,1991,0.0,False
38940,"Port St. Lucie, FL",2785,424,2785,424,1992,0.0,False
38940,"Port St. Lucie, FL",3106,418,3106,418,1993,0.0,False
38940,"Port St. Lucie, FL",3250,630,3250,630,1994,0.0,False
38940,"Port St. Lucie, FL",2791,471,2791,471,1995,0.0,False
38940,"Port St. Lucie, FL",3260,564,3260,564,1996,0.0,False
38940,"Port St. Lucie, FL",3076,612,2983,598,1997,0.030234070221066278,False
38940,"Port St. Lucie, FL",3466,897,3459,897,1998,0.002019619157530239,False
38940,"Port St. Lucie, FL",3347,589,3347,589,1999,0.0,False
38940,"Port St. Lucie, FL",3477,642,3477,642,2000,0.0,False
38940,"Port St. Lucie, FL",4076,880,4062,880,2001,0.0034347399411187585,False
38940,"Port St. Lucie, FL",6032,1171,5846,1140,2002,0.030835543766578266,False
38940,"Port St. Lucie, FL",9690,1344,9690,1344,2003,0.0,False
38940,"Port St. Lucie, FL",10556,1454,10423,1350,2004,0.012599469496021198,False
38940,"Port St. Lucie, FL",10782,1410,10355,1075,2005,0.03960304210721577,False
38940,"Port St. Lucie, FL",6328,643,6127,518,2006,0.03176359039190901,False
38940,"Port St. Lucie, FL",2409,341,2131,190,2007,0.11540058115400587,False
38940,"Port St. Lucie, FL",1253,355,1073,255,2008,0.1436552274541102,False
38940,"Port St. Lucie, FL",384,14,384,14,2009,0.0,False
38940,"Port St. Lucie, FL",492,52,492,52,2010,0.0,False
38940,"Port St. Lucie, FL",539,51,539,51,2011,0.0,False
38940,"Port St. Lucie, FL",635,33,635,33,2012,0.0,False
38940,"Port St. Lucie, FL",1117,26,1101,11,2013,0.0143240823634736,False
38940,"Port St. Lucie, FL",1394,321,1388,316,2014,0.004304160688665681,False
38940,"Port St. Lucie, FL",1601,296,1575,289,2015,0.016239850093691444,False
38940,"Port St. Lucie, FL",1937,121,1937,121,2016,0.0,False
38940,"Port St. Lucie, FL",2287,48,2287,48,2017,0.0,False
38940,"Port St. Lucie, FL",3970,824,3955,824,2018,0.0037783375314861534,False
38940,"Port St. Lucie, FL",4277,558,4262,558,2019,0.003507131166705646,False
38940,"Port St. Lucie, FL",5238,223,5219,223,2020,0.0036273386788850948,False
38940,"Port St. Lucie, FL",8403,1703,8344,1703,2021,0.007021301915982381,False
38940,"Port St. Lucie, FL",7804,2312,7799,2312,2022,0.0006406970784212929,False
38940,"Port St. Lucie, FL",6137,506,6088,471,2023,0.007984357177774126,False
38940,"Port St. Lucie, FL",5515,378,5515,378,2024,0.0,False
38940,"Port St. Lucie, FL",4853,442,4853,442,2025,0.0,False
39300,"Providence-Warwick, RI-MA",4570,462,4560,462,1990,0.002188183807439792,False
39300,"Providence-Warwick, RI-MA",3773,217,3572,196,1991,0.05327325735488997,False
39300,"Providence-Warwick, RI-MA",4299,131,4293,131,1992,0.0013956734124215275,False
39300,"Providence-Warwick, RI-MA",4460,102,4271,102,1993,0.04237668161434982,False
39300,"Providence-Warwick, RI-MA",4484,135,4245,135,1994,0.053300624442462086,False
39300,"Providence-Warwick, RI-MA",3829,179,3523,179,1995,0.07991642726560455,False
39300,"Providence-Warwick, RI-MA",4137,298,3792,298,1996,0.08339376359680928,False
39300,"Providence-Warwick, RI-MA",4244,271,3900,266,1997,0.08105560791705935,False
39300,"Providence-Warwick, RI-MA",4513,149,3903,144,1998,0.13516507866164418,False
39300,"Providence-Warwick, RI-MA",5206,575,4471,555,1999,0.14118325009604304,False
39300,"Providence-Warwick, RI-MA",4246,221,3606,168,2000,0.15073009891662736,False
39300,"Providence-Warwick, RI-MA",3902,146,3305,111,2001,0.15299846232701175,False
39300,"Providence-Warwick, RI-MA",4551,549,4089,549,2002,0.10151615029663807,False
39300,"Providence-Warwick, RI-MA",4035,548,4035,548,2003,0.0,False
39300,"Providence-Warwick, RI-MA",4410,805,3977,795,2004,0.09818594104308387,False
39300,"Providence-Warwick, RI-MA",4653,1082,4342,1033,2005,0.0668385987534924,False
39300,"Providence-Warwick, RI-MA",3685,341,3532,341,2006,0.041519674355495306,False
39300,"Providence-Warwick, RI-MA",3085,498,2950,498,2007,0.04376012965964349,False
39300,"Providence-Warwick, RI-MA",1598,88,1489,88,2008,0.0682102628285357,False
39300,"Providence-Warwick, RI-MA",1437,133,1353,133,2009,0.05845511482254695,False
39300,"Providence-Warwick, RI-MA",1439,137,1293,137,2010,0.10145934676858925,False
39300,"Providence-Warwick, RI-MA",1178,57,1047,57,2011,0.11120543293718166,False
39300,"Providence-Warwick, RI-MA",1361,149,1243,149,2012,0.08670095518001475,False
39300,"Providence-Warwick, RI-MA",1974,385,1892,385,2013,0.041540020263424515,False
39300,"Providence-Warwick, RI-MA",1775,209,1745,209,2014,0.016901408450704203,False
39300,"Providence-Warwick, RI-MA",1818,192,1723,192,2015,0.05225522552255224,False
39300,"Providence-Warwick, RI-MA",2564,683,2444,683,2016,0.046801872074882955,False
39300,"Providence-Warwick, RI-MA",2010,160,1858,160,2017,0.07562189054726365,False
39300,"Providence-Warwick, RI-MA",1963,209,1715,204,2018,0.12633723892002036,False
39300,"Providence-Warwick, RI-MA",2048,175,1899,175,2019,0.07275390625,False
39300,"Providence-Warwick, RI-MA",2068,129,1825,129,2020,0.11750483558994196,False
39300,"Providence-Warwick, RI-MA",2258,192,1868,192,2021,0.17271922054915856,False
39300,"Providence-Warwick, RI-MA",2123,257,1583,210,2022,0.25435704192180875,True
39300,"Providence-Warwick, RI-MA",1930,438,1497,433,2023,0.2243523316062176,False
39300,"Providence-Warwick, RI-MA",2620,818,2179,818,2024,0.16832061068702286,False
39300,"Providence-Warwick, RI-MA",2894,1180,2619,1180,2025,0.09502418797512091,False
39340,"Provo-Orem-Lehi, UT",1309,240,1298,240,1990,0.008403361344537785,False
39340,"Provo-Orem-Lehi, UT",1663,226,1589,226,1991,0.044497895369813634,False
39340,"Provo-Orem-Lehi, UT",2691,476,2687,476,1992,0.0014864362690449884,False
39340,"Provo-Orem-Lehi, UT",3451,407,3140,402,1993,0.09011880614314693,False
39340,"Provo-Orem-Lehi, UT",3815,577,3585,577,1994,0.0602883355176933,False
39340,"Provo-Orem-Lehi, UT",4454,951,4232,951,1995,0.04984283789851818,False
39340,"Provo-Orem-Lehi, UT",4020,1026,3728,1026,1996,0.07263681592039806,False
39340,"Provo-Orem-Lehi, UT",3320,632,3205,632,1997,0.034638554216867457,False
39340,"Provo-Orem-Lehi, UT",4181,875,4009,875,1998,0.041138483616359744,False
39340,"Provo-Orem-Lehi, UT",4214,474,3870,474,1999,0.08163265306122447,False
39340,"Provo-Orem-Lehi, UT",3816,307,3480,307,2000,0.08805031446540879,False
39340,"Provo-Orem-Lehi, UT",3913,413,3678,413,2001,0.06005622284692047,False
39340,"Provo-Orem-Lehi, UT",3803,637,3798,637,2002,0.0013147515119642517,False
39340,"Provo-Orem-Lehi, UT",4341,825,4341,825,2003,0.0,False
39340,"Provo-Orem-Lehi, UT",4561,718,4554,718,2004,0.0015347511510633849,False
39340,"Provo-Orem-Lehi, UT",5396,492,5349,492,2005,0.008710155670867303,False
39340,"Provo-Orem-Lehi, UT",6486,801,6431,801,2006,0.008479802651865542,False
39340,"Provo-Orem-Lehi, UT",4498,425,4485,425,2007,0.0028901734104046506,False
39340,"Provo-Orem-Lehi, UT",1325,206,1320,206,2008,0.0037735849056603765,False
39340,"Provo-Orem-Lehi, UT",1524,144,1519,144,2009,0.0032808398950131545,False
39340,"Provo-Orem-Lehi, UT",1985,342,1980,342,2010,0.0025188916876573986,False
39340,"Provo-Orem-Lehi, UT",1932,434,1928,434,2011,0.0020703933747412417,False
39340,"Provo-Orem-Lehi, UT",2439,134,2434,134,2012,0.0020500205002049743,False
39340,"Provo-Orem-Lehi, UT",3423,659,3417,659,2013,0.0017528483786152238,False
39340,"Provo-Orem-Lehi, UT",5295,2421,5286,2421,2014,0.0016997167138810276,False
39340,"Provo-Orem-Lehi, UT",4549,1303,4529,1303,2015,0.0043965706748736455,False
39340,"Provo-Orem-Lehi, UT",5317,756,5303,756,2016,0.0026330637577581806,False
39340,"Provo-Orem-Lehi, UT",7245,1679,7228,1679,2017,0.0023464458247066666,False
39340,"Provo-Orem-Lehi, UT",6841,1254,6798,1248,2018,0.006285630755737515,False
39340,"Provo-Orem-Lehi, UT",6947,1435,6935,1435,2019,0.001727364329926595,False
39340,"Provo-Orem-Lehi, UT",7967,724,7832,724,2020,0.016944897703024986,False
39340,"Provo-Orem-Lehi, UT",11175,3265,11144,3265,2021,0.0027740492170021946,False
39340,"Provo-Orem-Lehi, UT",8287,2824,8276,2824,2022,0.001327380234101616,False
39340,"Provo-Orem-Lehi, UT",6181,1346,6133,1346,2023,0.007765733700048516,False
39340,"Provo-Orem-Lehi, UT",6428,1047,6267,1047,2024,0.025046670815183525,False
39340,"Provo-Orem-Lehi, UT",7304,1695,7265,1695,2025,0.005339539978094221,False
39580,"Raleigh-Cary, NC",5091,919,5091,919,1990,0.0,False
39580,"Raleigh-Cary, NC",5570,728,5568,728,1991,0.00035906642728900096,False
39580,"Raleigh-Cary, NC",7027,560,7027,560,1992,0.0,False
39580,"Raleigh-Cary, NC",8179,806,8085,786,1993,0.011492847536373585,False
39580,"Raleigh-Cary, NC",11428,3362,11320,3322,1994,0.009450472523626186,False
39580,"Raleigh-Cary, NC",10356,2758,10127,2706,1995,0.022112784859018908,False
39580,"Raleigh-Cary, NC",10729,2089,10558,2024,1996,0.01593811165998693,False
39580,"Raleigh-Cary, NC",11917,2350,10814,1908,1997,0.09255685155659976,False
39580,"Raleigh-Cary, NC",14401,3336,14261,3336,1998,0.00972154711478368,False
39580,"Raleigh-Cary, NC",16092,4533,15720,4448,1999,0.023117076808351955,False
39580,"Raleigh-Cary, NC",14202,4543,13796,4381,2000,0.028587522884100824,False
39580,"Raleigh-Cary, NC",13782,2910,13754,2910,2001,0.0020316354665506076,False
39580,"Raleigh-Cary, NC",11678,708,11678,708,2002,0.0,False
39580,"Raleigh-Cary, NC",12660,1999,12660,1999,2003,0.0,False
39580,"Raleigh-Cary, NC",14404,2198,14404,2198,2004,0.0,False
39580,"Raleigh-Cary, NC",14614,478,14565,478,2005,0.0033529492267688754,False
39580,"Raleigh-Cary, NC",17712,4008,17709,4008,2006,0.00016937669376693165,False
39580,"Raleigh-Cary, NC",16614,3658,16584,3658,2007,0.0018057060310581186,False
39580,"Raleigh-Cary, NC",11397,4792,11387,4792,2008,0.0008774238834781123,False
39580,"Raleigh-Cary, NC",4894,501,4888,501,2009,0.001225991009399241,False
39580,"Raleigh-Cary, NC",5213,543,5213,543,2010,0.0,False
39580,"Raleigh-Cary, NC",6366,1591,6366,1591,2011,0.0,False
39580,"Raleigh-Cary, NC",12926,6396,12926,6396,2012,0.0,False
39580,"Raleigh-Cary, NC",11431,3387,11418,3387,2013,0.0011372583326043628,False
39580,"Raleigh-Cary, NC",11647,3963,11628,3963,2014,0.0016313213703099683,False
39580,"Raleigh-Cary, NC",11987,3267,11871,3267,2015,0.009677150246099941,False
39580,"Raleigh-Cary, NC",13514,4037,13490,4037,2016,0.0017759360663016643,False
39580,"Raleigh-Cary, NC",14180,3396,13978,3396,2017,0.01424541607898444,False
39580,"Raleigh-Cary, NC",15950,4689,15861,4689,2018,0.005579937304075244,False
39580,"Raleigh-Cary, NC",13320,2117,13320,2117,2019,0.0,False
39580,"Raleigh-Cary, NC",16958,4229,16800,4204,2020,0.009317136454770614,False
39580,"Raleigh-Cary, NC",21649,7368,21649,7368,2021,0.0,False
39580,"Raleigh-Cary, NC",22390,9846,22390,9846,2022,0.0,False
39580,"Raleigh-Cary, NC",20619,8387,20582,8387,2023,0.0017944614190794628,False
39580,"Raleigh-Cary, NC",18979,5574,18817,5574,2024,0.008535750039517342,False
39580,"Raleigh-Cary, NC",17543,5542,17463,5542,2025,0.004560223450949086,False
39900,"Reno, NV",2698,642,2629,642,1990,0.025574499629355096,False
39900,"Reno, NV",1777,39,1708,39,1991,0.03882948790095664,False
39900,"Reno, NV",2282,72,2249,72,1992,0.01446099912357579,False
39900,"Reno, NV",2783,214,2544,214,1993,0.08587854832914121,False
39900,"Reno, NV",3670,580,3347,547,1994,0.08801089918256133,False
39900,"Reno, NV",3473,686,3100,666,1995,0.10739994241289952,False
39900,"Reno, NV",4624,1431,4450,1426,1996,0.03762975778546718,False
39900,"Reno, NV",3863,784,3630,754,1997,0.06031581672275432,False
39900,"Reno, NV",5148,1663,4935,1617,1998,0.04137529137529139,False
39900,"Reno, NV",4656,1324,4459,1293,1999,0.042310996563573844,False
39900,"Reno, NV",4801,1392,4568,1337,2000,0.04853155592584879,False
39900,"Reno, NV",5182,1096,4931,1037,2001,0.04843689695098419,False
39900,"Reno, NV",5254,856,5254,856,2002,0.0,False
39900,"Reno, NV",5520,731,5520,731,2003,0.0,False
39900,"Reno, NV",6674,698,6674,698,2004,0.0,False
39900,"Reno, NV",7062,1149,6931,1103,2005,0.018549985839705463,False
39900,"Reno, NV",4294,295,4241,295,2006,0.012342803912435918,False
39900,"Reno, NV",2467,49,2432,44,2007,0.014187271990271588,False
39900,"Reno, NV",2025,970,1998,965,2008,0.013333333333333308,False
39900,"Reno, NV",812,272,812,272,2009,0.0,False
39900,"Reno, NV",659,134,653,134,2010,0.009104704097116834,False
39900,"Reno, NV",604,22,598,22,2011,0.009933774834437137,False
39900,"Reno, NV",897,66,891,66,2012,0.006688963210702337,False
39900,"Reno, NV",1825,463,1816,463,2013,0.004931506849315093,False
39900,"Reno, NV",2356,686,2356,686,2014,0.0,False
39900,"Reno, NV",2966,773,2966,773,2015,0.0,False
39900,"Reno, NV",3824,1610,3801,1610,2016,0.006014644351464482,False
39900,"Reno, NV",4910,2416,4906,2416,2017,0.0008146639511201759,False
39900,"Reno, NV",4781,2155,4781,2155,2018,0.0,False
39900,"Reno, NV",5558,3002,5558,3002,2019,0.0,False
39900,"Reno, NV",4833,1779,1000,0,2020,0.7930891785640389,True
39900,"Reno, NV",6152,2706,1516,285,2021,0.7535760728218466,True
39900,"Reno, NV",6053,3443,1802,1012,2022,0.7022963819593591,True
39900,"Reno, NV",4650,2144,795,63,2023,0.8290322580645162,True
39900,"Reno, NV",4391,1714,1459,508,2024,0.6677294465953085,True
39900,"Reno, NV",2951,965,1517,512,2025,0.4859369705184683,True
40060,"Richmond, VA",7083,659,7083,659,1990,0.0,False
40060,"Richmond, VA",5520,68,5480,68,1991,0.007246376811594235,False
40060,"Richmond, VA",6093,227,6068,227,1992,0.004103069095683587,False
40060,"Richmond, VA",6758,335,6708,335,1993,0.007398638650488287,False
40060,"Richmond, VA",6820,294,6820,294,1994,0.0,False
40060,"Richmond, VA",6195,363,6155,363,1995,0.006456820016142006,False
40060,"Richmond, VA",6434,693,6344,693,1996,0.013988187752564496,False
40060,"Richmond, VA",7694,1705,7691,1705,1997,0.0003899142188718008,False
40060,"Richmond, VA",7586,979,7398,979,1998,0.024782494068020022,False
40060,"Richmond, VA",8069,1260,7854,1189,1999,0.026645185276986005,False
40060,"Richmond, VA",6110,75,6104,75,2000,0.0009819967266775365,False
40060,"Richmond, VA",8368,1478,8358,1478,2001,0.001195028680688326,False
40060,"Richmond, VA",8912,1714,8834,1714,2002,0.008752244165170509,False
40060,"Richmond, VA",8253,1316,8253,1316,2003,0.0,False
40060,"Richmond, VA",8072,1086,7844,1086,2004,0.028245787908820597,False
40060,"Richmond, VA",8395,871,8386,871,2005,0.0010720667063728317,False
40060,"Richmond, VA",6889,315,6711,315,2006,0.025838292930759232,False
40060,"Richmond, VA",6267,912,6267,912,2007,0.0,False
40060,"Richmond, VA",4458,958,4458,958,2008,0.0,False
40060,"Richmond, VA",2987,534,2987,534,2009,0.0,False
40060,"Richmond, VA",3177,891,3177,891,2010,0.0,False
40060,"Richmond, VA",2520,320,2520,320,2011,0.0,False
40060,"Richmond, VA",3992,1250,3992,1250,2012,0.0,False
40060,"Richmond, VA",4747,1366,4736,1366,2013,0.0023172530018958915,False
40060,"Richmond, VA",4252,1006,4252,1006,2014,0.0,False
40060,"Richmond, VA",4811,1154,4810,1154,2015,0.0002078569943878561,False
40060,"Richmond, VA",4834,777,4834,777,2016,0.0,False
40060,"Richmond, VA",7070,2350,7059,2350,2017,0.0015558698727015097,False
40060,"Richmond, VA",5972,1184,5925,1184,2018,0.007870060281312763,False
40060,"Richmond, VA",8340,3489,8340,3489,2019,0.0,False
40060,"Richmond, VA",8190,2259,8097,2219,2020,0.011355311355311315,False
40060,"Richmond, VA",9547,3154,9507,3154,2021,0.00418979784225415,False
40060,"Richmond, VA",10414,5766,10191,5668,2022,0.021413481851353944,False
40060,"Richmond, VA",9973,5151,9855,5151,2023,0.011831946254888148,False
40060,"Richmond, VA",8642,3408,8544,3408,2024,0.011339967600092593,False
40060,"Richmond, VA",9091,4372,9083,4372,2025,0.0008799912000879706,False
40140,"Riverside-San Bernardino-Ontario, CA",28612,4829,28559,4829,1990,0.0018523696351181451,False
40140,"Riverside-San Bernardino-Ontario, CA",16092,2478,16072,2478,1991,0.0012428535918468375,False
40140,"Riverside-San Bernardino-Ontario, CA",15471,992,15440,986,1992,0.002003748949647721,False
40140,"Riverside-San Bernardino-Ontario, CA",13052,507,13011,507,1993,0.0031412810297272165,False
40140,"Riverside-San Bernardino-Ontario, CA",12824,193,12701,193,1994,0.009591391141609451,False
40140,"Riverside-San Bernardino-Ontario, CA",10698,147,10615,147,1995,0.007758459525144867,False
40140,"Riverside-San Bernardino-Ontario, CA",12362,578,12145,578,1996,0.017553793884484747,False
40140,"Riverside-San Bernardino-Ontario, CA",15195,1217,14958,1207,1997,0.015597235932872655,False
40140,"Riverside-San Bernardino-Ontario, CA",18654,2285,18239,2285,1998,0.02224723919802718,False
40140,"Riverside-San Bernardino-Ontario, CA",20921,1730,20660,1730,1999,0.012475503083026585,False
40140,"Riverside-San Bernardino-Ontario, CA",21496,2198,21191,2198,2000,0.01418868626721248,False
40140,"Riverside-San Bernardino-Ontario, CA",27417,3486,27409,3486,2001,0.00029178976547394875,False
40140,"Riverside-San Bernardino-Ontario, CA",32474,2113,32302,2103,2002,0.005296544928250269,False
40140,"Riverside-San Bernardino-Ontario, CA",42252,5568,42252,5568,2003,0.0,False
40140,"Riverside-San Bernardino-Ontario, CA",51463,7236,51320,7206,2004,0.002778695373375051,False
40140,"Riverside-San Bernardino-Ontario, CA",51008,4452,48769,3887,2005,0.04389507528230863,False
40140,"Riverside-San Bernardino-Ontario, CA",38089,3628,37553,3609,2006,0.01407230433983564,False
40140,"Riverside-San Bernardino-Ontario, CA",20086,3346,19870,3346,2007,0.010753758837000915,False
40140,"Riverside-San Bernardino-Ontario, CA",8946,2933,8921,2933,2008,0.0027945450480661993,False
40140,"Riverside-San Bernardino-Ontario, CA",6335,1380,6259,1355,2009,0.011996842936069507,False
40140,"Riverside-San Bernardino-Ontario, CA",6336,875,6256,875,2010,0.012626262626262652,False
40140,"Riverside-San Bernardino-Ontario, CA",4736,1287,4663,1282,2011,0.015413851351351315,False
40140,"Riverside-San Bernardino-Ontario, CA",5949,1332,5879,1332,2012,0.011766683476214457,False
40140,"Riverside-San Bernardino-Ontario, CA",9348,2568,9151,2568,2013,0.021074026529739,False
40140,"Riverside-San Bernardino-Ontario, CA",10166,2649,9525,2446,2014,0.06305331497147348,False
40140,"Riverside-San Bernardino-Ontario, CA",9926,1880,9150,1741,2015,0.07817852105581302,False
40140,"Riverside-San Bernardino-Ontario, CA",10921,1934,10042,1818,2016,0.08048713487775849,False
40140,"Riverside-San Bernardino-Ontario, CA",14676,3274,13856,3147,2017,0.055873535023167054,False
40140,"Riverside-San Bernardino-Ontario, CA",14809,2773,14554,2689,2018,0.01721925855898443,False
40140,"Riverside-San Bernardino-Ontario, CA",14599,3171,14034,3040,2019,0.0387012809096513,False
40140,"Riverside-San Bernardino-Ontario, CA",15232,1800,14494,1709,2020,0.048450630252100835,False
40140,"Riverside-San Bernardino-Ontario, CA",15606,3058,15227,2926,2021,0.024285531205946453,False
40140,"Riverside-San Bernardino-Ontario, CA",16747,3657,16258,3591,2022,0.029199259568878033,False
40140,"Riverside-San Bernardino-Ontario, CA",20268,7348,19515,7309,2023,0.03715216104203667,False
40140,"Riverside-San Bernardino-Ontario, CA",15824,3728,15117,3703,2024,0.04467896865520726,False
40140,"Riverside-San Bernardino-Ontario, CA",15937,5415,15399,5395,2025,0.03375792181715509,False
40380,"Rochester, NY",3516,314,3502,314,1990,0.003981797497155881,False
40380,"Rochester, NY",2996,171,2953,171,1991,0.014352469959946546,False
40380,"Rochester, NY",3660,475,3635,475,1992,0.006830601092896127,False
40380,"Rochester, NY",3218,447,3085,428,1993,0.0413300186451212,False
40380,"Rochester, NY",3353,775,3219,750,1994,0.03996421115419024,False
40380,"Rochester, NY",2725,435,2501,366,1995,0.0822018348623853,False
40380,"Rochester, NY",2986,519,2832,498,1996,0.05157401205626255,False
40380,"Rochester, NY",2890,679,2562,547,1997,0.11349480968858128,False
40380,"Rochester, NY",3138,701,2825,597,1998,0.09974506054811982,False
40380,"Rochester, NY",4105,1415,3807,1257,1999,0.07259439707673565,False
40380,"Rochester, NY",3285,804,2855,619,2000,0.1308980213089802,False
40380,"Rochester, NY",3004,433,2812,331,2001,0.06391478029294273,False
40380,"Rochester, NY",2991,403,2868,331,2002,0.04112337011033096,False
40380,"Rochester, NY",3422,615,3422,615,2003,0.0,False
40380,"Rochester, NY",3045,517,2950,517,2004,0.031198686371100126,False
40380,"Rochester, NY",2730,419,2656,419,2005,0.02710622710622712,False
40380,"Rochester, NY",2288,234,2167,199,2006,0.05288461538461542,False
40380,"Rochester, NY",1906,221,1790,174,2007,0.060860440713536246,False
40380,"Rochester, NY",1898,320,1806,268,2008,0.048472075869336106,False
40380,"Rochester, NY",1625,375,1519,328,2009,0.0652307692307692,False
40380,"Rochester, NY",1449,193,1415,188,2010,0.02346445824706689,False
40380,"Rochester, NY",1523,253,1478,238,2011,0.029546946815495745,False
40380,"Rochester, NY",1600,350,1488,300,2012,0.06999999999999995,False
40380,"Rochester, NY",1292,151,1175,136,2013,0.09055727554179571,False
40380,"Rochester, NY",1721,428,1669,418,2014,0.030214991284137183,False
40380,"Rochester, NY",2602,1072,2536,1057,2015,0.025365103766333608,False
40380,"Rochester, NY",2016,609,1976,604,2016,0.019841269841269882,False
40380,"Rochester, NY",1718,543,1611,503,2017,0.06228172293364376,False
40380,"Rochester, NY",2134,968,2021,938,2018,0.05295220243673848,False
40380,"Rochester, NY",1894,743,1869,738,2019,0.013199577613516422,False
40380,"Rochester, NY",2164,964,2123,964,2020,0.018946395563770757,False
40380,"Rochester, NY",1706,453,1662,453,2021,0.02579132473622514,False
40380,"Rochester, NY",2577,1272,2441,1252,2022,0.05277454404346138,False
40380,"Rochester, NY",1656,642,1444,537,2023,0.1280193236714976,False
40380,"Rochester, NY",1801,724,1539,630,2024,0.14547473625763463,False
40380,"Rochester, NY",1750,404,1534,340,2025,0.12342857142857144,False
40900,"Sacramento-Roseville-Folsom, CA",16345,2620,16345,2620,1990,0.0,False
40900,"Sacramento-Roseville-Folsom, CA",9825,1798,9825,1798,1991,0.0,False
40900,"Sacramento-Roseville-Folsom, CA",9023,962,8983,962,1992,0.004433115371827556,False
40900,"Sacramento-Roseville-Folsom, CA",8635,561,8602,561,1993,0.003821656050955413,False
40900,"Sacramento-Roseville-Folsom, CA",9343,378,9322,378,1994,0.002247672053944161,False
40900,"Sacramento-Roseville-Folsom, CA",8043,402,8009,402,1995,0.004227278378714394,False
40900,"Sacramento-Roseville-Folsom, CA",8974,816,8974,816,1996,0.0,False
40900,"Sacramento-Roseville-Folsom, CA",9804,1204,9804,1204,1997,0.0,False
40900,"Sacramento-Roseville-Folsom, CA",14336,3421,14336,3421,1998,0.0,False
40900,"Sacramento-Roseville-Folsom, CA",14475,3316,14363,3277,1999,0.007737478411053544,False
40900,"Sacramento-Roseville-Folsom, CA",16793,3189,16789,3189,2000,0.00023819448579764924,False
40900,"Sacramento-Roseville-Folsom, CA",18434,3452,18317,3452,2001,0.006346967559943573,False
40900,"Sacramento-Roseville-Folsom, CA",22099,4182,21933,4182,2002,0.00751165211095528,False
40900,"Sacramento-Roseville-Folsom, CA",22832,4446,22832,4446,2003,0.0,False
40900,"Sacramento-Roseville-Folsom, CA",21999,3170,21995,3170,2004,0.00018182644665665215,False
40900,"Sacramento-Roseville-Folsom, CA",20182,3493,20116,3493,2005,0.003270240808641356,False
40900,"Sacramento-Roseville-Folsom, CA",11877,2858,11876,2858,2006,8.419634587863989e-05,False
40900,"Sacramento-Roseville-Folsom, CA",8050,923,8048,923,2007,0.0002484472049689712,False
40900,"Sacramento-Roseville-Folsom, CA",5511,1525,5402,1520,2008,0.01977862456904378,False
40900,"Sacramento-Roseville-Folsom, CA",2710,259,2691,259,2009,0.007011070110701123,False
40900,"Sacramento-Roseville-Folsom, CA",2702,506,2691,506,2010,0.004071058475203504,False
40900,"Sacramento-Roseville-Folsom, CA",2491,610,2465,610,2011,0.010437575270975552,False
40900,"Sacramento-Roseville-Folsom, CA",3408,518,3382,518,2012,0.007629107981220629,False
40900,"Sacramento-Roseville-Folsom, CA",4189,598,4168,598,2013,0.005013129625208834,False
40900,"Sacramento-Roseville-Folsom, CA",4159,423,4131,423,2014,0.006732387593171407,False
40900,"Sacramento-Roseville-Folsom, CA",6184,905,6149,905,2015,0.00565976714100902,False
40900,"Sacramento-Roseville-Folsom, CA",7204,939,7175,939,2016,0.004025541365907825,False
40900,"Sacramento-Roseville-Folsom, CA",9503,2596,9487,2596,2017,0.001683678838261593,False
40900,"Sacramento-Roseville-Folsom, CA",7873,1425,7858,1425,2018,0.0019052457767051445,False
40900,"Sacramento-Roseville-Folsom, CA",9431,2037,9431,2037,2019,0.0,False
40900,"Sacramento-Roseville-Folsom, CA",11164,3684,11134,3671,2020,0.002687208885704062,False
40900,"Sacramento-Roseville-Folsom, CA",12434,2856,12434,2856,2021,0.0,False
40900,"Sacramento-Roseville-Folsom, CA",10800,2327,10800,2327,2022,0.0,False
40900,"Sacramento-Roseville-Folsom, CA",11941,3809,11864,3809,2023,0.00644837115819441,False
40900,"Sacramento-Roseville-Folsom, CA",11613,2701,11563,2701,2024,0.004305519676224945,False
40900,"Sacramento-Roseville-Folsom, CA",10689,2550,10651,2550,2025,0.003555056600243245,False
41180,"St. Louis, MO-IL",8512,734,8484,707,1990,0.003289473684210509,False
41180,"St. Louis, MO-IL",8584,596,8490,596,1991,0.010950605778191957,False
41180,"St. Louis, MO-IL",10748,346,10621,341,1992,0.011816151842203193,False
41180,"St. Louis, MO-IL",11866,519,11622,509,1993,0.020562952974886195,False
41180,"St. Louis, MO-IL",13295,730,12983,705,1994,0.02346746897329821,False
41180,"St. Louis, MO-IL",11636,937,11388,912,1995,0.021313166036438624,False
41180,"St. Louis, MO-IL",12774,1044,12579,1044,1996,0.015265382808830386,False
41180,"St. Louis, MO-IL",11175,1095,10978,1075,1997,0.017628635346756183,False
41180,"St. Louis, MO-IL",12413,1254,11937,1194,1998,0.038346894384919006,False
41180,"St. Louis, MO-IL",12739,1427,12446,1327,1999,0.0230002354972918,False
41180,"St. Louis, MO-IL",12307,2046,12022,1957,2000,0.02315755261233443,False
41180,"St. Louis, MO-IL",12077,1397,11635,1173,2001,0.03659849300322926,False
41180,"St. Louis, MO-IL",14340,1989,14170,1984,2002,0.011854951185495066,False
41180,"St. Louis, MO-IL",14753,1757,14753,1757,2003,0.0,False
41180,"St. Louis, MO-IL",15713,1613,15446,1588,2004,0.016992299369948505,False
41180,"St. Louis, MO-IL",15502,1461,14636,1260,2005,0.0558637595149013,False
41180,"St. Louis, MO-IL",11807,1224,11449,1204,2006,0.030320996019310598,False
41180,"St. Louis, MO-IL",10311,1624,9677,1512,2007,0.06148773154883136,False
41180,"St. Louis, MO-IL",5734,737,5464,727,2008,0.04708754795953962,False
41180,"St. Louis, MO-IL",5160,860,4538,792,2009,0.12054263565891477,False
41180,"St. Louis, MO-IL",5654,1043,5067,875,2010,0.10382030420940924,False
41180,"St. Louis, MO-IL",4403,728,3766,605,2011,0.1446740858505564,False
41180,"St. Louis, MO-IL",5489,1299,4965,1064,2012,0.0954636545818911,False
41180,"St. Louis, MO-IL",5548,729,5141,565,2013,0.07335976928622923,False
41180,"St. Louis, MO-IL",6992,2276,6526,2055,2014,0.0666475972540046,False
41180,"St. Louis, MO-IL",7698,2495,7344,2301,2015,0.04598597038191743,False
41180,"St. Louis, MO-IL",7711,2205,7486,2155,2016,0.029179094799636873,False
41180,"St. Louis, MO-IL",7295,1572,6244,1354,2017,0.14407128169979433,False
41180,"St. Louis, MO-IL",7338,1954,7074,1924,2018,0.035977105478331994,False
41180,"St. Louis, MO-IL",7054,1630,6935,1630,2019,0.016869861071732384,False
41180,"St. Louis, MO-IL",7863,1977,7456,1785,2020,0.051761414218491675,False
41180,"St. Louis, MO-IL",8326,2435,8214,2435,2021,0.013451837617103002,False
41180,"St. Louis, MO-IL",9130,4202,8832,4071,2022,0.032639649507119395,False
41180,"St. Louis, MO-IL",7107,2282,6821,2164,2023,0.04024201491487267,False
41180,"St. Louis, MO-IL",7017,2017,6622,1892,2024,0.05629186261935304,False
41180,"St. Louis, MO-IL",6066,1523,5255,927,2025,0.13369601055060998,False
41620,"Salt Lake City-Murray, UT",2503,209,2497,209,1990,0.002397123451857719,False
41620,"Salt Lake City-Murray, UT",3335,89,3282,89,1991,0.01589205397301352,False
41620,"Salt Lake City-Murray, UT",4220,167,4220,167,1992,0.0,False
41620,"Salt Lake City-Murray, UT",6286,1468,6286,1468,1993,0.0,False
41620,"Salt Lake City-Murray, UT",5885,1077,5802,1060,1994,0.014103653355989842,False
41620,"Salt Lake City-Murray, UT",7599,2058,7495,2058,1995,0.013686011317278535,False
41620,"Salt Lake City-Murray, UT",9223,2881,9217,2881,1996,0.0006505475441830333,False
41620,"Salt Lake City-Murray, UT",6070,1108,5754,1108,1997,0.0520593080724876,False
41620,"Salt Lake City-Murray, UT",6979,1279,6955,1273,1998,0.0034388880928499788,False
41620,"Salt Lake City-Murray, UT",6193,1114,6124,1114,1999,0.011141611496851334,False
41620,"Salt Lake City-Murray, UT",5284,725,5278,725,2000,0.001135503406510252,False
41620,"Salt Lake City-Murray, UT",6014,1394,5949,1394,2001,0.010808114399733948,False
41620,"Salt Lake City-Murray, UT",6212,1278,5722,1117,2002,0.07887958789439797,False
41620,"Salt Lake City-Murray, UT",7517,1485,7517,1485,2003,0.0,False
41620,"Salt Lake City-Murray, UT",6960,1036,6075,875,2004,0.12715517241379315,False
41620,"Salt Lake City-Murray, UT",8335,1560,7478,1428,2005,0.10281943611277744,False
41620,"Salt Lake City-Murray, UT",6874,757,6177,619,2006,0.10139656677334885,False
41620,"Salt Lake City-Murray, UT",5093,1335,4600,1223,2007,0.09679952876497155,False
41620,"Salt Lake City-Murray, UT",3836,2118,3403,1876,2008,0.11287799791449427,False
41620,"Salt Lake City-Murray, UT",4310,2737,3998,2588,2009,0.0723897911832947,False
41620,"Salt Lake City-Murray, UT",2746,867,2468,738,2010,0.10123816460305901,False
41620,"Salt Lake City-Murray, UT",3349,1231,2901,978,2011,0.13377127500746488,False
41620,"Salt Lake City-Murray, UT",3764,1004,3178,707,2012,0.15568544102019133,False
41620,"Salt Lake City-Murray, UT",5302,1799,4924,1698,2013,0.07129385137683897,False
41620,"Salt Lake City-Murray, UT",5318,2010,4907,1894,2014,0.07728469349379463,False
41620,"Salt Lake City-Murray, UT",6755,2807,6466,2732,2015,0.04278312361213921,False
41620,"Salt Lake City-Murray, UT",8731,4217,8105,4042,2016,0.07169854541289655,False
41620,"Salt Lake City-Murray, UT",7367,2225,6494,2123,2017,0.1185014252748744,False
41620,"Salt Lake City-Murray, UT",8750,2862,7920,2685,2018,0.09485714285714286,False
41620,"Salt Lake City-Murray, UT",10680,5572,10179,5572,2019,0.04691011235955056,False
41620,"Salt Lake City-Murray, UT",11033,5290,9824,4861,2020,0.10958034985951237,False
41620,"Salt Lake City-Murray, UT",11642,5851,7668,2320,2021,0.3413502834564508,True
41620,"Salt Lake City-Murray, UT",10102,5932,6197,2258,2022,0.38655711740249454,True
41620,"Salt Lake City-Murray, UT",9235,5682,6278,3014,2023,0.32019491066594474,True
41620,"Salt Lake City-Murray, UT",5447,1666,5419,1666,2024,0.005140444281255707,False
41620,"Salt Lake City-Murray, UT",7702,4471,7671,4471,2025,0.004024928589976606,False
41700,"San Antonio-New Braunfels, TX",1889,70,1880,70,1990,0.004764425622022284,False
41700,"San Antonio-New Braunfels, TX",2256,31,2251,31,1991,0.002216312056737557,False
41700,"San Antonio-New Braunfels, TX",4191,365,4190,365,1992,0.00023860653781915264,False
41700,"San Antonio-New Braunfels, TX",6418,1258,6416,1258,1993,0.00031162355874103653,False
41700,"San Antonio-New Braunfels, TX",9721,3121,9559,3121,1994,0.01666495216541508,False
41700,"San Antonio-New Braunfels, TX",8555,1697,8377,1697,1995,0.020806545879602623,False
41700,"San Antonio-New Braunfels, TX",9992,2688,9832,2688,1996,0.01601281024819856,False
41700,"San Antonio-New Braunfels, TX",9381,2133,9329,2133,1997,0.005543119070461566,False
41700,"San Antonio-New Braunfels, TX",10022,1064,9987,1064,1998,0.003492316902813819,False
41700,"San Antonio-New Braunfels, TX",14216,4982,14167,4982,1999,0.003446820483961721,False
41700,"San Antonio-New Braunfels, TX",10976,2063,10770,2063,2000,0.01876822157434399,False
41700,"San Antonio-New Braunfels, TX",13136,3412,12832,3412,2001,0.023142509135200995,False
41700,"San Antonio-New Braunfels, TX",13253,2535,12840,2506,2002,0.031162755602505143,False
41700,"San Antonio-New Braunfels, TX",13375,2236,13375,2236,2003,0.0,False
41700,"San Antonio-New Braunfels, TX",17539,4538,17108,4538,2004,0.024573806944523602,False
41700,"San Antonio-New Braunfels, TX",22305,7294,20908,7018,2005,0.06263169692893966,False
41700,"San Antonio-New Braunfels, TX",19761,5382,18556,5186,2006,0.06097869541015133,False
41700,"San Antonio-New Braunfels, TX",13295,3637,12281,3408,2007,0.07626927416321927,False
41700,"San Antonio-New Braunfels, TX",10574,4377,10168,4331,2008,0.038396065821827086,False
41700,"San Antonio-New Braunfels, TX",5924,358,5267,338,2009,0.11090479405806886,False
41700,"San Antonio-New Braunfels, TX",6865,1645,6172,1620,2010,0.10094683175528041,False
41700,"San Antonio-New Braunfels, TX",7127,2684,6703,2644,2011,0.05949207240072962,False
41700,"San Antonio-New Braunfels, TX",8004,2760,7143,2667,2012,0.1075712143928036,False
41700,"San Antonio-New Braunfels, TX",6128,177,5440,116,2013,0.1122715404699739,False
41700,"San Antonio-New Braunfels, TX",10332,3878,9637,3818,2014,0.06726674409601241,False
41700,"San Antonio-New Braunfels, TX",7824,1186,7300,1114,2015,0.06697341513292432,False
41700,"San Antonio-New Braunfels, TX",12241,5430,11727,5365,2016,0.04199003349399555,False
41700,"San Antonio-New Braunfels, TX",12516,4596,11888,4534,2017,0.050175775007989754,False
41700,"San Antonio-New Braunfels, TX",11497,3360,10351,2961,2018,0.09967817691571712,False
41700,"San Antonio-New Braunfels, TX",15895,6550,15332,6516,2019,0.035419943378420915,False
41700,"San Antonio-New Braunfels, TX",16697,5836,15653,5454,2020,0.06252620231179251,False
41700,"San Antonio-New Braunfels, TX",22264,8076,21785,8016,2021,0.021514552641034856,False
41700,"San Antonio-New Braunfels, TX",24336,13738,23665,13738,2022,0.02757232084155159,False
41700,"San Antonio-New Braunfels, TX",16485,7248,15395,7089,2023,0.06612071580224443,False
41700,"San Antonio-New Braunfels, TX",14857,3803,13871,3660,2024,0.06636602275021874,False
41700,"San Antonio-New Braunfels, TX",10546,1846,9658,1713,2025,0.08420254124786652,False
41740,"San Diego-Chula Vista-Carlsbad, CA",15732,7953,15732,7953,1990,0.0,False
41740,"San Diego-Chula Vista-Carlsbad, CA",7891,1689,7891,1689,1991,0.0,False
41740,"San Diego-Chula Vista-Carlsbad, CA",6071,1745,6056,1745,1992,0.0024707626420688023,False
41740,"San Diego-Chula Vista-Carlsbad, CA",5750,1142,5750,1142,1993,0.0,False
41740,"San Diego-Chula Vista-Carlsbad, CA",6943,1107,6943,1107,1994,0.0,False
41740,"San Diego-Chula Vista-Carlsbad, CA",6633,1346,6633,1346,1995,0.0,False
41740,"San Diego-Chula Vista-Carlsbad, CA",6848,479,6848,479,1996,0.0,False
41740,"San Diego-Chula Vista-Carlsbad, CA",11139,2385,11139,2385,1997,0.0,False
41740,"San Diego-Chula Vista-Carlsbad, CA",11891,2291,11891,2291,1998,0.0,False
41740,"San Diego-Chula Vista-Carlsbad, CA",16295,5888,16061,5888,1999,0.014360233200368167,False
41740,"San Diego-Chula Vista-Carlsbad, CA",15592,5679,15270,5635,2000,0.020651616213442803,False
41740,"San Diego-Chula Vista-Carlsbad, CA",15405,5513,14992,5256,2001,0.026809477442388818,False
41740,"San Diego-Chula Vista-Carlsbad, CA",13684,4166,13147,3822,2002,0.03924291142940661,False
41740,"San Diego-Chula Vista-Carlsbad, CA",18031,6995,18031,6995,2003,0.0,False
41740,"San Diego-Chula Vista-Carlsbad, CA",15587,5218,15526,5169,2004,0.0039135176749856004,False
41740,"San Diego-Chula Vista-Carlsbad, CA",14306,5652,14258,5652,2005,0.0033552355654969945,False
41740,"San Diego-Chula Vista-Carlsbad, CA",9191,3947,9080,3942,2006,0.012077031879012101,False
41740,"San Diego-Chula Vista-Carlsbad, CA",7435,3543,7372,3518,2007,0.008473436449226601,False
41740,"San Diego-Chula Vista-Carlsbad, CA",5357,2828,5357,2828,2008,0.0,False
41740,"San Diego-Chula Vista-Carlsbad, CA",2946,1057,2946,1057,2009,0.0,False
41740,"San Diego-Chula Vista-Carlsbad, CA",3494,1033,3494,1033,2010,0.0,False
41740,"San Diego-Chula Vista-Carlsbad, CA",5370,2958,5367,2958,2011,0.0005586592178771221,False
41740,"San Diego-Chula Vista-Carlsbad, CA",5666,3020,5666,3020,2012,0.0,False
41740,"San Diego-Chula Vista-Carlsbad, CA",8264,5365,8264,5365,2013,0.0,False
41740,"San Diego-Chula Vista-Carlsbad, CA",6875,4097,6874,4097,2014,0.00014545454545455971,False
41740,"San Diego-Chula Vista-Carlsbad, CA",9883,6378,9772,6287,2015,0.01123140746736817,False
41740,"San Diego-Chula Vista-Carlsbad, CA",10791,7989,10744,7989,2016,0.004355481419701657,False
41740,"San Diego-Chula Vista-Carlsbad, CA",10441,5687,10391,5643,2017,0.004788813332056274,False
41740,"San Diego-Chula Vista-Carlsbad, CA",9834,5667,9798,5657,2018,0.0036607687614399476,False
41740,"San Diego-Chula Vista-Carlsbad, CA",8216,4681,8216,4681,2019,0.0,False
41740,"San Diego-Chula Vista-Carlsbad, CA",9472,6106,9472,6106,2020,0.0,False
41740,"San Diego-Chula Vista-Carlsbad, CA",10048,6399,10048,6399,2021,0.0,False
41740,"San Diego-Chula Vista-Carlsbad, CA",9346,5341,9346,5341,2022,0.0,False
41740,"San Diego-Chula Vista-Carlsbad, CA",11469,7952,10822,7424,2023,0.056412939227482806,False
41740,"San Diego-Chula Vista-Carlsbad, CA",11572,7248,11193,6939,2024,0.0327514690632561,False
41740,"San Diego-Chula Vista-Carlsbad, CA",11707,7311,11285,7057,2025,0.03604680960109341,False
41860,"San Francisco-Oakland-Fremont, CA",9702,3117,9654,3102,1990,0.0049474335188620655,False
41860,"San Francisco-Oakland-Fremont, CA",9044,3517,8960,3502,1991,0.009287925696594423,False
41860,"San Francisco-Oakland-Fremont, CA",8826,2051,8762,2029,1992,0.007251302968502182,False
41860,"San Francisco-Oakland-Fremont, CA",7484,1847,7407,1823,1993,0.010288615713522131,False
41860,"San Francisco-Oakland-Fremont, CA",9161,1882,9006,1837,1994,0.016919550267438077,False
41860,"San Francisco-Oakland-Fremont, CA",8596,1519,8491,1514,1995,0.012214983713355054,False
41860,"San Francisco-Oakland-Fremont, CA",10049,2531,9926,2478,1996,0.012240023882973405,False
41860,"San Francisco-Oakland-Fremont, CA",13637,4281,13540,4263,1997,0.0071130013932683145,False
41860,"San Francisco-Oakland-Fremont, CA",15235,5845,15169,5839,1998,0.0043321299638988675,False
41860,"San Francisco-Oakland-Fremont, CA",15202,4196,14946,4196,1999,0.016839889488225235,False
41860,"San Francisco-Oakland-Fremont, CA",15113,5782,14931,5777,2000,0.01204261232051873,False
41860,"San Francisco-Oakland-Fremont, CA",11101,3736,11069,3736,2001,0.0028826231871003083,False
41860,"San Francisco-Oakland-Fremont, CA",12541,3570,12309,3507,2002,0.01849932222310824,False
41860,"San Francisco-Oakland-Fremont, CA",14828,5741,14828,5741,2003,0.0,False
41860,"San Francisco-Oakland-Fremont, CA",15239,6795,14519,6595,2004,0.0472471946978148,False
41860,"San Francisco-Oakland-Fremont, CA",14883,6409,13903,6054,2005,0.06584693946113018,False
41860,"San Francisco-Oakland-Fremont, CA",14483,8213,13510,7769,2006,0.06718221362977284,False
41860,"San Francisco-Oakland-Fremont, CA",10560,5201,9713,4737,2007,0.08020833333333333,False
41860,"San Francisco-Oakland-Fremont, CA",7555,5020,7112,4772,2008,0.0586366644606221,False
41860,"San Francisco-Oakland-Fremont, CA",3550,1130,3310,1028,2009,0.06760563380281692,False
41860,"San Francisco-Oakland-Fremont, CA",4621,2346,4298,2163,2010,0.0698982904133304,False
41860,"San Francisco-Oakland-Fremont, CA",5783,3735,5485,3581,2011,0.05153034757046515,False
41860,"San Francisco-Oakland-Fremont, CA",9163,5842,8799,5684,2012,0.03972498090145149,False
41860,"San Francisco-Oakland-Fremont, CA",10922,7058,10420,6742,2013,0.045962277971067556,False
41860,"San Francisco-Oakland-Fremont, CA",10001,6126,9544,5833,2014,0.045695430456954345,False
41860,"San Francisco-Oakland-Fremont, CA",13386,8337,12912,8008,2015,0.03541012998655313,False
41860,"San Francisco-Oakland-Fremont, CA",14787,9585,13900,8879,2016,0.05998512206668016,False
41860,"San Francisco-Oakland-Fremont, CA",16952,11873,16034,11215,2017,0.054152902312411544,False
41860,"San Francisco-Oakland-Fremont, CA",17421,12960,16299,12317,2018,0.0644050284139831,False
41860,"San Francisco-Oakland-Fremont, CA",13881,9528,13438,9373,2019,0.031914127224263344,False
41860,"San Francisco-Oakland-Fremont, CA",10156,6586,8940,6092,2020,0.11973217802284364,False
41860,"San Francisco-Oakland-Fremont, CA",13606,8964,13003,8655,2021,0.044318682933999654,False
41860,"San Francisco-Oakland-Fremont, CA",11180,7566,10540,7292,2022,0.057245080500894496,False
41860,"San Francisco-Oakland-Fremont, CA",7530,4352,7265,4204,2023,0.035192563081009265,False
41860,"San Francisco-Oakland-Fremont, CA",5914,2990,5478,2767,2024,0.07372336827866077,False
41860,"San Francisco-Oakland-Fremont, CA",7750,4884,7306,4586,2025,0.05729032258064515,False
41940,"San Jose-Sunnyvale-Santa Clara, CA",5265,3020,5265,3020,1990,0.0,False
41940,"San Jose-Sunnyvale-Santa Clara, CA",4010,1960,3914,1960,1991,0.02394014962593516,False
41940,"San Jose-Sunnyvale-Santa Clara, CA",3416,1351,3414,1351,1992,0.0005854800936767601,False
41940,"San Jose-Sunnyvale-Santa Clara, CA",3866,1494,3769,1494,1993,0.025090532850491454,False
41940,"San Jose-Sunnyvale-Santa Clara, CA",4457,1567,4349,1567,1994,0.0242315458828809,False
41940,"San Jose-Sunnyvale-Santa Clara, CA",3825,1049,3813,1049,1995,0.0031372549019608176,False
41940,"San Jose-Sunnyvale-Santa Clara, CA",8014,3161,7969,3161,1996,0.005615173446468669,False
41940,"San Jose-Sunnyvale-Santa Clara, CA",8848,3866,8696,3786,1997,0.01717902350813738,False
41940,"San Jose-Sunnyvale-Santa Clara, CA",8073,3314,8013,3314,1998,0.007432181345224831,False
41940,"San Jose-Sunnyvale-Santa Clara, CA",7302,3342,7237,3342,1999,0.008901670775130155,False
41940,"San Jose-Sunnyvale-Santa Clara, CA",7177,3587,7149,3573,2000,0.003901351539640552,False
41940,"San Jose-Sunnyvale-Santa Clara, CA",6301,4240,6254,4219,2001,0.007459133470877677,False
41940,"San Jose-Sunnyvale-Santa Clara, CA",4621,2211,4605,2196,2002,0.003462454014282579,False
41940,"San Jose-Sunnyvale-Santa Clara, CA",7103,4388,7103,4388,2003,0.0,False
41940,"San Jose-Sunnyvale-Santa Clara, CA",5492,2497,5096,2242,2004,0.07210487982520031,False
41940,"San Jose-Sunnyvale-Santa Clara, CA",5736,3090,5694,3090,2005,0.007322175732217606,False
41940,"San Jose-Sunnyvale-Santa Clara, CA",6150,3899,6105,3899,2006,0.007317073170731714,False
41940,"San Jose-Sunnyvale-Santa Clara, CA",4194,2153,4154,2148,2007,0.009537434430138325,False
41940,"San Jose-Sunnyvale-Santa Clara, CA",3490,2433,3481,2433,2008,0.002578796561604535,False
41940,"San Jose-Sunnyvale-Santa Clara, CA",1094,417,1094,417,2009,0.0,False
41940,"San Jose-Sunnyvale-Santa Clara, CA",4179,3291,4058,3216,2010,0.028954295285953613,False
41940,"San Jose-Sunnyvale-Santa Clara, CA",3097,2043,3096,2043,2011,0.0003228931223765441,False
41940,"San Jose-Sunnyvale-Santa Clara, CA",5532,3941,5520,3941,2012,0.002169197396963085,False
41940,"San Jose-Sunnyvale-Santa Clara, CA",7764,5758,7764,5758,2013,0.0,False
41940,"San Jose-Sunnyvale-Santa Clara, CA",10037,8017,9529,7613,2014,0.05061273288831325,False
41940,"San Jose-Sunnyvale-Santa Clara, CA",5788,3779,5757,3779,2015,0.005355908776779494,False
41940,"San Jose-Sunnyvale-Santa Clara, CA",6167,3944,6163,3944,2016,0.000648613588454694,False
41940,"San Jose-Sunnyvale-Santa Clara, CA",8539,5865,8508,5865,2017,0.0036304016863801802,False
41940,"San Jose-Sunnyvale-Santa Clara, CA",8744,6236,8510,6236,2018,0.026761207685269905,False
41940,"San Jose-Sunnyvale-Santa Clara, CA",6230,3552,6230,3552,2019,0.0,False
41940,"San Jose-Sunnyvale-Santa Clara, CA",5851,4008,5315,3575,2020,0.09160827209024103,False
41940,"San Jose-Sunnyvale-Santa Clara, CA",4529,2087,4529,2087,2021,0.0,False
41940,"San Jose-Sunnyvale-Santa Clara, CA",9428,5472,9428,5472,2022,0.0,False
41940,"San Jose-Sunnyvale-Santa Clara, CA",6227,4131,6227,4131,2023,0.0,False
41940,"San Jose-Sunnyvale-Santa Clara, CA",4115,1874,4108,1874,2024,0.0017010935601458055,False
41940,"San Jose-Sunnyvale-Santa Clara, CA",5570,3483,5474,3483,2025,0.017235188509874377,False
42540,"Scranton--Wilkes-Barre, PA",1900,341,1656,341,1990,0.128421052631579,False
42540,"Scranton--Wilkes-Barre, PA",1623,25,1395,25,1991,0.14048059149722736,False
42540,"Scranton--Wilkes-Barre, PA",1692,41,1668,41,1992,0.014184397163120588,False
42540,"Scranton--Wilkes-Barre, PA",1401,5,1283,5,1993,0.08422555317630265,False
42540,"Scranton--Wilkes-Barre, PA",1338,5,1160,5,1994,0.13303437967115095,False
42540,"Scranton--Wilkes-Barre, PA",1159,41,982,41,1995,0.15271786022433131,False
42540,"Scranton--Wilkes-Barre, PA",1194,66,979,44,1996,0.18006700167504186,False
42540,"Scranton--Wilkes-Barre, PA",1298,122,1070,101,1997,0.17565485362095534,False
42540,"Scranton--Wilkes-Barre, PA",1158,43,992,43,1998,0.14335060449050085,False
42540,"Scranton--Wilkes-Barre, PA",1147,40,946,40,1999,0.17523975588491714,False
42540,"Scranton--Wilkes-Barre, PA",1221,120,1005,114,2000,0.17690417690417692,False
42540,"Scranton--Wilkes-Barre, PA",1178,21,995,21,2001,0.1553480475382003,False
42540,"Scranton--Wilkes-Barre, PA",1521,89,1369,89,2002,0.09993425378040766,False
42540,"Scranton--Wilkes-Barre, PA",1530,58,1530,58,2003,0.0,False
42540,"Scranton--Wilkes-Barre, PA",1598,43,1285,26,2004,0.19586983729662077,False
42540,"Scranton--Wilkes-Barre, PA",1382,31,845,0,2005,0.3885672937771346,True
42540,"Scranton--Wilkes-Barre, PA",1474,81,1079,65,2006,0.26797829036635,True
42540,"Scranton--Wilkes-Barre, PA",1416,101,910,0,2007,0.3573446327683616,True
42540,"Scranton--Wilkes-Barre, PA",700,29,692,29,2008,0.011428571428571455,False
42540,"Scranton--Wilkes-Barre, PA",708,34,641,34,2009,0.09463276836158196,False
42540,"Scranton--Wilkes-Barre, PA",687,0,625,0,2010,0.09024745269286749,False
42540,"Scranton--Wilkes-Barre, PA",439,8,434,8,2011,0.011389521640091105,False
42540,"Scranton--Wilkes-Barre, PA",470,0,461,0,2012,0.019148936170212738,False
42540,"Scranton--Wilkes-Barre, PA",516,65,473,65,2013,0.08333333333333337,False
42540,"Scranton--Wilkes-Barre, PA",2301,82,2271,82,2014,0.013037809647979182,False
42540,"Scranton--Wilkes-Barre, PA",831,11,830,11,2015,0.001203369434416346,False
42540,"Scranton--Wilkes-Barre, PA",1018,152,559,152,2016,0.4508840864440079,True
42540,"Scranton--Wilkes-Barre, PA",580,118,350,48,2017,0.39655172413793105,True
42540,"Scranton--Wilkes-Barre, PA",553,32,550,32,2018,0.005424954792043413,False
42540,"Scranton--Wilkes-Barre, PA",528,61,287,20,2019,0.4564393939393939,True
42540,"Scranton--Wilkes-Barre, PA",584,114,330,75,2020,0.43493150684931503,True
42540,"Scranton--Wilkes-Barre, PA",644,77,381,38,2021,0.4083850931677019,True
42540,"Scranton--Wilkes-Barre, PA",608,46,531,16,2022,0.1266447368421053,False
42540,"Scranton--Wilkes-Barre, PA",573,35,513,15,2023,0.10471204188481675,False
42540,"Scranton--Wilkes-Barre, PA",596,16,347,11,2024,0.41778523489932884,True
42540,"Scranton--Wilkes-Barre, PA",639,55,408,50,2025,0.3615023474178404,True
42660,"Seattle-Tacoma-Bellevue, WA",28716,12998,28532,12921,1990,0.006407577657055352,False
42660,"Seattle-Tacoma-Bellevue, WA",14610,4120,14426,4061,1991,0.012594113620807645,False
42660,"Seattle-Tacoma-Bellevue, WA",18753,5256,18307,5208,1992,0.023782861408841227,False
42660,"Seattle-Tacoma-Bellevue, WA",18000,4479,17598,4370,1993,0.022333333333333316,False
42660,"Seattle-Tacoma-Bellevue, WA",18608,4129,17213,3850,1994,0.07496775580395532,False
42660,"Seattle-Tacoma-Bellevue, WA",17412,4565,15566,4237,1995,0.1060188375832759,False
42660,"Seattle-Tacoma-Bellevue, WA",19858,5828,17885,5519,1996,0.09935542350689897,False
42660,"Seattle-Tacoma-Bellevue, WA",22282,6958,20457,6665,1997,0.08190467642042909,False
42660,"Seattle-Tacoma-Bellevue, WA",27215,10941,24988,10407,1998,0.08182987323167368,False
42660,"Seattle-Tacoma-Bellevue, WA",24741,9959,22741,9640,1999,0.0808374762539914,False
42660,"Seattle-Tacoma-Bellevue, WA",22525,8931,21721,8850,2000,0.03569367369589349,False
42660,"Seattle-Tacoma-Bellevue, WA",21097,7934,19373,7633,2001,0.08171777977911554,False
42660,"Seattle-Tacoma-Bellevue, WA",20991,5592,19526,5395,2002,0.06979181553999336,False
42660,"Seattle-Tacoma-Bellevue, WA",20601,4099,20601,4099,2003,0.0,False
42660,"Seattle-Tacoma-Bellevue, WA",24135,6243,21950,5940,2004,0.09053242179407495,False
42660,"Seattle-Tacoma-Bellevue, WA",25519,6365,23447,5866,2005,0.08119440416944235,False
42660,"Seattle-Tacoma-Bellevue, WA",25743,8752,24086,8214,2006,0.06436701239171816,False
42660,"Seattle-Tacoma-Bellevue, WA",25403,10497,24090,9975,2007,0.05168680864464825,False
42660,"Seattle-Tacoma-Bellevue, WA",15512,7071,15410,7007,2008,0.006575554409489426,False
42660,"Seattle-Tacoma-Bellevue, WA",7419,1740,7348,1713,2009,0.009570022914139331,False
42660,"Seattle-Tacoma-Bellevue, WA",10040,3483,9912,3402,2010,0.012749003984063756,False
42660,"Seattle-Tacoma-Bellevue, WA",11230,4778,10954,4676,2011,0.024577025823686593,False
42660,"Seattle-Tacoma-Bellevue, WA",17666,9158,17382,9012,2012,0.01607607834257896,False
42660,"Seattle-Tacoma-Bellevue, WA",19517,10134,19246,10013,2013,0.013885330737305912,False
42660,"Seattle-Tacoma-Bellevue, WA",21953,12401,21666,12277,2014,0.01307338404773839,False
42660,"Seattle-Tacoma-Bellevue, WA",25008,15317,24890,15259,2015,0.004718490083173377,False
42660,"Seattle-Tacoma-Bellevue, WA",25489,15085,25287,14925,2016,0.007924987249401716,False
42660,"Seattle-Tacoma-Bellevue, WA",27334,16239,26966,16019,2017,0.01346308626618864,False
42660,"Seattle-Tacoma-Bellevue, WA",28186,17596,27699,17555,2018,0.017278081316965843,False
42660,"Seattle-Tacoma-Bellevue, WA",26599,16426,26113,16353,2019,0.018271363585097178,False
42660,"Seattle-Tacoma-Bellevue, WA",23039,12934,22194,12598,2020,0.03667693910325964,False
42660,"Seattle-Tacoma-Bellevue, WA",30743,20321,30085,20046,2021,0.021403246267442944,False
42660,"Seattle-Tacoma-Bellevue, WA",26661,17980,25512,17450,2022,0.043096658039833424,False
42660,"Seattle-Tacoma-Bellevue, WA",17223,9635,16694,9419,2023,0.030714741914881216,False
42660,"Seattle-Tacoma-Bellevue, WA",17920,10048,17359,9899,2024,0.03130580357142854,False
42660,"Seattle-Tacoma-Bellevue, WA",15659,8199,14837,7788,2025,0.05249377354875795,False
44060,"Spokane-Spokane Valley, WA",1916,318,1902,318,1990,0.007306889352818424,False
44060,"Spokane-Spokane Valley, WA",2643,744,2607,734,1991,0.01362088535754824,False
44060,"Spokane-Spokane Valley, WA",3041,714,3041,714,1992,0.0,False
44060,"Spokane-Spokane Valley, WA",3598,950,3598,950,1993,0.0,False
44060,"Spokane-Spokane Valley, WA",3564,998,3323,914,1994,0.06762065095398428,False
44060,"Spokane-Spokane Valley, WA",2962,1066,2959,1066,1995,0.0010128291694800895,False
44060,"Spokane-Spokane Valley, WA",3569,1684,3010,1429,1996,0.15662650602409633,False
44060,"Spokane-Spokane Valley, WA",2021,502,2019,502,1997,0.0009896091044037103,False
44060,"Spokane-Spokane Valley, WA",2724,835,2722,835,1998,0.0007342143906020615,False
44060,"Spokane-Spokane Valley, WA",2409,562,2409,562,1999,0.0,False
44060,"Spokane-Spokane Valley, WA",2225,669,1870,581,2000,0.15955056179775284,False
44060,"Spokane-Spokane Valley, WA",2368,622,2368,622,2001,0.0,False
44060,"Spokane-Spokane Valley, WA",2327,534,2134,434,2002,0.08293940696175328,False
44060,"Spokane-Spokane Valley, WA",2702,585,2702,585,2003,0.0,False
44060,"Spokane-Spokane Valley, WA",4109,1593,4010,1584,2004,0.024093453394986586,False
44060,"Spokane-Spokane Valley, WA",4619,625,4480,564,2005,0.030093093743234434,False
44060,"Spokane-Spokane Valley, WA",3968,1036,3968,1036,2006,0.0,False
44060,"Spokane-Spokane Valley, WA",3029,590,2920,575,2007,0.03598547375371408,False
44060,"Spokane-Spokane Valley, WA",2542,1099,2514,1089,2008,0.011014948859165985,False
44060,"Spokane-Spokane Valley, WA",1872,928,1872,928,2009,0.0,False
44060,"Spokane-Spokane Valley, WA",1681,648,1680,648,2010,0.0005948839976204212,False
44060,"Spokane-Spokane Valley, WA",1839,981,1834,981,2011,0.0027188689505165398,False
44060,"Spokane-Spokane Valley, WA",1424,294,1269,270,2012,0.1088483146067416,False
44060,"Spokane-Spokane Valley, WA",1718,256,1519,220,2013,0.11583236321303847,False
44060,"Spokane-Spokane Valley, WA",1918,722,1844,702,2014,0.03858185610010423,False
44060,"Spokane-Spokane Valley, WA",2691,1182,2424,1024,2015,0.09921962095875136,False
44060,"Spokane-Spokane Valley, WA",3705,1789,3703,1789,2016,0.0005398110661268829,False
44060,"Spokane-Spokane Valley, WA",3600,1665,3594,1665,2017,0.0016666666666667052,False
44060,"Spokane-Spokane Valley, WA",3126,965,2269,530,2018,0.2741522712731925,True
44060,"Spokane-Spokane Valley, WA",3300,1181,3298,1181,2019,0.00060606060606061,False
44060,"Spokane-Spokane Valley, WA",3362,1315,2823,1137,2020,0.16032123735871506,False
44060,"Spokane-Spokane Valley, WA",3415,1211,2819,991,2021,0.17452415812591504,False
44060,"Spokane-Spokane Valley, WA",4022,1796,4022,1796,2022,0.0,False
44060,"Spokane-Spokane Valley, WA",3903,1911,3786,1865,2023,0.02997694081475788,False
44060,"Spokane-Spokane Valley, WA",3961,1864,3961,1864,2024,0.0,False
44060,"Spokane-Spokane Valley, WA",3172,1425,2111,1062,2025,0.33448928121059274,True
44700,"Stockton-Lodi, CA",3187,190,3187,190,1990,0.0,False
44700,"Stockton-Lodi, CA",2149,158,2149,158,1991,0.0,False
44700,"Stockton-Lodi, CA",2761,176,2761,176,1992,0.0,False
44700,"Stockton-Lodi, CA",2655,36,2655,36,1993,0.0,False
44700,"Stockton-Lodi, CA",2299,8,2299,8,1994,0.0,False
44700,"Stockton-Lodi, CA",2300,76,2300,76,1995,0.0,False
44700,"Stockton-Lodi, CA",2337,208,2317,208,1996,0.00855798031664523,False
44700,"Stockton-Lodi, CA",2538,275,2538,275,1997,0.0,False
44700,"Stockton-Lodi, CA",3334,5,3274,5,1998,0.017996400719855976,False
44700,"Stockton-Lodi, CA",4203,0,4080,0,1999,0.029264810849393252,False
44700,"Stockton-Lodi, CA",5392,22,5392,22,2000,0.0,False
44700,"Stockton-Lodi, CA",4339,328,4339,328,2001,0.0,False
44700,"Stockton-Lodi, CA",6143,483,6143,483,2002,0.0,False
44700,"Stockton-Lodi, CA",7041,80,7041,80,2003,0.0,False
44700,"Stockton-Lodi, CA",6724,457,6724,457,2004,0.0,False
44700,"Stockton-Lodi, CA",5869,122,5776,122,2005,0.015845970352700633,False
44700,"Stockton-Lodi, CA",3652,132,3652,132,2006,0.0,False
44700,"Stockton-Lodi, CA",2426,205,2426,205,2007,0.0,False
44700,"Stockton-Lodi, CA",819,42,819,42,2008,0.0,False
44700,"Stockton-Lodi, CA",792,0,792,0,2009,0.0,False
44700,"Stockton-Lodi, CA",813,8,813,8,2010,0.0,False
44700,"Stockton-Lodi, CA",933,152,919,152,2011,0.015005359056806,False
44700,"Stockton-Lodi, CA",1006,0,982,0,2012,0.02385685884691846,False
44700,"Stockton-Lodi, CA",1134,70,1130,70,2013,0.003527336860670194,False
44700,"Stockton-Lodi, CA",1265,20,1260,20,2014,0.0039525691699604515,False
44700,"Stockton-Lodi, CA",2431,699,2411,699,2015,0.008227067050596504,False
44700,"Stockton-Lodi, CA",1998,132,1919,80,2016,0.03953953953953959,False
44700,"Stockton-Lodi, CA",2779,652,2779,652,2017,0.0,False
44700,"Stockton-Lodi, CA",3280,266,3280,266,2018,0.0,False
44700,"Stockton-Lodi, CA",3499,826,3499,826,2019,0.0,False
44700,"Stockton-Lodi, CA",3914,803,2280,296,2020,0.41747572815533984,True
44700,"Stockton-Lodi, CA",4389,667,4389,667,2021,0.0,False
44700,"Stockton-Lodi, CA",3485,256,3485,256,2022,0.0,False
44700,"Stockton-Lodi, CA",2170,0,2170,0,2023,0.0,False
44700,"Stockton-Lodi, CA",3779,0,3572,0,2024,0.054776395871923844,False
44700,"Stockton-Lodi, CA",2522,0,2242,0,2025,0.11102299762093581,False
45060,"Syracuse, NY",2025,130,2013,130,1990,0.00592592592592589,False
45060,"Syracuse, NY",1986,362,1898,362,1991,0.04431017119838876,False
45060,"Syracuse, NY",2049,189,2027,189,1992,0.010736944851146846,False
45060,"Syracuse, NY",1937,378,1670,348,1993,0.13784202374806398,False
45060,"Syracuse, NY",1671,215,1459,205,1994,0.1268701376421305,False
45060,"Syracuse, NY",1086,69,859,69,1995,0.20902394106813993,False
45060,"Syracuse, NY",1302,249,1077,249,1996,0.17281105990783407,False
45060,"Syracuse, NY",1000,60,831,60,1997,0.16900000000000004,False
45060,"Syracuse, NY",1274,121,1001,96,1998,0.2142857142857143,False
45060,"Syracuse, NY",1350,31,1105,0,1999,0.18148148148148147,False
45060,"Syracuse, NY",1591,207,1373,207,2000,0.13702074167190448,False
45060,"Syracuse, NY",1584,133,1340,77,2001,0.1540404040404041,False
45060,"Syracuse, NY",1921,291,1685,230,2002,0.12285268089536705,False
45060,"Syracuse, NY",1703,124,1703,124,2003,0.0,False
45060,"Syracuse, NY",1633,40,1415,40,2004,0.13349663196570727,False
45060,"Syracuse, NY",1646,151,1465,151,2005,0.10996354799513974,False
45060,"Syracuse, NY",1674,276,1546,276,2006,0.07646356033452806,False
45060,"Syracuse, NY",1420,184,1330,184,2007,0.06338028169014087,False
45060,"Syracuse, NY",1131,178,1002,151,2008,0.11405835543766574,False
45060,"Syracuse, NY",1033,193,953,193,2009,0.07744433688286545,False
45060,"Syracuse, NY",1139,295,1066,295,2010,0.06409130816505704,False
45060,"Syracuse, NY",1220,507,1129,507,2011,0.07459016393442619,False
45060,"Syracuse, NY",1499,724,937,312,2012,0.3749166110740494,True
45060,"Syracuse, NY",1046,322,979,322,2013,0.06405353728489482,False
45060,"Syracuse, NY",1163,439,1076,439,2014,0.07480653482373167,False
45060,"Syracuse, NY",1194,556,826,276,2015,0.30820770519262985,True
45060,"Syracuse, NY",1370,722,1320,722,2016,0.03649635036496346,False
45060,"Syracuse, NY",1159,602,927,448,2017,0.2001725625539258,False
45060,"Syracuse, NY",738,147,673,147,2018,0.08807588075880757,False
45060,"Syracuse, NY",757,206,686,206,2019,0.09379128137384407,False
45060,"Syracuse, NY",777,198,711,198,2020,0.084942084942085,False
45060,"Syracuse, NY",693,143,633,143,2021,0.08658008658008653,False
45060,"Syracuse, NY",532,44,463,44,2022,0.12969924812030076,False
45060,"Syracuse, NY",643,127,604,127,2023,0.06065318818040433,False
45060,"Syracuse, NY",936,346,895,346,2024,0.04380341880341876,False
45060,"Syracuse, NY",2041,1363,2001,1363,2025,0.019598236158745674,False
45300,"Tampa-St. Petersburg-Clearwater, FL",13105,4830,12960,4830,1990,0.011064479206409739,False
45300,"Tampa-St. Petersburg-Clearwater, FL",11137,2980,11137,2980,1991,0.0,False
45300,"Tampa-St. Petersburg-Clearwater, FL",11012,1008,10982,991,1992,0.002724300762804166,False
45300,"Tampa-St. Petersburg-Clearwater, FL",12463,1744,12292,1692,1993,0.013720613014522987,False
45300,"Tampa-St. Petersburg-Clearwater, FL",14743,3367,14495,3280,1994,0.01682154242691447,False
45300,"Tampa-St. Petersburg-Clearwater, FL",13619,3853,13503,3759,1995,0.008517512298994001,False
45300,"Tampa-St. Petersburg-Clearwater, FL",14680,4253,14666,4248,1996,0.0009536784741144277,False
45300,"Tampa-St. Petersburg-Clearwater, FL",16986,5713,16953,5700,1997,0.0019427764040974571,False
45300,"Tampa-St. Petersburg-Clearwater, FL",18859,6756,18829,6727,1998,0.001590752425897457,False
45300,"Tampa-St. Petersburg-Clearwater, FL",22980,9056,22890,8990,1999,0.003916449086161844,False
45300,"Tampa-St. Petersburg-Clearwater, FL",19244,5282,19128,5217,2000,0.006027852837247938,False
45300,"Tampa-St. Petersburg-Clearwater, FL",21814,5008,21739,4945,2001,0.003438158980471284,False
45300,"Tampa-St. Petersburg-Clearwater, FL",23542,5011,23463,4944,2002,0.003355704697986628,False
45300,"Tampa-St. Petersburg-Clearwater, FL",29281,8057,29281,8057,2003,0.0,False
45300,"Tampa-St. Petersburg-Clearwater, FL",29557,5425,29251,5309,2004,0.010352877490949708,False
45300,"Tampa-St. Petersburg-Clearwater, FL",34174,5590,34157,5590,2005,0.0004974542049511754,False
45300,"Tampa-St. Petersburg-Clearwater, FL",22640,3726,22635,3726,2006,0.00022084805653710404,False
45300,"Tampa-St. Petersburg-Clearwater, FL",12249,3713,12153,3706,2007,0.007837374479549353,False
45300,"Tampa-St. Petersburg-Clearwater, FL",9613,4276,9611,4276,2008,0.0002080515967960439,False
45300,"Tampa-St. Petersburg-Clearwater, FL",6962,2956,6961,2956,2009,0.00014363688595231405,False
45300,"Tampa-St. Petersburg-Clearwater, FL",6501,1967,6499,1967,2010,0.0003076449776957535,False
45300,"Tampa-St. Petersburg-Clearwater, FL",6342,1690,6341,1690,2011,0.00015767896562601802,False
45300,"Tampa-St. Petersburg-Clearwater, FL",10161,4132,10154,4132,2012,0.0006889085719909982,False
45300,"Tampa-St. Petersburg-Clearwater, FL",12152,4593,12099,4565,2013,0.004361421988150149,False
45300,"Tampa-St. Petersburg-Clearwater, FL",12386,4855,12316,4824,2014,0.005651542063620174,False
45300,"Tampa-St. Petersburg-Clearwater, FL",15653,5717,15464,5572,2015,0.012074362741966382,False
45300,"Tampa-St. Petersburg-Clearwater, FL",17752,6906,17675,6851,2016,0.004337539432176629,False
45300,"Tampa-St. Petersburg-Clearwater, FL",18268,5455,18198,5420,2017,0.0038318370921830436,False
45300,"Tampa-St. Petersburg-Clearwater, FL",17452,3086,17374,3041,2018,0.004469401787760674,False
45300,"Tampa-St. Petersburg-Clearwater, FL",23540,8601,23445,8546,2019,0.004035683942225976,False
45300,"Tampa-St. Petersburg-Clearwater, FL",20348,4142,20196,4092,2020,0.00747002162374677,False
45300,"Tampa-St. Petersburg-Clearwater, FL",24831,5434,24616,5329,2021,0.00865853167411701,False
45300,"Tampa-St. Petersburg-Clearwater, FL",29968,13292,29737,13155,2022,0.007708222103577134,False
45300,"Tampa-St. Petersburg-Clearwater, FL",25386,9971,19407,9837,2023,0.23552351689907824,False
45300,"Tampa-St. Petersburg-Clearwater, FL",20950,7545,20617,7370,2024,0.015894988066825766,False
45300,"Tampa-St. Petersburg-Clearwater, FL",22747,8771,22643,8694,2025,0.004572031476678284,False
45780,"Toledo, OH",1512,502,1502,492,1990,0.006613756613756627,False
45780,"Toledo, OH",1264,301,1248,296,1991,0.012658227848101222,False
45780,"Toledo, OH",1520,237,1520,237,1992,0.0,False
45780,"Toledo, OH",1814,411,1798,411,1993,0.008820286659316445,False
45780,"Toledo, OH",1982,334,1982,334,1994,0.0,False
45780,"Toledo, OH",2192,541,2191,541,1995,0.00045620437956206406,False
45780,"Toledo, OH",2024,117,2021,117,1996,0.0014822134387352248,False
45780,"Toledo, OH",1963,302,1949,302,1997,0.00713194090677538,False
45780,"Toledo, OH",2346,636,2338,636,1998,0.0034100596760443525,False
45780,"Toledo, OH",2297,359,2297,359,1999,0.0,False
45780,"Toledo, OH",2144,472,2141,472,2000,0.0013992537313433084,False
45780,"Toledo, OH",2716,621,2699,621,2001,0.006259204712812938,False
45780,"Toledo, OH",2393,358,2372,358,2002,0.008775595486836596,False
45780,"Toledo, OH",2946,572,2946,572,2003,0.0,False
45780,"Toledo, OH",3874,1193,3874,1193,2004,0.0,False
45780,"Toledo, OH",2830,557,2825,557,2005,0.0017667844522968323,False
45780,"Toledo, OH",1680,237,1669,230,2006,0.006547619047619024,False
45780,"Toledo, OH",1694,601,1683,596,2007,0.00649350649350644,False
45780,"Toledo, OH",1024,361,1024,361,2008,0.0,False
45780,"Toledo, OH",545,151,545,151,2009,0.0,False
45780,"Toledo, OH",639,206,639,206,2010,0.0,False
45780,"Toledo, OH",524,134,513,134,2011,0.020992366412213692,False
45780,"Toledo, OH",702,223,695,223,2012,0.009971509971509973,False
45780,"Toledo, OH",757,106,755,106,2013,0.0026420079260237594,False
45780,"Toledo, OH",1075,467,1069,467,2014,0.00558139534883717,False
45780,"Toledo, OH",715,22,713,22,2015,0.002797202797202747,False
45780,"Toledo, OH",827,60,805,55,2016,0.026602176541717037,False
45780,"Toledo, OH",971,159,945,154,2017,0.026776519052523207,False
45780,"Toledo, OH",1096,220,1068,215,2018,0.025547445255474477,False
45780,"Toledo, OH",1278,447,1254,442,2019,0.018779342723004744,False
45780,"Toledo, OH",1418,613,1414,613,2020,0.0028208744710860323,False
45780,"Toledo, OH",1038,260,1032,260,2021,0.005780346820809301,False
45780,"Toledo, OH",893,366,875,366,2022,0.02015677491601342,False
45780,"Toledo, OH",1190,406,1189,406,2023,0.0008403361344537785,False
45780,"Toledo, OH",928,170,911,170,2024,0.018318965517241326,False
45780,"Toledo, OH",493,60,493,60,2025,0.0,False
46060,"Tucson, AZ",2678,442,2678,442,1990,0.0,False
46060,"Tucson, AZ",2661,5,2661,5,1991,0.0,False
46060,"Tucson, AZ",4215,44,4215,44,1992,0.0,False
46060,"Tucson, AZ",6200,762,5452,762,1993,0.12064516129032254,False
46060,"Tucson, AZ",8480,1804,7645,1804,1994,0.09846698113207553,False
46060,"Tucson, AZ",7275,2251,6545,2251,1995,0.10034364261168383,False
46060,"Tucson, AZ",5697,531,4840,531,1996,0.15043005090398454,False
46060,"Tucson, AZ",6802,1104,5871,1104,1997,0.13687150837988826,False
46060,"Tucson, AZ",7540,902,7534,902,1998,0.0007957559681697202,False
46060,"Tucson, AZ",8734,1186,8734,1186,1999,0.0,False
46060,"Tucson, AZ",7779,626,7768,626,2000,0.0014140635043065064,False
46060,"Tucson, AZ",7472,1009,7461,1009,2001,0.001472162740899341,False
46060,"Tucson, AZ",7147,854,7139,854,2002,0.0011193507765495658,False
46060,"Tucson, AZ",7910,117,7910,117,2003,0.0,False
46060,"Tucson, AZ",10521,720,10519,720,2004,0.00019009599847918945,False
46060,"Tucson, AZ",11644,157,11628,157,2005,0.0013740982480247022,False
46060,"Tucson, AZ",8522,178,8459,178,2006,0.007392630837831482,False
46060,"Tucson, AZ",5237,397,4801,392,2007,0.08325377124307809,False
46060,"Tucson, AZ",3221,423,3216,423,2008,0.001552312946289991,False
46060,"Tucson, AZ",2129,167,2004,152,2009,0.05871301080319402,False
46060,"Tucson, AZ",1938,206,1923,206,2010,0.007739938080495334,False
46060,"Tucson, AZ",2242,828,2238,828,2011,0.001784121320249743,False
46060,"Tucson, AZ",2841,628,1722,0,2012,0.39387539598732846,True
46060,"Tucson, AZ",3491,830,2101,0,2013,0.39816671440847895,True
46060,"Tucson, AZ",3250,922,1721,0,2014,0.4704615384615385,True
46060,"Tucson, AZ",2428,184,2333,184,2015,0.03912685337726529,False
46060,"Tucson, AZ",2466,40,2290,40,2016,0.07137064071370636,False
46060,"Tucson, AZ",4495,1561,4472,1561,2017,0.005116796440489457,False
46060,"Tucson, AZ",4404,1122,4404,1122,2018,0.0,False
46060,"Tucson, AZ",4313,771,4313,771,2019,0.0,False
46060,"Tucson, AZ",4958,670,3369,25,2020,0.3204921339249698,True
46060,"Tucson, AZ",6284,1118,4191,209,2021,0.3330681094844048,True
46060,"Tucson, AZ",5714,1905,3834,993,2022,0.32901645082254116,True
46060,"Tucson, AZ",5255,1419,3553,636,2023,0.3238820171265462,True
46060,"Tucson, AZ",5250,996,3745,456,2024,0.2866666666666666,True
46060,"Tucson, AZ",4658,1018,3151,350,2025,0.32352941176470584,True
46140,"Tulsa, OK",2055,300,2046,300,1990,0.004379562043795637,False
46140,"Tulsa, OK",2219,96,2167,96,1991,0.023433979269941396,False
46140,"Tulsa, OK",2822,5,2822,5,1992,0.0,False
46140,"Tulsa, OK",3113,0,3062,0,1993,0.016382910375843274,False
46140,"Tulsa, OK",3119,388,3092,388,1994,0.008656620711766538,False
46140,"Tulsa, OK",3630,1016,3568,1016,1995,0.017079889807162574,False
46140,"Tulsa, OK",3636,605,3613,605,1996,0.006325632563256356,False
46140,"Tulsa, OK",3277,261,3222,261,1997,0.01678364357644191,False
46140,"Tulsa, OK",5427,1990,5022,1751,1998,0.07462686567164178,False
46140,"Tulsa, OK",5382,1534,5137,1451,1999,0.045522110739502075,False
46140,"Tulsa, OK",3775,234,3769,234,2000,0.0015894039735099286,False
46140,"Tulsa, OK",4196,362,4177,362,2001,0.004528122020972303,False
46140,"Tulsa, OK",4648,561,3988,446,2002,0.14199655765920827,False
46140,"Tulsa, OK",4354,298,4354,298,2003,0.0,False
46140,"Tulsa, OK",4655,102,4158,102,2004,0.10676691729323307,False
46140,"Tulsa, OK",5644,518,5632,518,2005,0.002126151665485465,False
46140,"Tulsa, OK",5181,205,5165,205,2006,0.0030882069098630005,False
46140,"Tulsa, OK",5160,676,5154,676,2007,0.0011627906976744429,False
46140,"Tulsa, OK",3988,1032,3943,1032,2008,0.011283851554663937,False
46140,"Tulsa, OK",3340,600,3332,600,2009,0.0023952095808382756,False
46140,"Tulsa, OK",2616,323,2608,323,2010,0.003058103975535187,False
46140,"Tulsa, OK",3565,1474,3563,1474,2011,0.0005610098176718203,False
46140,"Tulsa, OK",3436,732,3422,732,2012,0.004074505238649606,False
46140,"Tulsa, OK",3725,616,3714,616,2013,0.002953020134228157,False
46140,"Tulsa, OK",4533,1339,4522,1339,2014,0.002426649018310134,False
46140,"Tulsa, OK",3774,735,3763,735,2015,0.002914679385267571,False
46140,"Tulsa, OK",3752,594,3653,594,2016,0.02638592750533053,False
46140,"Tulsa, OK",3644,436,3634,436,2017,0.0027442371020856005,False
46140,"Tulsa, OK",3412,513,3383,513,2018,0.008499413833528702,False
46140,"Tulsa, OK",4306,879,4306,879,2019,0.0,False
46140,"Tulsa, OK",4924,803,4752,707,2020,0.034930950446791176,False
46140,"Tulsa, OK",4920,446,4719,333,2021,0.0408536585365854,False
46140,"Tulsa, OK",5123,1214,4909,1077,2022,0.04177239898496976,False
46140,"Tulsa, OK",5009,1477,4678,1380,2023,0.06608105410261533,False
46140,"Tulsa, OK",4311,601,4152,525,2024,0.03688239387613079,False
46140,"Tulsa, OK",5154,1292,4984,1187,2025,0.032984090027163404,False
46520,"Urban Honolulu, HI",2977,1242,2977,1242,1990,0.0,False
46520,"Urban Honolulu, HI",4118,2749,4118,2749,1991,0.0,False
46520,"Urban Honolulu, HI",4588,2605,4588,2605,1992,0.0,False
46520,"Urban Honolulu, HI",3411,1374,3411,1374,1993,0.0,False
46520,"Urban Honolulu, HI",4612,2030,4612,2030,1994,0.0,False
46520,"Urban Honolulu, HI",4544,2314,4544,2314,1995,0.0,False
46520,"Urban Honolulu, HI",2000,841,2000,841,1996,0.0,False
46520,"Urban Honolulu, HI",2035,833,2035,833,1997,0.0,False
46520,"Urban Honolulu, HI",1601,293,1601,293,1998,0.0,False
46520,"Urban Honolulu, HI",1928,458,1928,458,1999,0.0,False
46520,"Urban Honolulu, HI",1969,233,1969,233,2000,0.0,False
46520,"Urban Honolulu, HI",1975,253,1975,253,2001,0.0,False
46520,"Urban Honolulu, HI",2673,630,2673,630,2002,0.0,False
46520,"Urban Honolulu, HI",3473,467,3473,467,2003,0.0,False
46520,"Urban Honolulu, HI",4084,2070,4084,2070,2004,0.0,False
46520,"Urban Honolulu, HI",3988,1749,3988,1749,2005,0.0,False
46520,"Urban Honolulu, HI",2606,879,2606,879,2006,0.0,False
46520,"Urban Honolulu, HI",2944,1644,1872,1158,2007,0.36413043478260865,True
46520,"Urban Honolulu, HI",1438,635,853,265,2008,0.4068150208623088,True
46520,"Urban Honolulu, HI",1036,146,1036,146,2009,0.0,False
46520,"Urban Honolulu, HI",1891,1002,1891,1002,2010,0.0,False
46520,"Urban Honolulu, HI",1724,981,1724,981,2011,0.0,False
46520,"Urban Honolulu, HI",1724,695,1724,695,2012,0.0,False
46520,"Urban Honolulu, HI",2641,1484,2641,1484,2013,0.0,False
46520,"Urban Honolulu, HI",1578,691,1578,691,2014,0.0,False
46520,"Urban Honolulu, HI",3833,2851,3833,2851,2015,0.0,False
46520,"Urban Honolulu, HI",1658,812,1658,812,2016,0.0,False
46520,"Urban Honolulu, HI",1968,940,1968,940,2017,0.0,False
46520,"Urban Honolulu, HI",2410,1427,2410,1427,2018,0.0,False
46520,"Urban Honolulu, HI",2279,1343,2279,1343,2019,0.0,False
46520,"Urban Honolulu, HI",1621,753,929,356,2020,0.42689697717458364,True
46520,"Urban Honolulu, HI",1438,446,1438,446,2021,0.0,False
46520,"Urban Honolulu, HI",2526,1714,2526,1714,2022,0.0,False
46520,"Urban Honolulu, HI",1851,1041,746,306,2023,0.5969746083198271,True
46520,"Urban Honolulu, HI",1638,793,0,0,2024,1.0,True
46520,"Urban Honolulu, HI",1446,717,145,96,2025,0.8997233748271093,True
47260,"Virginia Beach-Chesapeake-Norfolk, VA-NC",8820,1756,8764,1756,1990,0.006349206349206327,False
47260,"Virginia Beach-Chesapeake-Norfolk, VA-NC",7908,1320,7660,1315,1991,0.03136064744562472,False
47260,"Virginia Beach-Chesapeake-Norfolk, VA-NC",9156,993,8854,993,1992,0.032983835736129286,False
47260,"Virginia Beach-Chesapeake-Norfolk, VA-NC",9864,1536,9532,1536,1993,0.033657745336577505,False
47260,"Virginia Beach-Chesapeake-Norfolk, VA-NC",9003,1377,8638,1377,1994,0.040542041541708373,False
47260,"Virginia Beach-Chesapeake-Norfolk, VA-NC",8761,1818,8411,1818,1995,0.0399497774226687,False
47260,"Virginia Beach-Chesapeake-Norfolk, VA-NC",8459,1421,8459,1421,1996,0.0,False
47260,"Virginia Beach-Chesapeake-Norfolk, VA-NC",7730,1102,7630,1102,1997,0.012936610608020649,False
47260,"Virginia Beach-Chesapeake-Norfolk, VA-NC",8656,1216,7879,1191,1998,0.089764325323475,False
47260,"Virginia Beach-Chesapeake-Norfolk, VA-NC",9148,1384,9078,1379,1999,0.007651945780498437,False
47260,"Virginia Beach-Chesapeake-Norfolk, VA-NC",7563,684,7391,684,2000,0.02274229802988237,False
47260,"Virginia Beach-Chesapeake-Norfolk, VA-NC",8858,1519,8511,1519,2001,0.03917362835854599,False
47260,"Virginia Beach-Chesapeake-Norfolk, VA-NC",10390,2355,8823,2100,2002,0.15081809432146298,False
47260,"Virginia Beach-Chesapeake-Norfolk, VA-NC",10559,2292,10559,2292,2003,0.0,False
47260,"Virginia Beach-Chesapeake-Norfolk, VA-NC",10347,2339,9981,2339,2004,0.03537257175993036,False
47260,"Virginia Beach-Chesapeake-Norfolk, VA-NC",11543,3085,11376,3026,2005,0.014467642727193919,False
47260,"Virginia Beach-Chesapeake-Norfolk, VA-NC",7891,1159,7881,1159,2006,0.0012672665061462807,False
47260,"Virginia Beach-Chesapeake-Norfolk, VA-NC",6482,1315,6408,1315,2007,0.01141622955877819,False
47260,"Virginia Beach-Chesapeake-Norfolk, VA-NC",5368,1755,5368,1755,2008,0.0,False
47260,"Virginia Beach-Chesapeake-Norfolk, VA-NC",5359,2286,5254,2267,2009,0.019593207688001546,False
47260,"Virginia Beach-Chesapeake-Norfolk, VA-NC",4016,761,3943,743,2010,0.018177290836653426,False
47260,"Virginia Beach-Chesapeake-Norfolk, VA-NC",5602,2560,5498,2560,2011,0.01856479828632629,False
47260,"Virginia Beach-Chesapeake-Norfolk, VA-NC",5420,1734,5420,1734,2012,0.0,False
47260,"Virginia Beach-Chesapeake-Norfolk, VA-NC",7444,3209,7225,3139,2013,0.02941966684578179,False
47260,"Virginia Beach-Chesapeake-Norfolk, VA-NC",5760,1857,5478,1832,2014,0.048958333333333326,False
47260,"Virginia Beach-Chesapeake-Norfolk, VA-NC",6764,2608,6693,2595,2015,0.010496747486694269,False
47260,"Virginia Beach-Chesapeake-Norfolk, VA-NC",6276,1943,6123,1943,2016,0.02437858508604207,False
47260,"Virginia Beach-Chesapeake-Norfolk, VA-NC",6265,1571,5864,1535,2017,0.06400638467677577,False
47260,"Virginia Beach-Chesapeake-Norfolk, VA-NC",5710,1354,5388,1334,2018,0.056392294220665495,False
47260,"Virginia Beach-Chesapeake-Norfolk, VA-NC",5875,1465,5609,1465,2019,0.0452765957446809,False
47260,"Virginia Beach-Chesapeake-Norfolk, VA-NC",6916,1647,6705,1647,2020,0.03050896471949105,False
47260,"Virginia Beach-Chesapeake-Norfolk, VA-NC",7336,2550,7094,2550,2021,0.03298800436205018,False
47260,"Virginia Beach-Chesapeake-Norfolk, VA-NC",6286,2584,6270,2584,2022,0.0025453388482341577,False
47260,"Virginia Beach-Chesapeake-Norfolk, VA-NC",6083,2674,6070,2674,2023,0.002137103402926166,False
47260,"Virginia Beach-Chesapeake-Norfolk, VA-NC",4406,792,4219,792,2024,0.042442124375851153,False
47260,"Virginia Beach-Chesapeake-Norfolk, VA-NC",3953,657,3941,657,2025,0.0030356691120667634,False
47900,"Washington-Arlington-Alexandria, DC-VA-MD-WV",26360,8546,26037,8546,1990,0.012253414264036366,False
47900,"Washington-Arlington-Alexandria, DC-VA-MD-WV",19256,2948,19243,2948,1991,0.0006751142501039142,False
47900,"Washington-Arlington-Alexandria, DC-VA-MD-WV",25206,2907,25197,2907,1992,0.00035705784337058954,False
47900,"Washington-Arlington-Alexandria, DC-VA-MD-WV",29248,3572,29225,3564,1993,0.0007863785557986613,False
47900,"Washington-Arlington-Alexandria, DC-VA-MD-WV",30174,5076,30069,5013,1994,0.0034798170610459422,False
47900,"Washington-Arlington-Alexandria, DC-VA-MD-WV",27154,5450,26814,5243,1995,0.012521175517419159,False
47900,"Washington-Arlington-Alexandria, DC-VA-MD-WV",29376,7512,29094,7487,1996,0.009599673202614345,False
47900,"Washington-Arlington-Alexandria, DC-VA-MD-WV",29054,6673,28674,6673,1997,0.013079094100640232,False
47900,"Washington-Arlington-Alexandria, DC-VA-MD-WV",35978,8630,34504,8078,1998,0.04096948134971368,False
47900,"Washington-Arlington-Alexandria, DC-VA-MD-WV",35978,9136,33575,8328,1999,0.06679081661015063,False
47900,"Washington-Arlington-Alexandria, DC-VA-MD-WV",37296,9150,35664,8977,2000,0.04375804375804371,False
47900,"Washington-Arlington-Alexandria, DC-VA-MD-WV",36411,9526,35094,9068,2001,0.03617038806953943,False
47900,"Washington-Arlington-Alexandria, DC-VA-MD-WV",38145,10348,36233,9454,2002,0.05012452483942853,False
47900,"Washington-Arlington-Alexandria, DC-VA-MD-WV",35865,7607,35865,7607,2003,0.0,False
47900,"Washington-Arlington-Alexandria, DC-VA-MD-WV",38985,11018,37861,10819,2004,0.028831601898165915,False
47900,"Washington-Arlington-Alexandria, DC-VA-MD-WV",37850,10667,35123,10299,2005,0.07204755614266845,False
47900,"Washington-Arlington-Alexandria, DC-VA-MD-WV",28919,9456,26782,9167,2006,0.0738960544970435,False
47900,"Washington-Arlington-Alexandria, DC-VA-MD-WV",22895,7789,22098,7571,2007,0.03481109412535488,False
47900,"Washington-Arlington-Alexandria, DC-VA-MD-WV",13625,4245,12576,3389,2008,0.07699082568807336,False
47900,"Washington-Arlington-Alexandria, DC-VA-MD-WV",12147,3119,11998,3059,2009,0.012266403227134237,False
47900,"Washington-Arlington-Alexandria, DC-VA-MD-WV",12952,3436,12694,3387,2010,0.019919703520691834,False
47900,"Washington-Arlington-Alexandria, DC-VA-MD-WV",19587,9745,19295,9745,2011,0.01490784704140502,False
47900,"Washington-Arlington-Alexandria, DC-VA-MD-WV",22293,11048,21772,10954,2012,0.023370564751267198,False
47900,"Washington-Arlington-Alexandria, DC-VA-MD-WV",24036,10593,22933,10211,2013,0.0458894990847063,False
47900,"Washington-Arlington-Alexandria, DC-VA-MD-WV",24591,12239,24060,12239,2014,0.021593265828961816,False
47900,"Washington-Arlington-Alexandria, DC-VA-MD-WV",22675,10194,22258,10194,2015,0.018390297684674706,False
47900,"Washington-Arlington-Alexandria, DC-VA-MD-WV",25451,12207,24886,12207,2016,0.022199520647518733,False
47900,"Washington-Arlington-Alexandria, DC-VA-MD-WV",27002,12910,26608,12802,2017,0.014591511739871166,False
47900,"Washington-Arlington-Alexandria, DC-VA-MD-WV",25573,12037,25190,11912,2018,0.014976733273374232,False
47900,"Washington-Arlington-Alexandria, DC-VA-MD-WV",26313,13357,26313,13357,2019,0.0,False
47900,"Washington-Arlington-Alexandria, DC-VA-MD-WV",24785,10960,22771,10196,2020,0.08125882590276379,False
47900,"Washington-Arlington-Alexandria, DC-VA-MD-WV",27098,13590,25275,12801,2021,0.06727433758948997,False
47900,"Washington-Arlington-Alexandria, DC-VA-MD-WV",35718,23799,33722,22662,2022,0.05588218825242175,False
47900,"Washington-Arlington-Alexandria, DC-VA-MD-WV",23345,12419,23266,12419,2023,0.0033840222745770143,False
47900,"Washington-Arlington-Alexandria, DC-VA-MD-WV",21487,9606,21487,9606,2024,0.0,False
47900,"Washington-Arlington-Alexandria, DC-VA-MD-WV",17990,7392,17990,7392,2025,0.0,False
48620,"Wichita, KS",2300,455,2298,455,1990,0.0008695652173913437,False
48620,"Wichita, KS",2174,153,2170,153,1991,0.0018399264029438367,False
48620,"Wichita, KS",2808,226,2789,226,1992,0.006766381766381779,False
48620,"Wichita, KS",2849,142,2848,142,1993,0.0003510003510003301,False
48620,"Wichita, KS",3106,197,3100,197,1994,0.0019317450096587585,False
48620,"Wichita, KS",2791,451,2762,451,1995,0.010390541024722366,False
48620,"Wichita, KS",2973,141,2765,0,1996,0.0699630003363606,False
48620,"Wichita, KS",3599,513,3387,513,1997,0.05890525145873848,False
48620,"Wichita, KS",4573,1265,4275,1265,1998,0.06516509949704785,False
48620,"Wichita, KS",3244,0,2989,0,1999,0.0786066584463625,False
48620,"Wichita, KS",2659,256,2638,256,2000,0.00789770590447536,False
48620,"Wichita, KS",2846,154,2844,154,2001,0.0007027406886859211,False
48620,"Wichita, KS",3221,239,3206,239,2002,0.004656938838869862,False
48620,"Wichita, KS",3648,569,3648,569,2003,0.0,False
48620,"Wichita, KS",3106,18,3011,18,2004,0.030585962652929788,False
48620,"Wichita, KS",3349,48,3241,48,2005,0.032248432367871005,False
48620,"Wichita, KS",3656,731,3582,731,2006,0.020240700218818408,False
48620,"Wichita, KS",2781,347,2686,335,2007,0.0341603739661992,False
48620,"Wichita, KS",2549,615,2484,607,2008,0.025500196155355037,False
48620,"Wichita, KS",1876,377,1800,372,2009,0.04051172707889128,False
48620,"Wichita, KS",1259,40,1175,34,2010,0.06671961874503574,False
48620,"Wichita, KS",1062,58,980,58,2011,0.07721280602636538,False
48620,"Wichita, KS",1310,192,1219,192,2012,0.06946564885496187,False
48620,"Wichita, KS",1504,168,1375,150,2013,0.08577127659574468,False
48620,"Wichita, KS",1503,130,1429,130,2014,0.04923486360612106,False
48620,"Wichita, KS",2013,452,1912,452,2015,0.05017386984600103,False
48620,"Wichita, KS",2087,542,720,130,2016,0.6550071873502635,True
48620,"Wichita, KS",2722,703,1893,476,2017,0.30455547391623805,True
48620,"Wichita, KS",1947,217,1001,72,2018,0.48587570621468923,True
48620,"Wichita, KS",2126,211,875,52,2019,0.5884289746001882,True
48620,"Wichita, KS",2024,0,1998,0,2020,0.012845849802371578,False
48620,"Wichita, KS",2384,0,2266,0,2021,0.049496644295301984,False
48620,"Wichita, KS",2850,396,2625,396,2022,0.07894736842105265,False
48620,"Wichita, KS",3533,731,3470,731,2023,0.017831870931219962,False
48620,"Wichita, KS",3039,277,2965,277,2024,0.024350115169463615,False
48620,"Wichita, KS",3111,134,2837,134,2025,0.08807457409193187,False
49180,"Winston-Salem, NC",2501,266,2501,266,1990,0.0,False
49180,"Winston-Salem, NC",2511,141,2511,141,1991,0.0,False
49180,"Winston-Salem, NC",2953,45,2952,45,1992,0.00033863867253636215,False
49180,"Winston-Salem, NC",3263,355,3262,355,1993,0.00030646644192455774,False
49180,"Winston-Salem, NC",3290,470,3290,470,1994,0.0,False
49180,"Winston-Salem, NC",3581,716,3514,716,1995,0.01870985758168109,False
49180,"Winston-Salem, NC",3089,262,3086,262,1996,0.0009711880867594447,False
49180,"Winston-Salem, NC",3176,269,3176,269,1997,0.0,False
49180,"Winston-Salem, NC",4454,950,4357,950,1998,0.021778176919622805,False
49180,"Winston-Salem, NC",4245,746,3973,746,1999,0.06407538280329794,False
49180,"Winston-Salem, NC",4417,773,4417,773,2000,0.0,False
49180,"Winston-Salem, NC",3866,464,3866,464,2001,0.0,False
49180,"Winston-Salem, NC",4444,689,4444,689,2002,0.0,False
49180,"Winston-Salem, NC",4073,468,4073,468,2003,0.0,False
49180,"Winston-Salem, NC",4813,668,4813,668,2004,0.0,False
49180,"Winston-Salem, NC",5098,319,4824,319,2005,0.053746567281286795,False
49180,"Winston-Salem, NC",4890,235,4620,235,2006,0.05521472392638038,False
49180,"Winston-Salem, NC",4485,177,4228,177,2007,0.0573021181716834,False
49180,"Winston-Salem, NC",2595,171,2595,171,2008,0.0,False
49180,"Winston-Salem, NC",1440,317,1440,317,2009,0.0,False
49180,"Winston-Salem, NC",1467,286,1467,286,2010,0.0,False
49180,"Winston-Salem, NC",1634,478,1634,478,2011,0.0,False
49180,"Winston-Salem, NC",1509,433,1509,433,2012,0.0,False
49180,"Winston-Salem, NC",1902,652,1830,652,2013,0.03785488958990535,False
49180,"Winston-Salem, NC",2085,577,2068,577,2014,0.008153477218225458,False
49180,"Winston-Salem, NC",2044,430,2039,430,2015,0.0024461839530333096,False
49180,"Winston-Salem, NC",2727,466,2533,424,2016,0.07114044737807113,False
49180,"Winston-Salem, NC",3765,949,3743,949,2017,0.005843293492695856,False
49180,"Winston-Salem, NC",3499,374,3481,374,2018,0.005144326950557332,False
49180,"Winston-Salem, NC",3334,170,3276,170,2019,0.01739652069586084,False
49180,"Winston-Salem, NC",4216,80,3152,28,2020,0.25237191650853885,True
49180,"Winston-Salem, NC",4206,317,3260,317,2021,0.22491678554446026,False
49180,"Winston-Salem, NC",5480,1490,5319,1490,2022,0.02937956204379566,False
49180,"Winston-Salem, NC",5074,1494,4741,1434,2023,0.06562869530942061,False
49180,"Winston-Salem, NC",5456,1329,5006,1264,2024,0.08247800586510268,False
49180,"Winston-Salem, NC",4699,336,4269,266,2025,0.09150883166631196,False
49340,"Worcester, MA",2453,633,1782,512,1990,0.273542600896861,True
49340,"Worcester, MA",2065,161,1259,35,1991,0.39031476997578696,True
49340,"Worcester, MA",2698,136,2091,60,1992,0.22498146775389172,False
49340,"Worcester, MA",2754,89,1836,5,1993,0.33333333333333337,True
49340,"Worcester, MA",2915,169,2358,148,1994,0.1910806174957118,False
49340,"Worcester, MA",2738,277,1978,120,1995,0.27757487216946675,True
49340,"Worcester, MA",3108,374,2299,100,1996,0.26029601029601035,True
49340,"Worcester, MA",2779,110,2584,110,1997,0.07016912558474275,False
49340,"Worcester, MA",3262,158,2867,126,1998,0.12109135499693435,False
49340,"Worcester, MA",3019,62,2464,54,1999,0.1838357071878105,False
49340,"Worcester, MA",2801,74,2550,69,2000,0.0896108532666905,False
49340,"Worcester, MA",2849,116,2452,116,2001,0.13934713934713938,False
49340,"Worcester, MA",3313,122,3117,122,2002,0.05916088137639597,False
49340,"Worcester, MA",3629,415,3629,415,2003,0.0,False
49340,"Worcester, MA",3692,165,3246,165,2004,0.12080173347778977,False
49340,"Worcester, MA",3598,200,2908,200,2005,0.19177320733740966,False
49340,"Worcester, MA",2685,297,1926,297,2006,0.28268156424581004,True
49340,"Worcester, MA",1787,71,1562,71,2007,0.12590934527140463,False
49340,"Worcester, MA",909,68,735,68,2008,0.1914191419141914,False
49340,"Worcester, MA",1419,389,1137,374,2009,0.19873150105708248,False
49340,"Worcester, MA",1391,198,1168,198,2010,0.16031631919482392,False
49340,"Worcester, MA",791,48,617,48,2011,0.21997471554993675,False
49340,"Worcester, MA",1125,153,997,153,2012,0.11377777777777776,False
49340,"Worcester, MA",1341,108,1183,108,2013,0.1178225205070843,False
49340,"Worcester, MA",1268,58,1009,58,2014,0.2042586750788643,False
49340,"Worcester, MA",1292,196,969,182,2015,0.25,False
49340,"Worcester, MA",1492,258,1140,258,2016,0.23592493297587136,False
49340,"Worcester, MA",1634,425,1091,238,2017,0.3323133414932681,True
49340,"Worcester, MA",1596,364,904,78,2018,0.4335839598997494,True
49340,"Worcester, MA",1774,622,1164,267,2019,0.3438556933483653,True
49340,"Worcester, MA",1681,506,558,22,2020,0.6680547293277811,True
49340,"Worcester, MA",1895,760,1017,212,2021,0.4633245382585752,True
49340,"Worcester, MA",2124,976,1819,941,2022,0.1435969868173258,False
49340,"Worcester, MA",1215,303,1076,298,2023,0.11440329218106993,False
49340,"Worcester, MA",2506,1434,2354,1434,2024,0.06065442936951315,False
49340,"Worcester, MA",1690,807,1566,800,2025,0.07337278106508871,False
