year,spearman,top10_overlap
2016,0.8206072628090977,9
2017,0.8813335437188647,8
2018,0.8597029055744652,8
2019,0.8329779320605007,6
2021,0.6613844870725605,5
2022,0.7359601469693212,4
2023,0.7490160719518517,3
