horizon,regime,mean_tau_fin,mean_tau_ps,mean_precision@10_fin,mean_precision@10_ps
1,pre_covid,0.6362275349839103,0.5500829342914115,0.775,0.725
1,shock,0.3492097131015789,0.23663522153804917,0.44999999999999996,0.4
1,normalization,0.2561710425989695,0.32656191476671065,0.6,0.5
1,POOLED,0.4999286583911098,0.4285948707154937,0.6571428571428571,0.5999999999999999
3,pre_covid,0.5875430175514511,0.47970721027156493,0.8500000000000001,0.7749999999999999
3,shock,0.1567585695616021,0.036459627935109,0.25,0.35
3,POOLED,0.44394820155483483,0.33195801615941295,0.65,0.6333333333333332
