horizon,regime,n_windows,mean_tau,mean_precision@10
1,pre_covid,4,0.6582594520117884,0.825
1,shock,2,0.3148348739962762,0.44999999999999996
1,normalization,1,0.1553088093593093,0.5
1,POOLED,7,0.48828805219985927,0.6714285714285715
3,pre_covid,4,0.6132550993581032,0.875
3,shock,2,0.1301236504365952,0.25
3,POOLED,6,0.4522112830509339,0.6666666666666666
